
C:/Users/sebas/source/repos/spaCEinvaders/Controlador/build/spaceinvaders_controller.elf:     file format elf32-littlearm

Sections:
Idx Name          Size      VMA       LMA       File off  Algn
  0 .boot2        00000100  10000000  10000000  00001000  2**0
                  CONTENTS, ALLOC, LOAD, READONLY, CODE
  1 .text         00005718  10000100  10000100  00001100  2**3
                  CONTENTS, ALLOC, LOAD, READONLY, CODE
  2 .rodata       00000300  10005818  10005818  00006818  2**3
                  CONTENTS, ALLOC, LOAD, READONLY, DATA
  3 .binary_info  00000020  10005b18  10005b18  00006b18  2**2
                  CONTENTS, ALLOC, LOAD, READONLY, DATA
  4 .ram_vector_table 000000c0  20000000  20000000  00009000  2**2
                  ALLOC
  5 .data         000013f0  200000c0  10005b38  000070c0  2**4
                  CONTENTS, ALLOC, LOAD, READONLY, CODE
  6 .uninitialized_data 00000000  200014b0  200014b0  000084b0  2**0
                  CONTENTS
  7 .scratch_x    00000000  20040000  20040000  000084b0  2**0
                  CONTENTS
  8 .scratch_y    00000000  20041000  20041000  000084b0  2**0
                  CONTENTS
  9 .bss          00000f10  200014b0  200014b0  00009000  2**3
                  ALLOC
 10 .heap         00000800  200023c0  200023c0  000084b0  2**2
                  CONTENTS, READONLY
 11 .stack_dummy  00000800  20041000  20041000  00008cc0  2**5
                  CONTENTS, READONLY
 12 .ARM.attributes 00000028  00000000  00000000  000094c0  2**0
                  CONTENTS, READONLY
 13 .comment      00000045  00000000  00000000  000094e8  2**0
                  CONTENTS, READONLY
 14 .debug_line_str 000000cd  00000000  00000000  0000952d  2**0
                  CONTENTS, READONLY, DEBUGGING, OCTETS
 15 .debug_frame  000005b0  00000000  00000000  000095fc  2**2
                  CONTENTS, READONLY, DEBUGGING, OCTETS

C:/Users/sebas/source/repos/spaCEinvaders/Controlador/build/spaceinvaders_controller.elf:     file format elf32-littlearm


Disassembly of section .boot2:

10000000 <__boot2_start__>:
10000000:	4b32b500 	.word	0x4b32b500
10000004:	60582021 	.word	0x60582021
10000008:	21026898 	.word	0x21026898
1000000c:	60984388 	.word	0x60984388
10000010:	611860d8 	.word	0x611860d8
10000014:	4b2e6158 	.word	0x4b2e6158
10000018:	60992100 	.word	0x60992100
1000001c:	61592102 	.word	0x61592102
10000020:	22f02101 	.word	0x22f02101
10000024:	492b5099 	.word	0x492b5099
10000028:	21016019 	.word	0x21016019
1000002c:	20356099 	.word	0x20356099
10000030:	f844f000 	.word	0xf844f000
10000034:	42902202 	.word	0x42902202
10000038:	2106d014 	.word	0x2106d014
1000003c:	f0006619 	.word	0xf0006619
10000040:	6e19f834 	.word	0x6e19f834
10000044:	66192101 	.word	0x66192101
10000048:	66182000 	.word	0x66182000
1000004c:	f000661a 	.word	0xf000661a
10000050:	6e19f82c 	.word	0x6e19f82c
10000054:	6e196e19 	.word	0x6e196e19
10000058:	f0002005 	.word	0xf0002005
1000005c:	2101f82f 	.word	0x2101f82f
10000060:	d1f94208 	.word	0xd1f94208
10000064:	60992100 	.word	0x60992100
10000068:	6019491b 	.word	0x6019491b
1000006c:	60592100 	.word	0x60592100
10000070:	481b491a 	.word	0x481b491a
10000074:	21016001 	.word	0x21016001
10000078:	21eb6099 	.word	0x21eb6099
1000007c:	21a06619 	.word	0x21a06619
10000080:	f0006619 	.word	0xf0006619
10000084:	2100f812 	.word	0x2100f812
10000088:	49166099 	.word	0x49166099
1000008c:	60014814 	.word	0x60014814
10000090:	60992101 	.word	0x60992101
10000094:	2800bc01 	.word	0x2800bc01
10000098:	4700d000 	.word	0x4700d000
1000009c:	49134812 	.word	0x49134812
100000a0:	c8036008 	.word	0xc8036008
100000a4:	8808f380 	.word	0x8808f380
100000a8:	b5034708 	.word	0xb5034708
100000ac:	20046a99 	.word	0x20046a99
100000b0:	d0fb4201 	.word	0xd0fb4201
100000b4:	42012001 	.word	0x42012001
100000b8:	bd03d1f8 	.word	0xbd03d1f8
100000bc:	6618b502 	.word	0x6618b502
100000c0:	f7ff6618 	.word	0xf7ff6618
100000c4:	6e18fff2 	.word	0x6e18fff2
100000c8:	bd026e18 	.word	0xbd026e18
100000cc:	40020000 	.word	0x40020000
100000d0:	18000000 	.word	0x18000000
100000d4:	00070000 	.word	0x00070000
100000d8:	005f0300 	.word	0x005f0300
100000dc:	00002221 	.word	0x00002221
100000e0:	180000f4 	.word	0x180000f4
100000e4:	a0002022 	.word	0xa0002022
100000e8:	10000100 	.word	0x10000100
100000ec:	e000ed08 	.word	0xe000ed08
	...
100000fc:	7a4eb274 	.word	0x7a4eb274

Disassembly of section .text:

10000100 <__VECTOR_TABLE>:
10000100:	20042000 	.word	0x20042000
10000104:	100001f7 	.word	0x100001f7
10000108:	100001c3 	.word	0x100001c3
1000010c:	100001c5 	.word	0x100001c5
10000110:	100001c1 	.word	0x100001c1
10000114:	100001c1 	.word	0x100001c1
10000118:	100001c1 	.word	0x100001c1
1000011c:	100001c1 	.word	0x100001c1
10000120:	100001c1 	.word	0x100001c1
10000124:	100001c1 	.word	0x100001c1
10000128:	100001c1 	.word	0x100001c1
1000012c:	100001c7 	.word	0x100001c7
10000130:	100001c1 	.word	0x100001c1
10000134:	100001c1 	.word	0x100001c1
10000138:	100001c9 	.word	0x100001c9
1000013c:	100001cb 	.word	0x100001cb
10000140:	100001cd 	.word	0x100001cd
10000144:	100001cd 	.word	0x100001cd
10000148:	100001cd 	.word	0x100001cd
1000014c:	100001cd 	.word	0x100001cd
10000150:	100001cd 	.word	0x100001cd
10000154:	100001cd 	.word	0x100001cd
10000158:	100001cd 	.word	0x100001cd
1000015c:	100001cd 	.word	0x100001cd
10000160:	100001cd 	.word	0x100001cd
10000164:	100001cd 	.word	0x100001cd
10000168:	100001cd 	.word	0x100001cd
1000016c:	100001cd 	.word	0x100001cd
10000170:	100001cd 	.word	0x100001cd
10000174:	100001cd 	.word	0x100001cd
10000178:	100001cd 	.word	0x100001cd
1000017c:	100001cd 	.word	0x100001cd
10000180:	100001cd 	.word	0x100001cd
10000184:	100001cd 	.word	0x100001cd
10000188:	100001cd 	.word	0x100001cd
1000018c:	100001cd 	.word	0x100001cd
10000190:	100001cd 	.word	0x100001cd
10000194:	100001cd 	.word	0x100001cd
10000198:	100001cd 	.word	0x100001cd
1000019c:	100001cd 	.word	0x100001cd
100001a0:	100001cd 	.word	0x100001cd
100001a4:	100001cd 	.word	0x100001cd
100001a8:	100001cd 	.word	0x100001cd
100001ac:	100001cd 	.word	0x100001cd
100001b0:	100001cd 	.word	0x100001cd
100001b4:	100001cd 	.word	0x100001cd
100001b8:	100001cd 	.word	0x100001cd
100001bc:	100001cd 	.word	0x100001cd

100001c0 <isr_invalid>:
100001c0:	be00      	bkpt	0x0000

100001c2 <isr_nmi>:
100001c2:	be00      	bkpt	0x0000

100001c4 <isr_hardfault>:
100001c4:	be00      	bkpt	0x0000

100001c6 <isr_svcall>:
100001c6:	be00      	bkpt	0x0000

100001c8 <isr_pendsv>:
100001c8:	be00      	bkpt	0x0000

100001ca <isr_systick>:
100001ca:	be00      	bkpt	0x0000

100001cc <__unhandled_user_irq>:
100001cc:	f3ef 8005 	mrs	r0, IPSR
100001d0:	3810      	subs	r0, #16

100001d2 <unhandled_user_irq_num_in_r0>:
100001d2:	be00      	bkpt	0x0000

100001d4 <binary_info_header>:
100001d4:	7188ebf2 	.word	0x7188ebf2
100001d8:	10005b18 	.word	0x10005b18
100001dc:	10005b38 	.word	0x10005b38
100001e0:	10000234 	.word	0x10000234
100001e4:	e71aa390 	.word	0xe71aa390

100001e8 <_entry_point>:
100001e8:	2000      	movs	r0, #0
100001ea:	491f      	ldr	r1, [pc, #124]	@ (10000268 <hold_non_core0_in_bootrom+0xa>)
100001ec:	6008      	str	r0, [r1, #0]
100001ee:	c806      	ldmia	r0!, {r1, r2}
100001f0:	f381 8808 	msr	MSP, r1
100001f4:	4710      	bx	r2

100001f6 <_reset_handler>:
100001f6:	481d      	ldr	r0, [pc, #116]	@ (1000026c <hold_non_core0_in_bootrom+0xe>)
100001f8:	6800      	ldr	r0, [r0, #0]
100001fa:	2800      	cmp	r0, #0
100001fc:	d12f      	bne.n	1000025e <hold_non_core0_in_bootrom>
100001fe:	a40d      	add	r4, pc, #52	@ (adr r4, 10000234 <data_cpy_table>)
10000200:	cc0e      	ldmia	r4!, {r1, r2, r3}
10000202:	2900      	cmp	r1, #0
10000204:	d002      	beq.n	1000020c <_reset_handler+0x16>
10000206:	f000 f812 	bl	1000022e <data_cpy>
1000020a:	e7f9      	b.n	10000200 <_reset_handler+0xa>
1000020c:	4918      	ldr	r1, [pc, #96]	@ (10000270 <hold_non_core0_in_bootrom+0x12>)
1000020e:	4a19      	ldr	r2, [pc, #100]	@ (10000274 <hold_non_core0_in_bootrom+0x16>)
10000210:	2000      	movs	r0, #0
10000212:	e000      	b.n	10000216 <bss_fill_test>

10000214 <bss_fill_loop>:
10000214:	c101      	stmia	r1!, {r0}

10000216 <bss_fill_test>:
10000216:	4291      	cmp	r1, r2
10000218:	d1fc      	bne.n	10000214 <bss_fill_loop>

1000021a <platform_entry>:
1000021a:	4917      	ldr	r1, [pc, #92]	@ (10000278 <hold_non_core0_in_bootrom+0x1a>)
1000021c:	4788      	blx	r1
1000021e:	4917      	ldr	r1, [pc, #92]	@ (1000027c <hold_non_core0_in_bootrom+0x1e>)
10000220:	4788      	blx	r1
10000222:	4917      	ldr	r1, [pc, #92]	@ (10000280 <hold_non_core0_in_bootrom+0x22>)
10000224:	4788      	blx	r1
10000226:	be00      	bkpt	0x0000
10000228:	e7fd      	b.n	10000226 <platform_entry+0xc>

1000022a <data_cpy_loop>:
1000022a:	c901      	ldmia	r1!, {r0}
1000022c:	c201      	stmia	r2!, {r0}

1000022e <data_cpy>:
1000022e:	429a      	cmp	r2, r3
10000230:	d3fb      	bcc.n	1000022a <data_cpy_loop>
10000232:	4770      	bx	lr

10000234 <data_cpy_table>:
10000234:	10005b38 	.word	0x10005b38
10000238:	200000c0 	.word	0x200000c0
1000023c:	200014b0 	.word	0x200014b0
10000240:	10006f28 	.word	0x10006f28
10000244:	20040000 	.word	0x20040000
10000248:	20040000 	.word	0x20040000
1000024c:	10006f28 	.word	0x10006f28
10000250:	20041000 	.word	0x20041000
10000254:	20041000 	.word	0x20041000
10000258:	00000000 	.word	0x00000000
1000025c:	4770      	bx	lr

1000025e <hold_non_core0_in_bootrom>:
1000025e:	4809      	ldr	r0, [pc, #36]	@ (10000284 <hold_non_core0_in_bootrom+0x26>)
10000260:	f001 ff42 	bl	100020e8 <rom_func_lookup>
10000264:	4700      	bx	r0
10000266:	0000      	.short	0x0000
10000268:	e000ed08 	.word	0xe000ed08
1000026c:	d0000000 	.word	0xd0000000
10000270:	200014b0 	.word	0x200014b0
10000274:	200023c0 	.word	0x200023c0
10000278:	10001f2d 	.word	0x10001f2d
1000027c:	10000309 	.word	0x10000309
10000280:	10002055 	.word	0x10002055
10000284:	00005657 	.word	0x00005657

10000288 <__bi_50>:
10000288:	50520006 5360b3ab 100058c0              ..RP..`S.X..

10000294 <__bi_38>:
10000294:	50520006 02031c86 100058d0              ..RP.....X..

100002a0 <__bi_30>:
100002a0:	50520006 9da22254 100058ec              ..RPT"...X..

100002ac <__bi_22>:
100002ac:	50520005 68f465de 10006f28              ..RP.e.h(o..

100002b8 <_init>:
100002b8:	b5f8      	push	{r3, r4, r5, r6, r7, lr}
100002ba:	46c0      	nop			@ (mov r8, r8)

100002bc <register_tm_clones>:
100002bc:	4806      	ldr	r0, [pc, #24]	@ (100002d8 <register_tm_clones+0x1c>)
100002be:	4907      	ldr	r1, [pc, #28]	@ (100002dc <register_tm_clones+0x20>)
100002c0:	1a09      	subs	r1, r1, r0
100002c2:	108b      	asrs	r3, r1, #2
100002c4:	0fc9      	lsrs	r1, r1, #31
100002c6:	18c9      	adds	r1, r1, r3
100002c8:	b510      	push	{r4, lr}
100002ca:	1049      	asrs	r1, r1, #1
100002cc:	d003      	beq.n	100002d6 <register_tm_clones+0x1a>
100002ce:	4b04      	ldr	r3, [pc, #16]	@ (100002e0 <register_tm_clones+0x24>)
100002d0:	2b00      	cmp	r3, #0
100002d2:	d000      	beq.n	100002d6 <register_tm_clones+0x1a>
100002d4:	4798      	blx	r3
100002d6:	bd10      	pop	{r4, pc}
100002d8:	200014b0 	.word	0x200014b0
100002dc:	200014b0 	.word	0x200014b0
100002e0:	00000000 	.word	0x00000000

100002e4 <frame_dummy>:
100002e4:	4b05      	ldr	r3, [pc, #20]	@ (100002fc <frame_dummy+0x18>)
100002e6:	b510      	push	{r4, lr}
100002e8:	2b00      	cmp	r3, #0
100002ea:	d003      	beq.n	100002f4 <frame_dummy+0x10>
100002ec:	4904      	ldr	r1, [pc, #16]	@ (10000300 <frame_dummy+0x1c>)
100002ee:	4805      	ldr	r0, [pc, #20]	@ (10000304 <frame_dummy+0x20>)
100002f0:	e000      	b.n	100002f4 <frame_dummy+0x10>
100002f2:	bf00      	nop
100002f4:	f7ff ffe2 	bl	100002bc <register_tm_clones>
100002f8:	bd10      	pop	{r4, pc}
100002fa:	46c0      	nop			@ (mov r8, r8)
100002fc:	00000000 	.word	0x00000000
10000300:	20002344 	.word	0x20002344
10000304:	10005818 	.word	0x10005818

10000308 <main>:
10000308:	b5f0      	push	{r4, r5, r6, r7, lr}
1000030a:	46de      	mov	lr, fp
1000030c:	4657      	mov	r7, sl
1000030e:	464e      	mov	r6, r9
10000310:	4645      	mov	r5, r8
10000312:	b5e0      	push	{r5, r6, r7, lr}
10000314:	b089      	sub	sp, #36	@ 0x24
10000316:	f002 fbf5 	bl	10002b04 <stdio_init_all>
1000031a:	2010      	movs	r0, #16
1000031c:	f000 f964 	bl	100005e8 <gpio_init>
10000320:	24d0      	movs	r4, #208	@ 0xd0
10000322:	2380      	movs	r3, #128	@ 0x80
10000324:	0624      	lsls	r4, r4, #24
10000326:	025b      	lsls	r3, r3, #9
10000328:	62a3      	str	r3, [r4, #40]	@ 0x28
1000032a:	2200      	movs	r2, #0
1000032c:	2101      	movs	r1, #1
1000032e:	2010      	movs	r0, #16
10000330:	f000 f948 	bl	100005c4 <gpio_set_pulls>
10000334:	200d      	movs	r0, #13
10000336:	f000 f957 	bl	100005e8 <gpio_init>
1000033a:	2380      	movs	r3, #128	@ 0x80
1000033c:	019b      	lsls	r3, r3, #6
1000033e:	62a3      	str	r3, [r4, #40]	@ 0x28
10000340:	2200      	movs	r2, #0
10000342:	2101      	movs	r1, #1
10000344:	200d      	movs	r0, #13
10000346:	f000 f93d 	bl	100005c4 <gpio_set_pulls>
1000034a:	2019      	movs	r0, #25
1000034c:	f000 f94c 	bl	100005e8 <gpio_init>
10000350:	2380      	movs	r3, #128	@ 0x80
10000352:	049b      	lsls	r3, r3, #18
10000354:	6263      	str	r3, [r4, #36]	@ 0x24
10000356:	61a3      	str	r3, [r4, #24]
10000358:	24c8      	movs	r4, #200	@ 0xc8
1000035a:	e005      	b.n	10000368 <main+0x60>
1000035c:	200a      	movs	r0, #10
1000035e:	3c01      	subs	r4, #1
10000360:	f000 ff6e 	bl	10001240 <sleep_ms>
10000364:	2c00      	cmp	r4, #0
10000366:	d003      	beq.n	10000370 <main+0x68>
10000368:	f002 fe10 	bl	10002f8c <stdio_usb_connected>
1000036c:	2800      	cmp	r0, #0
1000036e:	d0f5      	beq.n	1000035c <main+0x54>
10000370:	20c8      	movs	r0, #200	@ 0xc8
10000372:	f000 ff65 	bl	10001240 <sleep_ms>
10000376:	4b8a      	ldr	r3, [pc, #552]	@ (100005a0 <main+0x298>)
10000378:	27d0      	movs	r7, #208	@ 0xd0
1000037a:	469a      	mov	sl, r3
1000037c:	4b89      	ldr	r3, [pc, #548]	@ (100005a4 <main+0x29c>)
1000037e:	2601      	movs	r6, #1
10000380:	9301      	str	r3, [sp, #4]
10000382:	4b89      	ldr	r3, [pc, #548]	@ (100005a8 <main+0x2a0>)
10000384:	063f      	lsls	r7, r7, #24
10000386:	9303      	str	r3, [sp, #12]
10000388:	4b88      	ldr	r3, [pc, #544]	@ (100005ac <main+0x2a4>)
1000038a:	9307      	str	r3, [sp, #28]
1000038c:	4b88      	ldr	r3, [pc, #544]	@ (100005b0 <main+0x2a8>)
1000038e:	9304      	str	r3, [sp, #16]
10000390:	4b88      	ldr	r3, [pc, #544]	@ (100005b4 <main+0x2ac>)
10000392:	9305      	str	r3, [sp, #20]
10000394:	4b88      	ldr	r3, [pc, #544]	@ (100005b8 <main+0x2b0>)
10000396:	9306      	str	r3, [sp, #24]
10000398:	4b88      	ldr	r3, [pc, #544]	@ (100005bc <main+0x2b4>)
1000039a:	9300      	str	r3, [sp, #0]
1000039c:	4b88      	ldr	r3, [pc, #544]	@ (100005c0 <main+0x2b8>)
1000039e:	469b      	mov	fp, r3
100003a0:	2301      	movs	r3, #1
100003a2:	4699      	mov	r9, r3
100003a4:	464a      	mov	r2, r9
100003a6:	687b      	ldr	r3, [r7, #4]
100003a8:	0c1b      	lsrs	r3, r3, #16
100003aa:	4013      	ands	r3, r2
100003ac:	4073      	eors	r3, r6
100003ae:	b2da      	uxtb	r2, r3
100003b0:	4690      	mov	r8, r2
100003b2:	4652      	mov	r2, sl
100003b4:	7814      	ldrb	r4, [r2, #0]
100003b6:	07db      	lsls	r3, r3, #31
100003b8:	d400      	bmi.n	100003bc <main+0xb4>
100003ba:	e09d      	b.n	100004f8 <main+0x1f0>
100003bc:	2300      	movs	r3, #0
100003be:	4074      	eors	r4, r6
100003c0:	b2e4      	uxtb	r4, r4
100003c2:	9302      	str	r3, [sp, #8]
100003c4:	4653      	mov	r3, sl
100003c6:	4642      	mov	r2, r8
100003c8:	701a      	strb	r2, [r3, #0]
100003ca:	f001 f889 	bl	100014e0 <time_us_64>
100003ce:	2900      	cmp	r1, #0
100003d0:	d100      	bne.n	100003d4 <main+0xcc>
100003d2:	e08b      	b.n	100004ec <main+0x1e4>
100003d4:	22fa      	movs	r2, #250	@ 0xfa
100003d6:	2300      	movs	r3, #0
100003d8:	0092      	lsls	r2, r2, #2
100003da:	f001 fef5 	bl	100021c8 <__wrap___aeabi_uldivmod>
100003de:	0005      	movs	r5, r0
100003e0:	9b01      	ldr	r3, [sp, #4]
100003e2:	781b      	ldrb	r3, [r3, #0]
100003e4:	2b04      	cmp	r3, #4
100003e6:	d80d      	bhi.n	10000404 <main+0xfc>
100003e8:	9a03      	ldr	r2, [sp, #12]
100003ea:	009b      	lsls	r3, r3, #2
100003ec:	58d3      	ldr	r3, [r2, r3]
100003ee:	469f      	mov	pc, r3
100003f0:	4643      	mov	r3, r8
100003f2:	2b00      	cmp	r3, #0
100003f4:	d100      	bne.n	100003f8 <main+0xf0>
100003f6:	e088      	b.n	1000050a <main+0x202>
100003f8:	9b05      	ldr	r3, [sp, #20]
100003fa:	204c      	movs	r0, #76	@ 0x4c
100003fc:	681b      	ldr	r3, [r3, #0]
100003fe:	1aeb      	subs	r3, r5, r3
10000400:	2b59      	cmp	r3, #89	@ 0x59
10000402:	d82c      	bhi.n	1000045e <main+0x156>
10000404:	464a      	mov	r2, r9
10000406:	687b      	ldr	r3, [r7, #4]
10000408:	2400      	movs	r4, #0
1000040a:	0b5b      	lsrs	r3, r3, #13
1000040c:	4013      	ands	r3, r2
1000040e:	4073      	eors	r3, r6
10000410:	b2da      	uxtb	r2, r3
10000412:	07db      	lsls	r3, r3, #31
10000414:	d503      	bpl.n	1000041e <main+0x116>
10000416:	9b00      	ldr	r3, [sp, #0]
10000418:	781c      	ldrb	r4, [r3, #0]
1000041a:	4074      	eors	r4, r6
1000041c:	b2e4      	uxtb	r4, r4
1000041e:	9b00      	ldr	r3, [sp, #0]
10000420:	701a      	strb	r2, [r3, #0]
10000422:	f001 f85d 	bl	100014e0 <time_us_64>
10000426:	2900      	cmp	r1, #0
10000428:	d069      	beq.n	100004fe <main+0x1f6>
1000042a:	22fa      	movs	r2, #250	@ 0xfa
1000042c:	2300      	movs	r3, #0
1000042e:	0092      	lsls	r2, r2, #2
10000430:	f001 feca 	bl	100021c8 <__wrap___aeabi_uldivmod>
10000434:	0005      	movs	r5, r0
10000436:	2c00      	cmp	r4, #0
10000438:	d004      	beq.n	10000444 <main+0x13c>
1000043a:	465b      	mov	r3, fp
1000043c:	681b      	ldr	r3, [r3, #0]
1000043e:	1aeb      	subs	r3, r5, r3
10000440:	2b31      	cmp	r3, #49	@ 0x31
10000442:	d866      	bhi.n	10000512 <main+0x20a>
10000444:	200a      	movs	r0, #10
10000446:	f000 fefb 	bl	10001240 <sleep_ms>
1000044a:	e7ab      	b.n	100003a4 <main+0x9c>
1000044c:	4643      	mov	r3, r8
1000044e:	2b00      	cmp	r3, #0
10000450:	d05b      	beq.n	1000050a <main+0x202>
10000452:	9b05      	ldr	r3, [sp, #20]
10000454:	681b      	ldr	r3, [r3, #0]
10000456:	1aeb      	subs	r3, r5, r3
10000458:	2b59      	cmp	r3, #89	@ 0x59
1000045a:	d9d3      	bls.n	10000404 <main+0xfc>
1000045c:	2052      	movs	r0, #82	@ 0x52
1000045e:	2480      	movs	r4, #128	@ 0x80
10000460:	f002 f9dc 	bl	1000281c <__wrap_putchar>
10000464:	9b04      	ldr	r3, [sp, #16]
10000466:	04a4      	lsls	r4, r4, #18
10000468:	681b      	ldr	r3, [r3, #0]
1000046a:	6898      	ldr	r0, [r3, #8]
1000046c:	f004 fd7a 	bl	10004f64 <fflush>
10000470:	2050      	movs	r0, #80	@ 0x50
10000472:	617c      	str	r4, [r7, #20]
10000474:	f000 fee4 	bl	10001240 <sleep_ms>
10000478:	9b05      	ldr	r3, [sp, #20]
1000047a:	61bc      	str	r4, [r7, #24]
1000047c:	601d      	str	r5, [r3, #0]
1000047e:	e7c1      	b.n	10000404 <main+0xfc>
10000480:	9b06      	ldr	r3, [sp, #24]
10000482:	681b      	ldr	r3, [r3, #0]
10000484:	1aeb      	subs	r3, r5, r3
10000486:	2c00      	cmp	r4, #0
10000488:	d055      	beq.n	10000536 <main+0x22e>
1000048a:	2bb4      	cmp	r3, #180	@ 0xb4
1000048c:	d972      	bls.n	10000574 <main+0x26c>
1000048e:	4643      	mov	r3, r8
10000490:	2b00      	cmp	r3, #0
10000492:	d156      	bne.n	10000542 <main+0x23a>
10000494:	2480      	movs	r4, #128	@ 0x80
10000496:	204c      	movs	r0, #76	@ 0x4c
10000498:	f002 f9c0 	bl	1000281c <__wrap_putchar>
1000049c:	9b04      	ldr	r3, [sp, #16]
1000049e:	04a4      	lsls	r4, r4, #18
100004a0:	681b      	ldr	r3, [r3, #0]
100004a2:	6898      	ldr	r0, [r3, #8]
100004a4:	f004 fd5e 	bl	10004f64 <fflush>
100004a8:	2050      	movs	r0, #80	@ 0x50
100004aa:	617c      	str	r4, [r7, #20]
100004ac:	f000 fec8 	bl	10001240 <sleep_ms>
100004b0:	2300      	movs	r3, #0
100004b2:	9a01      	ldr	r2, [sp, #4]
100004b4:	61bc      	str	r4, [r7, #24]
100004b6:	7013      	strb	r3, [r2, #0]
100004b8:	e7a4      	b.n	10000404 <main+0xfc>
100004ba:	4643      	mov	r3, r8
100004bc:	2b00      	cmp	r3, #0
100004be:	d004      	beq.n	100004ca <main+0x1c2>
100004c0:	9b07      	ldr	r3, [sp, #28]
100004c2:	681b      	ldr	r3, [r3, #0]
100004c4:	1aeb      	subs	r3, r5, r3
100004c6:	2bb3      	cmp	r3, #179	@ 0xb3
100004c8:	d83b      	bhi.n	10000542 <main+0x23a>
100004ca:	9b02      	ldr	r3, [sp, #8]
100004cc:	2b00      	cmp	r3, #0
100004ce:	d099      	beq.n	10000404 <main+0xfc>
100004d0:	9b06      	ldr	r3, [sp, #24]
100004d2:	9a01      	ldr	r2, [sp, #4]
100004d4:	601d      	str	r5, [r3, #0]
100004d6:	2302      	movs	r3, #2
100004d8:	7013      	strb	r3, [r2, #0]
100004da:	e793      	b.n	10000404 <main+0xfc>
100004dc:	2c00      	cmp	r4, #0
100004de:	d091      	beq.n	10000404 <main+0xfc>
100004e0:	464a      	mov	r2, r9
100004e2:	9b01      	ldr	r3, [sp, #4]
100004e4:	701a      	strb	r2, [r3, #0]
100004e6:	9b07      	ldr	r3, [sp, #28]
100004e8:	601d      	str	r5, [r3, #0]
100004ea:	e78b      	b.n	10000404 <main+0xfc>
100004ec:	21fa      	movs	r1, #250	@ 0xfa
100004ee:	0089      	lsls	r1, r1, #2
100004f0:	f001 fe2c 	bl	1000214c <__wrap___aeabi_uidiv>
100004f4:	0005      	movs	r5, r0
100004f6:	e773      	b.n	100003e0 <main+0xd8>
100004f8:	9402      	str	r4, [sp, #8]
100004fa:	2400      	movs	r4, #0
100004fc:	e762      	b.n	100003c4 <main+0xbc>
100004fe:	21fa      	movs	r1, #250	@ 0xfa
10000500:	0089      	lsls	r1, r1, #2
10000502:	f001 fe23 	bl	1000214c <__wrap___aeabi_uidiv>
10000506:	0005      	movs	r5, r0
10000508:	e795      	b.n	10000436 <main+0x12e>
1000050a:	2300      	movs	r3, #0
1000050c:	9a01      	ldr	r2, [sp, #4]
1000050e:	7013      	strb	r3, [r2, #0]
10000510:	e778      	b.n	10000404 <main+0xfc>
10000512:	2480      	movs	r4, #128	@ 0x80
10000514:	2046      	movs	r0, #70	@ 0x46
10000516:	f002 f981 	bl	1000281c <__wrap_putchar>
1000051a:	9b04      	ldr	r3, [sp, #16]
1000051c:	04a4      	lsls	r4, r4, #18
1000051e:	681b      	ldr	r3, [r3, #0]
10000520:	6898      	ldr	r0, [r3, #8]
10000522:	f004 fd1f 	bl	10004f64 <fflush>
10000526:	2050      	movs	r0, #80	@ 0x50
10000528:	617c      	str	r4, [r7, #20]
1000052a:	f000 fe89 	bl	10001240 <sleep_ms>
1000052e:	465b      	mov	r3, fp
10000530:	61bc      	str	r4, [r7, #24]
10000532:	601d      	str	r5, [r3, #0]
10000534:	e786      	b.n	10000444 <main+0x13c>
10000536:	4642      	mov	r2, r8
10000538:	2a00      	cmp	r2, #0
1000053a:	d017      	beq.n	1000056c <main+0x264>
1000053c:	2bb4      	cmp	r3, #180	@ 0xb4
1000053e:	d800      	bhi.n	10000542 <main+0x23a>
10000540:	e760      	b.n	10000404 <main+0xfc>
10000542:	2480      	movs	r4, #128	@ 0x80
10000544:	204c      	movs	r0, #76	@ 0x4c
10000546:	f002 f969 	bl	1000281c <__wrap_putchar>
1000054a:	9b04      	ldr	r3, [sp, #16]
1000054c:	04a4      	lsls	r4, r4, #18
1000054e:	681b      	ldr	r3, [r3, #0]
10000550:	6898      	ldr	r0, [r3, #8]
10000552:	f004 fd07 	bl	10004f64 <fflush>
10000556:	2050      	movs	r0, #80	@ 0x50
10000558:	617c      	str	r4, [r7, #20]
1000055a:	f000 fe71 	bl	10001240 <sleep_ms>
1000055e:	9b05      	ldr	r3, [sp, #20]
10000560:	61bc      	str	r4, [r7, #24]
10000562:	601d      	str	r5, [r3, #0]
10000564:	2303      	movs	r3, #3
10000566:	9a01      	ldr	r2, [sp, #4]
10000568:	7013      	strb	r3, [r2, #0]
1000056a:	e74b      	b.n	10000404 <main+0xfc>
1000056c:	2bb4      	cmp	r3, #180	@ 0xb4
1000056e:	d800      	bhi.n	10000572 <main+0x26a>
10000570:	e748      	b.n	10000404 <main+0xfc>
10000572:	e78f      	b.n	10000494 <main+0x18c>
10000574:	2480      	movs	r4, #128	@ 0x80
10000576:	2052      	movs	r0, #82	@ 0x52
10000578:	f002 f950 	bl	1000281c <__wrap_putchar>
1000057c:	9b04      	ldr	r3, [sp, #16]
1000057e:	04a4      	lsls	r4, r4, #18
10000580:	681b      	ldr	r3, [r3, #0]
10000582:	6898      	ldr	r0, [r3, #8]
10000584:	f004 fcee 	bl	10004f64 <fflush>
10000588:	2050      	movs	r0, #80	@ 0x50
1000058a:	617c      	str	r4, [r7, #20]
1000058c:	f000 fe58 	bl	10001240 <sleep_ms>
10000590:	9b05      	ldr	r3, [sp, #20]
10000592:	61bc      	str	r4, [r7, #24]
10000594:	601d      	str	r5, [r3, #0]
10000596:	2304      	movs	r3, #4
10000598:	9a01      	ldr	r2, [sp, #4]
1000059a:	7013      	strb	r3, [r2, #0]
1000059c:	e732      	b.n	10000404 <main+0xfc>
1000059e:	46c0      	nop			@ (mov r8, r8)
100005a0:	200023b9 	.word	0x200023b9
100005a4:	200023ba 	.word	0x200023ba
100005a8:	10005818 	.word	0x10005818
100005ac:	20001f28 	.word	0x20001f28
100005b0:	2000134c 	.word	0x2000134c
100005b4:	20002334 	.word	0x20002334
100005b8:	20002374 	.word	0x20002374
100005bc:	200023b5 	.word	0x200023b5
100005c0:	20002330 	.word	0x20002330

100005c4 <gpio_set_pulls>:
100005c4:	4b07      	ldr	r3, [pc, #28]	@ (100005e4 <gpio_set_pulls+0x20>)
100005c6:	0080      	lsls	r0, r0, #2
100005c8:	469c      	mov	ip, r3
100005ca:	4460      	add	r0, ip
100005cc:	6803      	ldr	r3, [r0, #0]
100005ce:	00c9      	lsls	r1, r1, #3
100005d0:	0092      	lsls	r2, r2, #2
100005d2:	430a      	orrs	r2, r1
100005d4:	405a      	eors	r2, r3
100005d6:	230c      	movs	r3, #12
100005d8:	401a      	ands	r2, r3
100005da:	2380      	movs	r3, #128	@ 0x80
100005dc:	015b      	lsls	r3, r3, #5
100005de:	4303      	orrs	r3, r0
100005e0:	601a      	str	r2, [r3, #0]
100005e2:	4770      	bx	lr
100005e4:	4001c004 	.word	0x4001c004

100005e8 <gpio_init>:
100005e8:	2301      	movs	r3, #1
100005ea:	22d0      	movs	r2, #208	@ 0xd0
100005ec:	4083      	lsls	r3, r0
100005ee:	0612      	lsls	r2, r2, #24
100005f0:	6293      	str	r3, [r2, #40]	@ 0x28
100005f2:	6193      	str	r3, [r2, #24]
100005f4:	4a09      	ldr	r2, [pc, #36]	@ (1000061c <gpio_init+0x34>)
100005f6:	2140      	movs	r1, #64	@ 0x40
100005f8:	4694      	mov	ip, r2
100005fa:	0083      	lsls	r3, r0, #2
100005fc:	4463      	add	r3, ip
100005fe:	681a      	ldr	r2, [r3, #0]
10000600:	00c0      	lsls	r0, r0, #3
10000602:	404a      	eors	r2, r1
10000604:	3180      	adds	r1, #128	@ 0x80
10000606:	4011      	ands	r1, r2
10000608:	2280      	movs	r2, #128	@ 0x80
1000060a:	0152      	lsls	r2, r2, #5
1000060c:	4313      	orrs	r3, r2
1000060e:	6019      	str	r1, [r3, #0]
10000610:	4b03      	ldr	r3, [pc, #12]	@ (10000620 <gpio_init+0x38>)
10000612:	469c      	mov	ip, r3
10000614:	2305      	movs	r3, #5
10000616:	4460      	add	r0, ip
10000618:	6043      	str	r3, [r0, #4]
1000061a:	4770      	bx	lr
1000061c:	4001c004 	.word	0x4001c004
10000620:	40014000 	.word	0x40014000

10000624 <running_on_fpga>:
10000624:	4b02      	ldr	r3, [pc, #8]	@ (10000630 <running_on_fpga+0xc>)
10000626:	6818      	ldr	r0, [r3, #0]
10000628:	0780      	lsls	r0, r0, #30
1000062a:	0fc0      	lsrs	r0, r0, #31
1000062c:	4770      	bx	lr
1000062e:	46c0      	nop			@ (mov r8, r8)
10000630:	4006c000 	.word	0x4006c000

10000634 <hw_claim_or_assert>:
10000634:	b570      	push	{r4, r5, r6, lr}
10000636:	f3ef 8c10 	mrs	ip, PRIMASK
1000063a:	b672      	cpsid	i
1000063c:	4d0d      	ldr	r5, [pc, #52]	@ (10000674 <hw_claim_or_assert+0x40>)
1000063e:	682b      	ldr	r3, [r5, #0]
10000640:	2b00      	cmp	r3, #0
10000642:	d0fc      	beq.n	1000063e <hw_claim_or_assert+0xa>
10000644:	f3bf 8f5f 	dmb	sy
10000648:	2407      	movs	r4, #7
1000064a:	08cb      	lsrs	r3, r1, #3
1000064c:	18c6      	adds	r6, r0, r3
1000064e:	5cc0      	ldrb	r0, [r0, r3]
10000650:	2301      	movs	r3, #1
10000652:	400c      	ands	r4, r1
10000654:	40a3      	lsls	r3, r4
10000656:	001c      	movs	r4, r3
10000658:	4004      	ands	r4, r0
1000065a:	4203      	tst	r3, r0
1000065c:	d107      	bne.n	1000066e <hw_claim_or_assert+0x3a>
1000065e:	4318      	orrs	r0, r3
10000660:	7030      	strb	r0, [r6, #0]
10000662:	f3bf 8f5f 	dmb	sy
10000666:	602c      	str	r4, [r5, #0]
10000668:	f38c 8810 	msr	PRIMASK, ip
1000066c:	bd70      	pop	{r4, r5, r6, pc}
1000066e:	0010      	movs	r0, r2
10000670:	f001 fcf4 	bl	1000205c <panic>
10000674:	d000012c 	.word	0xd000012c

10000678 <hw_claim_unused_from_range>:
10000678:	b5f8      	push	{r3, r4, r5, r6, r7, lr}
1000067a:	4647      	mov	r7, r8
1000067c:	46ce      	mov	lr, r9
1000067e:	4688      	mov	r8, r1
10000680:	b580      	push	{r7, lr}
10000682:	f3ef 8c10 	mrs	ip, PRIMASK
10000686:	b672      	cpsid	i
10000688:	4d1c      	ldr	r5, [pc, #112]	@ (100006fc <hw_claim_unused_from_range+0x84>)
1000068a:	682c      	ldr	r4, [r5, #0]
1000068c:	2c00      	cmp	r4, #0
1000068e:	d0fc      	beq.n	1000068a <hw_claim_unused_from_range+0x12>
10000690:	f3bf 8f5f 	dmb	sy
10000694:	429a      	cmp	r2, r3
10000696:	d822      	bhi.n	100006de <hw_claim_unused_from_range+0x66>
10000698:	2107      	movs	r1, #7
1000069a:	2601      	movs	r6, #1
1000069c:	4689      	mov	r9, r1
1000069e:	e002      	b.n	100006a6 <hw_claim_unused_from_range+0x2e>
100006a0:	3201      	adds	r2, #1
100006a2:	4293      	cmp	r3, r2
100006a4:	d318      	bcc.n	100006d8 <hw_claim_unused_from_range+0x60>
100006a6:	464d      	mov	r5, r9
100006a8:	0037      	movs	r7, r6
100006aa:	4015      	ands	r5, r2
100006ac:	40af      	lsls	r7, r5
100006ae:	08d4      	lsrs	r4, r2, #3
100006b0:	1901      	adds	r1, r0, r4
100006b2:	5d04      	ldrb	r4, [r0, r4]
100006b4:	4227      	tst	r7, r4
100006b6:	d1f3      	bne.n	100006a0 <hw_claim_unused_from_range+0x28>
100006b8:	0010      	movs	r0, r2
100006ba:	433c      	orrs	r4, r7
100006bc:	700c      	strb	r4, [r1, #0]
100006be:	f3bf 8f5f 	dmb	sy
100006c2:	2200      	movs	r2, #0
100006c4:	4b0d      	ldr	r3, [pc, #52]	@ (100006fc <hw_claim_unused_from_range+0x84>)
100006c6:	601a      	str	r2, [r3, #0]
100006c8:	f38c 8810 	msr	PRIMASK, ip
100006cc:	2800      	cmp	r0, #0
100006ce:	db0e      	blt.n	100006ee <hw_claim_unused_from_range+0x76>
100006d0:	bcc0      	pop	{r6, r7}
100006d2:	46b9      	mov	r9, r7
100006d4:	46b0      	mov	r8, r6
100006d6:	bdf8      	pop	{r3, r4, r5, r6, r7, pc}
100006d8:	2001      	movs	r0, #1
100006da:	4240      	negs	r0, r0
100006dc:	e7ef      	b.n	100006be <hw_claim_unused_from_range+0x46>
100006de:	f3bf 8f5f 	dmb	sy
100006e2:	2300      	movs	r3, #0
100006e4:	602b      	str	r3, [r5, #0]
100006e6:	f38c 8810 	msr	PRIMASK, ip
100006ea:	2001      	movs	r0, #1
100006ec:	4240      	negs	r0, r0
100006ee:	4643      	mov	r3, r8
100006f0:	2b00      	cmp	r3, #0
100006f2:	d0ed      	beq.n	100006d0 <hw_claim_unused_from_range+0x58>
100006f4:	9808      	ldr	r0, [sp, #32]
100006f6:	f001 fcb1 	bl	1000205c <panic>
100006fa:	46c0      	nop			@ (mov r8, r8)
100006fc:	d000012c 	.word	0xd000012c

10000700 <spin_locks_reset>:
10000700:	2100      	movs	r1, #0
10000702:	4b04      	ldr	r3, [pc, #16]	@ (10000714 <spin_locks_reset+0x14>)
10000704:	4a04      	ldr	r2, [pc, #16]	@ (10000718 <spin_locks_reset+0x18>)
10000706:	f3bf 8f5f 	dmb	sy
1000070a:	c302      	stmia	r3!, {r1}
1000070c:	4293      	cmp	r3, r2
1000070e:	d1fa      	bne.n	10000706 <spin_locks_reset+0x6>
10000710:	4770      	bx	lr
10000712:	46c0      	nop			@ (mov r8, r8)
10000714:	d0000100 	.word	0xd0000100
10000718:	d0000180 	.word	0xd0000180

1000071c <next_striped_spin_lock_num>:
1000071c:	4a04      	ldr	r2, [pc, #16]	@ (10000730 <next_striped_spin_lock_num+0x14>)
1000071e:	7810      	ldrb	r0, [r2, #0]
10000720:	1c43      	adds	r3, r0, #1
10000722:	b2db      	uxtb	r3, r3
10000724:	2b17      	cmp	r3, #23
10000726:	d900      	bls.n	1000072a <next_striped_spin_lock_num+0xe>
10000728:	2310      	movs	r3, #16
1000072a:	7013      	strb	r3, [r2, #0]
1000072c:	4770      	bx	lr
1000072e:	46c0      	nop			@ (mov r8, r8)
10000730:	20000e58 	.word	0x20000e58

10000734 <spin_lock_claim_unused>:
10000734:	b510      	push	{r4, lr}
10000736:	4b06      	ldr	r3, [pc, #24]	@ (10000750 <spin_lock_claim_unused+0x1c>)
10000738:	4c06      	ldr	r4, [pc, #24]	@ (10000754 <spin_lock_claim_unused+0x20>)
1000073a:	b082      	sub	sp, #8
1000073c:	0001      	movs	r1, r0
1000073e:	9300      	str	r3, [sp, #0]
10000740:	2218      	movs	r2, #24
10000742:	231f      	movs	r3, #31
10000744:	0020      	movs	r0, r4
10000746:	f7ff ff97 	bl	10000678 <hw_claim_unused_from_range>
1000074a:	b002      	add	sp, #8
1000074c:	bd10      	pop	{r4, pc}
1000074e:	46c0      	nop			@ (mov r8, r8)
10000750:	1000582c 	.word	0x1000582c
10000754:	20001eac 	.word	0x20001eac

10000758 <irq_set_enabled>:
10000758:	2301      	movs	r3, #1
1000075a:	4083      	lsls	r3, r0
1000075c:	2900      	cmp	r1, #0
1000075e:	d004      	beq.n	1000076a <irq_set_enabled+0x12>
10000760:	4a03      	ldr	r2, [pc, #12]	@ (10000770 <irq_set_enabled+0x18>)
10000762:	6013      	str	r3, [r2, #0]
10000764:	4a03      	ldr	r2, [pc, #12]	@ (10000774 <irq_set_enabled+0x1c>)
10000766:	6013      	str	r3, [r2, #0]
10000768:	4770      	bx	lr
1000076a:	4a03      	ldr	r2, [pc, #12]	@ (10000778 <irq_set_enabled+0x20>)
1000076c:	6013      	str	r3, [r2, #0]
1000076e:	e7fb      	b.n	10000768 <irq_set_enabled+0x10>
10000770:	e000e280 	.word	0xe000e280
10000774:	e000e100 	.word	0xe000e100
10000778:	e000e180 	.word	0xe000e180

1000077c <irq_set_pending>:
1000077c:	2301      	movs	r3, #1
1000077e:	4083      	lsls	r3, r0
10000780:	4a01      	ldr	r2, [pc, #4]	@ (10000788 <irq_set_pending+0xc>)
10000782:	6013      	str	r3, [r2, #0]
10000784:	4770      	bx	lr
10000786:	46c0      	nop			@ (mov r8, r8)
10000788:	e000e200 	.word	0xe000e200

1000078c <irq_has_shared_handler>:
1000078c:	4b08      	ldr	r3, [pc, #32]	@ (100007b0 <irq_has_shared_handler+0x24>)
1000078e:	3010      	adds	r0, #16
10000790:	689b      	ldr	r3, [r3, #8]
10000792:	0080      	lsls	r0, r0, #2
10000794:	58c3      	ldr	r3, [r0, r3]
10000796:	2b00      	cmp	r3, #0
10000798:	d007      	beq.n	100007aa <irq_has_shared_handler+0x1e>
1000079a:	4a06      	ldr	r2, [pc, #24]	@ (100007b4 <irq_has_shared_handler+0x28>)
1000079c:	2000      	movs	r0, #0
1000079e:	1a9b      	subs	r3, r3, r2
100007a0:	222f      	movs	r2, #47	@ 0x2f
100007a2:	429a      	cmp	r2, r3
100007a4:	4140      	adcs	r0, r0
100007a6:	b2c0      	uxtb	r0, r0
100007a8:	4770      	bx	lr
100007aa:	2000      	movs	r0, #0
100007ac:	e7fc      	b.n	100007a8 <irq_has_shared_handler+0x1c>
100007ae:	46c0      	nop			@ (mov r8, r8)
100007b0:	e000ed00 	.word	0xe000ed00
100007b4:	20000e5c 	.word	0x20000e5c

100007b8 <irq_get_vtable_handler>:
100007b8:	4b02      	ldr	r3, [pc, #8]	@ (100007c4 <irq_get_vtable_handler+0xc>)
100007ba:	3010      	adds	r0, #16
100007bc:	689b      	ldr	r3, [r3, #8]
100007be:	0080      	lsls	r0, r0, #2
100007c0:	58c0      	ldr	r0, [r0, r3]
100007c2:	4770      	bx	lr
100007c4:	e000ed00 	.word	0xe000ed00

100007c8 <irq_set_exclusive_handler>:
100007c8:	b570      	push	{r4, r5, r6, lr}
100007ca:	000d      	movs	r5, r1
100007cc:	f3ef 8610 	mrs	r6, PRIMASK
100007d0:	b672      	cpsid	i
100007d2:	4a0f      	ldr	r2, [pc, #60]	@ (10000810 <irq_set_exclusive_handler+0x48>)
100007d4:	6813      	ldr	r3, [r2, #0]
100007d6:	2b00      	cmp	r3, #0
100007d8:	d0fc      	beq.n	100007d4 <irq_set_exclusive_handler+0xc>
100007da:	f3bf 8f5f 	dmb	sy
100007de:	4b0d      	ldr	r3, [pc, #52]	@ (10000814 <irq_set_exclusive_handler+0x4c>)
100007e0:	3010      	adds	r0, #16
100007e2:	689b      	ldr	r3, [r3, #8]
100007e4:	0084      	lsls	r4, r0, #2
100007e6:	591b      	ldr	r3, [r3, r4]
100007e8:	4a0b      	ldr	r2, [pc, #44]	@ (10000818 <irq_set_exclusive_handler+0x50>)
100007ea:	4293      	cmp	r3, r2
100007ec:	d003      	beq.n	100007f6 <irq_set_exclusive_handler+0x2e>
100007ee:	429d      	cmp	r5, r3
100007f0:	d001      	beq.n	100007f6 <irq_set_exclusive_handler+0x2e>
100007f2:	f001 fc4b 	bl	1000208c <hard_assertion_failure>
100007f6:	4b07      	ldr	r3, [pc, #28]	@ (10000814 <irq_set_exclusive_handler+0x4c>)
100007f8:	689b      	ldr	r3, [r3, #8]
100007fa:	511d      	str	r5, [r3, r4]
100007fc:	f3bf 8f5f 	dmb	sy
10000800:	f3bf 8f5f 	dmb	sy
10000804:	2200      	movs	r2, #0
10000806:	4b02      	ldr	r3, [pc, #8]	@ (10000810 <irq_set_exclusive_handler+0x48>)
10000808:	601a      	str	r2, [r3, #0]
1000080a:	f386 8810 	msr	PRIMASK, r6
1000080e:	bd70      	pop	{r4, r5, r6, pc}
10000810:	d0000124 	.word	0xd0000124
10000814:	e000ed00 	.word	0xe000ed00
10000818:	100001cd 	.word	0x100001cd

1000081c <irq_add_shared_handler>:
1000081c:	b5f0      	push	{r4, r5, r6, r7, lr}
1000081e:	4657      	mov	r7, sl
10000820:	464e      	mov	r6, r9
10000822:	46de      	mov	lr, fp
10000824:	4645      	mov	r5, r8
10000826:	b5e0      	push	{r5, r6, r7, lr}
10000828:	b085      	sub	sp, #20
1000082a:	0006      	movs	r6, r0
1000082c:	9100      	str	r1, [sp, #0]
1000082e:	0017      	movs	r7, r2
10000830:	f3ef 8b10 	mrs	fp, PRIMASK
10000834:	b672      	cpsid	i
10000836:	4a6a      	ldr	r2, [pc, #424]	@ (100009e0 <irq_add_shared_handler+0x1c4>)
10000838:	6813      	ldr	r3, [r2, #0]
1000083a:	2b00      	cmp	r3, #0
1000083c:	d0fc      	beq.n	10000838 <irq_add_shared_handler+0x1c>
1000083e:	f3bf 8f5f 	dmb	sy
10000842:	2500      	movs	r5, #0
10000844:	4b67      	ldr	r3, [pc, #412]	@ (100009e4 <irq_add_shared_handler+0x1c8>)
10000846:	575d      	ldrsb	r5, [r3, r5]
10000848:	469a      	mov	sl, r3
1000084a:	2d00      	cmp	r5, #0
1000084c:	da00      	bge.n	10000850 <irq_add_shared_handler+0x34>
1000084e:	e0a9      	b.n	100009a4 <irq_add_shared_handler+0x188>
10000850:	006b      	lsls	r3, r5, #1
10000852:	4c65      	ldr	r4, [pc, #404]	@ (100009e8 <irq_add_shared_handler+0x1cc>)
10000854:	9301      	str	r3, [sp, #4]
10000856:	195b      	adds	r3, r3, r5
10000858:	009b      	lsls	r3, r3, #2
1000085a:	4698      	mov	r8, r3
1000085c:	46a1      	mov	r9, r4
1000085e:	44c1      	add	r9, r8
10000860:	464b      	mov	r3, r9
10000862:	4652      	mov	r2, sl
10000864:	799b      	ldrb	r3, [r3, #6]
10000866:	3610      	adds	r6, #16
10000868:	7013      	strb	r3, [r2, #0]
1000086a:	4b60      	ldr	r3, [pc, #384]	@ (100009ec <irq_add_shared_handler+0x1d0>)
1000086c:	00b6      	lsls	r6, r6, #2
1000086e:	689b      	ldr	r3, [r3, #8]
10000870:	5999      	ldr	r1, [r3, r6]
10000872:	1b0b      	subs	r3, r1, r4
10000874:	2b2f      	cmp	r3, #47	@ 0x2f
10000876:	d933      	bls.n	100008e0 <irq_add_shared_handler+0xc4>
10000878:	4b5d      	ldr	r3, [pc, #372]	@ (100009f0 <irq_add_shared_handler+0x1d4>)
1000087a:	4299      	cmp	r1, r3
1000087c:	d000      	beq.n	10000880 <irq_add_shared_handler+0x64>
1000087e:	e0ac      	b.n	100009da <irq_add_shared_handler+0x1be>
10000880:	9b01      	ldr	r3, [sp, #4]
10000882:	4642      	mov	r2, r8
10000884:	469c      	mov	ip, r3
10000886:	4b5b      	ldr	r3, [pc, #364]	@ (100009f4 <irq_add_shared_handler+0x1d8>)
10000888:	4465      	add	r5, ip
1000088a:	00ad      	lsls	r5, r5, #2
1000088c:	5363      	strh	r3, [r4, r5]
1000088e:	4b5a      	ldr	r3, [pc, #360]	@ (100009f8 <irq_add_shared_handler+0x1dc>)
10000890:	3202      	adds	r2, #2
10000892:	18a2      	adds	r2, r4, r2
10000894:	3b04      	subs	r3, #4
10000896:	1a9b      	subs	r3, r3, r2
10000898:	051b      	lsls	r3, r3, #20
1000089a:	4a58      	ldr	r2, [pc, #352]	@ (100009fc <irq_add_shared_handler+0x1e0>)
1000089c:	0d5b      	lsrs	r3, r3, #21
1000089e:	1965      	adds	r5, r4, r5
100008a0:	4313      	orrs	r3, r2
100008a2:	806b      	strh	r3, [r5, #2]
100008a4:	4b56      	ldr	r3, [pc, #344]	@ (10000a00 <irq_add_shared_handler+0x1e4>)
100008a6:	2101      	movs	r1, #1
100008a8:	80ab      	strh	r3, [r5, #4]
100008aa:	23ff      	movs	r3, #255	@ 0xff
100008ac:	71ab      	strb	r3, [r5, #6]
100008ae:	9b00      	ldr	r3, [sp, #0]
100008b0:	71ef      	strb	r7, [r5, #7]
100008b2:	60ab      	str	r3, [r5, #8]
100008b4:	464b      	mov	r3, r9
100008b6:	430b      	orrs	r3, r1
100008b8:	0019      	movs	r1, r3
100008ba:	4b4c      	ldr	r3, [pc, #304]	@ (100009ec <irq_add_shared_handler+0x1d0>)
100008bc:	689b      	ldr	r3, [r3, #8]
100008be:	5199      	str	r1, [r3, r6]
100008c0:	f3bf 8f5f 	dmb	sy
100008c4:	f3bf 8f5f 	dmb	sy
100008c8:	2200      	movs	r2, #0
100008ca:	4b45      	ldr	r3, [pc, #276]	@ (100009e0 <irq_add_shared_handler+0x1c4>)
100008cc:	601a      	str	r2, [r3, #0]
100008ce:	f38b 8810 	msr	PRIMASK, fp
100008d2:	b005      	add	sp, #20
100008d4:	bcf0      	pop	{r4, r5, r6, r7}
100008d6:	46bb      	mov	fp, r7
100008d8:	46b2      	mov	sl, r6
100008da:	46a9      	mov	r9, r5
100008dc:	46a0      	mov	r8, r4
100008de:	bdf0      	pop	{r4, r5, r6, r7, pc}
100008e0:	2001      	movs	r0, #1
100008e2:	000a      	movs	r2, r1
100008e4:	4382      	bics	r2, r0
100008e6:	79d3      	ldrb	r3, [r2, #7]
100008e8:	468c      	mov	ip, r1
100008ea:	42bb      	cmp	r3, r7
100008ec:	d831      	bhi.n	10000952 <irq_add_shared_handler+0x136>
100008ee:	4645      	mov	r5, r8
100008f0:	0013      	movs	r3, r2
100008f2:	4944      	ldr	r1, [pc, #272]	@ (10000a04 <irq_add_shared_handler+0x1e8>)
100008f4:	1b1b      	subs	r3, r3, r4
100008f6:	415b      	adcs	r3, r3
100008f8:	4359      	muls	r1, r3
100008fa:	0d09      	lsrs	r1, r1, #20
100008fc:	4b3d      	ldr	r3, [pc, #244]	@ (100009f4 <irq_add_shared_handler+0x1d8>)
100008fe:	5363      	strh	r3, [r4, r5]
10000900:	4b3d      	ldr	r3, [pc, #244]	@ (100009f8 <irq_add_shared_handler+0x1dc>)
10000902:	3502      	adds	r5, #2
10000904:	1965      	adds	r5, r4, r5
10000906:	3b04      	subs	r3, #4
10000908:	1b5b      	subs	r3, r3, r5
1000090a:	051b      	lsls	r3, r3, #20
1000090c:	4d3b      	ldr	r5, [pc, #236]	@ (100009fc <irq_add_shared_handler+0x1e0>)
1000090e:	0d5b      	lsrs	r3, r3, #21
10000910:	432b      	orrs	r3, r5
10000912:	46aa      	mov	sl, r5
10000914:	464d      	mov	r5, r9
10000916:	806b      	strh	r3, [r5, #2]
10000918:	2504      	movs	r5, #4
1000091a:	46ac      	mov	ip, r5
1000091c:	4655      	mov	r5, sl
1000091e:	44e0      	add	r8, ip
10000920:	1f13      	subs	r3, r2, #4
10000922:	4444      	add	r4, r8
10000924:	1b1b      	subs	r3, r3, r4
10000926:	051b      	lsls	r3, r3, #20
10000928:	0d5b      	lsrs	r3, r3, #21
1000092a:	431d      	orrs	r5, r3
1000092c:	464b      	mov	r3, r9
1000092e:	7199      	strb	r1, [r3, #6]
10000930:	9900      	ldr	r1, [sp, #0]
10000932:	809d      	strh	r5, [r3, #4]
10000934:	6099      	str	r1, [r3, #8]
10000936:	4649      	mov	r1, r9
10000938:	71df      	strb	r7, [r3, #7]
1000093a:	4b33      	ldr	r3, [pc, #204]	@ (10000a08 <irq_add_shared_handler+0x1ec>)
1000093c:	4301      	orrs	r1, r0
1000093e:	6013      	str	r3, [r2, #0]
10000940:	e7bb      	b.n	100008ba <irq_add_shared_handler+0x9e>
10000942:	0058      	lsls	r0, r3, #1
10000944:	18c0      	adds	r0, r0, r3
10000946:	0080      	lsls	r0, r0, #2
10000948:	1820      	adds	r0, r4, r0
1000094a:	79c1      	ldrb	r1, [r0, #7]
1000094c:	42b9      	cmp	r1, r7
1000094e:	d92f      	bls.n	100009b0 <irq_add_shared_handler+0x194>
10000950:	0002      	movs	r2, r0
10000952:	2306      	movs	r3, #6
10000954:	56d3      	ldrsb	r3, [r2, r3]
10000956:	2b00      	cmp	r3, #0
10000958:	daf3      	bge.n	10000942 <irq_add_shared_handler+0x126>
1000095a:	9302      	str	r3, [sp, #8]
1000095c:	4b2b      	ldr	r3, [pc, #172]	@ (10000a0c <irq_add_shared_handler+0x1f0>)
1000095e:	4661      	mov	r1, ip
10000960:	9303      	str	r3, [sp, #12]
10000962:	1d13      	adds	r3, r2, #4
10000964:	469a      	mov	sl, r3
10000966:	2304      	movs	r3, #4
10000968:	425b      	negs	r3, r3
1000096a:	469c      	mov	ip, r3
1000096c:	44e1      	add	r9, ip
1000096e:	4650      	mov	r0, sl
10000970:	464b      	mov	r3, r9
10000972:	1a1b      	subs	r3, r3, r0
10000974:	051b      	lsls	r3, r3, #20
10000976:	0d5b      	lsrs	r3, r3, #21
10000978:	469c      	mov	ip, r3
1000097a:	4b20      	ldr	r3, [pc, #128]	@ (100009fc <irq_add_shared_handler+0x1e0>)
1000097c:	7195      	strb	r5, [r2, #6]
1000097e:	4698      	mov	r8, r3
10000980:	4663      	mov	r3, ip
10000982:	4640      	mov	r0, r8
10000984:	4303      	orrs	r3, r0
10000986:	8093      	strh	r3, [r2, #4]
10000988:	9b01      	ldr	r3, [sp, #4]
1000098a:	195a      	adds	r2, r3, r5
1000098c:	0092      	lsls	r2, r2, #2
1000098e:	9b03      	ldr	r3, [sp, #12]
10000990:	18a4      	adds	r4, r4, r2
10000992:	80a3      	strh	r3, [r4, #4]
10000994:	9b02      	ldr	r3, [sp, #8]
10000996:	4a1c      	ldr	r2, [pc, #112]	@ (10000a08 <irq_add_shared_handler+0x1ec>)
10000998:	71a3      	strb	r3, [r4, #6]
1000099a:	9b00      	ldr	r3, [sp, #0]
1000099c:	6022      	str	r2, [r4, #0]
1000099e:	71e7      	strb	r7, [r4, #7]
100009a0:	60a3      	str	r3, [r4, #8]
100009a2:	e78a      	b.n	100008ba <irq_add_shared_handler+0x9e>
100009a4:	f001 fb72 	bl	1000208c <hard_assertion_failure>
100009a8:	2500      	movs	r5, #0
100009aa:	4653      	mov	r3, sl
100009ac:	575d      	ldrsb	r5, [r3, r5]
100009ae:	e74f      	b.n	10000850 <irq_add_shared_handler+0x34>
100009b0:	8890      	ldrh	r0, [r2, #4]
100009b2:	9302      	str	r3, [sp, #8]
100009b4:	0540      	lsls	r0, r0, #21
100009b6:	1d13      	adds	r3, r2, #4
100009b8:	469a      	mov	sl, r3
100009ba:	1503      	asrs	r3, r0, #20
100009bc:	4661      	mov	r1, ip
100009be:	469c      	mov	ip, r3
100009c0:	4640      	mov	r0, r8
100009c2:	44d4      	add	ip, sl
100009c4:	4663      	mov	r3, ip
100009c6:	3004      	adds	r0, #4
100009c8:	1820      	adds	r0, r4, r0
100009ca:	1a18      	subs	r0, r3, r0
100009cc:	23e0      	movs	r3, #224	@ 0xe0
100009ce:	0500      	lsls	r0, r0, #20
100009d0:	0d40      	lsrs	r0, r0, #21
100009d2:	021b      	lsls	r3, r3, #8
100009d4:	4318      	orrs	r0, r3
100009d6:	9003      	str	r0, [sp, #12]
100009d8:	e7c5      	b.n	10000966 <irq_add_shared_handler+0x14a>
100009da:	f001 fb57 	bl	1000208c <hard_assertion_failure>
100009de:	e74f      	b.n	10000880 <irq_add_shared_handler+0x64>
100009e0:	d0000124 	.word	0xd0000124
100009e4:	200023b6 	.word	0x200023b6
100009e8:	20000e5c 	.word	0x20000e5c
100009ec:	e000ed00 	.word	0xe000ed00
100009f0:	100001cd 	.word	0x100001cd
100009f4:	ffffa100 	.word	0xffffa100
100009f8:	20000e8c 	.word	0x20000e8c
100009fc:	ffffe000 	.word	0xffffe000
10000a00:	ffffbd01 	.word	0xffffbd01
10000a04:	0000aaaa 	.word	0x0000aaaa
10000a08:	47804801 	.word	0x47804801
10000a0c:	0000bd01 	.word	0x0000bd01

10000a10 <irq_remove_handler>:
10000a10:	b5f8      	push	{r3, r4, r5, r6, r7, lr}
10000a12:	46de      	mov	lr, fp
10000a14:	4657      	mov	r7, sl
10000a16:	464e      	mov	r6, r9
10000a18:	4645      	mov	r5, r8
10000a1a:	000c      	movs	r4, r1
10000a1c:	b5e0      	push	{r5, r6, r7, lr}
10000a1e:	f3ef 8810 	mrs	r8, PRIMASK
10000a22:	b672      	cpsid	i
10000a24:	4a5b      	ldr	r2, [pc, #364]	@ (10000b94 <irq_remove_handler+0x184>)
10000a26:	6813      	ldr	r3, [r2, #0]
10000a28:	2b00      	cmp	r3, #0
10000a2a:	d0fc      	beq.n	10000a26 <irq_remove_handler+0x16>
10000a2c:	f3bf 8f5f 	dmb	sy
10000a30:	4b59      	ldr	r3, [pc, #356]	@ (10000b98 <irq_remove_handler+0x188>)
10000a32:	495a      	ldr	r1, [pc, #360]	@ (10000b9c <irq_remove_handler+0x18c>)
10000a34:	689a      	ldr	r2, [r3, #8]
10000a36:	0003      	movs	r3, r0
10000a38:	3310      	adds	r3, #16
10000a3a:	009f      	lsls	r7, r3, #2
10000a3c:	59d5      	ldr	r5, [r2, r7]
10000a3e:	469c      	mov	ip, r3
10000a40:	428d      	cmp	r5, r1
10000a42:	d038      	beq.n	10000ab6 <irq_remove_handler+0xa6>
10000a44:	42a5      	cmp	r5, r4
10000a46:	d048      	beq.n	10000ada <irq_remove_handler+0xca>
10000a48:	4e55      	ldr	r6, [pc, #340]	@ (10000ba0 <irq_remove_handler+0x190>)
10000a4a:	1baa      	subs	r2, r5, r6
10000a4c:	2a2f      	cmp	r2, #47	@ 0x2f
10000a4e:	d832      	bhi.n	10000ab6 <irq_remove_handler+0xa6>
10000a50:	2201      	movs	r2, #1
10000a52:	0013      	movs	r3, r2
10000a54:	4083      	lsls	r3, r0
10000a56:	4699      	mov	r9, r3
10000a58:	4852      	ldr	r0, [pc, #328]	@ (10000ba4 <irq_remove_handler+0x194>)
10000a5a:	6800      	ldr	r0, [r0, #0]
10000a5c:	4003      	ands	r3, r0
10000a5e:	469a      	mov	sl, r3
10000a60:	464b      	mov	r3, r9
10000a62:	4851      	ldr	r0, [pc, #324]	@ (10000ba8 <irq_remove_handler+0x198>)
10000a64:	6003      	str	r3, [r0, #0]
10000a66:	f3bf 8f5f 	dmb	sy
10000a6a:	f3ef 8305 	mrs	r3, IPSR
10000a6e:	469b      	mov	fp, r3
10000a70:	2b00      	cmp	r3, #0
10000a72:	d034      	beq.n	10000ade <irq_remove_handler+0xce>
10000a74:	459c      	cmp	ip, r3
10000a76:	d001      	beq.n	10000a7c <irq_remove_handler+0x6c>
10000a78:	f001 fb08 	bl	1000208c <hard_assertion_failure>
10000a7c:	2301      	movs	r3, #1
10000a7e:	002a      	movs	r2, r5
10000a80:	439a      	bics	r2, r3
10000a82:	6890      	ldr	r0, [r2, #8]
10000a84:	4284      	cmp	r4, r0
10000a86:	d108      	bne.n	10000a9a <irq_remove_handler+0x8a>
10000a88:	e072      	b.n	10000b70 <irq_remove_handler+0x160>
10000a8a:	004b      	lsls	r3, r1, #1
10000a8c:	185b      	adds	r3, r3, r1
10000a8e:	009b      	lsls	r3, r3, #2
10000a90:	18f3      	adds	r3, r6, r3
10000a92:	6898      	ldr	r0, [r3, #8]
10000a94:	42a0      	cmp	r0, r4
10000a96:	d032      	beq.n	10000afe <irq_remove_handler+0xee>
10000a98:	001a      	movs	r2, r3
10000a9a:	2106      	movs	r1, #6
10000a9c:	5651      	ldrsb	r1, [r2, r1]
10000a9e:	2900      	cmp	r1, #0
10000aa0:	daf3      	bge.n	10000a8a <irq_remove_handler+0x7a>
10000aa2:	4284      	cmp	r4, r0
10000aa4:	d050      	beq.n	10000b48 <irq_remove_handler+0x138>
10000aa6:	4653      	mov	r3, sl
10000aa8:	2b00      	cmp	r3, #0
10000aaa:	d024      	beq.n	10000af6 <irq_remove_handler+0xe6>
10000aac:	464a      	mov	r2, r9
10000aae:	4b3f      	ldr	r3, [pc, #252]	@ (10000bac <irq_remove_handler+0x19c>)
10000ab0:	601a      	str	r2, [r3, #0]
10000ab2:	4b3c      	ldr	r3, [pc, #240]	@ (10000ba4 <irq_remove_handler+0x194>)
10000ab4:	601a      	str	r2, [r3, #0]
10000ab6:	4b38      	ldr	r3, [pc, #224]	@ (10000b98 <irq_remove_handler+0x188>)
10000ab8:	689b      	ldr	r3, [r3, #8]
10000aba:	51dd      	str	r5, [r3, r7]
10000abc:	f3bf 8f5f 	dmb	sy
10000ac0:	f3bf 8f5f 	dmb	sy
10000ac4:	2200      	movs	r2, #0
10000ac6:	4b33      	ldr	r3, [pc, #204]	@ (10000b94 <irq_remove_handler+0x184>)
10000ac8:	601a      	str	r2, [r3, #0]
10000aca:	f388 8810 	msr	PRIMASK, r8
10000ace:	bcf0      	pop	{r4, r5, r6, r7}
10000ad0:	46bb      	mov	fp, r7
10000ad2:	46b2      	mov	sl, r6
10000ad4:	46a9      	mov	r9, r5
10000ad6:	46a0      	mov	r8, r4
10000ad8:	bdf8      	pop	{r3, r4, r5, r6, r7, pc}
10000ada:	000d      	movs	r5, r1
10000adc:	e7eb      	b.n	10000ab6 <irq_remove_handler+0xa6>
10000ade:	002b      	movs	r3, r5
10000ae0:	4393      	bics	r3, r2
10000ae2:	6898      	ldr	r0, [r3, #8]
10000ae4:	001a      	movs	r2, r3
10000ae6:	4284      	cmp	r4, r0
10000ae8:	d1d7      	bne.n	10000a9a <irq_remove_handler+0x8a>
10000aea:	2006      	movs	r0, #6
10000aec:	5618      	ldrsb	r0, [r3, r0]
10000aee:	2800      	cmp	r0, #0
10000af0:	da09      	bge.n	10000b06 <irq_remove_handler+0xf6>
10000af2:	000d      	movs	r5, r1
10000af4:	e030      	b.n	10000b58 <irq_remove_handler+0x148>
10000af6:	464a      	mov	r2, r9
10000af8:	4b2b      	ldr	r3, [pc, #172]	@ (10000ba8 <irq_remove_handler+0x198>)
10000afa:	601a      	str	r2, [r3, #0]
10000afc:	e7db      	b.n	10000ab6 <irq_remove_handler+0xa6>
10000afe:	2006      	movs	r0, #6
10000b00:	5618      	ldrsb	r0, [r3, r0]
10000b02:	2800      	cmp	r0, #0
10000b04:	db21      	blt.n	10000b4a <irq_remove_handler+0x13a>
10000b06:	0042      	lsls	r2, r0, #1
10000b08:	1811      	adds	r1, r2, r0
10000b0a:	0089      	lsls	r1, r1, #2
10000b0c:	1874      	adds	r4, r6, r1
10000b0e:	468b      	mov	fp, r1
10000b10:	68a1      	ldr	r1, [r4, #8]
10000b12:	6099      	str	r1, [r3, #8]
10000b14:	79e1      	ldrb	r1, [r4, #7]
10000b16:	71d9      	strb	r1, [r3, #7]
10000b18:	2106      	movs	r1, #6
10000b1a:	5661      	ldrsb	r1, [r4, r1]
10000b1c:	7199      	strb	r1, [r3, #6]
10000b1e:	2900      	cmp	r1, #0
10000b20:	db24      	blt.n	10000b6c <irq_remove_handler+0x15c>
10000b22:	88a4      	ldrh	r4, [r4, #4]
10000b24:	1af1      	subs	r1, r6, r3
10000b26:	0564      	lsls	r4, r4, #21
10000b28:	1524      	asrs	r4, r4, #20
10000b2a:	445c      	add	r4, fp
10000b2c:	1909      	adds	r1, r1, r4
10000b2e:	0509      	lsls	r1, r1, #20
10000b30:	4c1f      	ldr	r4, [pc, #124]	@ (10000bb0 <irq_remove_handler+0x1a0>)
10000b32:	0d49      	lsrs	r1, r1, #21
10000b34:	4321      	orrs	r1, r4
10000b36:	8099      	strh	r1, [r3, #4]
10000b38:	1813      	adds	r3, r2, r0
10000b3a:	4a1e      	ldr	r2, [pc, #120]	@ (10000bb4 <irq_remove_handler+0x1a4>)
10000b3c:	009b      	lsls	r3, r3, #2
10000b3e:	7811      	ldrb	r1, [r2, #0]
10000b40:	18f3      	adds	r3, r6, r3
10000b42:	7199      	strb	r1, [r3, #6]
10000b44:	7010      	strb	r0, [r2, #0]
10000b46:	e7ae      	b.n	10000aa6 <irq_remove_handler+0x96>
10000b48:	0013      	movs	r3, r2
10000b4a:	4659      	mov	r1, fp
10000b4c:	2900      	cmp	r1, #0
10000b4e:	d114      	bne.n	10000b7a <irq_remove_handler+0x16a>
10000b50:	31ff      	adds	r1, #255	@ 0xff
10000b52:	7191      	strb	r1, [r2, #6]
10000b54:	4918      	ldr	r1, [pc, #96]	@ (10000bb8 <irq_remove_handler+0x1a8>)
10000b56:	8091      	strh	r1, [r2, #4]
10000b58:	4916      	ldr	r1, [pc, #88]	@ (10000bb4 <irq_remove_handler+0x1a4>)
10000b5a:	780a      	ldrb	r2, [r1, #0]
10000b5c:	719a      	strb	r2, [r3, #6]
10000b5e:	4a17      	ldr	r2, [pc, #92]	@ (10000bbc <irq_remove_handler+0x1ac>)
10000b60:	1b9b      	subs	r3, r3, r6
10000b62:	415b      	adcs	r3, r3
10000b64:	435a      	muls	r2, r3
10000b66:	0d12      	lsrs	r2, r2, #20
10000b68:	700a      	strb	r2, [r1, #0]
10000b6a:	e79c      	b.n	10000aa6 <irq_remove_handler+0x96>
10000b6c:	4912      	ldr	r1, [pc, #72]	@ (10000bb8 <irq_remove_handler+0x1a8>)
10000b6e:	e7e2      	b.n	10000b36 <irq_remove_handler+0x126>
10000b70:	2006      	movs	r0, #6
10000b72:	5610      	ldrsb	r0, [r2, r0]
10000b74:	0013      	movs	r3, r2
10000b76:	2800      	cmp	r0, #0
10000b78:	dac5      	bge.n	10000b06 <irq_remove_handler+0xf6>
10000b7a:	4a11      	ldr	r2, [pc, #68]	@ (10000bc0 <irq_remove_handler+0x1b0>)
10000b7c:	4911      	ldr	r1, [pc, #68]	@ (10000bc4 <irq_remove_handler+0x1b4>)
10000b7e:	1ad2      	subs	r2, r2, r3
10000b80:	3a08      	subs	r2, #8
10000b82:	0250      	lsls	r0, r2, #9
10000b84:	0d40      	lsrs	r0, r0, #21
10000b86:	4301      	orrs	r1, r0
10000b88:	8099      	strh	r1, [r3, #4]
10000b8a:	490f      	ldr	r1, [pc, #60]	@ (10000bc8 <irq_remove_handler+0x1b8>)
10000b8c:	0852      	lsrs	r2, r2, #1
10000b8e:	430a      	orrs	r2, r1
10000b90:	80da      	strh	r2, [r3, #6]
10000b92:	e788      	b.n	10000aa6 <irq_remove_handler+0x96>
10000b94:	d0000124 	.word	0xd0000124
10000b98:	e000ed00 	.word	0xe000ed00
10000b9c:	100001cd 	.word	0x100001cd
10000ba0:	20000e5c 	.word	0x20000e5c
10000ba4:	e000e100 	.word	0xe000e100
10000ba8:	e000e180 	.word	0xe000e180
10000bac:	e000e280 	.word	0xe000e280
10000bb0:	ffffe000 	.word	0xffffe000
10000bb4:	200023b6 	.word	0x200023b6
10000bb8:	ffffbd01 	.word	0xffffbd01
10000bbc:	0000aaaa 	.word	0x0000aaaa
10000bc0:	20000e96 	.word	0x20000e96
10000bc4:	fffff000 	.word	0xfffff000
10000bc8:	fffff800 	.word	0xfffff800

10000bcc <irq_add_tail_to_free_list>:
10000bcc:	b570      	push	{r4, r5, r6, lr}
10000bce:	f3ef 8105 	mrs	r1, IPSR
10000bd2:	2401      	movs	r4, #1
10000bd4:	4304      	orrs	r4, r0
10000bd6:	f3ef 8c10 	mrs	ip, PRIMASK
10000bda:	b672      	cpsid	i
10000bdc:	4a21      	ldr	r2, [pc, #132]	@ (10000c64 <irq_add_tail_to_free_list+0x98>)
10000bde:	6813      	ldr	r3, [r2, #0]
10000be0:	2b00      	cmp	r3, #0
10000be2:	d0fc      	beq.n	10000bde <irq_add_tail_to_free_list+0x12>
10000be4:	f3bf 8f5f 	dmb	sy
10000be8:	4b1f      	ldr	r3, [pc, #124]	@ (10000c68 <irq_add_tail_to_free_list+0x9c>)
10000bea:	0005      	movs	r5, r0
10000bec:	4a1f      	ldr	r2, [pc, #124]	@ (10000c6c <irq_add_tail_to_free_list+0xa0>)
10000bee:	1aed      	subs	r5, r5, r3
10000bf0:	416d      	adcs	r5, r5
10000bf2:	436a      	muls	r2, r5
10000bf4:	0d12      	lsrs	r2, r2, #20
10000bf6:	4d1e      	ldr	r5, [pc, #120]	@ (10000c70 <irq_add_tail_to_free_list+0xa4>)
10000bf8:	0089      	lsls	r1, r1, #2
10000bfa:	68ae      	ldr	r6, [r5, #8]
10000bfc:	b252      	sxtb	r2, r2
10000bfe:	5876      	ldr	r6, [r6, r1]
10000c00:	42a6      	cmp	r6, r4
10000c02:	d01c      	beq.n	10000c3e <irq_add_tail_to_free_list+0x72>
10000c04:	2106      	movs	r1, #6
10000c06:	5659      	ldrsb	r1, [r3, r1]
10000c08:	4291      	cmp	r1, r2
10000c0a:	d01c      	beq.n	10000c46 <irq_add_tail_to_free_list+0x7a>
10000c0c:	2112      	movs	r1, #18
10000c0e:	5659      	ldrsb	r1, [r3, r1]
10000c10:	4291      	cmp	r1, r2
10000c12:	d022      	beq.n	10000c5a <irq_add_tail_to_free_list+0x8e>
10000c14:	211e      	movs	r1, #30
10000c16:	5659      	ldrsb	r1, [r3, r1]
10000c18:	4291      	cmp	r1, r2
10000c1a:	d020      	beq.n	10000c5e <irq_add_tail_to_free_list+0x92>
10000c1c:	212a      	movs	r1, #42	@ 0x2a
10000c1e:	5659      	ldrsb	r1, [r3, r1]
10000c20:	2403      	movs	r4, #3
10000c22:	4291      	cmp	r1, r2
10000c24:	d010      	beq.n	10000c48 <irq_add_tail_to_free_list+0x7c>
10000c26:	4b13      	ldr	r3, [pc, #76]	@ (10000c74 <irq_add_tail_to_free_list+0xa8>)
10000c28:	7819      	ldrb	r1, [r3, #0]
10000c2a:	701a      	strb	r2, [r3, #0]
10000c2c:	7181      	strb	r1, [r0, #6]
10000c2e:	f3bf 8f5f 	dmb	sy
10000c32:	2200      	movs	r2, #0
10000c34:	4b0b      	ldr	r3, [pc, #44]	@ (10000c64 <irq_add_tail_to_free_list+0x98>)
10000c36:	601a      	str	r2, [r3, #0]
10000c38:	f38c 8810 	msr	PRIMASK, ip
10000c3c:	bd70      	pop	{r4, r5, r6, pc}
10000c3e:	68ab      	ldr	r3, [r5, #8]
10000c40:	4c0d      	ldr	r4, [pc, #52]	@ (10000c78 <irq_add_tail_to_free_list+0xac>)
10000c42:	505c      	str	r4, [r3, r1]
10000c44:	e7ef      	b.n	10000c26 <irq_add_tail_to_free_list+0x5a>
10000c46:	2400      	movs	r4, #0
10000c48:	0061      	lsls	r1, r4, #1
10000c4a:	1909      	adds	r1, r1, r4
10000c4c:	0089      	lsls	r1, r1, #2
10000c4e:	185b      	adds	r3, r3, r1
10000c50:	21ff      	movs	r1, #255	@ 0xff
10000c52:	7199      	strb	r1, [r3, #6]
10000c54:	4909      	ldr	r1, [pc, #36]	@ (10000c7c <irq_add_tail_to_free_list+0xb0>)
10000c56:	8099      	strh	r1, [r3, #4]
10000c58:	e7e5      	b.n	10000c26 <irq_add_tail_to_free_list+0x5a>
10000c5a:	2401      	movs	r4, #1
10000c5c:	e7f4      	b.n	10000c48 <irq_add_tail_to_free_list+0x7c>
10000c5e:	2402      	movs	r4, #2
10000c60:	e7f2      	b.n	10000c48 <irq_add_tail_to_free_list+0x7c>
10000c62:	46c0      	nop			@ (mov r8, r8)
10000c64:	d0000124 	.word	0xd0000124
10000c68:	20000e5c 	.word	0x20000e5c
10000c6c:	0000aaaa 	.word	0x0000aaaa
10000c70:	e000ed00 	.word	0xe000ed00
10000c74:	200023b6 	.word	0x200023b6
10000c78:	100001cd 	.word	0x100001cd
10000c7c:	ffffbd01 	.word	0xffffbd01

10000c80 <irq_init_priorities>:
10000c80:	4b05      	ldr	r3, [pc, #20]	@ (10000c98 <irq_init_priorities+0x18>)
10000c82:	4a06      	ldr	r2, [pc, #24]	@ (10000c9c <irq_init_priorities+0x1c>)
10000c84:	6013      	str	r3, [r2, #0]
10000c86:	4a06      	ldr	r2, [pc, #24]	@ (10000ca0 <irq_init_priorities+0x20>)
10000c88:	6013      	str	r3, [r2, #0]
10000c8a:	6053      	str	r3, [r2, #4]
10000c8c:	6093      	str	r3, [r2, #8]
10000c8e:	60d3      	str	r3, [r2, #12]
10000c90:	6113      	str	r3, [r2, #16]
10000c92:	6153      	str	r3, [r2, #20]
10000c94:	6193      	str	r3, [r2, #24]
10000c96:	4770      	bx	lr
10000c98:	80808080 	.word	0x80808080
10000c9c:	e000e400 	.word	0xe000e400
10000ca0:	e000e404 	.word	0xe000e404

10000ca4 <user_irq_claim_unused>:
10000ca4:	b510      	push	{r4, lr}
10000ca6:	4b08      	ldr	r3, [pc, #32]	@ (10000cc8 <user_irq_claim_unused+0x24>)
10000ca8:	4c08      	ldr	r4, [pc, #32]	@ (10000ccc <user_irq_claim_unused+0x28>)
10000caa:	b082      	sub	sp, #8
10000cac:	0001      	movs	r1, r0
10000cae:	9300      	str	r3, [sp, #0]
10000cb0:	2200      	movs	r2, #0
10000cb2:	2305      	movs	r3, #5
10000cb4:	0020      	movs	r0, r4
10000cb6:	f7ff fcdf 	bl	10000678 <hw_claim_unused_from_range>
10000cba:	2800      	cmp	r0, #0
10000cbc:	db01      	blt.n	10000cc2 <user_irq_claim_unused+0x1e>
10000cbe:	231f      	movs	r3, #31
10000cc0:	1a18      	subs	r0, r3, r0
10000cc2:	b002      	add	sp, #8
10000cc4:	bd10      	pop	{r4, pc}
10000cc6:	46c0      	nop			@ (mov r8, r8)
10000cc8:	10005848 	.word	0x10005848
10000ccc:	200023bd 	.word	0x200023bd

10000cd0 <lock_init>:
10000cd0:	4b02      	ldr	r3, [pc, #8]	@ (10000cdc <lock_init+0xc>)
10000cd2:	469c      	mov	ip, r3
10000cd4:	4461      	add	r1, ip
10000cd6:	0089      	lsls	r1, r1, #2
10000cd8:	6001      	str	r1, [r0, #0]
10000cda:	4770      	bx	lr
10000cdc:	34000040 	.word	0x34000040

10000ce0 <mutex_init>:
10000ce0:	b510      	push	{r4, lr}
10000ce2:	0004      	movs	r4, r0
10000ce4:	f7ff fd1a 	bl	1000071c <next_striped_spin_lock_num>
10000ce8:	0001      	movs	r1, r0
10000cea:	0020      	movs	r0, r4
10000cec:	f7ff fff0 	bl	10000cd0 <lock_init>
10000cf0:	23ff      	movs	r3, #255	@ 0xff
10000cf2:	7123      	strb	r3, [r4, #4]
10000cf4:	f3bf 8f5f 	dmb	sy
10000cf8:	bd10      	pop	{r4, pc}
10000cfa:	46c0      	nop			@ (mov r8, r8)

10000cfc <recursive_mutex_init>:
10000cfc:	b510      	push	{r4, lr}
10000cfe:	0004      	movs	r4, r0
10000d00:	f7ff fd0c 	bl	1000071c <next_striped_spin_lock_num>
10000d04:	0001      	movs	r1, r0
10000d06:	0020      	movs	r0, r4
10000d08:	f7ff ffe2 	bl	10000cd0 <lock_init>
10000d0c:	23ff      	movs	r3, #255	@ 0xff
10000d0e:	80a3      	strh	r3, [r4, #4]
10000d10:	f3bf 8f5f 	dmb	sy
10000d14:	bd10      	pop	{r4, pc}
10000d16:	46c0      	nop			@ (mov r8, r8)

10000d18 <critical_section_init>:
10000d18:	b510      	push	{r4, lr}
10000d1a:	0004      	movs	r4, r0
10000d1c:	2001      	movs	r0, #1
10000d1e:	f7ff fd09 	bl	10000734 <spin_lock_claim_unused>
10000d22:	4b03      	ldr	r3, [pc, #12]	@ (10000d30 <critical_section_init+0x18>)
10000d24:	18c3      	adds	r3, r0, r3
10000d26:	009b      	lsls	r3, r3, #2
10000d28:	6023      	str	r3, [r4, #0]
10000d2a:	f3bf 8f5f 	dmb	sy
10000d2e:	bd10      	pop	{r4, pc}
10000d30:	34000040 	.word	0x34000040

10000d34 <critical_section_init_with_lock_num>:
10000d34:	4b03      	ldr	r3, [pc, #12]	@ (10000d44 <critical_section_init_with_lock_num+0x10>)
10000d36:	469c      	mov	ip, r3
10000d38:	4461      	add	r1, ip
10000d3a:	0089      	lsls	r1, r1, #2
10000d3c:	6001      	str	r1, [r0, #0]
10000d3e:	f3bf 8f5f 	dmb	sy
10000d42:	4770      	bx	lr
10000d44:	34000040 	.word	0x34000040

10000d48 <timer_pool_entry_comparator>:
10000d48:	6883      	ldr	r3, [r0, #8]
10000d4a:	480b      	ldr	r0, [pc, #44]	@ (10000d78 <timer_pool_entry_comparator+0x30>)
10000d4c:	b510      	push	{r4, lr}
10000d4e:	4684      	mov	ip, r0
10000d50:	4461      	add	r1, ip
10000d52:	4462      	add	r2, ip
10000d54:	0112      	lsls	r2, r2, #4
10000d56:	0109      	lsls	r1, r1, #4
10000d58:	1859      	adds	r1, r3, r1
10000d5a:	189b      	adds	r3, r3, r2
10000d5c:	685c      	ldr	r4, [r3, #4]
10000d5e:	684a      	ldr	r2, [r1, #4]
10000d60:	2001      	movs	r0, #1
10000d62:	4294      	cmp	r4, r2
10000d64:	d801      	bhi.n	10000d6a <timer_pool_entry_comparator+0x22>
10000d66:	d002      	beq.n	10000d6e <timer_pool_entry_comparator+0x26>
10000d68:	2000      	movs	r0, #0
10000d6a:	b2c0      	uxtb	r0, r0
10000d6c:	bd10      	pop	{r4, pc}
10000d6e:	681a      	ldr	r2, [r3, #0]
10000d70:	680b      	ldr	r3, [r1, #0]
10000d72:	429a      	cmp	r2, r3
10000d74:	d8f9      	bhi.n	10000d6a <timer_pool_entry_comparator+0x22>
10000d76:	e7f7      	b.n	10000d68 <timer_pool_entry_comparator+0x20>
10000d78:	0fffffff 	.word	0x0fffffff

10000d7c <sleep_until_callback>:
10000d7c:	4b0a      	ldr	r3, [pc, #40]	@ (10000da8 <sleep_until_callback+0x2c>)
10000d7e:	6819      	ldr	r1, [r3, #0]
10000d80:	f3ef 8010 	mrs	r0, PRIMASK
10000d84:	b672      	cpsid	i
10000d86:	680a      	ldr	r2, [r1, #0]
10000d88:	2a00      	cmp	r2, #0
10000d8a:	d0fc      	beq.n	10000d86 <sleep_until_callback+0xa>
10000d8c:	f3bf 8f5f 	dmb	sy
10000d90:	681b      	ldr	r3, [r3, #0]
10000d92:	f3bf 8f5f 	dmb	sy
10000d96:	2200      	movs	r2, #0
10000d98:	601a      	str	r2, [r3, #0]
10000d9a:	f380 8810 	msr	PRIMASK, r0
10000d9e:	bf40      	sev
10000da0:	2000      	movs	r0, #0
10000da2:	2100      	movs	r1, #0
10000da4:	4770      	bx	lr
10000da6:	46c0      	nop			@ (mov r8, r8)
10000da8:	20002384 	.word	0x20002384

10000dac <add_alarm_under_lock.isra.0>:
10000dac:	b5f8      	push	{r3, r4, r5, r6, r7, lr}
10000dae:	4657      	mov	r7, sl
10000db0:	464e      	mov	r6, r9
10000db2:	4645      	mov	r5, r8
10000db4:	46de      	mov	lr, fp
10000db6:	b5e0      	push	{r5, r6, r7, lr}
10000db8:	4698      	mov	r8, r3
10000dba:	ab0c      	add	r3, sp, #48	@ 0x30
10000dbc:	781c      	ldrb	r4, [r3, #0]
10000dbe:	ab0d      	add	r3, sp, #52	@ 0x34
10000dc0:	781b      	ldrb	r3, [r3, #0]
10000dc2:	0007      	movs	r7, r0
10000dc4:	4691      	mov	r9, r2
10000dc6:	469a      	mov	sl, r3
10000dc8:	6806      	ldr	r6, [r0, #0]
10000dca:	2c00      	cmp	r4, #0
10000dcc:	d157      	bne.n	10000e7e <add_alarm_under_lock.isra.0+0xd2>
10000dce:	7bb4      	ldrb	r4, [r6, #14]
10000dd0:	2c00      	cmp	r4, #0
10000dd2:	d03a      	beq.n	10000e4a <add_alarm_under_lock.isra.0+0x9e>
10000dd4:	0065      	lsls	r5, r4, #1
10000dd6:	6831      	ldr	r1, [r6, #0]
10000dd8:	192d      	adds	r5, r5, r4
10000dda:	3d03      	subs	r5, #3
10000ddc:	1949      	adds	r1, r1, r5
10000dde:	784b      	ldrb	r3, [r1, #1]
10000de0:	73b3      	strb	r3, [r6, #14]
10000de2:	2b00      	cmp	r3, #0
10000de4:	d100      	bne.n	10000de8 <add_alarm_under_lock.isra.0+0x3c>
10000de6:	73f3      	strb	r3, [r6, #15]
10000de8:	2300      	movs	r3, #0
10000dea:	708b      	strb	r3, [r1, #2]
10000dec:	704b      	strb	r3, [r1, #1]
10000dee:	700b      	strb	r3, [r1, #0]
10000df0:	4b2d      	ldr	r3, [pc, #180]	@ (10000ea8 <add_alarm_under_lock.isra.0+0xfc>)
10000df2:	18e2      	adds	r2, r4, r3
10000df4:	68bb      	ldr	r3, [r7, #8]
10000df6:	0112      	lsls	r2, r2, #4
10000df8:	189b      	adds	r3, r3, r2
10000dfa:	464a      	mov	r2, r9
10000dfc:	601a      	str	r2, [r3, #0]
10000dfe:	4642      	mov	r2, r8
10000e00:	605a      	str	r2, [r3, #4]
10000e02:	9a0a      	ldr	r2, [sp, #40]	@ 0x28
10000e04:	609a      	str	r2, [r3, #8]
10000e06:	9a0b      	ldr	r2, [sp, #44]	@ 0x2c
10000e08:	60da      	str	r2, [r3, #12]
10000e0a:	2300      	movs	r3, #0
10000e0c:	708b      	strb	r3, [r1, #2]
10000e0e:	704b      	strb	r3, [r1, #1]
10000e10:	700b      	strb	r3, [r1, #0]
10000e12:	7b73      	ldrb	r3, [r6, #13]
10000e14:	469b      	mov	fp, r3
10000e16:	2b00      	cmp	r3, #0
10000e18:	d024      	beq.n	10000e64 <add_alarm_under_lock.isra.0+0xb8>
10000e1a:	0022      	movs	r2, r4
10000e1c:	6873      	ldr	r3, [r6, #4]
10000e1e:	4659      	mov	r1, fp
10000e20:	68b0      	ldr	r0, [r6, #8]
10000e22:	4798      	blx	r3
10000e24:	465b      	mov	r3, fp
10000e26:	005b      	lsls	r3, r3, #1
10000e28:	6832      	ldr	r2, [r6, #0]
10000e2a:	445b      	add	r3, fp
10000e2c:	3b03      	subs	r3, #3
10000e2e:	1955      	adds	r5, r2, r5
10000e30:	18d2      	adds	r2, r2, r3
10000e32:	2800      	cmp	r0, #0
10000e34:	d00f      	beq.n	10000e56 <add_alarm_under_lock.isra.0+0xaa>
10000e36:	465b      	mov	r3, fp
10000e38:	70ab      	strb	r3, [r5, #2]
10000e3a:	7813      	ldrb	r3, [r2, #0]
10000e3c:	2b00      	cmp	r3, #0
10000e3e:	d124      	bne.n	10000e8a <add_alarm_under_lock.isra.0+0xde>
10000e40:	465b      	mov	r3, fp
10000e42:	7014      	strb	r4, [r2, #0]
10000e44:	7373      	strb	r3, [r6, #13]
10000e46:	455c      	cmp	r4, fp
10000e48:	d00d      	beq.n	10000e66 <add_alarm_under_lock.isra.0+0xba>
10000e4a:	bcf0      	pop	{r4, r5, r6, r7}
10000e4c:	46bb      	mov	fp, r7
10000e4e:	46b2      	mov	sl, r6
10000e50:	46a9      	mov	r9, r5
10000e52:	46a0      	mov	r8, r4
10000e54:	bdf8      	pop	{r3, r4, r5, r6, r7, pc}
10000e56:	7094      	strb	r4, [r2, #2]
10000e58:	782b      	ldrb	r3, [r5, #0]
10000e5a:	2b00      	cmp	r3, #0
10000e5c:	d000      	beq.n	10000e60 <add_alarm_under_lock.isra.0+0xb4>
10000e5e:	7053      	strb	r3, [r2, #1]
10000e60:	465b      	mov	r3, fp
10000e62:	702b      	strb	r3, [r5, #0]
10000e64:	7374      	strb	r4, [r6, #13]
10000e66:	464a      	mov	r2, r9
10000e68:	4643      	mov	r3, r8
10000e6a:	7d38      	ldrb	r0, [r7, #20]
10000e6c:	f000 fbcc 	bl	10001608 <hardware_alarm_set_target>
10000e70:	1e05      	subs	r5, r0, #0
10000e72:	d111      	bne.n	10000e98 <add_alarm_under_lock.isra.0+0xec>
10000e74:	9b0e      	ldr	r3, [sp, #56]	@ 0x38
10000e76:	2b00      	cmp	r3, #0
10000e78:	d0e7      	beq.n	10000e4a <add_alarm_under_lock.isra.0+0x9e>
10000e7a:	701d      	strb	r5, [r3, #0]
10000e7c:	e7e5      	b.n	10000e4a <add_alarm_under_lock.isra.0+0x9e>
10000e7e:	0065      	lsls	r5, r4, #1
10000e80:	6831      	ldr	r1, [r6, #0]
10000e82:	192d      	adds	r5, r5, r4
10000e84:	3d03      	subs	r5, #3
10000e86:	1949      	adds	r1, r1, r5
10000e88:	e7b2      	b.n	10000df0 <add_alarm_under_lock.isra.0+0x44>
10000e8a:	706b      	strb	r3, [r5, #1]
10000e8c:	465b      	mov	r3, fp
10000e8e:	7014      	strb	r4, [r2, #0]
10000e90:	7373      	strb	r3, [r6, #13]
10000e92:	455c      	cmp	r4, fp
10000e94:	d1d9      	bne.n	10000e4a <add_alarm_under_lock.isra.0+0x9e>
10000e96:	e7e6      	b.n	10000e66 <add_alarm_under_lock.isra.0+0xba>
10000e98:	4653      	mov	r3, sl
10000e9a:	2b00      	cmp	r3, #0
10000e9c:	d1ea      	bne.n	10000e74 <add_alarm_under_lock.isra.0+0xc8>
10000e9e:	0021      	movs	r1, r4
10000ea0:	6838      	ldr	r0, [r7, #0]
10000ea2:	f000 fde7 	bl	10001a74 <ph_remove_and_free_node>
10000ea6:	e7e5      	b.n	10000e74 <add_alarm_under_lock.isra.0+0xc8>
10000ea8:	0fffffff 	.word	0x0fffffff

10000eac <alarm_pool_alarm_callback>:
10000eac:	4b66      	ldr	r3, [pc, #408]	@ (10001048 <alarm_pool_alarm_callback+0x19c>)
10000eae:	0082      	lsls	r2, r0, #2
10000eb0:	b5f0      	push	{r4, r5, r6, r7, lr}
10000eb2:	58d4      	ldr	r4, [r2, r3]
10000eb4:	2300      	movs	r3, #0
10000eb6:	46de      	mov	lr, fp
10000eb8:	4657      	mov	r7, sl
10000eba:	464e      	mov	r6, r9
10000ebc:	4645      	mov	r5, r8
10000ebe:	469b      	mov	fp, r3
10000ec0:	b5e0      	push	{r5, r6, r7, lr}
10000ec2:	b08d      	sub	sp, #52	@ 0x34
10000ec4:	9009      	str	r0, [sp, #36]	@ 0x24
10000ec6:	f000 fb0b 	bl	100014e0 <time_us_64>
10000eca:	6862      	ldr	r2, [r4, #4]
10000ecc:	0006      	movs	r6, r0
10000ece:	000f      	movs	r7, r1
10000ed0:	f3ef 8810 	mrs	r8, PRIMASK
10000ed4:	b672      	cpsid	i
10000ed6:	6813      	ldr	r3, [r2, #0]
10000ed8:	2b00      	cmp	r3, #0
10000eda:	d0fc      	beq.n	10000ed6 <alarm_pool_alarm_callback+0x2a>
10000edc:	f3bf 8f5f 	dmb	sy
10000ee0:	6823      	ldr	r3, [r4, #0]
10000ee2:	469c      	mov	ip, r3
10000ee4:	7b5b      	ldrb	r3, [r3, #13]
10000ee6:	4699      	mov	r9, r3
10000ee8:	2b00      	cmp	r3, #0
10000eea:	d10d      	bne.n	10000f08 <alarm_pool_alarm_callback+0x5c>
10000eec:	6863      	ldr	r3, [r4, #4]
10000eee:	f3bf 8f5f 	dmb	sy
10000ef2:	464a      	mov	r2, r9
10000ef4:	601a      	str	r2, [r3, #0]
10000ef6:	f388 8810 	msr	PRIMASK, r8
10000efa:	b00d      	add	sp, #52	@ 0x34
10000efc:	bcf0      	pop	{r4, r5, r6, r7}
10000efe:	46bb      	mov	fp, r7
10000f00:	46b2      	mov	sl, r6
10000f02:	46a9      	mov	r9, r5
10000f04:	46a0      	mov	r8, r4
10000f06:	bdf0      	pop	{r4, r5, r6, r7, pc}
10000f08:	4b50      	ldr	r3, [pc, #320]	@ (1000104c <alarm_pool_alarm_callback+0x1a0>)
10000f0a:	68a5      	ldr	r5, [r4, #8]
10000f0c:	444b      	add	r3, r9
10000f0e:	011b      	lsls	r3, r3, #4
10000f10:	18ed      	adds	r5, r5, r3
10000f12:	6828      	ldr	r0, [r5, #0]
10000f14:	6869      	ldr	r1, [r5, #4]
10000f16:	0002      	movs	r2, r0
10000f18:	000b      	movs	r3, r1
10000f1a:	1b92      	subs	r2, r2, r6
10000f1c:	41bb      	sbcs	r3, r7
10000f1e:	2b00      	cmp	r3, #0
10000f20:	dd0e      	ble.n	10000f40 <alarm_pool_alarm_callback+0x94>
10000f22:	0002      	movs	r2, r0
10000f24:	000b      	movs	r3, r1
10000f26:	9809      	ldr	r0, [sp, #36]	@ 0x24
10000f28:	f000 fb6e 	bl	10001608 <hardware_alarm_set_target>
10000f2c:	6863      	ldr	r3, [r4, #4]
10000f2e:	f3bf 8f5f 	dmb	sy
10000f32:	465a      	mov	r2, fp
10000f34:	601a      	str	r2, [r3, #0]
10000f36:	f388 8810 	msr	PRIMASK, r8
10000f3a:	2800      	cmp	r0, #0
10000f3c:	d1c3      	bne.n	10000ec6 <alarm_pool_alarm_callback+0x1a>
10000f3e:	e7dc      	b.n	10000efa <alarm_pool_alarm_callback+0x4e>
10000f40:	2b00      	cmp	r3, #0
10000f42:	d101      	bne.n	10000f48 <alarm_pool_alarm_callback+0x9c>
10000f44:	2a00      	cmp	r2, #0
10000f46:	d1ec      	bne.n	10000f22 <alarm_pool_alarm_callback+0x76>
10000f48:	2100      	movs	r1, #0
10000f4a:	4660      	mov	r0, ip
10000f4c:	f000 fcfe 	bl	1000194c <ph_remove_head>
10000f50:	68ab      	ldr	r3, [r5, #8]
10000f52:	0002      	movs	r2, r0
10000f54:	6828      	ldr	r0, [r5, #0]
10000f56:	6869      	ldr	r1, [r5, #4]
10000f58:	469a      	mov	sl, r3
10000f5a:	68eb      	ldr	r3, [r5, #12]
10000f5c:	900a      	str	r0, [sp, #40]	@ 0x28
10000f5e:	910b      	str	r1, [sp, #44]	@ 0x2c
10000f60:	9308      	str	r3, [sp, #32]
10000f62:	464b      	mov	r3, r9
10000f64:	1e5d      	subs	r5, r3, #1
10000f66:	68e3      	ldr	r3, [r4, #12]
10000f68:	5d58      	ldrb	r0, [r3, r5]
10000f6a:	6863      	ldr	r3, [r4, #4]
10000f6c:	0200      	lsls	r0, r0, #8
10000f6e:	4302      	orrs	r2, r0
10000f70:	6122      	str	r2, [r4, #16]
10000f72:	f3bf 8f5f 	dmb	sy
10000f76:	465a      	mov	r2, fp
10000f78:	601a      	str	r2, [r3, #0]
10000f7a:	f388 8810 	msr	PRIMASK, r8
10000f7e:	4653      	mov	r3, sl
10000f80:	2b00      	cmp	r3, #0
10000f82:	d0ba      	beq.n	10000efa <alarm_pool_alarm_callback+0x4e>
10000f84:	464b      	mov	r3, r9
10000f86:	9908      	ldr	r1, [sp, #32]
10000f88:	4318      	orrs	r0, r3
10000f8a:	47d0      	blx	sl
10000f8c:	6862      	ldr	r2, [r4, #4]
10000f8e:	9006      	str	r0, [sp, #24]
10000f90:	9107      	str	r1, [sp, #28]
10000f92:	f3ef 8810 	mrs	r8, PRIMASK
10000f96:	b672      	cpsid	i
10000f98:	6813      	ldr	r3, [r2, #0]
10000f9a:	2b00      	cmp	r3, #0
10000f9c:	d0fc      	beq.n	10000f98 <alarm_pool_alarm_callback+0xec>
10000f9e:	f3bf 8f5f 	dmb	sy
10000fa2:	9b07      	ldr	r3, [sp, #28]
10000fa4:	2b00      	cmp	r3, #0
10000fa6:	db27      	blt.n	10000ff8 <alarm_pool_alarm_callback+0x14c>
10000fa8:	9a06      	ldr	r2, [sp, #24]
10000faa:	9b07      	ldr	r3, [sp, #28]
10000fac:	0011      	movs	r1, r2
10000fae:	4319      	orrs	r1, r3
10000fb0:	d002      	beq.n	10000fb8 <alarm_pool_alarm_callback+0x10c>
10000fb2:	6923      	ldr	r3, [r4, #16]
10000fb4:	2b00      	cmp	r3, #0
10000fb6:	d13b      	bne.n	10001030 <alarm_pool_alarm_callback+0x184>
10000fb8:	6823      	ldr	r3, [r4, #0]
10000fba:	7bd9      	ldrb	r1, [r3, #15]
10000fbc:	2900      	cmp	r1, #0
10000fbe:	d006      	beq.n	10000fce <alarm_pool_alarm_callback+0x122>
10000fc0:	681a      	ldr	r2, [r3, #0]
10000fc2:	0048      	lsls	r0, r1, #1
10000fc4:	1841      	adds	r1, r0, r1
10000fc6:	1852      	adds	r2, r2, r1
10000fc8:	4649      	mov	r1, r9
10000fca:	3a03      	subs	r2, #3
10000fcc:	7051      	strb	r1, [r2, #1]
10000fce:	7b9a      	ldrb	r2, [r3, #14]
10000fd0:	2a00      	cmp	r2, #0
10000fd2:	d101      	bne.n	10000fd8 <alarm_pool_alarm_callback+0x12c>
10000fd4:	464a      	mov	r2, r9
10000fd6:	739a      	strb	r2, [r3, #14]
10000fd8:	464a      	mov	r2, r9
10000fda:	73da      	strb	r2, [r3, #15]
10000fdc:	68e2      	ldr	r2, [r4, #12]
10000fde:	5d53      	ldrb	r3, [r2, r5]
10000fe0:	3301      	adds	r3, #1
10000fe2:	5553      	strb	r3, [r2, r5]
10000fe4:	465b      	mov	r3, fp
10000fe6:	6123      	str	r3, [r4, #16]
10000fe8:	6863      	ldr	r3, [r4, #4]
10000fea:	f3bf 8f5f 	dmb	sy
10000fee:	465a      	mov	r2, fp
10000ff0:	601a      	str	r2, [r3, #0]
10000ff2:	f388 8810 	msr	PRIMASK, r8
10000ff6:	e766      	b.n	10000ec6 <alarm_pool_alarm_callback+0x1a>
10000ff8:	6923      	ldr	r3, [r4, #16]
10000ffa:	2b00      	cmp	r3, #0
10000ffc:	d0dc      	beq.n	10000fb8 <alarm_pool_alarm_callback+0x10c>
10000ffe:	9a0a      	ldr	r2, [sp, #40]	@ 0x28
10001000:	9b0b      	ldr	r3, [sp, #44]	@ 0x2c
10001002:	9806      	ldr	r0, [sp, #24]
10001004:	9907      	ldr	r1, [sp, #28]
10001006:	1a12      	subs	r2, r2, r0
10001008:	418b      	sbcs	r3, r1
1000100a:	2b00      	cmp	r3, #0
1000100c:	da02      	bge.n	10001014 <alarm_pool_alarm_callback+0x168>
1000100e:	2201      	movs	r2, #1
10001010:	4b0f      	ldr	r3, [pc, #60]	@ (10001050 <alarm_pool_alarm_callback+0x1a4>)
10001012:	4252      	negs	r2, r2
10001014:	2100      	movs	r1, #0
10001016:	9104      	str	r1, [sp, #16]
10001018:	3101      	adds	r1, #1
1000101a:	9103      	str	r1, [sp, #12]
1000101c:	4649      	mov	r1, r9
1000101e:	9102      	str	r1, [sp, #8]
10001020:	9908      	ldr	r1, [sp, #32]
10001022:	0020      	movs	r0, r4
10001024:	9101      	str	r1, [sp, #4]
10001026:	4651      	mov	r1, sl
10001028:	9100      	str	r1, [sp, #0]
1000102a:	f7ff febf 	bl	10000dac <add_alarm_under_lock.isra.0>
1000102e:	e7d9      	b.n	10000fe4 <alarm_pool_alarm_callback+0x138>
10001030:	f000 fa56 	bl	100014e0 <time_us_64>
10001034:	9a06      	ldr	r2, [sp, #24]
10001036:	9b07      	ldr	r3, [sp, #28]
10001038:	1812      	adds	r2, r2, r0
1000103a:	414b      	adcs	r3, r1
1000103c:	2b00      	cmp	r3, #0
1000103e:	dae9      	bge.n	10001014 <alarm_pool_alarm_callback+0x168>
10001040:	2201      	movs	r2, #1
10001042:	4b03      	ldr	r3, [pc, #12]	@ (10001050 <alarm_pool_alarm_callback+0x1a4>)
10001044:	4252      	negs	r2, r2
10001046:	e7e5      	b.n	10001014 <alarm_pool_alarm_callback+0x168>
10001048:	20002364 	.word	0x20002364
1000104c:	0fffffff 	.word	0x0fffffff
10001050:	7fffffff 	.word	0x7fffffff

10001054 <alarm_pool_init_default>:
10001054:	b510      	push	{r4, lr}
10001056:	4c14      	ldr	r4, [pc, #80]	@ (100010a8 <alarm_pool_init_default+0x54>)
10001058:	6863      	ldr	r3, [r4, #4]
1000105a:	2b00      	cmp	r3, #0
1000105c:	d004      	beq.n	10001068 <alarm_pool_init_default+0x14>
1000105e:	210a      	movs	r1, #10
10001060:	4812      	ldr	r0, [pc, #72]	@ (100010ac <alarm_pool_init_default+0x58>)
10001062:	f7ff fe35 	bl	10000cd0 <lock_init>
10001066:	bd10      	pop	{r4, pc}
10001068:	0023      	movs	r3, r4
1000106a:	4a11      	ldr	r2, [pc, #68]	@ (100010b0 <alarm_pool_init_default+0x5c>)
1000106c:	2110      	movs	r1, #16
1000106e:	6820      	ldr	r0, [r4, #0]
10001070:	f000 fb78 	bl	10001764 <ph_post_alloc_init>
10001074:	2003      	movs	r0, #3
10001076:	f000 fa27 	bl	100014c8 <hardware_alarm_claim>
1000107a:	2003      	movs	r0, #3
1000107c:	f000 fb2c 	bl	100016d8 <hardware_alarm_cancel>
10001080:	2003      	movs	r0, #3
10001082:	490c      	ldr	r1, [pc, #48]	@ (100010b4 <alarm_pool_init_default+0x60>)
10001084:	f000 fa7a 	bl	1000157c <hardware_alarm_set_callback>
10001088:	f7ff fb48 	bl	1000071c <next_striped_spin_lock_num>
1000108c:	4b0a      	ldr	r3, [pc, #40]	@ (100010b8 <alarm_pool_init_default+0x64>)
1000108e:	469c      	mov	ip, r3
10001090:	2303      	movs	r3, #3
10001092:	7523      	strb	r3, [r4, #20]
10001094:	23d0      	movs	r3, #208	@ 0xd0
10001096:	061b      	lsls	r3, r3, #24
10001098:	681b      	ldr	r3, [r3, #0]
1000109a:	4460      	add	r0, ip
1000109c:	7563      	strb	r3, [r4, #21]
1000109e:	4b07      	ldr	r3, [pc, #28]	@ (100010bc <alarm_pool_init_default+0x68>)
100010a0:	0080      	lsls	r0, r0, #2
100010a2:	6060      	str	r0, [r4, #4]
100010a4:	60dc      	str	r4, [r3, #12]
100010a6:	e7da      	b.n	1000105e <alarm_pool_init_default+0xa>
100010a8:	20000ea4 	.word	0x20000ea4
100010ac:	20002384 	.word	0x20002384
100010b0:	10000d49 	.word	0x10000d49
100010b4:	10000ead 	.word	0x10000ead
100010b8:	34000040 	.word	0x34000040
100010bc:	20002364 	.word	0x20002364

100010c0 <alarm_pool_get_default>:
100010c0:	4800      	ldr	r0, [pc, #0]	@ (100010c4 <alarm_pool_get_default+0x4>)
100010c2:	4770      	bx	lr
100010c4:	20000ea4 	.word	0x20000ea4

100010c8 <alarm_pool_add_alarm_at>:
100010c8:	b5f0      	push	{r4, r5, r6, r7, lr}
100010ca:	464e      	mov	r6, r9
100010cc:	4657      	mov	r7, sl
100010ce:	46de      	mov	lr, fp
100010d0:	4645      	mov	r5, r8
100010d2:	b5e0      	push	{r5, r6, r7, lr}
100010d4:	b087      	sub	sp, #28
100010d6:	9301      	str	r3, [sp, #4]
100010d8:	ab12      	add	r3, sp, #72	@ 0x48
100010da:	781b      	ldrb	r3, [r3, #0]
100010dc:	0006      	movs	r6, r0
100010de:	9305      	str	r3, [sp, #20]
100010e0:	2300      	movs	r3, #0
100010e2:	469a      	mov	sl, r3
100010e4:	4699      	mov	r9, r3
100010e6:	9200      	str	r2, [sp, #0]
100010e8:	6872      	ldr	r2, [r6, #4]
100010ea:	f3ef 8b10 	mrs	fp, PRIMASK
100010ee:	b672      	cpsid	i
100010f0:	6813      	ldr	r3, [r2, #0]
100010f2:	2b00      	cmp	r3, #0
100010f4:	d0fc      	beq.n	100010f0 <alarm_pool_add_alarm_at+0x28>
100010f6:	f3bf 8f5f 	dmb	sy
100010fa:	6835      	ldr	r5, [r6, #0]
100010fc:	7bac      	ldrb	r4, [r5, #14]
100010fe:	2c00      	cmp	r4, #0
10001100:	d100      	bne.n	10001104 <alarm_pool_add_alarm_at+0x3c>
10001102:	e070      	b.n	100011e6 <alarm_pool_add_alarm_at+0x11e>
10001104:	0067      	lsls	r7, r4, #1
10001106:	682b      	ldr	r3, [r5, #0]
10001108:	193f      	adds	r7, r7, r4
1000110a:	3f03      	subs	r7, #3
1000110c:	19db      	adds	r3, r3, r7
1000110e:	785a      	ldrb	r2, [r3, #1]
10001110:	73aa      	strb	r2, [r5, #14]
10001112:	2a00      	cmp	r2, #0
10001114:	d100      	bne.n	10001118 <alarm_pool_add_alarm_at+0x50>
10001116:	73ea      	strb	r2, [r5, #15]
10001118:	4a46      	ldr	r2, [pc, #280]	@ (10001234 <alarm_pool_add_alarm_at+0x16c>)
1000111a:	18a1      	adds	r1, r4, r2
1000111c:	68b2      	ldr	r2, [r6, #8]
1000111e:	0109      	lsls	r1, r1, #4
10001120:	1852      	adds	r2, r2, r1
10001122:	9800      	ldr	r0, [sp, #0]
10001124:	9901      	ldr	r1, [sp, #4]
10001126:	6010      	str	r0, [r2, #0]
10001128:	6051      	str	r1, [r2, #4]
1000112a:	9910      	ldr	r1, [sp, #64]	@ 0x40
1000112c:	6091      	str	r1, [r2, #8]
1000112e:	9911      	ldr	r1, [sp, #68]	@ 0x44
10001130:	60d1      	str	r1, [r2, #12]
10001132:	464a      	mov	r2, r9
10001134:	709a      	strb	r2, [r3, #2]
10001136:	705a      	strb	r2, [r3, #1]
10001138:	701a      	strb	r2, [r3, #0]
1000113a:	7b6b      	ldrb	r3, [r5, #13]
1000113c:	4698      	mov	r8, r3
1000113e:	2b00      	cmp	r3, #0
10001140:	d061      	beq.n	10001206 <alarm_pool_add_alarm_at+0x13e>
10001142:	0022      	movs	r2, r4
10001144:	686b      	ldr	r3, [r5, #4]
10001146:	4641      	mov	r1, r8
10001148:	68a8      	ldr	r0, [r5, #8]
1000114a:	4798      	blx	r3
1000114c:	4643      	mov	r3, r8
1000114e:	005b      	lsls	r3, r3, #1
10001150:	682a      	ldr	r2, [r5, #0]
10001152:	4443      	add	r3, r8
10001154:	3b03      	subs	r3, #3
10001156:	19d7      	adds	r7, r2, r7
10001158:	18d2      	adds	r2, r2, r3
1000115a:	2800      	cmp	r0, #0
1000115c:	d04c      	beq.n	100011f8 <alarm_pool_add_alarm_at+0x130>
1000115e:	4643      	mov	r3, r8
10001160:	70bb      	strb	r3, [r7, #2]
10001162:	7813      	ldrb	r3, [r2, #0]
10001164:	2b00      	cmp	r3, #0
10001166:	d000      	beq.n	1000116a <alarm_pool_add_alarm_at+0xa2>
10001168:	707b      	strb	r3, [r7, #1]
1000116a:	4643      	mov	r3, r8
1000116c:	7014      	strb	r4, [r2, #0]
1000116e:	736b      	strb	r3, [r5, #13]
10001170:	4544      	cmp	r4, r8
10001172:	d049      	beq.n	10001208 <alarm_pool_add_alarm_at+0x140>
10001174:	68f3      	ldr	r3, [r6, #12]
10001176:	191b      	adds	r3, r3, r4
10001178:	3b01      	subs	r3, #1
1000117a:	7818      	ldrb	r0, [r3, #0]
1000117c:	6873      	ldr	r3, [r6, #4]
1000117e:	f3bf 8f5f 	dmb	sy
10001182:	464a      	mov	r2, r9
10001184:	601a      	str	r2, [r3, #0]
10001186:	f38b 8810 	msr	PRIMASK, fp
1000118a:	4653      	mov	r3, sl
1000118c:	2b00      	cmp	r3, #0
1000118e:	d108      	bne.n	100011a2 <alarm_pool_add_alarm_at+0xda>
10001190:	0200      	lsls	r0, r0, #8
10001192:	4320      	orrs	r0, r4
10001194:	b007      	add	sp, #28
10001196:	bcf0      	pop	{r4, r5, r6, r7}
10001198:	46bb      	mov	fp, r7
1000119a:	46b2      	mov	sl, r6
1000119c:	46a9      	mov	r9, r5
1000119e:	46a0      	mov	r8, r4
100011a0:	bdf0      	pop	{r4, r5, r6, r7, pc}
100011a2:	9b05      	ldr	r3, [sp, #20]
100011a4:	2b00      	cmp	r3, #0
100011a6:	d043      	beq.n	10001230 <alarm_pool_add_alarm_at+0x168>
100011a8:	9b10      	ldr	r3, [sp, #64]	@ 0x40
100011aa:	2000      	movs	r0, #0
100011ac:	9911      	ldr	r1, [sp, #68]	@ 0x44
100011ae:	4798      	blx	r3
100011b0:	0003      	movs	r3, r0
100011b2:	430b      	orrs	r3, r1
100011b4:	d03c      	beq.n	10001230 <alarm_pool_add_alarm_at+0x168>
100011b6:	9002      	str	r0, [sp, #8]
100011b8:	9103      	str	r1, [sp, #12]
100011ba:	2900      	cmp	r1, #0
100011bc:	da31      	bge.n	10001222 <alarm_pool_add_alarm_at+0x15a>
100011be:	9b00      	ldr	r3, [sp, #0]
100011c0:	9c01      	ldr	r4, [sp, #4]
100011c2:	9902      	ldr	r1, [sp, #8]
100011c4:	9a03      	ldr	r2, [sp, #12]
100011c6:	1a5b      	subs	r3, r3, r1
100011c8:	4194      	sbcs	r4, r2
100011ca:	2280      	movs	r2, #128	@ 0x80
100011cc:	9300      	str	r3, [sp, #0]
100011ce:	9401      	str	r4, [sp, #4]
100011d0:	0612      	lsls	r2, r2, #24
100011d2:	4294      	cmp	r4, r2
100011d4:	d304      	bcc.n	100011e0 <alarm_pool_add_alarm_at+0x118>
100011d6:	2301      	movs	r3, #1
100011d8:	4c17      	ldr	r4, [pc, #92]	@ (10001238 <alarm_pool_add_alarm_at+0x170>)
100011da:	425b      	negs	r3, r3
100011dc:	9300      	str	r3, [sp, #0]
100011de:	9401      	str	r4, [sp, #4]
100011e0:	9b05      	ldr	r3, [sp, #20]
100011e2:	469a      	mov	sl, r3
100011e4:	e780      	b.n	100010e8 <alarm_pool_add_alarm_at+0x20>
100011e6:	6873      	ldr	r3, [r6, #4]
100011e8:	f3bf 8f5f 	dmb	sy
100011ec:	601c      	str	r4, [r3, #0]
100011ee:	f38b 8810 	msr	PRIMASK, fp
100011f2:	2001      	movs	r0, #1
100011f4:	4240      	negs	r0, r0
100011f6:	e7cd      	b.n	10001194 <alarm_pool_add_alarm_at+0xcc>
100011f8:	7094      	strb	r4, [r2, #2]
100011fa:	783b      	ldrb	r3, [r7, #0]
100011fc:	2b00      	cmp	r3, #0
100011fe:	d000      	beq.n	10001202 <alarm_pool_add_alarm_at+0x13a>
10001200:	7053      	strb	r3, [r2, #1]
10001202:	4643      	mov	r3, r8
10001204:	703b      	strb	r3, [r7, #0]
10001206:	736c      	strb	r4, [r5, #13]
10001208:	7d30      	ldrb	r0, [r6, #20]
1000120a:	9a00      	ldr	r2, [sp, #0]
1000120c:	9b01      	ldr	r3, [sp, #4]
1000120e:	f000 f9fb 	bl	10001608 <hardware_alarm_set_target>
10001212:	4682      	mov	sl, r0
10001214:	2800      	cmp	r0, #0
10001216:	d0ad      	beq.n	10001174 <alarm_pool_add_alarm_at+0xac>
10001218:	0021      	movs	r1, r4
1000121a:	6830      	ldr	r0, [r6, #0]
1000121c:	f000 fc2a 	bl	10001a74 <ph_remove_and_free_node>
10001220:	e7a8      	b.n	10001174 <alarm_pool_add_alarm_at+0xac>
10001222:	f000 f95d 	bl	100014e0 <time_us_64>
10001226:	9b02      	ldr	r3, [sp, #8]
10001228:	9c03      	ldr	r4, [sp, #12]
1000122a:	181b      	adds	r3, r3, r0
1000122c:	414c      	adcs	r4, r1
1000122e:	e7cc      	b.n	100011ca <alarm_pool_add_alarm_at+0x102>
10001230:	2000      	movs	r0, #0
10001232:	e7af      	b.n	10001194 <alarm_pool_add_alarm_at+0xcc>
10001234:	0fffffff 	.word	0x0fffffff
10001238:	7fffffff 	.word	0x7fffffff

1000123c <alarm_pool_core_num>:
1000123c:	7d40      	ldrb	r0, [r0, #21]
1000123e:	4770      	bx	lr

10001240 <sleep_ms>:
10001240:	b5f0      	push	{r4, r5, r6, r7, lr}
10001242:	46c6      	mov	lr, r8
10001244:	b500      	push	{lr}
10001246:	b084      	sub	sp, #16
10001248:	0004      	movs	r4, r0
1000124a:	f000 f949 	bl	100014e0 <time_us_64>
1000124e:	22fa      	movs	r2, #250	@ 0xfa
10001250:	0006      	movs	r6, r0
10001252:	000f      	movs	r7, r1
10001254:	0020      	movs	r0, r4
10001256:	2300      	movs	r3, #0
10001258:	2100      	movs	r1, #0
1000125a:	0092      	lsls	r2, r2, #2
1000125c:	f001 fa10 	bl	10002680 <__wrap___aeabi_lmul>
10001260:	1980      	adds	r0, r0, r6
10001262:	4179      	adcs	r1, r7
10001264:	0004      	movs	r4, r0
10001266:	1e0d      	subs	r5, r1, #0
10001268:	da02      	bge.n	10001270 <sleep_ms+0x30>
1000126a:	2401      	movs	r4, #1
1000126c:	4d2a      	ldr	r5, [pc, #168]	@ (10001318 <sleep_ms+0xd8>)
1000126e:	4264      	negs	r4, r4
10001270:	2606      	movs	r6, #6
10001272:	4276      	negs	r6, r6
10001274:	17f7      	asrs	r7, r6, #31
10001276:	1936      	adds	r6, r6, r4
10001278:	416f      	adcs	r7, r5
1000127a:	42af      	cmp	r7, r5
1000127c:	d814      	bhi.n	100012a8 <sleep_ms+0x68>
1000127e:	d011      	beq.n	100012a4 <sleep_ms+0x64>
10001280:	f000 f92e 	bl	100014e0 <time_us_64>
10001284:	0032      	movs	r2, r6
10001286:	003b      	movs	r3, r7
10001288:	1a12      	subs	r2, r2, r0
1000128a:	418b      	sbcs	r3, r1
1000128c:	2b00      	cmp	r3, #0
1000128e:	dc15      	bgt.n	100012bc <sleep_ms+0x7c>
10001290:	2b00      	cmp	r3, #0
10001292:	d03e      	beq.n	10001312 <sleep_ms+0xd2>
10001294:	0020      	movs	r0, r4
10001296:	0029      	movs	r1, r5
10001298:	f000 f960 	bl	1000155c <busy_wait_until>
1000129c:	b004      	add	sp, #16
1000129e:	bc80      	pop	{r7}
100012a0:	46b8      	mov	r8, r7
100012a2:	bdf0      	pop	{r4, r5, r6, r7, pc}
100012a4:	42a6      	cmp	r6, r4
100012a6:	d9eb      	bls.n	10001280 <sleep_ms+0x40>
100012a8:	2600      	movs	r6, #0
100012aa:	2700      	movs	r7, #0
100012ac:	f000 f918 	bl	100014e0 <time_us_64>
100012b0:	0032      	movs	r2, r6
100012b2:	003b      	movs	r3, r7
100012b4:	1a12      	subs	r2, r2, r0
100012b6:	418b      	sbcs	r3, r1
100012b8:	2b00      	cmp	r3, #0
100012ba:	dde9      	ble.n	10001290 <sleep_ms+0x50>
100012bc:	2300      	movs	r3, #0
100012be:	9302      	str	r3, [sp, #8]
100012c0:	9301      	str	r3, [sp, #4]
100012c2:	4b16      	ldr	r3, [pc, #88]	@ (1000131c <sleep_ms+0xdc>)
100012c4:	0032      	movs	r2, r6
100012c6:	9300      	str	r3, [sp, #0]
100012c8:	4815      	ldr	r0, [pc, #84]	@ (10001320 <sleep_ms+0xe0>)
100012ca:	003b      	movs	r3, r7
100012cc:	f7ff fefc 	bl	100010c8 <alarm_pool_add_alarm_at>
100012d0:	3001      	adds	r0, #1
100012d2:	d0df      	beq.n	10001294 <sleep_ms+0x54>
100012d4:	2300      	movs	r3, #0
100012d6:	0039      	movs	r1, r7
100012d8:	4698      	mov	r8, r3
100012da:	4a12      	ldr	r2, [pc, #72]	@ (10001324 <sleep_ms+0xe4>)
100012dc:	4812      	ldr	r0, [pc, #72]	@ (10001328 <sleep_ms+0xe8>)
100012de:	6a53      	ldr	r3, [r2, #36]	@ 0x24
100012e0:	4299      	cmp	r1, r3
100012e2:	d804      	bhi.n	100012ee <sleep_ms+0xae>
100012e4:	6a97      	ldr	r7, [r2, #40]	@ 0x28
100012e6:	42be      	cmp	r6, r7
100012e8:	d9d4      	bls.n	10001294 <sleep_ms+0x54>
100012ea:	4299      	cmp	r1, r3
100012ec:	d1d2      	bne.n	10001294 <sleep_ms+0x54>
100012ee:	6807      	ldr	r7, [r0, #0]
100012f0:	f3ef 8c10 	mrs	ip, PRIMASK
100012f4:	b672      	cpsid	i
100012f6:	683b      	ldr	r3, [r7, #0]
100012f8:	2b00      	cmp	r3, #0
100012fa:	d0fc      	beq.n	100012f6 <sleep_ms+0xb6>
100012fc:	f3bf 8f5f 	dmb	sy
10001300:	6803      	ldr	r3, [r0, #0]
10001302:	f3bf 8f5f 	dmb	sy
10001306:	4647      	mov	r7, r8
10001308:	601f      	str	r7, [r3, #0]
1000130a:	f38c 8810 	msr	PRIMASK, ip
1000130e:	bf20      	wfe
10001310:	e7e5      	b.n	100012de <sleep_ms+0x9e>
10001312:	2a00      	cmp	r2, #0
10001314:	d0be      	beq.n	10001294 <sleep_ms+0x54>
10001316:	e7d1      	b.n	100012bc <sleep_ms+0x7c>
10001318:	7fffffff 	.word	0x7fffffff
1000131c:	10000d7d 	.word	0x10000d7d
10001320:	20000ea4 	.word	0x20000ea4
10001324:	40054000 	.word	0x40054000
10001328:	20002384 	.word	0x20002384

1000132c <best_effort_wfe_or_timeout>:
1000132c:	b5f0      	push	{r4, r5, r6, r7, lr}
1000132e:	f3ef 8305 	mrs	r3, IPSR
10001332:	46c6      	mov	lr, r8
10001334:	b500      	push	{lr}
10001336:	0005      	movs	r5, r0
10001338:	000c      	movs	r4, r1
1000133a:	b084      	sub	sp, #16
1000133c:	2b00      	cmp	r3, #0
1000133e:	d00f      	beq.n	10001360 <best_effort_wfe_or_timeout+0x34>
10001340:	4a2f      	ldr	r2, [pc, #188]	@ (10001400 <best_effort_wfe_or_timeout+0xd4>)
10001342:	2000      	movs	r0, #0
10001344:	6a53      	ldr	r3, [r2, #36]	@ 0x24
10001346:	42a3      	cmp	r3, r4
10001348:	d306      	bcc.n	10001358 <best_effort_wfe_or_timeout+0x2c>
1000134a:	6a92      	ldr	r2, [r2, #40]	@ 0x28
1000134c:	1b1b      	subs	r3, r3, r4
1000134e:	1e59      	subs	r1, r3, #1
10001350:	418b      	sbcs	r3, r1
10001352:	42aa      	cmp	r2, r5
10001354:	4140      	adcs	r0, r0
10001356:	4318      	orrs	r0, r3
10001358:	b004      	add	sp, #16
1000135a:	bc80      	pop	{r7}
1000135c:	46b8      	mov	r8, r7
1000135e:	bdf0      	pop	{r4, r5, r6, r7, pc}
10001360:	4e28      	ldr	r6, [pc, #160]	@ (10001404 <best_effort_wfe_or_timeout+0xd8>)
10001362:	9302      	str	r3, [sp, #8]
10001364:	9301      	str	r3, [sp, #4]
10001366:	4b28      	ldr	r3, [pc, #160]	@ (10001408 <best_effort_wfe_or_timeout+0xdc>)
10001368:	0002      	movs	r2, r0
1000136a:	9300      	str	r3, [sp, #0]
1000136c:	0030      	movs	r0, r6
1000136e:	000b      	movs	r3, r1
10001370:	f7ff feaa 	bl	100010c8 <alarm_pool_add_alarm_at>
10001374:	2800      	cmp	r0, #0
10001376:	dc0c      	bgt.n	10001392 <best_effort_wfe_or_timeout+0x66>
10001378:	4a21      	ldr	r2, [pc, #132]	@ (10001400 <best_effort_wfe_or_timeout+0xd4>)
1000137a:	2000      	movs	r0, #0
1000137c:	6a53      	ldr	r3, [r2, #36]	@ 0x24
1000137e:	42a3      	cmp	r3, r4
10001380:	d3ea      	bcc.n	10001358 <best_effort_wfe_or_timeout+0x2c>
10001382:	6a92      	ldr	r2, [r2, #40]	@ 0x28
10001384:	1b1b      	subs	r3, r3, r4
10001386:	42aa      	cmp	r2, r5
10001388:	4140      	adcs	r0, r0
1000138a:	1e5a      	subs	r2, r3, #1
1000138c:	4193      	sbcs	r3, r2
1000138e:	4318      	orrs	r0, r3
10001390:	e7e2      	b.n	10001358 <best_effort_wfe_or_timeout+0x2c>
10001392:	bf20      	wfe
10001394:	6872      	ldr	r2, [r6, #4]
10001396:	f3ef 8710 	mrs	r7, PRIMASK
1000139a:	b672      	cpsid	i
1000139c:	6813      	ldr	r3, [r2, #0]
1000139e:	2b00      	cmp	r3, #0
100013a0:	d0fc      	beq.n	1000139c <best_effort_wfe_or_timeout+0x70>
100013a2:	f3bf 8f5f 	dmb	sy
100013a6:	b2c3      	uxtb	r3, r0
100013a8:	4698      	mov	r8, r3
100013aa:	22ff      	movs	r2, #255	@ 0xff
100013ac:	6833      	ldr	r3, [r6, #0]
100013ae:	4002      	ands	r2, r0
100013b0:	469c      	mov	ip, r3
100013b2:	7b5b      	ldrb	r3, [r3, #13]
100013b4:	4543      	cmp	r3, r8
100013b6:	d00d      	beq.n	100013d4 <best_effort_wfe_or_timeout+0xa8>
100013b8:	4663      	mov	r3, ip
100013ba:	0051      	lsls	r1, r2, #1
100013bc:	681b      	ldr	r3, [r3, #0]
100013be:	1889      	adds	r1, r1, r2
100013c0:	185b      	adds	r3, r3, r1
100013c2:	3b03      	subs	r3, #3
100013c4:	789b      	ldrb	r3, [r3, #2]
100013c6:	2b00      	cmp	r3, #0
100013c8:	d104      	bne.n	100013d4 <best_effort_wfe_or_timeout+0xa8>
100013ca:	6932      	ldr	r2, [r6, #16]
100013cc:	4290      	cmp	r0, r2
100013ce:	d109      	bne.n	100013e4 <best_effort_wfe_or_timeout+0xb8>
100013d0:	6133      	str	r3, [r6, #16]
100013d2:	e007      	b.n	100013e4 <best_effort_wfe_or_timeout+0xb8>
100013d4:	68f1      	ldr	r1, [r6, #12]
100013d6:	0a03      	lsrs	r3, r0, #8
100013d8:	188a      	adds	r2, r1, r2
100013da:	3a01      	subs	r2, #1
100013dc:	7812      	ldrb	r2, [r2, #0]
100013de:	b2db      	uxtb	r3, r3
100013e0:	429a      	cmp	r2, r3
100013e2:	d007      	beq.n	100013f4 <best_effort_wfe_or_timeout+0xc8>
100013e4:	6873      	ldr	r3, [r6, #4]
100013e6:	f3bf 8f5f 	dmb	sy
100013ea:	2200      	movs	r2, #0
100013ec:	601a      	str	r2, [r3, #0]
100013ee:	f387 8810 	msr	PRIMASK, r7
100013f2:	e7a5      	b.n	10001340 <best_effort_wfe_or_timeout+0x14>
100013f4:	4641      	mov	r1, r8
100013f6:	4660      	mov	r0, ip
100013f8:	f000 fb3c 	bl	10001a74 <ph_remove_and_free_node>
100013fc:	e7f2      	b.n	100013e4 <best_effort_wfe_or_timeout+0xb8>
100013fe:	46c0      	nop			@ (mov r8, r8)
10001400:	40054000 	.word	0x40054000
10001404:	20000ea4 	.word	0x20000ea4
10001408:	10000d7d 	.word	0x10000d7d

1000140c <hardware_alarm_irq_handler>:
1000140c:	b5f0      	push	{r4, r5, r6, r7, lr}
1000140e:	f3ef 8205 	mrs	r2, IPSR
10001412:	46d6      	mov	lr, sl
10001414:	464f      	mov	r7, r9
10001416:	4646      	mov	r6, r8
10001418:	0010      	movs	r0, r2
1000141a:	b5c0      	push	{r6, r7, lr}
1000141c:	3810      	subs	r0, #16
1000141e:	f3ef 8810 	mrs	r8, PRIMASK
10001422:	b672      	cpsid	i
10001424:	4c21      	ldr	r4, [pc, #132]	@ (100014ac <hardware_alarm_irq_handler+0xa0>)
10001426:	6823      	ldr	r3, [r4, #0]
10001428:	2b00      	cmp	r3, #0
1000142a:	d0fc      	beq.n	10001426 <hardware_alarm_irq_handler+0x1a>
1000142c:	f3bf 8f5f 	dmb	sy
10001430:	2301      	movs	r3, #1
10001432:	0019      	movs	r1, r3
10001434:	4081      	lsls	r1, r0
10001436:	4d1e      	ldr	r5, [pc, #120]	@ (100014b0 <hardware_alarm_irq_handler+0xa4>)
10001438:	001f      	movs	r7, r3
1000143a:	6369      	str	r1, [r5, #52]	@ 0x34
1000143c:	46aa      	mov	sl, r5
1000143e:	4d1d      	ldr	r5, [pc, #116]	@ (100014b4 <hardware_alarm_irq_handler+0xa8>)
10001440:	6029      	str	r1, [r5, #0]
10001442:	4d1d      	ldr	r5, [pc, #116]	@ (100014b8 <hardware_alarm_irq_handler+0xac>)
10001444:	782e      	ldrb	r6, [r5, #0]
10001446:	46ac      	mov	ip, r5
10001448:	0035      	movs	r5, r6
1000144a:	40c5      	lsrs	r5, r0
1000144c:	402f      	ands	r7, r5
1000144e:	422b      	tst	r3, r5
10001450:	d015      	beq.n	1000147e <hardware_alarm_irq_handler+0x72>
10001452:	4653      	mov	r3, sl
10001454:	6a5f      	ldr	r7, [r3, #36]	@ 0x24
10001456:	4b19      	ldr	r3, [pc, #100]	@ (100014bc <hardware_alarm_irq_handler+0xb0>)
10001458:	0085      	lsls	r5, r0, #2
1000145a:	58eb      	ldr	r3, [r5, r3]
1000145c:	429f      	cmp	r7, r3
1000145e:	d318      	bcc.n	10001492 <hardware_alarm_irq_handler+0x86>
10001460:	4662      	mov	r2, ip
10001462:	4b17      	ldr	r3, [pc, #92]	@ (100014c0 <hardware_alarm_irq_handler+0xb4>)
10001464:	438e      	bics	r6, r1
10001466:	58eb      	ldr	r3, [r5, r3]
10001468:	7016      	strb	r6, [r2, #0]
1000146a:	f3bf 8f5f 	dmb	sy
1000146e:	2200      	movs	r2, #0
10001470:	6022      	str	r2, [r4, #0]
10001472:	f388 8810 	msr	PRIMASK, r8
10001476:	2b00      	cmp	r3, #0
10001478:	d006      	beq.n	10001488 <hardware_alarm_irq_handler+0x7c>
1000147a:	4798      	blx	r3
1000147c:	e004      	b.n	10001488 <hardware_alarm_irq_handler+0x7c>
1000147e:	f3bf 8f5f 	dmb	sy
10001482:	6027      	str	r7, [r4, #0]
10001484:	f388 8810 	msr	PRIMASK, r8
10001488:	bce0      	pop	{r5, r6, r7}
1000148a:	46ba      	mov	sl, r7
1000148c:	46b1      	mov	r9, r6
1000148e:	46a8      	mov	r8, r5
10001490:	bdf0      	pop	{r4, r5, r6, r7, pc}
10001492:	4b0c      	ldr	r3, [pc, #48]	@ (100014c4 <hardware_alarm_irq_handler+0xb8>)
10001494:	0092      	lsls	r2, r2, #2
10001496:	469c      	mov	ip, r3
10001498:	4462      	add	r2, ip
1000149a:	6813      	ldr	r3, [r2, #0]
1000149c:	6013      	str	r3, [r2, #0]
1000149e:	f3bf 8f5f 	dmb	sy
100014a2:	2300      	movs	r3, #0
100014a4:	6023      	str	r3, [r4, #0]
100014a6:	f388 8810 	msr	PRIMASK, r8
100014aa:	e7ed      	b.n	10001488 <hardware_alarm_irq_handler+0x7c>
100014ac:	d0000128 	.word	0xd0000128
100014b0:	40054000 	.word	0x40054000
100014b4:	4005703c 	.word	0x4005703c
100014b8:	200023bc 	.word	0x200023bc
100014bc:	20002390 	.word	0x20002390
100014c0:	20001d94 	.word	0x20001d94
100014c4:	40053fd0 	.word	0x40053fd0

100014c8 <hardware_alarm_claim>:
100014c8:	b510      	push	{r4, lr}
100014ca:	4b03      	ldr	r3, [pc, #12]	@ (100014d8 <hardware_alarm_claim+0x10>)
100014cc:	0001      	movs	r1, r0
100014ce:	0018      	movs	r0, r3
100014d0:	4a02      	ldr	r2, [pc, #8]	@ (100014dc <hardware_alarm_claim+0x14>)
100014d2:	f7ff f8af 	bl	10000634 <hw_claim_or_assert>
100014d6:	bd10      	pop	{r4, pc}
100014d8:	200023b4 	.word	0x200023b4
100014dc:	10005864 	.word	0x10005864

100014e0 <time_us_64>:
100014e0:	4b03      	ldr	r3, [pc, #12]	@ (100014f0 <time_us_64+0x10>)
100014e2:	6a59      	ldr	r1, [r3, #36]	@ 0x24
100014e4:	000a      	movs	r2, r1
100014e6:	6a98      	ldr	r0, [r3, #40]	@ 0x28
100014e8:	6a59      	ldr	r1, [r3, #36]	@ 0x24
100014ea:	428a      	cmp	r2, r1
100014ec:	d1fa      	bne.n	100014e4 <time_us_64+0x4>
100014ee:	4770      	bx	lr
100014f0:	40054000 	.word	0x40054000

100014f4 <busy_wait_us>:
100014f4:	b570      	push	{r4, r5, r6, lr}
100014f6:	0004      	movs	r4, r0
100014f8:	000d      	movs	r5, r1
100014fa:	4a17      	ldr	r2, [pc, #92]	@ (10001558 <busy_wait_us+0x64>)
100014fc:	6a53      	ldr	r3, [r2, #36]	@ 0x24
100014fe:	0019      	movs	r1, r3
10001500:	6a96      	ldr	r6, [r2, #40]	@ 0x28
10001502:	6a53      	ldr	r3, [r2, #36]	@ 0x24
10001504:	428b      	cmp	r3, r1
10001506:	d1fa      	bne.n	100014fe <busy_wait_us+0xa>
10001508:	0030      	movs	r0, r6
1000150a:	0019      	movs	r1, r3
1000150c:	1824      	adds	r4, r4, r0
1000150e:	414d      	adcs	r5, r1
10001510:	42ab      	cmp	r3, r5
10001512:	d816      	bhi.n	10001542 <busy_wait_us+0x4e>
10001514:	d013      	beq.n	1000153e <busy_wait_us+0x4a>
10001516:	4b10      	ldr	r3, [pc, #64]	@ (10001558 <busy_wait_us+0x64>)
10001518:	002a      	movs	r2, r5
1000151a:	6a5b      	ldr	r3, [r3, #36]	@ 0x24
1000151c:	429d      	cmp	r5, r3
1000151e:	d903      	bls.n	10001528 <busy_wait_us+0x34>
10001520:	490d      	ldr	r1, [pc, #52]	@ (10001558 <busy_wait_us+0x64>)
10001522:	6a4b      	ldr	r3, [r1, #36]	@ 0x24
10001524:	4293      	cmp	r3, r2
10001526:	d3fc      	bcc.n	10001522 <busy_wait_us+0x2e>
10001528:	4293      	cmp	r3, r2
1000152a:	d107      	bne.n	1000153c <busy_wait_us+0x48>
1000152c:	4a0a      	ldr	r2, [pc, #40]	@ (10001558 <busy_wait_us+0x64>)
1000152e:	e002      	b.n	10001536 <busy_wait_us+0x42>
10001530:	6a51      	ldr	r1, [r2, #36]	@ 0x24
10001532:	4299      	cmp	r1, r3
10001534:	d102      	bne.n	1000153c <busy_wait_us+0x48>
10001536:	6a91      	ldr	r1, [r2, #40]	@ 0x28
10001538:	42a1      	cmp	r1, r4
1000153a:	d3f9      	bcc.n	10001530 <busy_wait_us+0x3c>
1000153c:	bd70      	pop	{r4, r5, r6, pc}
1000153e:	42a6      	cmp	r6, r4
10001540:	d9e9      	bls.n	10001516 <busy_wait_us+0x22>
10001542:	4b05      	ldr	r3, [pc, #20]	@ (10001558 <busy_wait_us+0x64>)
10001544:	6a5b      	ldr	r3, [r3, #36]	@ 0x24
10001546:	001c      	movs	r4, r3
10001548:	1c5a      	adds	r2, r3, #1
1000154a:	d0ef      	beq.n	1000152c <busy_wait_us+0x38>
1000154c:	2201      	movs	r2, #1
1000154e:	2401      	movs	r4, #1
10001550:	4264      	negs	r4, r4
10001552:	17e5      	asrs	r5, r4, #31
10001554:	4252      	negs	r2, r2
10001556:	e7e3      	b.n	10001520 <busy_wait_us+0x2c>
10001558:	40054000 	.word	0x40054000

1000155c <busy_wait_until>:
1000155c:	4a06      	ldr	r2, [pc, #24]	@ (10001578 <busy_wait_until+0x1c>)
1000155e:	6a53      	ldr	r3, [r2, #36]	@ 0x24
10001560:	4299      	cmp	r1, r3
10001562:	d8fc      	bhi.n	1000155e <busy_wait_until+0x2>
10001564:	d107      	bne.n	10001576 <busy_wait_until+0x1a>
10001566:	4b04      	ldr	r3, [pc, #16]	@ (10001578 <busy_wait_until+0x1c>)
10001568:	e002      	b.n	10001570 <busy_wait_until+0x14>
1000156a:	6a5a      	ldr	r2, [r3, #36]	@ 0x24
1000156c:	4291      	cmp	r1, r2
1000156e:	d102      	bne.n	10001576 <busy_wait_until+0x1a>
10001570:	6a9a      	ldr	r2, [r3, #40]	@ 0x28
10001572:	4282      	cmp	r2, r0
10001574:	d3f9      	bcc.n	1000156a <busy_wait_until+0xe>
10001576:	4770      	bx	lr
10001578:	40054000 	.word	0x40054000

1000157c <hardware_alarm_set_callback>:
1000157c:	b570      	push	{r4, r5, r6, lr}
1000157e:	0004      	movs	r4, r0
10001580:	000d      	movs	r5, r1
10001582:	f3ef 8610 	mrs	r6, PRIMASK
10001586:	b672      	cpsid	i
10001588:	4a1a      	ldr	r2, [pc, #104]	@ (100015f4 <hardware_alarm_set_callback+0x78>)
1000158a:	6813      	ldr	r3, [r2, #0]
1000158c:	2b00      	cmp	r3, #0
1000158e:	d0fc      	beq.n	1000158a <hardware_alarm_set_callback+0xe>
10001590:	f3bf 8f5f 	dmb	sy
10001594:	2d00      	cmp	r5, #0
10001596:	d01b      	beq.n	100015d0 <hardware_alarm_set_callback+0x54>
10001598:	0020      	movs	r0, r4
1000159a:	f7ff f90d 	bl	100007b8 <irq_get_vtable_handler>
1000159e:	4916      	ldr	r1, [pc, #88]	@ (100015f8 <hardware_alarm_set_callback+0x7c>)
100015a0:	4281      	cmp	r1, r0
100015a2:	d00a      	beq.n	100015ba <hardware_alarm_set_callback+0x3e>
100015a4:	0020      	movs	r0, r4
100015a6:	f7ff f90f 	bl	100007c8 <irq_set_exclusive_handler>
100015aa:	2101      	movs	r1, #1
100015ac:	0020      	movs	r0, r4
100015ae:	f7ff f8d3 	bl	10000758 <irq_set_enabled>
100015b2:	2301      	movs	r3, #1
100015b4:	40a3      	lsls	r3, r4
100015b6:	4a11      	ldr	r2, [pc, #68]	@ (100015fc <hardware_alarm_set_callback+0x80>)
100015b8:	6013      	str	r3, [r2, #0]
100015ba:	4b11      	ldr	r3, [pc, #68]	@ (10001600 <hardware_alarm_set_callback+0x84>)
100015bc:	00a4      	lsls	r4, r4, #2
100015be:	50e5      	str	r5, [r4, r3]
100015c0:	f3bf 8f5f 	dmb	sy
100015c4:	2200      	movs	r2, #0
100015c6:	4b0b      	ldr	r3, [pc, #44]	@ (100015f4 <hardware_alarm_set_callback+0x78>)
100015c8:	601a      	str	r2, [r3, #0]
100015ca:	f386 8810 	msr	PRIMASK, r6
100015ce:	bd70      	pop	{r4, r5, r6, pc}
100015d0:	2101      	movs	r1, #1
100015d2:	40a1      	lsls	r1, r4
100015d4:	4b0a      	ldr	r3, [pc, #40]	@ (10001600 <hardware_alarm_set_callback+0x84>)
100015d6:	00a2      	lsls	r2, r4, #2
100015d8:	50d5      	str	r5, [r2, r3]
100015da:	4b0a      	ldr	r3, [pc, #40]	@ (10001604 <hardware_alarm_set_callback+0x88>)
100015dc:	0020      	movs	r0, r4
100015de:	781a      	ldrb	r2, [r3, #0]
100015e0:	438a      	bics	r2, r1
100015e2:	4905      	ldr	r1, [pc, #20]	@ (100015f8 <hardware_alarm_set_callback+0x7c>)
100015e4:	701a      	strb	r2, [r3, #0]
100015e6:	f7ff fa13 	bl	10000a10 <irq_remove_handler>
100015ea:	2100      	movs	r1, #0
100015ec:	0020      	movs	r0, r4
100015ee:	f7ff f8b3 	bl	10000758 <irq_set_enabled>
100015f2:	e7e5      	b.n	100015c0 <hardware_alarm_set_callback+0x44>
100015f4:	d0000128 	.word	0xd0000128
100015f8:	1000140d 	.word	0x1000140d
100015fc:	40056038 	.word	0x40056038
10001600:	20001d94 	.word	0x20001d94
10001604:	200023bc 	.word	0x200023bc

10001608 <hardware_alarm_set_target>:
10001608:	b5f0      	push	{r4, r5, r6, r7, lr}
1000160a:	464f      	mov	r7, r9
1000160c:	46d6      	mov	lr, sl
1000160e:	4646      	mov	r6, r8
10001610:	b5c0      	push	{r6, r7, lr}
10001612:	0007      	movs	r7, r0
10001614:	4c2b      	ldr	r4, [pc, #172]	@ (100016c4 <hardware_alarm_set_target+0xbc>)
10001616:	6a61      	ldr	r1, [r4, #36]	@ 0x24
10001618:	000d      	movs	r5, r1
1000161a:	6aa6      	ldr	r6, [r4, #40]	@ 0x28
1000161c:	6a61      	ldr	r1, [r4, #36]	@ 0x24
1000161e:	42a9      	cmp	r1, r5
10001620:	d1fa      	bne.n	10001618 <hardware_alarm_set_target+0x10>
10001622:	428b      	cmp	r3, r1
10001624:	d808      	bhi.n	10001638 <hardware_alarm_set_target+0x30>
10001626:	d005      	beq.n	10001634 <hardware_alarm_set_target+0x2c>
10001628:	2001      	movs	r0, #1
1000162a:	bce0      	pop	{r5, r6, r7}
1000162c:	46ba      	mov	sl, r7
1000162e:	46b1      	mov	r9, r6
10001630:	46a8      	mov	r8, r5
10001632:	bdf0      	pop	{r4, r5, r6, r7, pc}
10001634:	42b2      	cmp	r2, r6
10001636:	d9f7      	bls.n	10001628 <hardware_alarm_set_target+0x20>
10001638:	f3ef 8a10 	mrs	sl, PRIMASK
1000163c:	b672      	cpsid	i
1000163e:	4822      	ldr	r0, [pc, #136]	@ (100016c8 <hardware_alarm_set_target+0xc0>)
10001640:	6801      	ldr	r1, [r0, #0]
10001642:	2900      	cmp	r1, #0
10001644:	d0fc      	beq.n	10001640 <hardware_alarm_set_target+0x38>
10001646:	f3bf 8f5f 	dmb	sy
1000164a:	2501      	movs	r5, #1
1000164c:	40bd      	lsls	r5, r7
1000164e:	491f      	ldr	r1, [pc, #124]	@ (100016cc <hardware_alarm_set_target+0xc4>)
10001650:	4c1c      	ldr	r4, [pc, #112]	@ (100016c4 <hardware_alarm_set_target+0xbc>)
10001652:	4688      	mov	r8, r1
10001654:	7809      	ldrb	r1, [r1, #0]
10001656:	4689      	mov	r9, r1
10001658:	4329      	orrs	r1, r5
1000165a:	b2c9      	uxtb	r1, r1
1000165c:	468c      	mov	ip, r1
1000165e:	4641      	mov	r1, r8
10001660:	4660      	mov	r0, ip
10001662:	7008      	strb	r0, [r1, #0]
10001664:	1d39      	adds	r1, r7, #4
10001666:	0089      	lsls	r1, r1, #2
10001668:	6365      	str	r5, [r4, #52]	@ 0x34
1000166a:	510a      	str	r2, [r1, r4]
1000166c:	4918      	ldr	r1, [pc, #96]	@ (100016d0 <hardware_alarm_set_target+0xc8>)
1000166e:	00b8      	lsls	r0, r7, #2
10001670:	5043      	str	r3, [r0, r1]
10001672:	6a21      	ldr	r1, [r4, #32]
10001674:	2000      	movs	r0, #0
10001676:	4229      	tst	r1, r5
10001678:	d019      	beq.n	100016ae <hardware_alarm_set_target+0xa6>
1000167a:	6a61      	ldr	r1, [r4, #36]	@ 0x24
1000167c:	0008      	movs	r0, r1
1000167e:	6aa6      	ldr	r6, [r4, #40]	@ 0x28
10001680:	6a61      	ldr	r1, [r4, #36]	@ 0x24
10001682:	4281      	cmp	r1, r0
10001684:	d1fa      	bne.n	1000167c <hardware_alarm_set_target+0x74>
10001686:	428b      	cmp	r3, r1
10001688:	d819      	bhi.n	100016be <hardware_alarm_set_target+0xb6>
1000168a:	d101      	bne.n	10001690 <hardware_alarm_set_target+0x88>
1000168c:	42b2      	cmp	r2, r6
1000168e:	d816      	bhi.n	100016be <hardware_alarm_set_target+0xb6>
10001690:	45cc      	cmp	ip, r9
10001692:	d00b      	beq.n	100016ac <hardware_alarm_set_target+0xa4>
10001694:	4b0b      	ldr	r3, [pc, #44]	@ (100016c4 <hardware_alarm_set_target+0xbc>)
10001696:	221f      	movs	r2, #31
10001698:	621d      	str	r5, [r3, #32]
1000169a:	635d      	str	r5, [r3, #52]	@ 0x34
1000169c:	2301      	movs	r3, #1
1000169e:	403a      	ands	r2, r7
100016a0:	4093      	lsls	r3, r2
100016a2:	4a0c      	ldr	r2, [pc, #48]	@ (100016d4 <hardware_alarm_set_target+0xcc>)
100016a4:	6013      	str	r3, [r2, #0]
100016a6:	4643      	mov	r3, r8
100016a8:	464a      	mov	r2, r9
100016aa:	701a      	strb	r2, [r3, #0]
100016ac:	2001      	movs	r0, #1
100016ae:	f3bf 8f5f 	dmb	sy
100016b2:	2200      	movs	r2, #0
100016b4:	4b04      	ldr	r3, [pc, #16]	@ (100016c8 <hardware_alarm_set_target+0xc0>)
100016b6:	601a      	str	r2, [r3, #0]
100016b8:	f38a 8810 	msr	PRIMASK, sl
100016bc:	e7b5      	b.n	1000162a <hardware_alarm_set_target+0x22>
100016be:	2000      	movs	r0, #0
100016c0:	e7f5      	b.n	100016ae <hardware_alarm_set_target+0xa6>
100016c2:	46c0      	nop			@ (mov r8, r8)
100016c4:	40054000 	.word	0x40054000
100016c8:	d0000128 	.word	0xd0000128
100016cc:	200023bc 	.word	0x200023bc
100016d0:	20002390 	.word	0x20002390
100016d4:	e000e280 	.word	0xe000e280

100016d8 <hardware_alarm_cancel>:
100016d8:	f3ef 8c10 	mrs	ip, PRIMASK
100016dc:	b672      	cpsid	i
100016de:	490a      	ldr	r1, [pc, #40]	@ (10001708 <hardware_alarm_cancel+0x30>)
100016e0:	680b      	ldr	r3, [r1, #0]
100016e2:	2b00      	cmp	r3, #0
100016e4:	d0fc      	beq.n	100016e0 <hardware_alarm_cancel+0x8>
100016e6:	f3bf 8f5f 	dmb	sy
100016ea:	2301      	movs	r3, #1
100016ec:	4083      	lsls	r3, r0
100016ee:	4a07      	ldr	r2, [pc, #28]	@ (1000170c <hardware_alarm_cancel+0x34>)
100016f0:	4807      	ldr	r0, [pc, #28]	@ (10001710 <hardware_alarm_cancel+0x38>)
100016f2:	6213      	str	r3, [r2, #32]
100016f4:	7802      	ldrb	r2, [r0, #0]
100016f6:	439a      	bics	r2, r3
100016f8:	7002      	strb	r2, [r0, #0]
100016fa:	f3bf 8f5f 	dmb	sy
100016fe:	2300      	movs	r3, #0
10001700:	600b      	str	r3, [r1, #0]
10001702:	f38c 8810 	msr	PRIMASK, ip
10001706:	4770      	bx	lr
10001708:	d0000128 	.word	0xd0000128
1000170c:	40054000 	.word	0x40054000
10001710:	200023bc 	.word	0x200023bc

10001714 <ph_merge_nodes>:
10001714:	b570      	push	{r4, r5, r6, lr}
10001716:	0006      	movs	r6, r0
10001718:	000d      	movs	r5, r1
1000171a:	0014      	movs	r4, r2
1000171c:	2900      	cmp	r1, #0
1000171e:	d01c      	beq.n	1000175a <ph_merge_nodes+0x46>
10001720:	2a00      	cmp	r2, #0
10001722:	d012      	beq.n	1000174a <ph_merge_nodes+0x36>
10001724:	6873      	ldr	r3, [r6, #4]
10001726:	6880      	ldr	r0, [r0, #8]
10001728:	4798      	blx	r3
1000172a:	0063      	lsls	r3, r4, #1
1000172c:	006a      	lsls	r2, r5, #1
1000172e:	6831      	ldr	r1, [r6, #0]
10001730:	191b      	adds	r3, r3, r4
10001732:	1952      	adds	r2, r2, r5
10001734:	3b03      	subs	r3, #3
10001736:	3a03      	subs	r2, #3
10001738:	18cb      	adds	r3, r1, r3
1000173a:	1889      	adds	r1, r1, r2
1000173c:	2800      	cmp	r0, #0
1000173e:	d006      	beq.n	1000174e <ph_merge_nodes+0x3a>
10001740:	709d      	strb	r5, [r3, #2]
10001742:	780a      	ldrb	r2, [r1, #0]
10001744:	2a00      	cmp	r2, #0
10001746:	d10a      	bne.n	1000175e <ph_merge_nodes+0x4a>
10001748:	700c      	strb	r4, [r1, #0]
1000174a:	0028      	movs	r0, r5
1000174c:	bd70      	pop	{r4, r5, r6, pc}
1000174e:	708c      	strb	r4, [r1, #2]
10001750:	781a      	ldrb	r2, [r3, #0]
10001752:	2a00      	cmp	r2, #0
10001754:	d000      	beq.n	10001758 <ph_merge_nodes+0x44>
10001756:	704a      	strb	r2, [r1, #1]
10001758:	701d      	strb	r5, [r3, #0]
1000175a:	0020      	movs	r0, r4
1000175c:	e7f6      	b.n	1000174c <ph_merge_nodes+0x38>
1000175e:	705a      	strb	r2, [r3, #1]
10001760:	700c      	strb	r4, [r1, #0]
10001762:	e7f2      	b.n	1000174a <ph_merge_nodes+0x36>

10001764 <ph_post_alloc_init>:
10001764:	b510      	push	{r4, lr}
10001766:	6083      	str	r3, [r0, #8]
10001768:	2300      	movs	r3, #0
1000176a:	b2cc      	uxtb	r4, r1
1000176c:	7343      	strb	r3, [r0, #13]
1000176e:	3301      	adds	r3, #1
10001770:	6042      	str	r2, [r0, #4]
10001772:	7304      	strb	r4, [r0, #12]
10001774:	7383      	strb	r3, [r0, #14]
10001776:	73c4      	strb	r4, [r0, #15]
10001778:	6800      	ldr	r0, [r0, #0]
1000177a:	1c42      	adds	r2, r0, #1
1000177c:	2c01      	cmp	r4, #1
1000177e:	d905      	bls.n	1000178c <ph_post_alloc_init+0x28>
10001780:	3301      	adds	r3, #1
10001782:	b2db      	uxtb	r3, r3
10001784:	7013      	strb	r3, [r2, #0]
10001786:	3203      	adds	r2, #3
10001788:	429c      	cmp	r4, r3
1000178a:	d1f9      	bne.n	10001780 <ph_post_alloc_init+0x1c>
1000178c:	23ff      	movs	r3, #255	@ 0xff
1000178e:	400b      	ands	r3, r1
10001790:	005a      	lsls	r2, r3, #1
10001792:	18d3      	adds	r3, r2, r3
10001794:	18c0      	adds	r0, r0, r3
10001796:	2300      	movs	r3, #0
10001798:	3803      	subs	r0, #3
1000179a:	7043      	strb	r3, [r0, #1]
1000179c:	bd10      	pop	{r4, pc}
1000179e:	46c0      	nop			@ (mov r8, r8)

100017a0 <ph_merge_two_pass>:
100017a0:	b5f8      	push	{r3, r4, r5, r6, r7, lr}
100017a2:	46ce      	mov	lr, r9
100017a4:	4647      	mov	r7, r8
100017a6:	0005      	movs	r5, r0
100017a8:	000c      	movs	r4, r1
100017aa:	b580      	push	{r7, lr}
100017ac:	2900      	cmp	r1, #0
100017ae:	d007      	beq.n	100017c0 <ph_merge_two_pass+0x20>
100017b0:	004e      	lsls	r6, r1, #1
100017b2:	6803      	ldr	r3, [r0, #0]
100017b4:	1876      	adds	r6, r6, r1
100017b6:	3e03      	subs	r6, #3
100017b8:	199a      	adds	r2, r3, r6
100017ba:	7857      	ldrb	r7, [r2, #1]
100017bc:	2f00      	cmp	r7, #0
100017be:	d104      	bne.n	100017ca <ph_merge_two_pass+0x2a>
100017c0:	0020      	movs	r0, r4
100017c2:	bcc0      	pop	{r6, r7}
100017c4:	46b9      	mov	r9, r7
100017c6:	46b0      	mov	r8, r6
100017c8:	bdf8      	pop	{r3, r4, r5, r6, r7, pc}
100017ca:	0079      	lsls	r1, r7, #1
100017cc:	19c9      	adds	r1, r1, r7
100017ce:	3903      	subs	r1, #3
100017d0:	4688      	mov	r8, r1
100017d2:	4443      	add	r3, r8
100017d4:	7859      	ldrb	r1, [r3, #1]
100017d6:	4689      	mov	r9, r1
100017d8:	2100      	movs	r1, #0
100017da:	7059      	strb	r1, [r3, #1]
100017dc:	7051      	strb	r1, [r2, #1]
100017de:	686b      	ldr	r3, [r5, #4]
100017e0:	003a      	movs	r2, r7
100017e2:	0021      	movs	r1, r4
100017e4:	6880      	ldr	r0, [r0, #8]
100017e6:	4798      	blx	r3
100017e8:	4643      	mov	r3, r8
100017ea:	682a      	ldr	r2, [r5, #0]
100017ec:	18d3      	adds	r3, r2, r3
100017ee:	1992      	adds	r2, r2, r6
100017f0:	2800      	cmp	r0, #0
100017f2:	d011      	beq.n	10001818 <ph_merge_two_pass+0x78>
100017f4:	709c      	strb	r4, [r3, #2]
100017f6:	7811      	ldrb	r1, [r2, #0]
100017f8:	2900      	cmp	r1, #0
100017fa:	d000      	beq.n	100017fe <ph_merge_two_pass+0x5e>
100017fc:	7059      	strb	r1, [r3, #1]
100017fe:	7017      	strb	r7, [r2, #0]
10001800:	0027      	movs	r7, r4
10001802:	4649      	mov	r1, r9
10001804:	0028      	movs	r0, r5
10001806:	f7ff ffcb 	bl	100017a0 <ph_merge_two_pass>
1000180a:	0039      	movs	r1, r7
1000180c:	0002      	movs	r2, r0
1000180e:	0028      	movs	r0, r5
10001810:	f7ff ff80 	bl	10001714 <ph_merge_nodes>
10001814:	0004      	movs	r4, r0
10001816:	e7d3      	b.n	100017c0 <ph_merge_two_pass+0x20>
10001818:	7097      	strb	r7, [r2, #2]
1000181a:	7819      	ldrb	r1, [r3, #0]
1000181c:	2900      	cmp	r1, #0
1000181e:	d000      	beq.n	10001822 <ph_merge_two_pass+0x82>
10001820:	7051      	strb	r1, [r2, #1]
10001822:	701c      	strb	r4, [r3, #0]
10001824:	e7ed      	b.n	10001802 <ph_merge_two_pass+0x62>
10001826:	46c0      	nop			@ (mov r8, r8)

10001828 <ph_remove_any_head>:
10001828:	b5f8      	push	{r3, r4, r5, r6, r7, lr}
1000182a:	4657      	mov	r7, sl
1000182c:	464e      	mov	r6, r9
1000182e:	4645      	mov	r5, r8
10001830:	46de      	mov	lr, fp
10001832:	004c      	lsls	r4, r1, #1
10001834:	b5e0      	push	{r5, r6, r7, lr}
10001836:	1864      	adds	r4, r4, r1
10001838:	0017      	movs	r7, r2
1000183a:	6802      	ldr	r2, [r0, #0]
1000183c:	3c03      	subs	r4, #3
1000183e:	0005      	movs	r5, r0
10001840:	5d10      	ldrb	r0, [r2, r4]
10001842:	1913      	adds	r3, r2, r4
10001844:	000e      	movs	r6, r1
10001846:	469c      	mov	ip, r3
10001848:	2800      	cmp	r0, #0
1000184a:	d054      	beq.n	100018f6 <ph_remove_any_head+0xce>
1000184c:	0043      	lsls	r3, r0, #1
1000184e:	4698      	mov	r8, r3
10001850:	181b      	adds	r3, r3, r0
10001852:	3b03      	subs	r3, #3
10001854:	18d3      	adds	r3, r2, r3
10001856:	7859      	ldrb	r1, [r3, #1]
10001858:	468a      	mov	sl, r1
1000185a:	2900      	cmp	r1, #0
1000185c:	d120      	bne.n	100018a0 <ph_remove_any_head+0x78>
1000185e:	2f00      	cmp	r7, #0
10001860:	d013      	beq.n	1000188a <ph_remove_any_head+0x62>
10001862:	7bec      	ldrb	r4, [r5, #15]
10001864:	2c00      	cmp	r4, #0
10001866:	d051      	beq.n	1000190c <ph_remove_any_head+0xe4>
10001868:	0063      	lsls	r3, r4, #1
1000186a:	191b      	adds	r3, r3, r4
1000186c:	18d3      	adds	r3, r2, r3
1000186e:	3b03      	subs	r3, #3
10001870:	705e      	strb	r6, [r3, #1]
10001872:	7bab      	ldrb	r3, [r5, #14]
10001874:	2b00      	cmp	r3, #0
10001876:	d03c      	beq.n	100018f2 <ph_remove_any_head+0xca>
10001878:	73ee      	strb	r6, [r5, #15]
1000187a:	2800      	cmp	r0, #0
1000187c:	d007      	beq.n	1000188e <ph_remove_any_head+0x66>
1000187e:	0043      	lsls	r3, r0, #1
10001880:	4698      	mov	r8, r3
10001882:	4643      	mov	r3, r8
10001884:	1819      	adds	r1, r3, r0
10001886:	3903      	subs	r1, #3
10001888:	1853      	adds	r3, r2, r1
1000188a:	2200      	movs	r2, #0
1000188c:	709a      	strb	r2, [r3, #2]
1000188e:	2300      	movs	r3, #0
10001890:	4662      	mov	r2, ip
10001892:	7053      	strb	r3, [r2, #1]
10001894:	bcf0      	pop	{r4, r5, r6, r7}
10001896:	46bb      	mov	fp, r7
10001898:	46b2      	mov	sl, r6
1000189a:	46a9      	mov	r9, r5
1000189c:	46a0      	mov	r8, r4
1000189e:	bdf8      	pop	{r3, r4, r5, r6, r7, pc}
100018a0:	0049      	lsls	r1, r1, #1
100018a2:	4451      	add	r1, sl
100018a4:	3903      	subs	r1, #3
100018a6:	1852      	adds	r2, r2, r1
100018a8:	7851      	ldrb	r1, [r2, #1]
100018aa:	4688      	mov	r8, r1
100018ac:	2100      	movs	r1, #0
100018ae:	7051      	strb	r1, [r2, #1]
100018b0:	4689      	mov	r9, r1
100018b2:	7059      	strb	r1, [r3, #1]
100018b4:	4652      	mov	r2, sl
100018b6:	0001      	movs	r1, r0
100018b8:	0028      	movs	r0, r5
100018ba:	f7ff ff2b 	bl	10001714 <ph_merge_nodes>
100018be:	4643      	mov	r3, r8
100018c0:	4682      	mov	sl, r0
100018c2:	2b00      	cmp	r3, #0
100018c4:	d007      	beq.n	100018d6 <ph_remove_any_head+0xae>
100018c6:	005b      	lsls	r3, r3, #1
100018c8:	6829      	ldr	r1, [r5, #0]
100018ca:	4443      	add	r3, r8
100018cc:	3b03      	subs	r3, #3
100018ce:	18cb      	adds	r3, r1, r3
100018d0:	785a      	ldrb	r2, [r3, #1]
100018d2:	2a00      	cmp	r2, #0
100018d4:	d11f      	bne.n	10001916 <ph_remove_any_head+0xee>
100018d6:	4642      	mov	r2, r8
100018d8:	4651      	mov	r1, sl
100018da:	0028      	movs	r0, r5
100018dc:	f7ff ff1a 	bl	10001714 <ph_merge_nodes>
100018e0:	46a4      	mov	ip, r4
100018e2:	682a      	ldr	r2, [r5, #0]
100018e4:	4494      	add	ip, r2
100018e6:	2f00      	cmp	r7, #0
100018e8:	d0c7      	beq.n	1000187a <ph_remove_any_head+0x52>
100018ea:	7bec      	ldrb	r4, [r5, #15]
100018ec:	2c00      	cmp	r4, #0
100018ee:	d0c0      	beq.n	10001872 <ph_remove_any_head+0x4a>
100018f0:	e7ba      	b.n	10001868 <ph_remove_any_head+0x40>
100018f2:	73ae      	strb	r6, [r5, #14]
100018f4:	e7c0      	b.n	10001878 <ph_remove_any_head+0x50>
100018f6:	2f00      	cmp	r7, #0
100018f8:	d0c9      	beq.n	1000188e <ph_remove_any_head+0x66>
100018fa:	7bec      	ldrb	r4, [r5, #15]
100018fc:	2c00      	cmp	r4, #0
100018fe:	d1b3      	bne.n	10001868 <ph_remove_any_head+0x40>
10001900:	7bab      	ldrb	r3, [r5, #14]
10001902:	2b00      	cmp	r3, #0
10001904:	d120      	bne.n	10001948 <ph_remove_any_head+0x120>
10001906:	73a9      	strb	r1, [r5, #14]
10001908:	73e9      	strb	r1, [r5, #15]
1000190a:	e7c0      	b.n	1000188e <ph_remove_any_head+0x66>
1000190c:	7bab      	ldrb	r3, [r5, #14]
1000190e:	2b00      	cmp	r3, #0
10001910:	d0ef      	beq.n	100018f2 <ph_remove_any_head+0xca>
10001912:	73ee      	strb	r6, [r5, #15]
10001914:	e7b5      	b.n	10001882 <ph_remove_any_head+0x5a>
10001916:	0050      	lsls	r0, r2, #1
10001918:	1880      	adds	r0, r0, r2
1000191a:	3803      	subs	r0, #3
1000191c:	1809      	adds	r1, r1, r0
1000191e:	7848      	ldrb	r0, [r1, #1]
10001920:	4683      	mov	fp, r0
10001922:	4648      	mov	r0, r9
10001924:	7048      	strb	r0, [r1, #1]
10001926:	7058      	strb	r0, [r3, #1]
10001928:	4641      	mov	r1, r8
1000192a:	0028      	movs	r0, r5
1000192c:	f7ff fef2 	bl	10001714 <ph_merge_nodes>
10001930:	4659      	mov	r1, fp
10001932:	4680      	mov	r8, r0
10001934:	0028      	movs	r0, r5
10001936:	f7ff ff33 	bl	100017a0 <ph_merge_two_pass>
1000193a:	4641      	mov	r1, r8
1000193c:	0002      	movs	r2, r0
1000193e:	0028      	movs	r0, r5
10001940:	f7ff fee8 	bl	10001714 <ph_merge_nodes>
10001944:	4680      	mov	r8, r0
10001946:	e7c6      	b.n	100018d6 <ph_remove_any_head+0xae>
10001948:	73e9      	strb	r1, [r5, #15]
1000194a:	e7a0      	b.n	1000188e <ph_remove_any_head+0x66>

1000194c <ph_remove_head>:
1000194c:	b5f8      	push	{r3, r4, r5, r6, r7, lr}
1000194e:	4657      	mov	r7, sl
10001950:	464e      	mov	r6, r9
10001952:	4645      	mov	r5, r8
10001954:	46de      	mov	lr, fp
10001956:	b5e0      	push	{r5, r6, r7, lr}
10001958:	7b46      	ldrb	r6, [r0, #13]
1000195a:	6802      	ldr	r2, [r0, #0]
1000195c:	0075      	lsls	r5, r6, #1
1000195e:	19ad      	adds	r5, r5, r6
10001960:	3d03      	subs	r5, #3
10001962:	000f      	movs	r7, r1
10001964:	5d51      	ldrb	r1, [r2, r5]
10001966:	1953      	adds	r3, r2, r5
10001968:	0004      	movs	r4, r0
1000196a:	469c      	mov	ip, r3
1000196c:	2900      	cmp	r1, #0
1000196e:	d056      	beq.n	10001a1e <ph_remove_head+0xd2>
10001970:	004b      	lsls	r3, r1, #1
10001972:	4698      	mov	r8, r3
10001974:	185b      	adds	r3, r3, r1
10001976:	3b03      	subs	r3, #3
10001978:	18d3      	adds	r3, r2, r3
1000197a:	7858      	ldrb	r0, [r3, #1]
1000197c:	4682      	mov	sl, r0
1000197e:	2800      	cmp	r0, #0
10001980:	d122      	bne.n	100019c8 <ph_remove_head+0x7c>
10001982:	2f00      	cmp	r7, #0
10001984:	d013      	beq.n	100019ae <ph_remove_head+0x62>
10001986:	7be5      	ldrb	r5, [r4, #15]
10001988:	2d00      	cmp	r5, #0
1000198a:	d053      	beq.n	10001a34 <ph_remove_head+0xe8>
1000198c:	006b      	lsls	r3, r5, #1
1000198e:	195b      	adds	r3, r3, r5
10001990:	18d3      	adds	r3, r2, r3
10001992:	3b03      	subs	r3, #3
10001994:	705e      	strb	r6, [r3, #1]
10001996:	7ba3      	ldrb	r3, [r4, #14]
10001998:	2b00      	cmp	r3, #0
1000199a:	d03e      	beq.n	10001a1a <ph_remove_head+0xce>
1000199c:	73e6      	strb	r6, [r4, #15]
1000199e:	2900      	cmp	r1, #0
100019a0:	d007      	beq.n	100019b2 <ph_remove_head+0x66>
100019a2:	004b      	lsls	r3, r1, #1
100019a4:	4698      	mov	r8, r3
100019a6:	4643      	mov	r3, r8
100019a8:	1858      	adds	r0, r3, r1
100019aa:	3803      	subs	r0, #3
100019ac:	1813      	adds	r3, r2, r0
100019ae:	2200      	movs	r2, #0
100019b0:	709a      	strb	r2, [r3, #2]
100019b2:	2300      	movs	r3, #0
100019b4:	4662      	mov	r2, ip
100019b6:	0030      	movs	r0, r6
100019b8:	7053      	strb	r3, [r2, #1]
100019ba:	7361      	strb	r1, [r4, #13]
100019bc:	bcf0      	pop	{r4, r5, r6, r7}
100019be:	46bb      	mov	fp, r7
100019c0:	46b2      	mov	sl, r6
100019c2:	46a9      	mov	r9, r5
100019c4:	46a0      	mov	r8, r4
100019c6:	bdf8      	pop	{r3, r4, r5, r6, r7, pc}
100019c8:	0040      	lsls	r0, r0, #1
100019ca:	4450      	add	r0, sl
100019cc:	3803      	subs	r0, #3
100019ce:	1812      	adds	r2, r2, r0
100019d0:	7850      	ldrb	r0, [r2, #1]
100019d2:	4680      	mov	r8, r0
100019d4:	2000      	movs	r0, #0
100019d6:	7050      	strb	r0, [r2, #1]
100019d8:	4681      	mov	r9, r0
100019da:	7058      	strb	r0, [r3, #1]
100019dc:	4652      	mov	r2, sl
100019de:	0020      	movs	r0, r4
100019e0:	f7ff fe98 	bl	10001714 <ph_merge_nodes>
100019e4:	4643      	mov	r3, r8
100019e6:	4682      	mov	sl, r0
100019e8:	2b00      	cmp	r3, #0
100019ea:	d007      	beq.n	100019fc <ph_remove_head+0xb0>
100019ec:	005b      	lsls	r3, r3, #1
100019ee:	6821      	ldr	r1, [r4, #0]
100019f0:	4443      	add	r3, r8
100019f2:	3b03      	subs	r3, #3
100019f4:	18cb      	adds	r3, r1, r3
100019f6:	785a      	ldrb	r2, [r3, #1]
100019f8:	2a00      	cmp	r2, #0
100019fa:	d120      	bne.n	10001a3e <ph_remove_head+0xf2>
100019fc:	4642      	mov	r2, r8
100019fe:	4651      	mov	r1, sl
10001a00:	0020      	movs	r0, r4
10001a02:	f7ff fe87 	bl	10001714 <ph_merge_nodes>
10001a06:	46ac      	mov	ip, r5
10001a08:	6822      	ldr	r2, [r4, #0]
10001a0a:	0001      	movs	r1, r0
10001a0c:	4494      	add	ip, r2
10001a0e:	2f00      	cmp	r7, #0
10001a10:	d0c5      	beq.n	1000199e <ph_remove_head+0x52>
10001a12:	7be5      	ldrb	r5, [r4, #15]
10001a14:	2d00      	cmp	r5, #0
10001a16:	d0be      	beq.n	10001996 <ph_remove_head+0x4a>
10001a18:	e7b8      	b.n	1000198c <ph_remove_head+0x40>
10001a1a:	73a6      	strb	r6, [r4, #14]
10001a1c:	e7be      	b.n	1000199c <ph_remove_head+0x50>
10001a1e:	2f00      	cmp	r7, #0
10001a20:	d0c7      	beq.n	100019b2 <ph_remove_head+0x66>
10001a22:	7bc5      	ldrb	r5, [r0, #15]
10001a24:	2d00      	cmp	r5, #0
10001a26:	d1b1      	bne.n	1000198c <ph_remove_head+0x40>
10001a28:	7b83      	ldrb	r3, [r0, #14]
10001a2a:	2b00      	cmp	r3, #0
10001a2c:	d120      	bne.n	10001a70 <ph_remove_head+0x124>
10001a2e:	7386      	strb	r6, [r0, #14]
10001a30:	73c6      	strb	r6, [r0, #15]
10001a32:	e7be      	b.n	100019b2 <ph_remove_head+0x66>
10001a34:	7ba3      	ldrb	r3, [r4, #14]
10001a36:	2b00      	cmp	r3, #0
10001a38:	d0ef      	beq.n	10001a1a <ph_remove_head+0xce>
10001a3a:	73e6      	strb	r6, [r4, #15]
10001a3c:	e7b3      	b.n	100019a6 <ph_remove_head+0x5a>
10001a3e:	0050      	lsls	r0, r2, #1
10001a40:	1880      	adds	r0, r0, r2
10001a42:	3803      	subs	r0, #3
10001a44:	1809      	adds	r1, r1, r0
10001a46:	7848      	ldrb	r0, [r1, #1]
10001a48:	4683      	mov	fp, r0
10001a4a:	4648      	mov	r0, r9
10001a4c:	7048      	strb	r0, [r1, #1]
10001a4e:	7058      	strb	r0, [r3, #1]
10001a50:	4641      	mov	r1, r8
10001a52:	0020      	movs	r0, r4
10001a54:	f7ff fe5e 	bl	10001714 <ph_merge_nodes>
10001a58:	4659      	mov	r1, fp
10001a5a:	4680      	mov	r8, r0
10001a5c:	0020      	movs	r0, r4
10001a5e:	f7ff fe9f 	bl	100017a0 <ph_merge_two_pass>
10001a62:	4641      	mov	r1, r8
10001a64:	0002      	movs	r2, r0
10001a66:	0020      	movs	r0, r4
10001a68:	f7ff fe54 	bl	10001714 <ph_merge_nodes>
10001a6c:	4680      	mov	r8, r0
10001a6e:	e7c5      	b.n	100019fc <ph_remove_head+0xb0>
10001a70:	73c6      	strb	r6, [r0, #15]
10001a72:	e79e      	b.n	100019b2 <ph_remove_head+0x66>

10001a74 <ph_remove_and_free_node>:
10001a74:	b570      	push	{r4, r5, r6, lr}
10001a76:	0004      	movs	r4, r0
10001a78:	2900      	cmp	r1, #0
10001a7a:	d02c      	beq.n	10001ad6 <ph_remove_and_free_node+0x62>
10001a7c:	7b43      	ldrb	r3, [r0, #13]
10001a7e:	428b      	cmp	r3, r1
10001a80:	d02e      	beq.n	10001ae0 <ph_remove_and_free_node+0x6c>
10001a82:	6805      	ldr	r5, [r0, #0]
10001a84:	0048      	lsls	r0, r1, #1
10001a86:	1840      	adds	r0, r0, r1
10001a88:	3803      	subs	r0, #3
10001a8a:	1828      	adds	r0, r5, r0
10001a8c:	7882      	ldrb	r2, [r0, #2]
10001a8e:	2a00      	cmp	r2, #0
10001a90:	d021      	beq.n	10001ad6 <ph_remove_and_free_node+0x62>
10001a92:	0053      	lsls	r3, r2, #1
10001a94:	189b      	adds	r3, r3, r2
10001a96:	3b03      	subs	r3, #3
10001a98:	5cea      	ldrb	r2, [r5, r3]
10001a9a:	18ee      	adds	r6, r5, r3
10001a9c:	428a      	cmp	r2, r1
10001a9e:	d102      	bne.n	10001aa6 <ph_remove_and_free_node+0x32>
10001aa0:	e01b      	b.n	10001ada <ph_remove_and_free_node+0x66>
10001aa2:	2a00      	cmp	r2, #0
10001aa4:	d008      	beq.n	10001ab8 <ph_remove_and_free_node+0x44>
10001aa6:	0053      	lsls	r3, r2, #1
10001aa8:	189b      	adds	r3, r3, r2
10001aaa:	3b03      	subs	r3, #3
10001aac:	18eb      	adds	r3, r5, r3
10001aae:	785a      	ldrb	r2, [r3, #1]
10001ab0:	428a      	cmp	r2, r1
10001ab2:	d1f6      	bne.n	10001aa2 <ph_remove_and_free_node+0x2e>
10001ab4:	7842      	ldrb	r2, [r0, #1]
10001ab6:	705a      	strb	r2, [r3, #1]
10001ab8:	2300      	movs	r3, #0
10001aba:	2201      	movs	r2, #1
10001abc:	7083      	strb	r3, [r0, #2]
10001abe:	7043      	strb	r3, [r0, #1]
10001ac0:	0020      	movs	r0, r4
10001ac2:	f7ff feb1 	bl	10001828 <ph_remove_any_head>
10001ac6:	7b61      	ldrb	r1, [r4, #13]
10001ac8:	0002      	movs	r2, r0
10001aca:	0020      	movs	r0, r4
10001acc:	f7ff fe22 	bl	10001714 <ph_merge_nodes>
10001ad0:	7360      	strb	r0, [r4, #13]
10001ad2:	2001      	movs	r0, #1
10001ad4:	e000      	b.n	10001ad8 <ph_remove_and_free_node+0x64>
10001ad6:	2000      	movs	r0, #0
10001ad8:	bd70      	pop	{r4, r5, r6, pc}
10001ada:	7843      	ldrb	r3, [r0, #1]
10001adc:	7033      	strb	r3, [r6, #0]
10001ade:	e7eb      	b.n	10001ab8 <ph_remove_and_free_node+0x44>
10001ae0:	2201      	movs	r2, #1
10001ae2:	0019      	movs	r1, r3
10001ae4:	f7ff fea0 	bl	10001828 <ph_remove_any_head>
10001ae8:	e7f2      	b.n	10001ad0 <ph_remove_and_free_node+0x5c>
10001aea:	46c0      	nop			@ (mov r8, r8)

10001aec <clocks_init>:
10001aec:	b510      	push	{r4, lr}
10001aee:	200c      	movs	r0, #12
10001af0:	b082      	sub	sp, #8
10001af2:	f000 f9b1 	bl	10001e58 <watchdog_start_tick>
10001af6:	f7fe fd95 	bl	10000624 <running_on_fpga>
10001afa:	2800      	cmp	r0, #0
10001afc:	d010      	beq.n	10001b20 <clocks_init+0x34>
10001afe:	4b8b      	ldr	r3, [pc, #556]	@ (10001d2c <clocks_init+0x240>)
10001b00:	488b      	ldr	r0, [pc, #556]	@ (10001d30 <clocks_init+0x244>)
10001b02:	498b      	ldr	r1, [pc, #556]	@ (10001d30 <clocks_init+0x244>)
10001b04:	4a8b      	ldr	r2, [pc, #556]	@ (10001d34 <clocks_init+0x248>)
10001b06:	6018      	str	r0, [r3, #0]
10001b08:	6059      	str	r1, [r3, #4]
10001b0a:	6098      	str	r0, [r3, #8]
10001b0c:	60d9      	str	r1, [r3, #12]
10001b0e:	6118      	str	r0, [r3, #16]
10001b10:	6159      	str	r1, [r3, #20]
10001b12:	6198      	str	r0, [r3, #24]
10001b14:	61d9      	str	r1, [r3, #28]
10001b16:	6218      	str	r0, [r3, #32]
10001b18:	6259      	str	r1, [r3, #36]	@ 0x24
10001b1a:	625a      	str	r2, [r3, #36]	@ 0x24
10001b1c:	b002      	add	sp, #8
10001b1e:	bd10      	pop	{r4, pc}
10001b20:	4c85      	ldr	r4, [pc, #532]	@ (10001d38 <clocks_init+0x24c>)
10001b22:	67a0      	str	r0, [r4, #120]	@ 0x78
10001b24:	f000 f9ee 	bl	10001f04 <xosc_init>
10001b28:	2201      	movs	r2, #1
10001b2a:	4b84      	ldr	r3, [pc, #528]	@ (10001d3c <clocks_init+0x250>)
10001b2c:	601a      	str	r2, [r3, #0]
10001b2e:	6c63      	ldr	r3, [r4, #68]	@ 0x44
10001b30:	2b01      	cmp	r3, #1
10001b32:	d1fc      	bne.n	10001b2e <clocks_init+0x42>
10001b34:	2203      	movs	r2, #3
10001b36:	4b82      	ldr	r3, [pc, #520]	@ (10001d40 <clocks_init+0x254>)
10001b38:	601a      	str	r2, [r3, #0]
10001b3a:	4a7f      	ldr	r2, [pc, #508]	@ (10001d38 <clocks_init+0x24c>)
10001b3c:	6b93      	ldr	r3, [r2, #56]	@ 0x38
10001b3e:	2b01      	cmp	r3, #1
10001b40:	d1fc      	bne.n	10001b3c <clocks_init+0x50>
10001b42:	3301      	adds	r3, #1
10001b44:	2101      	movs	r1, #1
10001b46:	4a7f      	ldr	r2, [pc, #508]	@ (10001d44 <clocks_init+0x258>)
10001b48:	487f      	ldr	r0, [pc, #508]	@ (10001d48 <clocks_init+0x25c>)
10001b4a:	9300      	str	r3, [sp, #0]
10001b4c:	3304      	adds	r3, #4
10001b4e:	f000 f931 	bl	10001db4 <pll_init>
10001b52:	2305      	movs	r3, #5
10001b54:	4a7d      	ldr	r2, [pc, #500]	@ (10001d4c <clocks_init+0x260>)
10001b56:	9300      	str	r3, [sp, #0]
10001b58:	2101      	movs	r1, #1
10001b5a:	487d      	ldr	r0, [pc, #500]	@ (10001d50 <clocks_init+0x264>)
10001b5c:	f000 f92a 	bl	10001db4 <pll_init>
10001b60:	4b7c      	ldr	r3, [pc, #496]	@ (10001d54 <clocks_init+0x268>)
10001b62:	685a      	ldr	r2, [r3, #4]
10001b64:	2aff      	cmp	r2, #255	@ 0xff
10001b66:	d802      	bhi.n	10001b6e <clocks_init+0x82>
10001b68:	2280      	movs	r2, #128	@ 0x80
10001b6a:	0052      	lsls	r2, r2, #1
10001b6c:	605a      	str	r2, [r3, #4]
10001b6e:	2280      	movs	r2, #128	@ 0x80
10001b70:	4b73      	ldr	r3, [pc, #460]	@ (10001d40 <clocks_init+0x254>)
10001b72:	4c6e      	ldr	r4, [pc, #440]	@ (10001d2c <clocks_init+0x240>)
10001b74:	0112      	lsls	r2, r2, #4
10001b76:	601a      	str	r2, [r3, #0]
10001b78:	6921      	ldr	r1, [r4, #16]
10001b7a:	2900      	cmp	r1, #0
10001b7c:	d007      	beq.n	10001b8e <clocks_init+0xa2>
10001b7e:	6960      	ldr	r0, [r4, #20]
10001b80:	f000 fae4 	bl	1000214c <__wrap___aeabi_uidiv>
10001b84:	3001      	adds	r0, #1
10001b86:	0043      	lsls	r3, r0, #1
10001b88:	181b      	adds	r3, r3, r0
10001b8a:	3b03      	subs	r3, #3
10001b8c:	d2fd      	bcs.n	10001b8a <clocks_init+0x9e>
10001b8e:	23e0      	movs	r3, #224	@ 0xe0
10001b90:	4a70      	ldr	r2, [pc, #448]	@ (10001d54 <clocks_init+0x268>)
10001b92:	4871      	ldr	r0, [pc, #452]	@ (10001d58 <clocks_init+0x26c>)
10001b94:	6811      	ldr	r1, [r2, #0]
10001b96:	400b      	ands	r3, r1
10001b98:	6003      	str	r3, [r0, #0]
10001b9a:	2302      	movs	r3, #2
10001b9c:	6811      	ldr	r1, [r2, #0]
10001b9e:	4059      	eors	r1, r3
10001ba0:	3301      	adds	r3, #1
10001ba2:	400b      	ands	r3, r1
10001ba4:	2104      	movs	r1, #4
10001ba6:	6003      	str	r3, [r0, #0]
10001ba8:	6893      	ldr	r3, [r2, #8]
10001baa:	4219      	tst	r1, r3
10001bac:	d0fc      	beq.n	10001ba8 <clocks_init+0xbc>
10001bae:	2180      	movs	r1, #128	@ 0x80
10001bb0:	4b6a      	ldr	r3, [pc, #424]	@ (10001d5c <clocks_init+0x270>)
10001bb2:	0109      	lsls	r1, r1, #4
10001bb4:	6019      	str	r1, [r3, #0]
10001bb6:	2180      	movs	r1, #128	@ 0x80
10001bb8:	4b69      	ldr	r3, [pc, #420]	@ (10001d60 <clocks_init+0x274>)
10001bba:	0049      	lsls	r1, r1, #1
10001bbc:	6051      	str	r1, [r2, #4]
10001bbe:	6123      	str	r3, [r4, #16]
10001bc0:	4b68      	ldr	r3, [pc, #416]	@ (10001d64 <clocks_init+0x278>)
10001bc2:	685a      	ldr	r2, [r3, #4]
10001bc4:	2aff      	cmp	r2, #255	@ 0xff
10001bc6:	d800      	bhi.n	10001bca <clocks_init+0xde>
10001bc8:	6059      	str	r1, [r3, #4]
10001bca:	2203      	movs	r2, #3
10001bcc:	2101      	movs	r1, #1
10001bce:	4b5b      	ldr	r3, [pc, #364]	@ (10001d3c <clocks_init+0x250>)
10001bd0:	601a      	str	r2, [r3, #0]
10001bd2:	4a64      	ldr	r2, [pc, #400]	@ (10001d64 <clocks_init+0x278>)
10001bd4:	6893      	ldr	r3, [r2, #8]
10001bd6:	4219      	tst	r1, r3
10001bd8:	d0fc      	beq.n	10001bd4 <clocks_init+0xe8>
10001bda:	23e0      	movs	r3, #224	@ 0xe0
10001bdc:	6810      	ldr	r0, [r2, #0]
10001bde:	4003      	ands	r3, r0
10001be0:	4861      	ldr	r0, [pc, #388]	@ (10001d68 <clocks_init+0x27c>)
10001be2:	6003      	str	r3, [r0, #0]
10001be4:	6812      	ldr	r2, [r2, #0]
10001be6:	2303      	movs	r3, #3
10001be8:	404a      	eors	r2, r1
10001bea:	2102      	movs	r1, #2
10001bec:	4013      	ands	r3, r2
10001bee:	4a5d      	ldr	r2, [pc, #372]	@ (10001d64 <clocks_init+0x278>)
10001bf0:	6003      	str	r3, [r0, #0]
10001bf2:	6893      	ldr	r3, [r2, #8]
10001bf4:	4219      	tst	r1, r3
10001bf6:	d0fc      	beq.n	10001bf2 <clocks_init+0x106>
10001bf8:	2180      	movs	r1, #128	@ 0x80
10001bfa:	4b5c      	ldr	r3, [pc, #368]	@ (10001d6c <clocks_init+0x280>)
10001bfc:	0109      	lsls	r1, r1, #4
10001bfe:	6019      	str	r1, [r3, #0]
10001c00:	2180      	movs	r1, #128	@ 0x80
10001c02:	4b5b      	ldr	r3, [pc, #364]	@ (10001d70 <clocks_init+0x284>)
10001c04:	0049      	lsls	r1, r1, #1
10001c06:	6051      	str	r1, [r2, #4]
10001c08:	6163      	str	r3, [r4, #20]
10001c0a:	4b5a      	ldr	r3, [pc, #360]	@ (10001d74 <clocks_init+0x288>)
10001c0c:	685a      	ldr	r2, [r3, #4]
10001c0e:	2aff      	cmp	r2, #255	@ 0xff
10001c10:	d800      	bhi.n	10001c14 <clocks_init+0x128>
10001c12:	6059      	str	r1, [r3, #4]
10001c14:	2280      	movs	r2, #128	@ 0x80
10001c16:	4b58      	ldr	r3, [pc, #352]	@ (10001d78 <clocks_init+0x28c>)
10001c18:	0112      	lsls	r2, r2, #4
10001c1a:	601a      	str	r2, [r3, #0]
10001c1c:	69e1      	ldr	r1, [r4, #28]
10001c1e:	2900      	cmp	r1, #0
10001c20:	d007      	beq.n	10001c32 <clocks_init+0x146>
10001c22:	6960      	ldr	r0, [r4, #20]
10001c24:	f000 fa92 	bl	1000214c <__wrap___aeabi_uidiv>
10001c28:	3001      	adds	r0, #1
10001c2a:	0043      	lsls	r3, r0, #1
10001c2c:	181b      	adds	r3, r3, r0
10001c2e:	3b03      	subs	r3, #3
10001c30:	d2fd      	bcs.n	10001c2e <clocks_init+0x142>
10001c32:	23e0      	movs	r3, #224	@ 0xe0
10001c34:	4a4f      	ldr	r2, [pc, #316]	@ (10001d74 <clocks_init+0x288>)
10001c36:	6811      	ldr	r1, [r2, #0]
10001c38:	400b      	ands	r3, r1
10001c3a:	4950      	ldr	r1, [pc, #320]	@ (10001d7c <clocks_init+0x290>)
10001c3c:	600b      	str	r3, [r1, #0]
10001c3e:	2180      	movs	r1, #128	@ 0x80
10001c40:	4b4f      	ldr	r3, [pc, #316]	@ (10001d80 <clocks_init+0x294>)
10001c42:	0109      	lsls	r1, r1, #4
10001c44:	6019      	str	r1, [r3, #0]
10001c46:	2180      	movs	r1, #128	@ 0x80
10001c48:	4b39      	ldr	r3, [pc, #228]	@ (10001d30 <clocks_init+0x244>)
10001c4a:	0049      	lsls	r1, r1, #1
10001c4c:	6051      	str	r1, [r2, #4]
10001c4e:	61e3      	str	r3, [r4, #28]
10001c50:	4b4c      	ldr	r3, [pc, #304]	@ (10001d84 <clocks_init+0x298>)
10001c52:	685a      	ldr	r2, [r3, #4]
10001c54:	2aff      	cmp	r2, #255	@ 0xff
10001c56:	d800      	bhi.n	10001c5a <clocks_init+0x16e>
10001c58:	6059      	str	r1, [r3, #4]
10001c5a:	2280      	movs	r2, #128	@ 0x80
10001c5c:	4b4a      	ldr	r3, [pc, #296]	@ (10001d88 <clocks_init+0x29c>)
10001c5e:	0112      	lsls	r2, r2, #4
10001c60:	601a      	str	r2, [r3, #0]
10001c62:	6a21      	ldr	r1, [r4, #32]
10001c64:	2900      	cmp	r1, #0
10001c66:	d007      	beq.n	10001c78 <clocks_init+0x18c>
10001c68:	6960      	ldr	r0, [r4, #20]
10001c6a:	f000 fa6f 	bl	1000214c <__wrap___aeabi_uidiv>
10001c6e:	3001      	adds	r0, #1
10001c70:	0043      	lsls	r3, r0, #1
10001c72:	181b      	adds	r3, r3, r0
10001c74:	3b03      	subs	r3, #3
10001c76:	d2fd      	bcs.n	10001c74 <clocks_init+0x188>
10001c78:	23e0      	movs	r3, #224	@ 0xe0
10001c7a:	4a42      	ldr	r2, [pc, #264]	@ (10001d84 <clocks_init+0x298>)
10001c7c:	6811      	ldr	r1, [r2, #0]
10001c7e:	400b      	ands	r3, r1
10001c80:	4942      	ldr	r1, [pc, #264]	@ (10001d8c <clocks_init+0x2a0>)
10001c82:	600b      	str	r3, [r1, #0]
10001c84:	2180      	movs	r1, #128	@ 0x80
10001c86:	4b42      	ldr	r3, [pc, #264]	@ (10001d90 <clocks_init+0x2a4>)
10001c88:	0109      	lsls	r1, r1, #4
10001c8a:	6019      	str	r1, [r3, #0]
10001c8c:	2380      	movs	r3, #128	@ 0x80
10001c8e:	005b      	lsls	r3, r3, #1
10001c90:	6053      	str	r3, [r2, #4]
10001c92:	2280      	movs	r2, #128	@ 0x80
10001c94:	4b26      	ldr	r3, [pc, #152]	@ (10001d30 <clocks_init+0x244>)
10001c96:	02d2      	lsls	r2, r2, #11
10001c98:	6223      	str	r3, [r4, #32]
10001c9a:	4b3e      	ldr	r3, [pc, #248]	@ (10001d94 <clocks_init+0x2a8>)
10001c9c:	6859      	ldr	r1, [r3, #4]
10001c9e:	4291      	cmp	r1, r2
10001ca0:	d200      	bcs.n	10001ca4 <clocks_init+0x1b8>
10001ca2:	605a      	str	r2, [r3, #4]
10001ca4:	2280      	movs	r2, #128	@ 0x80
10001ca6:	4b3c      	ldr	r3, [pc, #240]	@ (10001d98 <clocks_init+0x2ac>)
10001ca8:	0112      	lsls	r2, r2, #4
10001caa:	601a      	str	r2, [r3, #0]
10001cac:	6a61      	ldr	r1, [r4, #36]	@ 0x24
10001cae:	2900      	cmp	r1, #0
10001cb0:	d007      	beq.n	10001cc2 <clocks_init+0x1d6>
10001cb2:	6960      	ldr	r0, [r4, #20]
10001cb4:	f000 fa4a 	bl	1000214c <__wrap___aeabi_uidiv>
10001cb8:	3001      	adds	r0, #1
10001cba:	0043      	lsls	r3, r0, #1
10001cbc:	181b      	adds	r3, r3, r0
10001cbe:	3b03      	subs	r3, #3
10001cc0:	d2fd      	bcs.n	10001cbe <clocks_init+0x1d2>
10001cc2:	23e0      	movs	r3, #224	@ 0xe0
10001cc4:	4a33      	ldr	r2, [pc, #204]	@ (10001d94 <clocks_init+0x2a8>)
10001cc6:	6811      	ldr	r1, [r2, #0]
10001cc8:	400b      	ands	r3, r1
10001cca:	4934      	ldr	r1, [pc, #208]	@ (10001d9c <clocks_init+0x2b0>)
10001ccc:	600b      	str	r3, [r1, #0]
10001cce:	2180      	movs	r1, #128	@ 0x80
10001cd0:	4b33      	ldr	r3, [pc, #204]	@ (10001da0 <clocks_init+0x2b4>)
10001cd2:	0109      	lsls	r1, r1, #4
10001cd4:	6019      	str	r1, [r3, #0]
10001cd6:	2380      	movs	r3, #128	@ 0x80
10001cd8:	02db      	lsls	r3, r3, #11
10001cda:	6053      	str	r3, [r2, #4]
10001cdc:	4b15      	ldr	r3, [pc, #84]	@ (10001d34 <clocks_init+0x248>)
10001cde:	6263      	str	r3, [r4, #36]	@ 0x24
10001ce0:	4b30      	ldr	r3, [pc, #192]	@ (10001da4 <clocks_init+0x2b8>)
10001ce2:	685a      	ldr	r2, [r3, #4]
10001ce4:	2aff      	cmp	r2, #255	@ 0xff
10001ce6:	d802      	bhi.n	10001cee <clocks_init+0x202>
10001ce8:	2280      	movs	r2, #128	@ 0x80
10001cea:	0052      	lsls	r2, r2, #1
10001cec:	605a      	str	r2, [r3, #4]
10001cee:	2280      	movs	r2, #128	@ 0x80
10001cf0:	4b2d      	ldr	r3, [pc, #180]	@ (10001da8 <clocks_init+0x2bc>)
10001cf2:	0112      	lsls	r2, r2, #4
10001cf4:	601a      	str	r2, [r3, #0]
10001cf6:	69a1      	ldr	r1, [r4, #24]
10001cf8:	2900      	cmp	r1, #0
10001cfa:	d007      	beq.n	10001d0c <clocks_init+0x220>
10001cfc:	6960      	ldr	r0, [r4, #20]
10001cfe:	f000 fa25 	bl	1000214c <__wrap___aeabi_uidiv>
10001d02:	3001      	adds	r0, #1
10001d04:	0043      	lsls	r3, r0, #1
10001d06:	181b      	adds	r3, r3, r0
10001d08:	3b03      	subs	r3, #3
10001d0a:	d2fd      	bcs.n	10001d08 <clocks_init+0x21c>
10001d0c:	23e0      	movs	r3, #224	@ 0xe0
10001d0e:	4a25      	ldr	r2, [pc, #148]	@ (10001da4 <clocks_init+0x2b8>)
10001d10:	6811      	ldr	r1, [r2, #0]
10001d12:	400b      	ands	r3, r1
10001d14:	4925      	ldr	r1, [pc, #148]	@ (10001dac <clocks_init+0x2c0>)
10001d16:	600b      	str	r3, [r1, #0]
10001d18:	2180      	movs	r1, #128	@ 0x80
10001d1a:	4b25      	ldr	r3, [pc, #148]	@ (10001db0 <clocks_init+0x2c4>)
10001d1c:	0109      	lsls	r1, r1, #4
10001d1e:	6019      	str	r1, [r3, #0]
10001d20:	2380      	movs	r3, #128	@ 0x80
10001d22:	005b      	lsls	r3, r3, #1
10001d24:	6053      	str	r3, [r2, #4]
10001d26:	4b12      	ldr	r3, [pc, #72]	@ (10001d70 <clocks_init+0x284>)
10001d28:	61a3      	str	r3, [r4, #24]
10001d2a:	e6f7      	b.n	10001b1c <clocks_init+0x30>
10001d2c:	200014b0 	.word	0x200014b0
10001d30:	02dc6c00 	.word	0x02dc6c00
10001d34:	0000b71b 	.word	0x0000b71b
10001d38:	40008000 	.word	0x40008000
10001d3c:	4000b03c 	.word	0x4000b03c
10001d40:	4000b030 	.word	0x4000b030
10001d44:	59682f00 	.word	0x59682f00
10001d48:	40028000 	.word	0x40028000
10001d4c:	47868c00 	.word	0x47868c00
10001d50:	4002c000 	.word	0x4002c000
10001d54:	40008030 	.word	0x40008030
10001d58:	40009030 	.word	0x40009030
10001d5c:	4000a030 	.word	0x4000a030
10001d60:	00b71b00 	.word	0x00b71b00
10001d64:	4000803c 	.word	0x4000803c
10001d68:	4000903c 	.word	0x4000903c
10001d6c:	4000a03c 	.word	0x4000a03c
10001d70:	07735940 	.word	0x07735940
10001d74:	40008054 	.word	0x40008054
10001d78:	4000b054 	.word	0x4000b054
10001d7c:	40009054 	.word	0x40009054
10001d80:	4000a054 	.word	0x4000a054
10001d84:	40008060 	.word	0x40008060
10001d88:	4000b060 	.word	0x4000b060
10001d8c:	40009060 	.word	0x40009060
10001d90:	4000a060 	.word	0x4000a060
10001d94:	4000806c 	.word	0x4000806c
10001d98:	4000b06c 	.word	0x4000b06c
10001d9c:	4000906c 	.word	0x4000906c
10001da0:	4000a06c 	.word	0x4000a06c
10001da4:	40008048 	.word	0x40008048
10001da8:	4000b048 	.word	0x4000b048
10001dac:	40009048 	.word	0x40009048
10001db0:	4000a048 	.word	0x4000a048

10001db4 <pll_init>:
10001db4:	b5f8      	push	{r3, r4, r5, r6, r7, lr}
10001db6:	0004      	movs	r4, r0
10001db8:	4822      	ldr	r0, [pc, #136]	@ (10001e44 <pll_init+0x90>)
10001dba:	001e      	movs	r6, r3
10001dbc:	0017      	movs	r7, r2
10001dbe:	000d      	movs	r5, r1
10001dc0:	f000 f9c4 	bl	1000214c <__wrap___aeabi_uidiv>
10001dc4:	0001      	movs	r1, r0
10001dc6:	0038      	movs	r0, r7
10001dc8:	f000 f9c0 	bl	1000214c <__wrap___aeabi_uidiv>
10001dcc:	9b06      	ldr	r3, [sp, #24]
10001dce:	0436      	lsls	r6, r6, #16
10001dd0:	031b      	lsls	r3, r3, #12
10001dd2:	431e      	orrs	r6, r3
10001dd4:	6823      	ldr	r3, [r4, #0]
10001dd6:	2b00      	cmp	r3, #0
10001dd8:	db22      	blt.n	10001e20 <pll_init+0x6c>
10001dda:	4b1b      	ldr	r3, [pc, #108]	@ (10001e48 <pll_init+0x94>)
10001ddc:	491b      	ldr	r1, [pc, #108]	@ (10001e4c <pll_init+0x98>)
10001dde:	18e3      	adds	r3, r4, r3
10001de0:	1e5a      	subs	r2, r3, #1
10001de2:	4193      	sbcs	r3, r2
10001de4:	2280      	movs	r2, #128	@ 0x80
10001de6:	0192      	lsls	r2, r2, #6
10001de8:	4694      	mov	ip, r2
10001dea:	425b      	negs	r3, r3
10001dec:	0b1b      	lsrs	r3, r3, #12
10001dee:	4a18      	ldr	r2, [pc, #96]	@ (10001e50 <pll_init+0x9c>)
10001df0:	031b      	lsls	r3, r3, #12
10001df2:	4463      	add	r3, ip
10001df4:	6013      	str	r3, [r2, #0]
10001df6:	4a17      	ldr	r2, [pc, #92]	@ (10001e54 <pll_init+0xa0>)
10001df8:	6013      	str	r3, [r2, #0]
10001dfa:	001f      	movs	r7, r3
10001dfc:	688a      	ldr	r2, [r1, #8]
10001dfe:	4397      	bics	r7, r2
10001e00:	d1fb      	bne.n	10001dfa <pll_init+0x46>
10001e02:	22c0      	movs	r2, #192	@ 0xc0
10001e04:	1d23      	adds	r3, r4, #4
10001e06:	0192      	lsls	r2, r2, #6
10001e08:	431a      	orrs	r2, r3
10001e0a:	2321      	movs	r3, #33	@ 0x21
10001e0c:	6025      	str	r5, [r4, #0]
10001e0e:	60a0      	str	r0, [r4, #8]
10001e10:	6013      	str	r3, [r2, #0]
10001e12:	6823      	ldr	r3, [r4, #0]
10001e14:	2b00      	cmp	r3, #0
10001e16:	dafc      	bge.n	10001e12 <pll_init+0x5e>
10001e18:	2308      	movs	r3, #8
10001e1a:	60e6      	str	r6, [r4, #12]
10001e1c:	6013      	str	r3, [r2, #0]
10001e1e:	bdf8      	pop	{r3, r4, r5, r6, r7, pc}
10001e20:	233f      	movs	r3, #63	@ 0x3f
10001e22:	6822      	ldr	r2, [r4, #0]
10001e24:	4013      	ands	r3, r2
10001e26:	42ab      	cmp	r3, r5
10001e28:	d1d7      	bne.n	10001dda <pll_init+0x26>
10001e2a:	68a3      	ldr	r3, [r4, #8]
10001e2c:	051b      	lsls	r3, r3, #20
10001e2e:	0d1b      	lsrs	r3, r3, #20
10001e30:	4283      	cmp	r3, r0
10001e32:	d1d2      	bne.n	10001dda <pll_init+0x26>
10001e34:	22ee      	movs	r2, #238	@ 0xee
10001e36:	68e3      	ldr	r3, [r4, #12]
10001e38:	02d2      	lsls	r2, r2, #11
10001e3a:	4013      	ands	r3, r2
10001e3c:	42b3      	cmp	r3, r6
10001e3e:	d1cc      	bne.n	10001dda <pll_init+0x26>
10001e40:	e7ed      	b.n	10001e1e <pll_init+0x6a>
10001e42:	46c0      	nop			@ (mov r8, r8)
10001e44:	00b71b00 	.word	0x00b71b00
10001e48:	bffd4000 	.word	0xbffd4000
10001e4c:	4000c000 	.word	0x4000c000
10001e50:	4000e000 	.word	0x4000e000
10001e54:	4000f000 	.word	0x4000f000

10001e58 <watchdog_start_tick>:
10001e58:	2380      	movs	r3, #128	@ 0x80
10001e5a:	4a02      	ldr	r2, [pc, #8]	@ (10001e64 <watchdog_start_tick+0xc>)
10001e5c:	009b      	lsls	r3, r3, #2
10001e5e:	4303      	orrs	r3, r0
10001e60:	62d3      	str	r3, [r2, #44]	@ 0x2c
10001e62:	4770      	bx	lr
10001e64:	40058000 	.word	0x40058000

10001e68 <watchdog_reboot>:
10001e68:	b510      	push	{r4, lr}
10001e6a:	2480      	movs	r4, #128	@ 0x80
10001e6c:	4b1c      	ldr	r3, [pc, #112]	@ (10001ee0 <watchdog_reboot+0x78>)
10001e6e:	05e4      	lsls	r4, r4, #23
10001e70:	601c      	str	r4, [r3, #0]
10001e72:	2800      	cmp	r0, #0
10001e74:	d01a      	beq.n	10001eac <watchdog_reboot+0x44>
10001e76:	2301      	movs	r3, #1
10001e78:	4c1a      	ldr	r4, [pc, #104]	@ (10001ee4 <watchdog_reboot+0x7c>)
10001e7a:	4318      	orrs	r0, r3
10001e7c:	4b1a      	ldr	r3, [pc, #104]	@ (10001ee8 <watchdog_reboot+0x80>)
10001e7e:	61dc      	str	r4, [r3, #28]
10001e80:	4c1a      	ldr	r4, [pc, #104]	@ (10001eec <watchdog_reboot+0x84>)
10001e82:	4044      	eors	r4, r0
10001e84:	621c      	str	r4, [r3, #32]
10001e86:	6259      	str	r1, [r3, #36]	@ 0x24
10001e88:	6298      	str	r0, [r3, #40]	@ 0x28
10001e8a:	2180      	movs	r1, #128	@ 0x80
10001e8c:	4b14      	ldr	r3, [pc, #80]	@ (10001ee0 <watchdog_reboot+0x78>)
10001e8e:	05c9      	lsls	r1, r1, #23
10001e90:	6019      	str	r1, [r3, #0]
10001e92:	4817      	ldr	r0, [pc, #92]	@ (10001ef0 <watchdog_reboot+0x88>)
10001e94:	4917      	ldr	r1, [pc, #92]	@ (10001ef4 <watchdog_reboot+0x8c>)
10001e96:	6008      	str	r0, [r1, #0]
10001e98:	21e0      	movs	r1, #224	@ 0xe0
10001e9a:	04c9      	lsls	r1, r1, #19
10001e9c:	6019      	str	r1, [r3, #0]
10001e9e:	2a00      	cmp	r2, #0
10001ea0:	d107      	bne.n	10001eb2 <watchdog_reboot+0x4a>
10001ea2:	2280      	movs	r2, #128	@ 0x80
10001ea4:	4b14      	ldr	r3, [pc, #80]	@ (10001ef8 <watchdog_reboot+0x90>)
10001ea6:	0612      	lsls	r2, r2, #24
10001ea8:	601a      	str	r2, [r3, #0]
10001eaa:	bd10      	pop	{r4, pc}
10001eac:	4b0e      	ldr	r3, [pc, #56]	@ (10001ee8 <watchdog_reboot+0x80>)
10001eae:	61d8      	str	r0, [r3, #28]
10001eb0:	e7eb      	b.n	10001e8a <watchdog_reboot+0x22>
10001eb2:	0153      	lsls	r3, r2, #5
10001eb4:	1a9b      	subs	r3, r3, r2
10001eb6:	009b      	lsls	r3, r3, #2
10001eb8:	189a      	adds	r2, r3, r2
10001eba:	2380      	movs	r3, #128	@ 0x80
10001ebc:	0112      	lsls	r2, r2, #4
10001ebe:	045b      	lsls	r3, r3, #17
10001ec0:	429a      	cmp	r2, r3
10001ec2:	d209      	bcs.n	10001ed8 <watchdog_reboot+0x70>
10001ec4:	0013      	movs	r3, r2
10001ec6:	490d      	ldr	r1, [pc, #52]	@ (10001efc <watchdog_reboot+0x94>)
10001ec8:	600b      	str	r3, [r1, #0]
10001eca:	4b07      	ldr	r3, [pc, #28]	@ (10001ee8 <watchdog_reboot+0x80>)
10001ecc:	605a      	str	r2, [r3, #4]
10001ece:	2280      	movs	r2, #128	@ 0x80
10001ed0:	4b09      	ldr	r3, [pc, #36]	@ (10001ef8 <watchdog_reboot+0x90>)
10001ed2:	05d2      	lsls	r2, r2, #23
10001ed4:	601a      	str	r2, [r3, #0]
10001ed6:	e7e8      	b.n	10001eaa <watchdog_reboot+0x42>
10001ed8:	4b09      	ldr	r3, [pc, #36]	@ (10001f00 <watchdog_reboot+0x98>)
10001eda:	001a      	movs	r2, r3
10001edc:	e7f3      	b.n	10001ec6 <watchdog_reboot+0x5e>
10001ede:	46c0      	nop			@ (mov r8, r8)
10001ee0:	4005b000 	.word	0x4005b000
10001ee4:	b007c0d3 	.word	0xb007c0d3
10001ee8:	40058000 	.word	0x40058000
10001eec:	4ff83f2d 	.word	0x4ff83f2d
10001ef0:	0001fffc 	.word	0x0001fffc
10001ef4:	40012008 	.word	0x40012008
10001ef8:	4005a000 	.word	0x4005a000
10001efc:	2000233c 	.word	0x2000233c
10001f00:	00ffffff 	.word	0x00ffffff

10001f04 <xosc_init>:
10001f04:	23aa      	movs	r3, #170	@ 0xaa
10001f06:	4a06      	ldr	r2, [pc, #24]	@ (10001f20 <xosc_init+0x1c>)
10001f08:	011b      	lsls	r3, r3, #4
10001f0a:	6013      	str	r3, [r2, #0]
10001f0c:	232f      	movs	r3, #47	@ 0x2f
10001f0e:	4905      	ldr	r1, [pc, #20]	@ (10001f24 <xosc_init+0x20>)
10001f10:	60d3      	str	r3, [r2, #12]
10001f12:	4b05      	ldr	r3, [pc, #20]	@ (10001f28 <xosc_init+0x24>)
10001f14:	6019      	str	r1, [r3, #0]
10001f16:	6853      	ldr	r3, [r2, #4]
10001f18:	2b00      	cmp	r3, #0
10001f1a:	dafc      	bge.n	10001f16 <xosc_init+0x12>
10001f1c:	4770      	bx	lr
10001f1e:	46c0      	nop			@ (mov r8, r8)
10001f20:	40024000 	.word	0x40024000
10001f24:	00fab000 	.word	0x00fab000
10001f28:	40026000 	.word	0x40026000

10001f2c <runtime_init>:
10001f2c:	4b2c      	ldr	r3, [pc, #176]	@ (10001fe0 <runtime_init+0xb4>)
10001f2e:	4a2d      	ldr	r2, [pc, #180]	@ (10001fe4 <runtime_init+0xb8>)
10001f30:	b570      	push	{r4, r5, r6, lr}
10001f32:	601a      	str	r2, [r3, #0]
10001f34:	4a2c      	ldr	r2, [pc, #176]	@ (10001fe8 <runtime_init+0xbc>)
10001f36:	4b2d      	ldr	r3, [pc, #180]	@ (10001fec <runtime_init+0xc0>)
10001f38:	492d      	ldr	r1, [pc, #180]	@ (10001ff0 <runtime_init+0xc4>)
10001f3a:	601a      	str	r2, [r3, #0]
10001f3c:	0014      	movs	r4, r2
10001f3e:	688b      	ldr	r3, [r1, #8]
10001f40:	439c      	bics	r4, r3
10001f42:	d1fb      	bne.n	10001f3c <runtime_init+0x10>
10001f44:	4d2b      	ldr	r5, [pc, #172]	@ (10001ff4 <runtime_init+0xc8>)
10001f46:	4e2c      	ldr	r6, [pc, #176]	@ (10001ff8 <runtime_init+0xcc>)
10001f48:	42b5      	cmp	r5, r6
10001f4a:	d208      	bcs.n	10001f5e <runtime_init+0x32>
10001f4c:	3e01      	subs	r6, #1
10001f4e:	1b76      	subs	r6, r6, r5
10001f50:	08b6      	lsrs	r6, r6, #2
10001f52:	cd08      	ldmia	r5!, {r3}
10001f54:	4798      	blx	r3
10001f56:	0023      	movs	r3, r4
10001f58:	3401      	adds	r4, #1
10001f5a:	42b3      	cmp	r3, r6
10001f5c:	d1f9      	bne.n	10001f52 <runtime_init+0x26>
10001f5e:	f7ff fdc5 	bl	10001aec <clocks_init>
10001f62:	4a26      	ldr	r2, [pc, #152]	@ (10001ffc <runtime_init+0xd0>)
10001f64:	4b21      	ldr	r3, [pc, #132]	@ (10001fec <runtime_init+0xc0>)
10001f66:	601a      	str	r2, [r3, #0]
10001f68:	4a21      	ldr	r2, [pc, #132]	@ (10001ff0 <runtime_init+0xc4>)
10001f6a:	6893      	ldr	r3, [r2, #8]
10001f6c:	43db      	mvns	r3, r3
10001f6e:	01db      	lsls	r3, r3, #7
10001f70:	09dd      	lsrs	r5, r3, #7
10001f72:	2b00      	cmp	r3, #0
10001f74:	d1f9      	bne.n	10001f6a <runtime_init+0x3e>
10001f76:	2240      	movs	r2, #64	@ 0x40
10001f78:	4b21      	ldr	r3, [pc, #132]	@ (10002000 <runtime_init+0xd4>)
10001f7a:	4c22      	ldr	r4, [pc, #136]	@ (10002004 <runtime_init+0xd8>)
10001f7c:	4e22      	ldr	r6, [pc, #136]	@ (10002008 <runtime_init+0xdc>)
10001f7e:	679a      	str	r2, [r3, #120]	@ 0x78
10001f80:	675a      	str	r2, [r3, #116]	@ 0x74
10001f82:	671a      	str	r2, [r3, #112]	@ 0x70
10001f84:	66da      	str	r2, [r3, #108]	@ 0x6c
10001f86:	42b4      	cmp	r4, r6
10001f88:	d208      	bcs.n	10001f9c <runtime_init+0x70>
10001f8a:	6823      	ldr	r3, [r4, #0]
10001f8c:	0020      	movs	r0, r4
10001f8e:	2b00      	cmp	r3, #0
10001f90:	d020      	beq.n	10001fd4 <runtime_init+0xa8>
10001f92:	3408      	adds	r4, #8
10001f94:	f7fe feb2 	bl	10000cfc <recursive_mutex_init>
10001f98:	42b4      	cmp	r4, r6
10001f9a:	d3f6      	bcc.n	10001f8a <runtime_init+0x5e>
10001f9c:	4c1b      	ldr	r4, [pc, #108]	@ (1000200c <runtime_init+0xe0>)
10001f9e:	4e1c      	ldr	r6, [pc, #112]	@ (10002010 <runtime_init+0xe4>)
10001fa0:	22c0      	movs	r2, #192	@ 0xc0
10001fa2:	68b1      	ldr	r1, [r6, #8]
10001fa4:	0020      	movs	r0, r4
10001fa6:	f000 fbdb 	bl	10002760 <__wrap___aeabi_memcpy>
10001faa:	60b4      	str	r4, [r6, #8]
10001fac:	f7fe fba8 	bl	10000700 <spin_locks_reset>
10001fb0:	f7fe fe66 	bl	10000c80 <irq_init_priorities>
10001fb4:	f7ff f84e 	bl	10001054 <alarm_pool_init_default>
10001fb8:	4c16      	ldr	r4, [pc, #88]	@ (10002014 <runtime_init+0xe8>)
10001fba:	4e17      	ldr	r6, [pc, #92]	@ (10002018 <runtime_init+0xec>)
10001fbc:	42b4      	cmp	r4, r6
10001fbe:	d208      	bcs.n	10001fd2 <runtime_init+0xa6>
10001fc0:	3e01      	subs	r6, #1
10001fc2:	1b36      	subs	r6, r6, r4
10001fc4:	08b6      	lsrs	r6, r6, #2
10001fc6:	cc08      	ldmia	r4!, {r3}
10001fc8:	4798      	blx	r3
10001fca:	002b      	movs	r3, r5
10001fcc:	3501      	adds	r5, #1
10001fce:	429e      	cmp	r6, r3
10001fd0:	d1f9      	bne.n	10001fc6 <runtime_init+0x9a>
10001fd2:	bd70      	pop	{r4, r5, r6, pc}
10001fd4:	3408      	adds	r4, #8
10001fd6:	f7fe fe83 	bl	10000ce0 <mutex_init>
10001fda:	42b4      	cmp	r4, r6
10001fdc:	d3d5      	bcc.n	10001f8a <runtime_init+0x5e>
10001fde:	e7dd      	b.n	10001f9c <runtime_init+0x70>
10001fe0:	4000e000 	.word	0x4000e000
10001fe4:	fefbcdbf 	.word	0xfefbcdbf
10001fe8:	003c7ffe 	.word	0x003c7ffe
10001fec:	4000f000 	.word	0x4000f000
10001ff0:	4000c000 	.word	0x4000c000
10001ff4:	20001498 	.word	0x20001498
10001ff8:	200014a8 	.word	0x200014a8
10001ffc:	01ffffff 	.word	0x01ffffff
10002000:	4001f000 	.word	0x4001f000
10002004:	20001490 	.word	0x20001490
10002008:	20001498 	.word	0x20001498
1000200c:	20000000 	.word	0x20000000
10002010:	e000ed00 	.word	0xe000ed00
10002014:	200014a8 	.word	0x200014a8
10002018:	200014b0 	.word	0x200014b0

1000201c <_exit>:
1000201c:	be00      	bkpt	0x0000
1000201e:	e7fd      	b.n	1000201c <_exit>

10002020 <_sbrk>:
10002020:	4a09      	ldr	r2, [pc, #36]	@ (10002048 <_sbrk+0x28>)
10002022:	0003      	movs	r3, r0
10002024:	6810      	ldr	r0, [r2, #0]
10002026:	2800      	cmp	r0, #0
10002028:	d005      	beq.n	10002036 <_sbrk+0x16>
1000202a:	4908      	ldr	r1, [pc, #32]	@ (1000204c <_sbrk+0x2c>)
1000202c:	18c3      	adds	r3, r0, r3
1000202e:	428b      	cmp	r3, r1
10002030:	d807      	bhi.n	10002042 <_sbrk+0x22>
10002032:	6013      	str	r3, [r2, #0]
10002034:	4770      	bx	lr
10002036:	4806      	ldr	r0, [pc, #24]	@ (10002050 <_sbrk+0x30>)
10002038:	4904      	ldr	r1, [pc, #16]	@ (1000204c <_sbrk+0x2c>)
1000203a:	18c3      	adds	r3, r0, r3
1000203c:	6010      	str	r0, [r2, #0]
1000203e:	428b      	cmp	r3, r1
10002040:	d9f7      	bls.n	10002032 <_sbrk+0x12>
10002042:	2001      	movs	r0, #1
10002044:	4240      	negs	r0, r0
10002046:	e7f5      	b.n	10002034 <_sbrk+0x14>
10002048:	20001f2c 	.word	0x20001f2c
1000204c:	20040000 	.word	0x20040000
10002050:	200023c0 	.word	0x200023c0

10002054 <exit>:
10002054:	b510      	push	{r4, lr}
10002056:	f7ff ffe1 	bl	1000201c <_exit>
1000205a:	46c0      	nop			@ (mov r8, r8)

1000205c <panic>:
1000205c:	b40f      	push	{r0, r1, r2, r3}
1000205e:	b500      	push	{lr}
10002060:	4808      	ldr	r0, [pc, #32]	@ (10002084 <panic+0x28>)
10002062:	b083      	sub	sp, #12
10002064:	f000 fc24 	bl	100028b0 <__wrap_puts>
10002068:	9b04      	ldr	r3, [sp, #16]
1000206a:	2b00      	cmp	r3, #0
1000206c:	d007      	beq.n	1000207e <panic+0x22>
1000206e:	a905      	add	r1, sp, #20
10002070:	0018      	movs	r0, r3
10002072:	9101      	str	r1, [sp, #4]
10002074:	f000 f818 	bl	100020a8 <weak_raw_vprintf>
10002078:	4803      	ldr	r0, [pc, #12]	@ (10002088 <panic+0x2c>)
1000207a:	f000 fc19 	bl	100028b0 <__wrap_puts>
1000207e:	2001      	movs	r0, #1
10002080:	f7ff ffcc 	bl	1000201c <_exit>
10002084:	10005888 	.word	0x10005888
10002088:	10005898 	.word	0x10005898

1000208c <hard_assertion_failure>:
1000208c:	b510      	push	{r4, lr}
1000208e:	4801      	ldr	r0, [pc, #4]	@ (10002094 <hard_assertion_failure+0x8>)
10002090:	f7ff ffe4 	bl	1000205c <panic>
10002094:	1000589c 	.word	0x1000589c

10002098 <_out_char>:
10002098:	b510      	push	{r4, lr}
1000209a:	2800      	cmp	r0, #0
1000209c:	d100      	bne.n	100020a0 <_out_char+0x8>
1000209e:	bd10      	pop	{r4, pc}
100020a0:	f000 fbbc 	bl	1000281c <__wrap_putchar>
100020a4:	e7fb      	b.n	1000209e <_out_char+0x6>
100020a6:	46c0      	nop			@ (mov r8, r8)

100020a8 <weak_raw_vprintf>:
100020a8:	b510      	push	{r4, lr}
100020aa:	4a09      	ldr	r2, [pc, #36]	@ (100020d0 <weak_raw_vprintf+0x28>)
100020ac:	0003      	movs	r3, r0
100020ae:	6814      	ldr	r4, [r2, #0]
100020b0:	b084      	sub	sp, #16
100020b2:	2c00      	cmp	r4, #0
100020b4:	d008      	beq.n	100020c8 <weak_raw_vprintf+0x20>
100020b6:	2201      	movs	r2, #1
100020b8:	9100      	str	r1, [sp, #0]
100020ba:	4806      	ldr	r0, [pc, #24]	@ (100020d4 <weak_raw_vprintf+0x2c>)
100020bc:	4252      	negs	r2, r2
100020be:	a903      	add	r1, sp, #12
100020c0:	47a0      	blx	r4
100020c2:	2001      	movs	r0, #1
100020c4:	b004      	add	sp, #16
100020c6:	bd10      	pop	{r4, pc}
100020c8:	f000 fbf2 	bl	100028b0 <__wrap_puts>
100020cc:	2000      	movs	r0, #0
100020ce:	e7f9      	b.n	100020c4 <weak_raw_vprintf+0x1c>
100020d0:	20002338 	.word	0x20002338
100020d4:	10002099 	.word	0x10002099

100020d8 <__aeabi_bits_init>:
100020d8:	4801      	ldr	r0, [pc, #4]	@ (100020e0 <__aeabi_bits_init+0x8>)
100020da:	2104      	movs	r1, #4
100020dc:	4b01      	ldr	r3, [pc, #4]	@ (100020e4 <__aeabi_bits_init+0xc>)
100020de:	4718      	bx	r3
100020e0:	20000ed0 	.word	0x20000ed0
100020e4:	10002109 	.word	0x10002109

100020e8 <rom_func_lookup>:
100020e8:	2300      	movs	r3, #0
100020ea:	b510      	push	{r4, lr}
100020ec:	0001      	movs	r1, r0
100020ee:	8a98      	ldrh	r0, [r3, #20]
100020f0:	8b1b      	ldrh	r3, [r3, #24]
100020f2:	4798      	blx	r3
100020f4:	bd10      	pop	{r4, pc}
100020f6:	46c0      	nop			@ (mov r8, r8)

100020f8 <rom_data_lookup>:
100020f8:	2316      	movs	r3, #22
100020fa:	b510      	push	{r4, lr}
100020fc:	0001      	movs	r1, r0
100020fe:	8818      	ldrh	r0, [r3, #0]
10002100:	3302      	adds	r3, #2
10002102:	881b      	ldrh	r3, [r3, #0]
10002104:	4798      	blx	r3
10002106:	bd10      	pop	{r4, pc}

10002108 <rom_funcs_lookup>:
10002108:	b5f8      	push	{r3, r4, r5, r6, r7, lr}
1000210a:	4647      	mov	r7, r8
1000210c:	46ce      	mov	lr, r9
1000210e:	b580      	push	{r7, lr}
10002110:	1e0f      	subs	r7, r1, #0
10002112:	d018      	beq.n	10002146 <rom_funcs_lookup+0x3e>
10002114:	2314      	movs	r3, #20
10002116:	4699      	mov	r9, r3
10002118:	3304      	adds	r3, #4
1000211a:	0004      	movs	r4, r0
1000211c:	2500      	movs	r5, #0
1000211e:	2601      	movs	r6, #1
10002120:	4698      	mov	r8, r3
10002122:	464b      	mov	r3, r9
10002124:	8818      	ldrh	r0, [r3, #0]
10002126:	4643      	mov	r3, r8
10002128:	6821      	ldr	r1, [r4, #0]
1000212a:	881b      	ldrh	r3, [r3, #0]
1000212c:	4798      	blx	r3
1000212e:	c401      	stmia	r4!, {r0}
10002130:	1e43      	subs	r3, r0, #1
10002132:	4198      	sbcs	r0, r3
10002134:	3501      	adds	r5, #1
10002136:	4006      	ands	r6, r0
10002138:	42af      	cmp	r7, r5
1000213a:	d1f2      	bne.n	10002122 <rom_funcs_lookup+0x1a>
1000213c:	0030      	movs	r0, r6
1000213e:	bcc0      	pop	{r6, r7}
10002140:	46b9      	mov	r9, r7
10002142:	46b0      	mov	r8, r6
10002144:	bdf8      	pop	{r3, r4, r5, r6, r7, pc}
10002146:	2601      	movs	r6, #1
10002148:	e7f8      	b.n	1000213c <rom_funcs_lookup+0x34>
1000214a:	46c0      	nop			@ (mov r8, r8)

1000214c <__wrap___aeabi_uidiv>:
1000214c:	4a11      	ldr	r2, [pc, #68]	@ (10002194 <divmod_u32u32_savestate+0x18>)
1000214e:	6f93      	ldr	r3, [r2, #120]	@ 0x78
10002150:	089b      	lsrs	r3, r3, #2
10002152:	d213      	bcs.n	1000217c <divmod_u32u32_savestate>

10002154 <divmod_u32u32_unsafe>:
10002154:	6610      	str	r0, [r2, #96]	@ 0x60
10002156:	6651      	str	r1, [r2, #100]	@ 0x64
10002158:	2900      	cmp	r1, #0
1000215a:	d005      	beq.n	10002168 <divmod_u32u32_unsafe+0x14>
1000215c:	e7ff      	b.n	1000215e <divmod_u32u32_unsafe+0xa>
1000215e:	e7ff      	b.n	10002160 <divmod_u32u32_unsafe+0xc>
10002160:	e7ff      	b.n	10002162 <divmod_u32u32_unsafe+0xe>
10002162:	6f51      	ldr	r1, [r2, #116]	@ 0x74
10002164:	6f10      	ldr	r0, [r2, #112]	@ 0x70
10002166:	4770      	bx	lr
10002168:	b504      	push	{r2, lr}
1000216a:	2800      	cmp	r0, #0
1000216c:	d001      	beq.n	10002172 <divmod_u32u32_unsafe+0x1e>
1000216e:	2000      	movs	r0, #0
10002170:	43c0      	mvns	r0, r0
10002172:	f003 fb11 	bl	10005798 <____aeabi_idiv0_veneer>
10002176:	2100      	movs	r1, #0
10002178:	bd04      	pop	{r2, pc}
1000217a:	46c0      	nop			@ (mov r8, r8)

1000217c <divmod_u32u32_savestate>:
1000217c:	b5f0      	push	{r4, r5, r6, r7, lr}
1000217e:	6e14      	ldr	r4, [r2, #96]	@ 0x60
10002180:	6e55      	ldr	r5, [r2, #100]	@ 0x64
10002182:	6f57      	ldr	r7, [r2, #116]	@ 0x74
10002184:	6f16      	ldr	r6, [r2, #112]	@ 0x70
10002186:	f7ff ffe5 	bl	10002154 <divmod_u32u32_unsafe>
1000218a:	6614      	str	r4, [r2, #96]	@ 0x60
1000218c:	6655      	str	r5, [r2, #100]	@ 0x64
1000218e:	6757      	str	r7, [r2, #116]	@ 0x74
10002190:	6716      	str	r6, [r2, #112]	@ 0x70
10002192:	bdf0      	pop	{r4, r5, r6, r7, pc}
10002194:	d0000000 	.word	0xd0000000

10002198 <__wrap___aeabi_ldivmod>:
10002198:	4694      	mov	ip, r2
1000219a:	4a4a      	ldr	r2, [pc, #296]	@ (100022c4 <udiv0+0x1a>)
1000219c:	6f92      	ldr	r2, [r2, #120]	@ 0x78
1000219e:	0892      	lsrs	r2, r2, #2
100021a0:	4662      	mov	r2, ip
100021a2:	d201      	bcs.n	100021a8 <divmod_s64s64_savestate>
100021a4:	e028      	b.n	100021f8 <divmod_s64s64_unsafe>
100021a6:	46c0      	nop			@ (mov r8, r8)

100021a8 <divmod_s64s64_savestate>:
100021a8:	b5f0      	push	{r4, r5, r6, r7, lr}
100021aa:	4e46      	ldr	r6, [pc, #280]	@ (100022c4 <udiv0+0x1a>)
100021ac:	6e34      	ldr	r4, [r6, #96]	@ 0x60
100021ae:	6e75      	ldr	r5, [r6, #100]	@ 0x64
100021b0:	6f77      	ldr	r7, [r6, #116]	@ 0x74
100021b2:	6f36      	ldr	r6, [r6, #112]	@ 0x70
100021b4:	f000 f820 	bl	100021f8 <divmod_s64s64_unsafe>
100021b8:	4694      	mov	ip, r2
100021ba:	4a42      	ldr	r2, [pc, #264]	@ (100022c4 <udiv0+0x1a>)
100021bc:	6614      	str	r4, [r2, #96]	@ 0x60
100021be:	6655      	str	r5, [r2, #100]	@ 0x64
100021c0:	6757      	str	r7, [r2, #116]	@ 0x74
100021c2:	6716      	str	r6, [r2, #112]	@ 0x70
100021c4:	4662      	mov	r2, ip
100021c6:	bdf0      	pop	{r4, r5, r6, r7, pc}

100021c8 <__wrap___aeabi_uldivmod>:
100021c8:	4694      	mov	ip, r2
100021ca:	4a3e      	ldr	r2, [pc, #248]	@ (100022c4 <udiv0+0x1a>)
100021cc:	6f92      	ldr	r2, [r2, #120]	@ 0x78
100021ce:	0892      	lsrs	r2, r2, #2
100021d0:	4662      	mov	r2, ip
100021d2:	d201      	bcs.n	100021d8 <divmod_u64u64_savestate>
100021d4:	e054      	b.n	10002280 <divmod_u64u64_unsafe>
100021d6:	46c0      	nop			@ (mov r8, r8)

100021d8 <divmod_u64u64_savestate>:
100021d8:	b5f0      	push	{r4, r5, r6, r7, lr}
100021da:	4e3a      	ldr	r6, [pc, #232]	@ (100022c4 <udiv0+0x1a>)
100021dc:	6e34      	ldr	r4, [r6, #96]	@ 0x60
100021de:	6e75      	ldr	r5, [r6, #100]	@ 0x64
100021e0:	6f77      	ldr	r7, [r6, #116]	@ 0x74
100021e2:	6f36      	ldr	r6, [r6, #112]	@ 0x70
100021e4:	f000 f84c 	bl	10002280 <divmod_u64u64_unsafe>
100021e8:	4694      	mov	ip, r2
100021ea:	4a36      	ldr	r2, [pc, #216]	@ (100022c4 <udiv0+0x1a>)
100021ec:	6614      	str	r4, [r2, #96]	@ 0x60
100021ee:	6655      	str	r5, [r2, #100]	@ 0x64
100021f0:	6757      	str	r7, [r2, #116]	@ 0x74
100021f2:	6716      	str	r6, [r2, #112]	@ 0x70
100021f4:	4662      	mov	r2, ip
100021f6:	bdf0      	pop	{r4, r5, r6, r7, pc}

100021f8 <divmod_s64s64_unsafe>:
100021f8:	2b00      	cmp	r3, #0
100021fa:	db24      	blt.n	10002246 <l42_1+0x26>
100021fc:	d011      	beq.n	10002222 <l42_1+0x2>
100021fe:	2900      	cmp	r1, #0
10002200:	da3e      	bge.n	10002280 <divmod_u64u64_unsafe>
10002202:	b500      	push	{lr}
10002204:	43c9      	mvns	r1, r1
10002206:	4240      	negs	r0, r0
10002208:	d100      	bne.n	1000220c <l40_1>
1000220a:	3101      	adds	r1, #1

1000220c <l40_1>:
1000220c:	f000 f838 	bl	10002280 <divmod_u64u64_unsafe>
10002210:	43c9      	mvns	r1, r1
10002212:	4240      	negs	r0, r0
10002214:	d100      	bne.n	10002218 <l41_1>
10002216:	3101      	adds	r1, #1

10002218 <l41_1>:
10002218:	43db      	mvns	r3, r3
1000221a:	4252      	negs	r2, r2
1000221c:	d100      	bne.n	10002220 <l42_1>
1000221e:	3301      	adds	r3, #1

10002220 <l42_1>:
10002220:	bd00      	pop	{pc}
10002222:	2a00      	cmp	r2, #0
10002224:	d1eb      	bne.n	100021fe <divmod_s64s64_unsafe+0x6>
10002226:	2800      	cmp	r0, #0
10002228:	d101      	bne.n	1000222e <l42_1+0xe>
1000222a:	2900      	cmp	r1, #0
1000222c:	d005      	beq.n	1000223a <l42_1+0x1a>
1000222e:	2000      	movs	r0, #0
10002230:	0fc9      	lsrs	r1, r1, #31
10002232:	07c9      	lsls	r1, r1, #31
10002234:	d101      	bne.n	1000223a <l42_1+0x1a>
10002236:	43c0      	mvns	r0, r0
10002238:	0841      	lsrs	r1, r0, #1
1000223a:	b500      	push	{lr}
1000223c:	f003 faa4 	bl	10005788 <____aeabi_ldiv0_veneer>
10002240:	2200      	movs	r2, #0
10002242:	2300      	movs	r3, #0
10002244:	bd00      	pop	{pc}
10002246:	b500      	push	{lr}
10002248:	2900      	cmp	r1, #0
1000224a:	db0a      	blt.n	10002262 <l44_1+0x2>
1000224c:	43db      	mvns	r3, r3
1000224e:	4252      	negs	r2, r2
10002250:	d100      	bne.n	10002254 <l43_1>
10002252:	3301      	adds	r3, #1

10002254 <l43_1>:
10002254:	f000 f814 	bl	10002280 <divmod_u64u64_unsafe>
10002258:	43c9      	mvns	r1, r1
1000225a:	4240      	negs	r0, r0
1000225c:	d100      	bne.n	10002260 <l44_1>
1000225e:	3101      	adds	r1, #1

10002260 <l44_1>:
10002260:	bd00      	pop	{pc}
10002262:	43c9      	mvns	r1, r1
10002264:	4240      	negs	r0, r0
10002266:	d100      	bne.n	1000226a <l45_1>
10002268:	3101      	adds	r1, #1

1000226a <l45_1>:
1000226a:	43db      	mvns	r3, r3
1000226c:	4252      	negs	r2, r2
1000226e:	d100      	bne.n	10002272 <l46_1>
10002270:	3301      	adds	r3, #1

10002272 <l46_1>:
10002272:	f000 f805 	bl	10002280 <divmod_u64u64_unsafe>
10002276:	43db      	mvns	r3, r3
10002278:	4252      	negs	r2, r2
1000227a:	d100      	bne.n	1000227e <l47_1>
1000227c:	3301      	adds	r3, #1

1000227e <l47_1>:
1000227e:	bd00      	pop	{pc}

10002280 <divmod_u64u64_unsafe>:
10002280:	2900      	cmp	r1, #0
10002282:	d123      	bne.n	100022cc <y64>
10002284:	2b00      	cmp	r3, #0
10002286:	d118      	bne.n	100022ba <udiv0+0x10>
10002288:	2a00      	cmp	r2, #0
1000228a:	d00c      	beq.n	100022a6 <divmod_u64u64_unsafe+0x26>
1000228c:	46bc      	mov	ip, r7
1000228e:	4f0d      	ldr	r7, [pc, #52]	@ (100022c4 <udiv0+0x1a>)
10002290:	6638      	str	r0, [r7, #96]	@ 0x60
10002292:	667a      	str	r2, [r7, #100]	@ 0x64
10002294:	2100      	movs	r1, #0
10002296:	2300      	movs	r3, #0
10002298:	e7ff      	b.n	1000229a <divmod_u64u64_unsafe+0x1a>
1000229a:	e7ff      	b.n	1000229c <divmod_u64u64_unsafe+0x1c>
1000229c:	e7ff      	b.n	1000229e <divmod_u64u64_unsafe+0x1e>
1000229e:	6f7a      	ldr	r2, [r7, #116]	@ 0x74
100022a0:	6f38      	ldr	r0, [r7, #112]	@ 0x70
100022a2:	4667      	mov	r7, ip
100022a4:	4770      	bx	lr
100022a6:	2800      	cmp	r0, #0
100022a8:	d001      	beq.n	100022ae <udiv0+0x4>

100022aa <udiv0>:
100022aa:	4807      	ldr	r0, [pc, #28]	@ (100022c8 <udiv0+0x1e>)
100022ac:	0001      	movs	r1, r0
100022ae:	b500      	push	{lr}
100022b0:	f003 fa6a 	bl	10005788 <____aeabi_ldiv0_veneer>
100022b4:	2200      	movs	r2, #0
100022b6:	2300      	movs	r3, #0
100022b8:	bd00      	pop	{pc}
100022ba:	0002      	movs	r2, r0
100022bc:	000b      	movs	r3, r1
100022be:	2000      	movs	r0, #0
100022c0:	2100      	movs	r1, #0
100022c2:	4770      	bx	lr
100022c4:	d0000000 	.word	0xd0000000
100022c8:	ffffffff 	.word	0xffffffff

100022cc <y64>:
100022cc:	2b00      	cmp	r3, #0
100022ce:	d000      	beq.n	100022d2 <y64+0x6>
100022d0:	e0bf      	b.n	10002452 <y64_x48>
100022d2:	0c13      	lsrs	r3, r2, #16
100022d4:	d128      	bne.n	10002328 <y64_x32>
100022d6:	2a00      	cmp	r2, #0
100022d8:	d0e7      	beq.n	100022aa <udiv0>
100022da:	b480      	push	{r7}
100022dc:	4f11      	ldr	r7, [pc, #68]	@ (10002324 <y64+0x58>)
100022de:	6639      	str	r1, [r7, #96]	@ 0x60
100022e0:	667a      	str	r2, [r7, #100]	@ 0x64
100022e2:	e7ff      	b.n	100022e4 <y64+0x18>
100022e4:	e7ff      	b.n	100022e6 <y64+0x1a>
100022e6:	b430      	push	{r4, r5}
100022e8:	0c04      	lsrs	r4, r0, #16
100022ea:	6f7b      	ldr	r3, [r7, #116]	@ 0x74
100022ec:	6f39      	ldr	r1, [r7, #112]	@ 0x70
100022ee:	041b      	lsls	r3, r3, #16
100022f0:	4323      	orrs	r3, r4
100022f2:	663b      	str	r3, [r7, #96]	@ 0x60
100022f4:	667a      	str	r2, [r7, #100]	@ 0x64
100022f6:	e7ff      	b.n	100022f8 <y64+0x2c>
100022f8:	e7ff      	b.n	100022fa <y64+0x2e>
100022fa:	e7ff      	b.n	100022fc <y64+0x30>
100022fc:	46c0      	nop			@ (mov r8, r8)
100022fe:	b284      	uxth	r4, r0
10002300:	6f7b      	ldr	r3, [r7, #116]	@ 0x74
10002302:	6f3d      	ldr	r5, [r7, #112]	@ 0x70
10002304:	041b      	lsls	r3, r3, #16
10002306:	4323      	orrs	r3, r4
10002308:	663b      	str	r3, [r7, #96]	@ 0x60
1000230a:	667a      	str	r2, [r7, #100]	@ 0x64
1000230c:	e7ff      	b.n	1000230e <y64+0x42>
1000230e:	e7ff      	b.n	10002310 <y64+0x44>
10002310:	46c0      	nop			@ (mov r8, r8)
10002312:	2300      	movs	r3, #0
10002314:	042c      	lsls	r4, r5, #16
10002316:	0c2d      	lsrs	r5, r5, #16
10002318:	6f7a      	ldr	r2, [r7, #116]	@ 0x74
1000231a:	6f38      	ldr	r0, [r7, #112]	@ 0x70
1000231c:	1900      	adds	r0, r0, r4
1000231e:	4169      	adcs	r1, r5
10002320:	bcb0      	pop	{r4, r5, r7}
10002322:	4770      	bx	lr
10002324:	d0000000 	.word	0xd0000000

10002328 <y64_x32>:
10002328:	b5f0      	push	{r4, r5, r6, r7, lr}
1000232a:	4694      	mov	ip, r2
1000232c:	2500      	movs	r5, #0
1000232e:	0e14      	lsrs	r4, r2, #24
10002330:	d101      	bne.n	10002336 <y64_x32+0xe>
10002332:	0212      	lsls	r2, r2, #8
10002334:	3508      	adds	r5, #8
10002336:	0f14      	lsrs	r4, r2, #28
10002338:	d101      	bne.n	1000233e <y64_x32+0x16>
1000233a:	0112      	lsls	r2, r2, #4
1000233c:	3504      	adds	r5, #4
1000233e:	0f94      	lsrs	r4, r2, #30
10002340:	d101      	bne.n	10002346 <y64_x32+0x1e>
10002342:	0092      	lsls	r2, r2, #2
10002344:	3502      	adds	r5, #2
10002346:	0fd4      	lsrs	r4, r2, #31
10002348:	d101      	bne.n	1000234e <y64_x32+0x26>
1000234a:	0052      	lsls	r2, r2, #1
1000234c:	3501      	adds	r5, #1
1000234e:	0bd4      	lsrs	r4, r2, #15
10002350:	3401      	adds	r4, #1
10002352:	4f25      	ldr	r7, [pc, #148]	@ (100023e8 <y64_x32+0xc0>)
10002354:	667c      	str	r4, [r7, #100]	@ 0x64
10002356:	4c25      	ldr	r4, [pc, #148]	@ (100023ec <y64_x32+0xc4>)
10002358:	663c      	str	r4, [r7, #96]	@ 0x60
1000235a:	0c0e      	lsrs	r6, r1, #16
1000235c:	b293      	uxth	r3, r2
1000235e:	e7ff      	b.n	10002360 <y64_x32+0x38>
10002360:	e7ff      	b.n	10002362 <y64_x32+0x3a>
10002362:	e7ff      	b.n	10002364 <y64_x32+0x3c>
10002364:	6f3c      	ldr	r4, [r7, #112]	@ 0x70
10002366:	4366      	muls	r6, r4
10002368:	0c36      	lsrs	r6, r6, #16
1000236a:	0377      	lsls	r7, r6, #13
1000236c:	46be      	mov	lr, r7
1000236e:	4373      	muls	r3, r6
10002370:	0bdf      	lsrs	r7, r3, #15
10002372:	045b      	lsls	r3, r3, #17
10002374:	1ac0      	subs	r0, r0, r3
10002376:	41b9      	sbcs	r1, r7
10002378:	0c13      	lsrs	r3, r2, #16
1000237a:	4373      	muls	r3, r6
1000237c:	18db      	adds	r3, r3, r3
1000237e:	1ac9      	subs	r1, r1, r3
10002380:	08ce      	lsrs	r6, r1, #3
10002382:	4366      	muls	r6, r4
10002384:	0c36      	lsrs	r6, r6, #16
10002386:	44b6      	add	lr, r6
10002388:	b293      	uxth	r3, r2
1000238a:	4373      	muls	r3, r6
1000238c:	0f1f      	lsrs	r7, r3, #28
1000238e:	011b      	lsls	r3, r3, #4
10002390:	1ac0      	subs	r0, r0, r3
10002392:	41b9      	sbcs	r1, r7
10002394:	0c13      	lsrs	r3, r2, #16
10002396:	4373      	muls	r3, r6
10002398:	0b1f      	lsrs	r7, r3, #12
1000239a:	051b      	lsls	r3, r3, #20
1000239c:	1ac0      	subs	r0, r0, r3
1000239e:	41b9      	sbcs	r1, r7
100023a0:	0d86      	lsrs	r6, r0, #22
100023a2:	028f      	lsls	r7, r1, #10
100023a4:	433e      	orrs	r6, r7
100023a6:	4366      	muls	r6, r4
100023a8:	0c36      	lsrs	r6, r6, #16
100023aa:	2d09      	cmp	r5, #9
100023ac:	db24      	blt.n	100023f8 <last0>
100023ae:	0a52      	lsrs	r2, r2, #9
100023b0:	4372      	muls	r2, r6
100023b2:	1a80      	subs	r0, r0, r2
100023b4:	0377      	lsls	r7, r6, #13
100023b6:	0a46      	lsrs	r6, r0, #9
100023b8:	4366      	muls	r6, r4
100023ba:	0c36      	lsrs	r6, r6, #16
100023bc:	2316      	movs	r3, #22
100023be:	1b5b      	subs	r3, r3, r5
100023c0:	40de      	lsrs	r6, r3
100023c2:	40df      	lsrs	r7, r3
100023c4:	19bf      	adds	r7, r7, r6
100023c6:	4664      	mov	r4, ip
100023c8:	4366      	muls	r6, r4
100023ca:	1b82      	subs	r2, r0, r6
100023cc:	4670      	mov	r0, lr
100023ce:	3504      	adds	r5, #4
100023d0:	3306      	adds	r3, #6
100023d2:	0001      	movs	r1, r0
100023d4:	40d9      	lsrs	r1, r3
100023d6:	40a8      	lsls	r0, r5
100023d8:	19c0      	adds	r0, r0, r7
100023da:	d300      	bcc.n	100023de <y64_x32+0xb6>
100023dc:	3101      	adds	r1, #1
100023de:	42a2      	cmp	r2, r4
100023e0:	d206      	bcs.n	100023f0 <y64_x32+0xc8>
100023e2:	2300      	movs	r3, #0
100023e4:	bdf0      	pop	{r4, r5, r6, r7, pc}
100023e6:	0000      	.short	0x0000
100023e8:	d0000000 	.word	0xd0000000
100023ec:	ffffffff 	.word	0xffffffff
100023f0:	1b12      	subs	r2, r2, r4
100023f2:	3001      	adds	r0, #1
100023f4:	d3f3      	bcc.n	100023de <y64_x32+0xb6>
100023f6:	e7f1      	b.n	100023dc <y64_x32+0xb4>

100023f8 <last0>:
100023f8:	2709      	movs	r7, #9
100023fa:	1b7f      	subs	r7, r7, r5
100023fc:	40fe      	lsrs	r6, r7
100023fe:	4664      	mov	r4, ip
10002400:	b2a2      	uxth	r2, r4
10002402:	4372      	muls	r2, r6
10002404:	1a80      	subs	r0, r0, r2
10002406:	d200      	bcs.n	1000240a <last0+0x12>
10002408:	3901      	subs	r1, #1
1000240a:	0c22      	lsrs	r2, r4, #16
1000240c:	4372      	muls	r2, r6
1000240e:	0c13      	lsrs	r3, r2, #16
10002410:	0412      	lsls	r2, r2, #16
10002412:	1a82      	subs	r2, r0, r2
10002414:	4199      	sbcs	r1, r3
10002416:	000b      	movs	r3, r1
10002418:	4670      	mov	r0, lr
1000241a:	3504      	adds	r5, #4
1000241c:	3713      	adds	r7, #19
1000241e:	0001      	movs	r1, r0
10002420:	40f9      	lsrs	r1, r7
10002422:	40a8      	lsls	r0, r5
10002424:	1980      	adds	r0, r0, r6
10002426:	d300      	bcc.n	1000242a <last0+0x32>
10002428:	3101      	adds	r1, #1
1000242a:	2b00      	cmp	r3, #0
1000242c:	d102      	bne.n	10002434 <last0+0x3c>
1000242e:	42a2      	cmp	r2, r4
10002430:	d20a      	bcs.n	10002448 <last0+0x50>
10002432:	bdf0      	pop	{r4, r5, r6, r7, pc}
10002434:	3001      	adds	r0, #1
10002436:	d300      	bcc.n	1000243a <last0+0x42>
10002438:	3101      	adds	r1, #1
1000243a:	1b12      	subs	r2, r2, r4
1000243c:	d2fa      	bcs.n	10002434 <last0+0x3c>
1000243e:	3b01      	subs	r3, #1
10002440:	d1f8      	bne.n	10002434 <last0+0x3c>
10002442:	42a2      	cmp	r2, r4
10002444:	d200      	bcs.n	10002448 <last0+0x50>
10002446:	bdf0      	pop	{r4, r5, r6, r7, pc}
10002448:	3001      	adds	r0, #1
1000244a:	d300      	bcc.n	1000244e <last0+0x56>
1000244c:	3101      	adds	r1, #1
1000244e:	1b12      	subs	r2, r2, r4
10002450:	e7f7      	b.n	10002442 <last0+0x4a>

10002452 <y64_x48>:
10002452:	b5f0      	push	{r4, r5, r6, r7, lr}
10002454:	0c1c      	lsrs	r4, r3, #16
10002456:	d000      	beq.n	1000245a <y64_x48+0x8>
10002458:	e080      	b.n	1000255c <y64_x64>
1000245a:	b40c      	push	{r2, r3}
1000245c:	2500      	movs	r5, #0
1000245e:	0a1c      	lsrs	r4, r3, #8
10002460:	d104      	bne.n	1000246c <y64_x48+0x1a>
10002462:	021b      	lsls	r3, r3, #8
10002464:	0e16      	lsrs	r6, r2, #24
10002466:	4333      	orrs	r3, r6
10002468:	0212      	lsls	r2, r2, #8
1000246a:	3508      	adds	r5, #8
1000246c:	0b1c      	lsrs	r4, r3, #12
1000246e:	d104      	bne.n	1000247a <y64_x48+0x28>
10002470:	011b      	lsls	r3, r3, #4
10002472:	0f16      	lsrs	r6, r2, #28
10002474:	4333      	orrs	r3, r6
10002476:	0112      	lsls	r2, r2, #4
10002478:	3504      	adds	r5, #4
1000247a:	0b9c      	lsrs	r4, r3, #14
1000247c:	d104      	bne.n	10002488 <y64_x48+0x36>
1000247e:	009b      	lsls	r3, r3, #2
10002480:	0f96      	lsrs	r6, r2, #30
10002482:	4333      	orrs	r3, r6
10002484:	0092      	lsls	r2, r2, #2
10002486:	3502      	adds	r5, #2
10002488:	0bdc      	lsrs	r4, r3, #15
1000248a:	d102      	bne.n	10002492 <y64_x48+0x40>
1000248c:	1892      	adds	r2, r2, r2
1000248e:	415b      	adcs	r3, r3
10002490:	3501      	adds	r5, #1
10002492:	001c      	movs	r4, r3
10002494:	1897      	adds	r7, r2, r2
10002496:	4164      	adcs	r4, r4
10002498:	3401      	adds	r4, #1
1000249a:	4f46      	ldr	r7, [pc, #280]	@ (100025b4 <y64_x64+0x58>)
1000249c:	667c      	str	r4, [r7, #100]	@ 0x64
1000249e:	4c46      	ldr	r4, [pc, #280]	@ (100025b8 <y64_x64+0x5c>)
100024a0:	663c      	str	r4, [r7, #96]	@ 0x60
100024a2:	0c0e      	lsrs	r6, r1, #16
100024a4:	e7ff      	b.n	100024a6 <y64_x48+0x54>
100024a6:	e7ff      	b.n	100024a8 <y64_x48+0x56>
100024a8:	e7ff      	b.n	100024aa <y64_x48+0x58>
100024aa:	46c0      	nop			@ (mov r8, r8)
100024ac:	6f3c      	ldr	r4, [r7, #112]	@ 0x70
100024ae:	4366      	muls	r6, r4
100024b0:	0c36      	lsrs	r6, r6, #16
100024b2:	0377      	lsls	r7, r6, #13
100024b4:	46be      	mov	lr, r7
100024b6:	b297      	uxth	r7, r2
100024b8:	4377      	muls	r7, r6
100024ba:	1bc0      	subs	r0, r0, r7
100024bc:	d200      	bcs.n	100024c0 <y64_x48+0x6e>
100024be:	3901      	subs	r1, #1
100024c0:	1bc0      	subs	r0, r0, r7
100024c2:	d200      	bcs.n	100024c6 <y64_x48+0x74>
100024c4:	3901      	subs	r1, #1
100024c6:	b29f      	uxth	r7, r3
100024c8:	4377      	muls	r7, r6
100024ca:	1bc9      	subs	r1, r1, r7
100024cc:	1bc9      	subs	r1, r1, r7
100024ce:	0c17      	lsrs	r7, r2, #16
100024d0:	4377      	muls	r7, r6
100024d2:	047e      	lsls	r6, r7, #17
100024d4:	0bff      	lsrs	r7, r7, #15
100024d6:	1b80      	subs	r0, r0, r6
100024d8:	41b9      	sbcs	r1, r7
100024da:	08ce      	lsrs	r6, r1, #3
100024dc:	4366      	muls	r6, r4
100024de:	0c36      	lsrs	r6, r6, #16
100024e0:	2d0c      	cmp	r5, #12
100024e2:	db33      	blt.n	1000254c <last1>
100024e4:	44b6      	add	lr, r6
100024e6:	0b12      	lsrs	r2, r2, #12
100024e8:	051f      	lsls	r7, r3, #20
100024ea:	433a      	orrs	r2, r7
100024ec:	0b1b      	lsrs	r3, r3, #12
100024ee:	b297      	uxth	r7, r2
100024f0:	4377      	muls	r7, r6
100024f2:	1bc0      	subs	r0, r0, r7
100024f4:	d200      	bcs.n	100024f8 <y64_x48+0xa6>
100024f6:	3901      	subs	r1, #1
100024f8:	b29f      	uxth	r7, r3
100024fa:	4377      	muls	r7, r6
100024fc:	1bc9      	subs	r1, r1, r7
100024fe:	0c17      	lsrs	r7, r2, #16
10002500:	4377      	muls	r7, r6
10002502:	043e      	lsls	r6, r7, #16
10002504:	0c3f      	lsrs	r7, r7, #16
10002506:	1b80      	subs	r0, r0, r6
10002508:	41b9      	sbcs	r1, r7
1000250a:	0d86      	lsrs	r6, r0, #22
1000250c:	028f      	lsls	r7, r1, #10
1000250e:	433e      	orrs	r6, r7
10002510:	4366      	muls	r6, r4
10002512:	2729      	movs	r7, #41	@ 0x29
10002514:	1b7f      	subs	r7, r7, r5
10002516:	40fe      	lsrs	r6, r7
10002518:	3d0c      	subs	r5, #12
1000251a:	4677      	mov	r7, lr
1000251c:	40af      	lsls	r7, r5
1000251e:	19bf      	adds	r7, r7, r6
10002520:	bc30      	pop	{r4, r5}
10002522:	b2a2      	uxth	r2, r4
10002524:	b2ab      	uxth	r3, r5
10002526:	4372      	muls	r2, r6
10002528:	4373      	muls	r3, r6
1000252a:	1a80      	subs	r0, r0, r2
1000252c:	4199      	sbcs	r1, r3
1000252e:	0c22      	lsrs	r2, r4, #16
10002530:	4372      	muls	r2, r6
10002532:	0c13      	lsrs	r3, r2, #16
10002534:	0412      	lsls	r2, r2, #16
10002536:	1a80      	subs	r0, r0, r2
10002538:	4199      	sbcs	r1, r3
1000253a:	0002      	movs	r2, r0
1000253c:	000b      	movs	r3, r1
1000253e:	3701      	adds	r7, #1
10002540:	1b00      	subs	r0, r0, r4
10002542:	41a9      	sbcs	r1, r5
10002544:	d2f9      	bcs.n	1000253a <y64_x48+0xe8>
10002546:	1e78      	subs	r0, r7, #1
10002548:	2100      	movs	r1, #0
1000254a:	bdf0      	pop	{r4, r5, r6, r7, pc}

1000254c <last1>:
1000254c:	270c      	movs	r7, #12
1000254e:	1b7f      	subs	r7, r7, r5
10002550:	40fe      	lsrs	r6, r7
10002552:	4677      	mov	r7, lr
10002554:	0b7f      	lsrs	r7, r7, #13
10002556:	40af      	lsls	r7, r5
10002558:	19ff      	adds	r7, r7, r7
1000255a:	e7e0      	b.n	1000251e <y64_x48+0xcc>

1000255c <y64_x64>:
1000255c:	2400      	movs	r4, #0
1000255e:	1c5d      	adds	r5, r3, #1
10002560:	d007      	beq.n	10002572 <y64_x64+0x16>
10002562:	4f14      	ldr	r7, [pc, #80]	@ (100025b4 <y64_x64+0x58>)
10002564:	667d      	str	r5, [r7, #100]	@ 0x64
10002566:	6639      	str	r1, [r7, #96]	@ 0x60
10002568:	e7ff      	b.n	1000256a <y64_x64+0xe>
1000256a:	e7ff      	b.n	1000256c <y64_x64+0x10>
1000256c:	e7ff      	b.n	1000256e <y64_x64+0x12>
1000256e:	e7ff      	b.n	10002570 <y64_x64+0x14>
10002570:	6f3c      	ldr	r4, [r7, #112]	@ 0x70
10002572:	b295      	uxth	r5, r2
10002574:	b29e      	uxth	r6, r3
10002576:	4365      	muls	r5, r4
10002578:	4366      	muls	r6, r4
1000257a:	1b40      	subs	r0, r0, r5
1000257c:	41b1      	sbcs	r1, r6
1000257e:	0c15      	lsrs	r5, r2, #16
10002580:	0c1e      	lsrs	r6, r3, #16
10002582:	4365      	muls	r5, r4
10002584:	4366      	muls	r6, r4
10002586:	0436      	lsls	r6, r6, #16
10002588:	0c2f      	lsrs	r7, r5, #16
1000258a:	433e      	orrs	r6, r7
1000258c:	042d      	lsls	r5, r5, #16
1000258e:	1b40      	subs	r0, r0, r5
10002590:	41b1      	sbcs	r1, r6
10002592:	4299      	cmp	r1, r3
10002594:	d204      	bcs.n	100025a0 <y64_x64+0x44>
10002596:	0002      	movs	r2, r0
10002598:	000b      	movs	r3, r1
1000259a:	0020      	movs	r0, r4
1000259c:	2100      	movs	r1, #0
1000259e:	bdf0      	pop	{r4, r5, r6, r7, pc}
100025a0:	d101      	bne.n	100025a6 <y64_x64+0x4a>
100025a2:	4290      	cmp	r0, r2
100025a4:	d3f7      	bcc.n	10002596 <y64_x64+0x3a>
100025a6:	1a80      	subs	r0, r0, r2
100025a8:	4199      	sbcs	r1, r3
100025aa:	3401      	adds	r4, #1
100025ac:	4299      	cmp	r1, r3
100025ae:	d3f2      	bcc.n	10002596 <y64_x64+0x3a>
100025b0:	e7f6      	b.n	100025a0 <y64_x64+0x44>
100025b2:	0000      	.short	0x0000
100025b4:	d0000000 	.word	0xd0000000
100025b8:	ffffffff 	.word	0xffffffff

100025bc <__aeabi_double_init>:
100025bc:	2313      	movs	r3, #19
100025be:	b570      	push	{r4, r5, r6, lr}
100025c0:	781d      	ldrb	r5, [r3, #0]
100025c2:	2d01      	cmp	r5, #1
100025c4:	d015      	beq.n	100025f2 <__aeabi_double_init+0x36>
100025c6:	dd10      	ble.n	100025ea <__aeabi_double_init+0x2e>
100025c8:	481d      	ldr	r0, [pc, #116]	@ (10002640 <__aeabi_double_init+0x84>)
100025ca:	f7ff fd95 	bl	100020f8 <rom_data_lookup>
100025ce:	4c1d      	ldr	r4, [pc, #116]	@ (10002644 <__aeabi_double_init+0x88>)
100025d0:	0001      	movs	r1, r0
100025d2:	2280      	movs	r2, #128	@ 0x80
100025d4:	0020      	movs	r0, r4
100025d6:	f000 f8c3 	bl	10002760 <__wrap___aeabi_memcpy>
100025da:	2d02      	cmp	r5, #2
100025dc:	d02d      	beq.n	1000263a <__aeabi_double_init+0x7e>
100025de:	481a      	ldr	r0, [pc, #104]	@ (10002648 <__aeabi_double_init+0x8c>)
100025e0:	f7ff fd82 	bl	100020e8 <rom_func_lookup>
100025e4:	4b19      	ldr	r3, [pc, #100]	@ (1000264c <__aeabi_double_init+0x90>)
100025e6:	6018      	str	r0, [r3, #0]
100025e8:	bd70      	pop	{r4, r5, r6, pc}
100025ea:	4b19      	ldr	r3, [pc, #100]	@ (10002650 <__aeabi_double_init+0x94>)
100025ec:	4c15      	ldr	r4, [pc, #84]	@ (10002644 <__aeabi_double_init+0x88>)
100025ee:	64a3      	str	r3, [r4, #72]	@ 0x48
100025f0:	e7f5      	b.n	100025de <__aeabi_double_init+0x22>
100025f2:	4b17      	ldr	r3, [pc, #92]	@ (10002650 <__aeabi_double_init+0x94>)
100025f4:	4c13      	ldr	r4, [pc, #76]	@ (10002644 <__aeabi_double_init+0x88>)
100025f6:	6023      	str	r3, [r4, #0]
100025f8:	6063      	str	r3, [r4, #4]
100025fa:	60a3      	str	r3, [r4, #8]
100025fc:	60e3      	str	r3, [r4, #12]
100025fe:	6123      	str	r3, [r4, #16]
10002600:	6163      	str	r3, [r4, #20]
10002602:	61a3      	str	r3, [r4, #24]
10002604:	61e3      	str	r3, [r4, #28]
10002606:	6223      	str	r3, [r4, #32]
10002608:	6263      	str	r3, [r4, #36]	@ 0x24
1000260a:	62a3      	str	r3, [r4, #40]	@ 0x28
1000260c:	62e3      	str	r3, [r4, #44]	@ 0x2c
1000260e:	6323      	str	r3, [r4, #48]	@ 0x30
10002610:	6363      	str	r3, [r4, #52]	@ 0x34
10002612:	63a3      	str	r3, [r4, #56]	@ 0x38
10002614:	63e3      	str	r3, [r4, #60]	@ 0x3c
10002616:	6423      	str	r3, [r4, #64]	@ 0x40
10002618:	6463      	str	r3, [r4, #68]	@ 0x44
1000261a:	64a3      	str	r3, [r4, #72]	@ 0x48
1000261c:	64e3      	str	r3, [r4, #76]	@ 0x4c
1000261e:	6523      	str	r3, [r4, #80]	@ 0x50
10002620:	6563      	str	r3, [r4, #84]	@ 0x54
10002622:	65a3      	str	r3, [r4, #88]	@ 0x58
10002624:	65e3      	str	r3, [r4, #92]	@ 0x5c
10002626:	6623      	str	r3, [r4, #96]	@ 0x60
10002628:	6663      	str	r3, [r4, #100]	@ 0x64
1000262a:	66a3      	str	r3, [r4, #104]	@ 0x68
1000262c:	66e3      	str	r3, [r4, #108]	@ 0x6c
1000262e:	6723      	str	r3, [r4, #112]	@ 0x70
10002630:	6763      	str	r3, [r4, #116]	@ 0x74
10002632:	67a3      	str	r3, [r4, #120]	@ 0x78
10002634:	67e3      	str	r3, [r4, #124]	@ 0x7c
10002636:	64a3      	str	r3, [r4, #72]	@ 0x48
10002638:	e7d1      	b.n	100025de <__aeabi_double_init+0x22>
1000263a:	4b05      	ldr	r3, [pc, #20]	@ (10002650 <__aeabi_double_init+0x94>)
1000263c:	64a3      	str	r3, [r4, #72]	@ 0x48
1000263e:	e7ce      	b.n	100025de <__aeabi_double_init+0x22>
10002640:	00004453 	.word	0x00004453
10002644:	200015e0 	.word	0x200015e0
10002648:	0000334c 	.word	0x0000334c
1000264c:	20002380 	.word	0x20002380
10002650:	10002655 	.word	0x10002655

10002654 <double_table_shim_on_use_helper>:
10002654:	b507      	push	{r0, r1, r2, lr}
10002656:	4660      	mov	r0, ip
10002658:	8801      	ldrh	r1, [r0, #0]
1000265a:	0a0a      	lsrs	r2, r1, #8
1000265c:	3002      	adds	r0, #2
1000265e:	2adf      	cmp	r2, #223	@ 0xdf
10002660:	d1fa      	bne.n	10002658 <double_table_shim_on_use_helper+0x4>
10002662:	b2c9      	uxtb	r1, r1
10002664:	0882      	lsrs	r2, r0, #2
10002666:	d304      	bcc.n	10002672 <double_table_shim_on_use_helper+0x1e>
10002668:	8802      	ldrh	r2, [r0, #0]
1000266a:	8840      	ldrh	r0, [r0, #2]
1000266c:	0400      	lsls	r0, r0, #16
1000266e:	4310      	orrs	r0, r2
10002670:	e000      	b.n	10002674 <double_table_shim_on_use_helper+0x20>
10002672:	6800      	ldr	r0, [r0, #0]
10002674:	4a01      	ldr	r2, [pc, #4]	@ (1000267c <double_table_shim_on_use_helper+0x28>)
10002676:	5050      	str	r0, [r2, r1]
10002678:	9003      	str	r0, [sp, #12]
1000267a:	bd07      	pop	{r0, r1, r2, pc}
1000267c:	200015e0 	.word	0x200015e0

10002680 <__wrap___aeabi_lmul>:
10002680:	4351      	muls	r1, r2
10002682:	4343      	muls	r3, r0
10002684:	18c9      	adds	r1, r1, r3
10002686:	468c      	mov	ip, r1
10002688:	0c11      	lsrs	r1, r2, #16
1000268a:	b283      	uxth	r3, r0
1000268c:	434b      	muls	r3, r1
1000268e:	b410      	push	{r4}
10002690:	0c04      	lsrs	r4, r0, #16
10002692:	4361      	muls	r1, r4
10002694:	b292      	uxth	r2, r2
10002696:	b280      	uxth	r0, r0
10002698:	4350      	muls	r0, r2
1000269a:	4362      	muls	r2, r4
1000269c:	041c      	lsls	r4, r3, #16
1000269e:	0c1b      	lsrs	r3, r3, #16
100026a0:	1900      	adds	r0, r0, r4
100026a2:	bc10      	pop	{r4}
100026a4:	4159      	adcs	r1, r3
100026a6:	0413      	lsls	r3, r2, #16
100026a8:	0c12      	lsrs	r2, r2, #16
100026aa:	18c0      	adds	r0, r0, r3
100026ac:	4151      	adcs	r1, r2
100026ae:	4461      	add	r1, ip
100026b0:	4770      	bx	lr
	...

100026b4 <__aeabi_float_init>:
100026b4:	2313      	movs	r3, #19
100026b6:	b510      	push	{r4, lr}
100026b8:	4812      	ldr	r0, [pc, #72]	@ (10002704 <__aeabi_float_init+0x50>)
100026ba:	781c      	ldrb	r4, [r3, #0]
100026bc:	f7ff fd1c 	bl	100020f8 <rom_data_lookup>
100026c0:	0001      	movs	r1, r0
100026c2:	2c01      	cmp	r4, #1
100026c4:	d00a      	beq.n	100026dc <__aeabi_float_init+0x28>
100026c6:	dd03      	ble.n	100026d0 <__aeabi_float_init+0x1c>
100026c8:	2280      	movs	r2, #128	@ 0x80
100026ca:	480f      	ldr	r0, [pc, #60]	@ (10002708 <__aeabi_float_init+0x54>)
100026cc:	f000 f848 	bl	10002760 <__wrap___aeabi_memcpy>
100026d0:	480e      	ldr	r0, [pc, #56]	@ (1000270c <__aeabi_float_init+0x58>)
100026d2:	f7ff fd09 	bl	100020e8 <rom_func_lookup>
100026d6:	4b0e      	ldr	r3, [pc, #56]	@ (10002710 <__aeabi_float_init+0x5c>)
100026d8:	6018      	str	r0, [r3, #0]
100026da:	bd10      	pop	{r4, pc}
100026dc:	4c0a      	ldr	r4, [pc, #40]	@ (10002708 <__aeabi_float_init+0x54>)
100026de:	2254      	movs	r2, #84	@ 0x54
100026e0:	0020      	movs	r0, r4
100026e2:	f000 f83d 	bl	10002760 <__wrap___aeabi_memcpy>
100026e6:	4b0b      	ldr	r3, [pc, #44]	@ (10002714 <__aeabi_float_init+0x60>)
100026e8:	6563      	str	r3, [r4, #84]	@ 0x54
100026ea:	65a3      	str	r3, [r4, #88]	@ 0x58
100026ec:	65e3      	str	r3, [r4, #92]	@ 0x5c
100026ee:	6623      	str	r3, [r4, #96]	@ 0x60
100026f0:	6663      	str	r3, [r4, #100]	@ 0x64
100026f2:	66a3      	str	r3, [r4, #104]	@ 0x68
100026f4:	66e3      	str	r3, [r4, #108]	@ 0x6c
100026f6:	6723      	str	r3, [r4, #112]	@ 0x70
100026f8:	6763      	str	r3, [r4, #116]	@ 0x74
100026fa:	67a3      	str	r3, [r4, #120]	@ 0x78
100026fc:	67e3      	str	r3, [r4, #124]	@ 0x7c
100026fe:	6223      	str	r3, [r4, #32]
10002700:	61e3      	str	r3, [r4, #28]
10002702:	e7e5      	b.n	100026d0 <__aeabi_float_init+0x1c>
10002704:	00004653 	.word	0x00004653
10002708:	200016e0 	.word	0x200016e0
1000270c:	0000334c 	.word	0x0000334c
10002710:	20002380 	.word	0x20002380
10002714:	10002719 	.word	0x10002719

10002718 <float_table_shim_on_use_helper>:
10002718:	b507      	push	{r0, r1, r2, lr}
1000271a:	4660      	mov	r0, ip
1000271c:	8801      	ldrh	r1, [r0, #0]
1000271e:	0a0a      	lsrs	r2, r1, #8
10002720:	3002      	adds	r0, #2
10002722:	2adf      	cmp	r2, #223	@ 0xdf
10002724:	d1fa      	bne.n	1000271c <float_table_shim_on_use_helper+0x4>
10002726:	b2c9      	uxtb	r1, r1
10002728:	0882      	lsrs	r2, r0, #2
1000272a:	d304      	bcc.n	10002736 <float_table_shim_on_use_helper+0x1e>
1000272c:	8802      	ldrh	r2, [r0, #0]
1000272e:	8840      	ldrh	r0, [r0, #2]
10002730:	0400      	lsls	r0, r0, #16
10002732:	4310      	orrs	r0, r2
10002734:	e000      	b.n	10002738 <float_table_shim_on_use_helper+0x20>
10002736:	6800      	ldr	r0, [r0, #0]
10002738:	4a01      	ldr	r2, [pc, #4]	@ (10002740 <float_table_shim_on_use_helper+0x28>)
1000273a:	5050      	str	r0, [r2, r1]
1000273c:	9003      	str	r0, [sp, #12]
1000273e:	bd07      	pop	{r0, r1, r2, pc}
10002740:	200016e0 	.word	0x200016e0

10002744 <__aeabi_mem_init>:
10002744:	4801      	ldr	r0, [pc, #4]	@ (1000274c <__aeabi_mem_init+0x8>)
10002746:	2104      	movs	r1, #4
10002748:	4b01      	ldr	r3, [pc, #4]	@ (10002750 <__aeabi_mem_init+0xc>)
1000274a:	4718      	bx	r3
1000274c:	20000ee0 	.word	0x20000ee0
10002750:	10002109 	.word	0x10002109

10002754 <__wrap_memset>:
10002754:	4b01      	ldr	r3, [pc, #4]	@ (1000275c <__wrap_memset+0x8>)
10002756:	681b      	ldr	r3, [r3, #0]
10002758:	4718      	bx	r3
1000275a:	0000      	.short	0x0000
1000275c:	20000ee0 	.word	0x20000ee0

10002760 <__wrap___aeabi_memcpy>:
10002760:	4b01      	ldr	r3, [pc, #4]	@ (10002768 <__wrap___aeabi_memcpy+0x8>)
10002762:	685b      	ldr	r3, [r3, #4]
10002764:	4718      	bx	r3
10002766:	0000      	.short	0x0000
10002768:	20000ee0 	.word	0x20000ee0

1000276c <stdio_out_chars_crlf>:
1000276c:	b5f0      	push	{r4, r5, r6, r7, lr}
1000276e:	46c6      	mov	lr, r8
10002770:	b500      	push	{lr}
10002772:	7d43      	ldrb	r3, [r0, #21]
10002774:	0007      	movs	r7, r0
10002776:	000c      	movs	r4, r1
10002778:	0016      	movs	r6, r2
1000277a:	2b00      	cmp	r3, #0
1000277c:	d046      	beq.n	1000280c <stdio_out_chars_crlf+0xa0>
1000277e:	2a00      	cmp	r2, #0
10002780:	dd17      	ble.n	100027b2 <stdio_out_chars_crlf+0x46>
10002782:	780b      	ldrb	r3, [r1, #0]
10002784:	2b0a      	cmp	r3, #10
10002786:	d024      	beq.n	100027d2 <stdio_out_chars_crlf+0x66>
10002788:	2300      	movs	r3, #0
1000278a:	4698      	mov	r8, r3
1000278c:	2e01      	cmp	r6, #1
1000278e:	d013      	beq.n	100027b8 <stdio_out_chars_crlf+0x4c>
10002790:	2501      	movs	r5, #1
10002792:	0029      	movs	r1, r5
10002794:	5c63      	ldrb	r3, [r4, r1]
10002796:	3501      	adds	r5, #1
10002798:	2b0a      	cmp	r3, #10
1000279a:	d026      	beq.n	100027ea <stdio_out_chars_crlf+0x7e>
1000279c:	42b5      	cmp	r5, r6
1000279e:	d1f8      	bne.n	10002792 <stdio_out_chars_crlf+0x26>
100027a0:	4546      	cmp	r6, r8
100027a2:	dc09      	bgt.n	100027b8 <stdio_out_chars_crlf+0x4c>
100027a4:	19a4      	adds	r4, r4, r6
100027a6:	3c01      	subs	r4, #1
100027a8:	7823      	ldrb	r3, [r4, #0]
100027aa:	3b0d      	subs	r3, #13
100027ac:	425a      	negs	r2, r3
100027ae:	4153      	adcs	r3, r2
100027b0:	753b      	strb	r3, [r7, #20]
100027b2:	bc80      	pop	{r7}
100027b4:	46b8      	mov	r8, r7
100027b6:	bdf0      	pop	{r4, r5, r6, r7, pc}
100027b8:	4643      	mov	r3, r8
100027ba:	18e0      	adds	r0, r4, r3
100027bc:	19a4      	adds	r4, r4, r6
100027be:	1af1      	subs	r1, r6, r3
100027c0:	3c01      	subs	r4, #1
100027c2:	683b      	ldr	r3, [r7, #0]
100027c4:	4798      	blx	r3
100027c6:	7823      	ldrb	r3, [r4, #0]
100027c8:	3b0d      	subs	r3, #13
100027ca:	425a      	negs	r2, r3
100027cc:	4153      	adcs	r3, r2
100027ce:	753b      	strb	r3, [r7, #20]
100027d0:	e7ef      	b.n	100027b2 <stdio_out_chars_crlf+0x46>
100027d2:	7d03      	ldrb	r3, [r0, #20]
100027d4:	2b00      	cmp	r3, #0
100027d6:	d1d7      	bne.n	10002788 <stdio_out_chars_crlf+0x1c>
100027d8:	2102      	movs	r1, #2
100027da:	480f      	ldr	r0, [pc, #60]	@ (10002818 <stdio_out_chars_crlf+0xac>)
100027dc:	683b      	ldr	r3, [r7, #0]
100027de:	4798      	blx	r3
100027e0:	2e01      	cmp	r6, #1
100027e2:	d0df      	beq.n	100027a4 <stdio_out_chars_crlf+0x38>
100027e4:	2301      	movs	r3, #1
100027e6:	4698      	mov	r8, r3
100027e8:	e7d2      	b.n	10002790 <stdio_out_chars_crlf+0x24>
100027ea:	1e63      	subs	r3, r4, #1
100027ec:	5c5b      	ldrb	r3, [r3, r1]
100027ee:	2b0d      	cmp	r3, #13
100027f0:	d0d4      	beq.n	1000279c <stdio_out_chars_crlf+0x30>
100027f2:	4588      	cmp	r8, r1
100027f4:	da04      	bge.n	10002800 <stdio_out_chars_crlf+0x94>
100027f6:	4643      	mov	r3, r8
100027f8:	1ac9      	subs	r1, r1, r3
100027fa:	18e0      	adds	r0, r4, r3
100027fc:	683b      	ldr	r3, [r7, #0]
100027fe:	4798      	blx	r3
10002800:	2102      	movs	r1, #2
10002802:	4805      	ldr	r0, [pc, #20]	@ (10002818 <stdio_out_chars_crlf+0xac>)
10002804:	683b      	ldr	r3, [r7, #0]
10002806:	46a8      	mov	r8, r5
10002808:	4798      	blx	r3
1000280a:	e7c7      	b.n	1000279c <stdio_out_chars_crlf+0x30>
1000280c:	6803      	ldr	r3, [r0, #0]
1000280e:	0011      	movs	r1, r2
10002810:	0020      	movs	r0, r4
10002812:	4798      	blx	r3
10002814:	e7cd      	b.n	100027b2 <stdio_out_chars_crlf+0x46>
10002816:	46c0      	nop			@ (mov r8, r8)
10002818:	100059cc 	.word	0x100059cc

1000281c <__wrap_putchar>:
1000281c:	b5f0      	push	{r4, r5, r6, r7, lr}
1000281e:	46ce      	mov	lr, r9
10002820:	4647      	mov	r7, r8
10002822:	b580      	push	{r7, lr}
10002824:	b083      	sub	sp, #12
10002826:	466b      	mov	r3, sp
10002828:	0006      	movs	r6, r0
1000282a:	1ddd      	adds	r5, r3, #7
1000282c:	7028      	strb	r0, [r5, #0]
1000282e:	f7fe fe57 	bl	100014e0 <time_us_64>
10002832:	2300      	movs	r3, #0
10002834:	4a19      	ldr	r2, [pc, #100]	@ (1000289c <__wrap_putchar+0x80>)
10002836:	1812      	adds	r2, r2, r0
10002838:	414b      	adcs	r3, r1
1000283a:	2b00      	cmp	r3, #0
1000283c:	da02      	bge.n	10002844 <__wrap_putchar+0x28>
1000283e:	2201      	movs	r2, #1
10002840:	4b17      	ldr	r3, [pc, #92]	@ (100028a0 <__wrap_putchar+0x84>)
10002842:	4252      	negs	r2, r2
10002844:	4917      	ldr	r1, [pc, #92]	@ (100028a4 <__wrap_putchar+0x88>)
10002846:	0008      	movs	r0, r1
10002848:	4688      	mov	r8, r1
1000284a:	f002 ffc5 	bl	100057d8 <__mutex_try_enter_block_until_veneer>
1000284e:	4b16      	ldr	r3, [pc, #88]	@ (100028a8 <__wrap_putchar+0x8c>)
10002850:	4681      	mov	r9, r0
10002852:	681c      	ldr	r4, [r3, #0]
10002854:	2c00      	cmp	r4, #0
10002856:	d014      	beq.n	10002882 <__wrap_putchar+0x66>
10002858:	4f14      	ldr	r7, [pc, #80]	@ (100028ac <__wrap_putchar+0x90>)
1000285a:	e002      	b.n	10002862 <__wrap_putchar+0x46>
1000285c:	6924      	ldr	r4, [r4, #16]
1000285e:	2c00      	cmp	r4, #0
10002860:	d00f      	beq.n	10002882 <__wrap_putchar+0x66>
10002862:	6823      	ldr	r3, [r4, #0]
10002864:	2b00      	cmp	r3, #0
10002866:	d0f9      	beq.n	1000285c <__wrap_putchar+0x40>
10002868:	683b      	ldr	r3, [r7, #0]
1000286a:	2b00      	cmp	r3, #0
1000286c:	d001      	beq.n	10002872 <__wrap_putchar+0x56>
1000286e:	429c      	cmp	r4, r3
10002870:	d1f4      	bne.n	1000285c <__wrap_putchar+0x40>
10002872:	0020      	movs	r0, r4
10002874:	2201      	movs	r2, #1
10002876:	0029      	movs	r1, r5
10002878:	f7ff ff78 	bl	1000276c <stdio_out_chars_crlf>
1000287c:	6924      	ldr	r4, [r4, #16]
1000287e:	2c00      	cmp	r4, #0
10002880:	d1ef      	bne.n	10002862 <__wrap_putchar+0x46>
10002882:	464b      	mov	r3, r9
10002884:	2b00      	cmp	r3, #0
10002886:	d105      	bne.n	10002894 <__wrap_putchar+0x78>
10002888:	0030      	movs	r0, r6
1000288a:	b003      	add	sp, #12
1000288c:	bcc0      	pop	{r6, r7}
1000288e:	46b9      	mov	r9, r7
10002890:	46b0      	mov	r8, r6
10002892:	bdf0      	pop	{r4, r5, r6, r7, pc}
10002894:	4640      	mov	r0, r8
10002896:	f002 ff6f 	bl	10005778 <__mutex_exit_veneer>
1000289a:	e7f5      	b.n	10002888 <__wrap_putchar+0x6c>
1000289c:	000f4240 	.word	0x000f4240
100028a0:	7fffffff 	.word	0x7fffffff
100028a4:	20001490 	.word	0x20001490
100028a8:	20001f18 	.word	0x20001f18
100028ac:	20001f24 	.word	0x20001f24

100028b0 <__wrap_puts>:
100028b0:	b5f0      	push	{r4, r5, r6, r7, lr}
100028b2:	46de      	mov	lr, fp
100028b4:	464e      	mov	r6, r9
100028b6:	4645      	mov	r5, r8
100028b8:	4657      	mov	r7, sl
100028ba:	b5e0      	push	{r5, r6, r7, lr}
100028bc:	b083      	sub	sp, #12
100028be:	0006      	movs	r6, r0
100028c0:	f002 fd60 	bl	10005384 <strlen>
100028c4:	0005      	movs	r5, r0
100028c6:	f7fe fe0b 	bl	100014e0 <time_us_64>
100028ca:	2300      	movs	r3, #0
100028cc:	4a28      	ldr	r2, [pc, #160]	@ (10002970 <__wrap_puts+0xc0>)
100028ce:	1812      	adds	r2, r2, r0
100028d0:	414b      	adcs	r3, r1
100028d2:	2b00      	cmp	r3, #0
100028d4:	da02      	bge.n	100028dc <__wrap_puts+0x2c>
100028d6:	2201      	movs	r2, #1
100028d8:	4b26      	ldr	r3, [pc, #152]	@ (10002974 <__wrap_puts+0xc4>)
100028da:	4252      	negs	r2, r2
100028dc:	4926      	ldr	r1, [pc, #152]	@ (10002978 <__wrap_puts+0xc8>)
100028de:	0008      	movs	r0, r1
100028e0:	468b      	mov	fp, r1
100028e2:	f002 ff79 	bl	100057d8 <__mutex_try_enter_block_until_veneer>
100028e6:	4b25      	ldr	r3, [pc, #148]	@ (1000297c <__wrap_puts+0xcc>)
100028e8:	4681      	mov	r9, r0
100028ea:	681c      	ldr	r4, [r3, #0]
100028ec:	469a      	mov	sl, r3
100028ee:	2c00      	cmp	r4, #0
100028f0:	d038      	beq.n	10002964 <__wrap_puts+0xb4>
100028f2:	230a      	movs	r3, #10
100028f4:	4f22      	ldr	r7, [pc, #136]	@ (10002980 <__wrap_puts+0xd0>)
100028f6:	4698      	mov	r8, r3
100028f8:	e002      	b.n	10002900 <__wrap_puts+0x50>
100028fa:	6924      	ldr	r4, [r4, #16]
100028fc:	2c00      	cmp	r4, #0
100028fe:	d017      	beq.n	10002930 <__wrap_puts+0x80>
10002900:	6823      	ldr	r3, [r4, #0]
10002902:	2b00      	cmp	r3, #0
10002904:	d0f9      	beq.n	100028fa <__wrap_puts+0x4a>
10002906:	683b      	ldr	r3, [r7, #0]
10002908:	2b00      	cmp	r3, #0
1000290a:	d001      	beq.n	10002910 <__wrap_puts+0x60>
1000290c:	429c      	cmp	r4, r3
1000290e:	d1f4      	bne.n	100028fa <__wrap_puts+0x4a>
10002910:	0020      	movs	r0, r4
10002912:	002a      	movs	r2, r5
10002914:	0031      	movs	r1, r6
10002916:	f7ff ff29 	bl	1000276c <stdio_out_chars_crlf>
1000291a:	466b      	mov	r3, sp
1000291c:	4642      	mov	r2, r8
1000291e:	0020      	movs	r0, r4
10002920:	71da      	strb	r2, [r3, #7]
10002922:	1dd9      	adds	r1, r3, #7
10002924:	2201      	movs	r2, #1
10002926:	f7ff ff21 	bl	1000276c <stdio_out_chars_crlf>
1000292a:	6924      	ldr	r4, [r4, #16]
1000292c:	2c00      	cmp	r4, #0
1000292e:	d1e7      	bne.n	10002900 <__wrap_puts+0x50>
10002930:	464b      	mov	r3, r9
10002932:	2b00      	cmp	r3, #0
10002934:	d118      	bne.n	10002968 <__wrap_puts+0xb8>
10002936:	4653      	mov	r3, sl
10002938:	681c      	ldr	r4, [r3, #0]
1000293a:	2c00      	cmp	r4, #0
1000293c:	d006      	beq.n	1000294c <__wrap_puts+0x9c>
1000293e:	6863      	ldr	r3, [r4, #4]
10002940:	2b00      	cmp	r3, #0
10002942:	d00b      	beq.n	1000295c <__wrap_puts+0xac>
10002944:	4798      	blx	r3
10002946:	6924      	ldr	r4, [r4, #16]
10002948:	2c00      	cmp	r4, #0
1000294a:	d1f8      	bne.n	1000293e <__wrap_puts+0x8e>
1000294c:	0028      	movs	r0, r5
1000294e:	b003      	add	sp, #12
10002950:	bcf0      	pop	{r4, r5, r6, r7}
10002952:	46bb      	mov	fp, r7
10002954:	46b2      	mov	sl, r6
10002956:	46a9      	mov	r9, r5
10002958:	46a0      	mov	r8, r4
1000295a:	bdf0      	pop	{r4, r5, r6, r7, pc}
1000295c:	6924      	ldr	r4, [r4, #16]
1000295e:	2c00      	cmp	r4, #0
10002960:	d1ed      	bne.n	1000293e <__wrap_puts+0x8e>
10002962:	e7f3      	b.n	1000294c <__wrap_puts+0x9c>
10002964:	2800      	cmp	r0, #0
10002966:	d0f1      	beq.n	1000294c <__wrap_puts+0x9c>
10002968:	4658      	mov	r0, fp
1000296a:	f002 ff05 	bl	10005778 <__mutex_exit_veneer>
1000296e:	e7e2      	b.n	10002936 <__wrap_puts+0x86>
10002970:	000f4240 	.word	0x000f4240
10002974:	7fffffff 	.word	0x7fffffff
10002978:	20001490 	.word	0x20001490
1000297c:	20001f18 	.word	0x20001f18
10002980:	20001f24 	.word	0x20001f24

10002984 <_read>:
10002984:	b5f8      	push	{r3, r4, r5, r6, r7, lr}
10002986:	4657      	mov	r7, sl
10002988:	464e      	mov	r6, r9
1000298a:	46de      	mov	lr, fp
1000298c:	4645      	mov	r5, r8
1000298e:	b5e0      	push	{r5, r6, r7, lr}
10002990:	000e      	movs	r6, r1
10002992:	0017      	movs	r7, r2
10002994:	2800      	cmp	r0, #0
10002996:	d12c      	bne.n	100029f2 <_read+0x6e>
10002998:	4b1b      	ldr	r3, [pc, #108]	@ (10002a08 <_read+0x84>)
1000299a:	4d1c      	ldr	r5, [pc, #112]	@ (10002a0c <_read+0x88>)
1000299c:	681a      	ldr	r2, [r3, #0]
1000299e:	685b      	ldr	r3, [r3, #4]
100029a0:	4693      	mov	fp, r2
100029a2:	469a      	mov	sl, r3
100029a4:	4b1a      	ldr	r3, [pc, #104]	@ (10002a10 <_read+0x8c>)
100029a6:	4699      	mov	r9, r3
100029a8:	4b1a      	ldr	r3, [pc, #104]	@ (10002a14 <_read+0x90>)
100029aa:	4698      	mov	r8, r3
100029ac:	464b      	mov	r3, r9
100029ae:	681c      	ldr	r4, [r3, #0]
100029b0:	2c00      	cmp	r4, #0
100029b2:	d103      	bne.n	100029bc <_read+0x38>
100029b4:	e015      	b.n	100029e2 <_read+0x5e>
100029b6:	6924      	ldr	r4, [r4, #16]
100029b8:	2c00      	cmp	r4, #0
100029ba:	d012      	beq.n	100029e2 <_read+0x5e>
100029bc:	682b      	ldr	r3, [r5, #0]
100029be:	2b00      	cmp	r3, #0
100029c0:	d001      	beq.n	100029c6 <_read+0x42>
100029c2:	42a3      	cmp	r3, r4
100029c4:	d1f7      	bne.n	100029b6 <_read+0x32>
100029c6:	68a3      	ldr	r3, [r4, #8]
100029c8:	2b00      	cmp	r3, #0
100029ca:	d0f4      	beq.n	100029b6 <_read+0x32>
100029cc:	0039      	movs	r1, r7
100029ce:	0030      	movs	r0, r6
100029d0:	4798      	blx	r3
100029d2:	2800      	cmp	r0, #0
100029d4:	ddef      	ble.n	100029b6 <_read+0x32>
100029d6:	bcf0      	pop	{r4, r5, r6, r7}
100029d8:	46bb      	mov	fp, r7
100029da:	46b2      	mov	sl, r6
100029dc:	46a9      	mov	r9, r5
100029de:	46a0      	mov	r8, r4
100029e0:	bdf8      	pop	{r3, r4, r5, r6, r7, pc}
100029e2:	4643      	mov	r3, r8
100029e4:	6a5b      	ldr	r3, [r3, #36]	@ 0x24
100029e6:	459a      	cmp	sl, r3
100029e8:	d808      	bhi.n	100029fc <_read+0x78>
100029ea:	4642      	mov	r2, r8
100029ec:	6a92      	ldr	r2, [r2, #40]	@ 0x28
100029ee:	455a      	cmp	r2, fp
100029f0:	d302      	bcc.n	100029f8 <_read+0x74>
100029f2:	2001      	movs	r0, #1
100029f4:	4240      	negs	r0, r0
100029f6:	e7ee      	b.n	100029d6 <_read+0x52>
100029f8:	459a      	cmp	sl, r3
100029fa:	d1fa      	bne.n	100029f2 <_read+0x6e>
100029fc:	2001      	movs	r0, #1
100029fe:	2100      	movs	r1, #0
10002a00:	f7fe fd78 	bl	100014f4 <busy_wait_us>
10002a04:	e7d2      	b.n	100029ac <_read+0x28>
10002a06:	46c0      	nop			@ (mov r8, r8)
10002a08:	100059a0 	.word	0x100059a0
10002a0c:	20001f24 	.word	0x20001f24
10002a10:	20001f18 	.word	0x20001f18
10002a14:	40054000 	.word	0x40054000

10002a18 <_write>:
10002a18:	b5f0      	push	{r4, r5, r6, r7, lr}
10002a1a:	4646      	mov	r6, r8
10002a1c:	46d6      	mov	lr, sl
10002a1e:	464f      	mov	r7, r9
10002a20:	3801      	subs	r0, #1
10002a22:	b5c0      	push	{r6, r7, lr}
10002a24:	0015      	movs	r5, r2
10002a26:	000e      	movs	r6, r1
10002a28:	2801      	cmp	r0, #1
10002a2a:	d83e      	bhi.n	10002aaa <_write+0x92>
10002a2c:	f7fe fd58 	bl	100014e0 <time_us_64>
10002a30:	2300      	movs	r3, #0
10002a32:	4a1f      	ldr	r2, [pc, #124]	@ (10002ab0 <_write+0x98>)
10002a34:	1812      	adds	r2, r2, r0
10002a36:	414b      	adcs	r3, r1
10002a38:	2b00      	cmp	r3, #0
10002a3a:	db2e      	blt.n	10002a9a <_write+0x82>
10002a3c:	491d      	ldr	r1, [pc, #116]	@ (10002ab4 <_write+0x9c>)
10002a3e:	46a8      	mov	r8, r5
10002a40:	0008      	movs	r0, r1
10002a42:	468a      	mov	sl, r1
10002a44:	f002 fec8 	bl	100057d8 <__mutex_try_enter_block_until_veneer>
10002a48:	4681      	mov	r9, r0
10002a4a:	1c6b      	adds	r3, r5, #1
10002a4c:	d103      	bne.n	10002a56 <_write+0x3e>
10002a4e:	0030      	movs	r0, r6
10002a50:	f002 fc98 	bl	10005384 <strlen>
10002a54:	4680      	mov	r8, r0
10002a56:	4b18      	ldr	r3, [pc, #96]	@ (10002ab8 <_write+0xa0>)
10002a58:	681c      	ldr	r4, [r3, #0]
10002a5a:	2c00      	cmp	r4, #0
10002a5c:	d014      	beq.n	10002a88 <_write+0x70>
10002a5e:	4f17      	ldr	r7, [pc, #92]	@ (10002abc <_write+0xa4>)
10002a60:	e002      	b.n	10002a68 <_write+0x50>
10002a62:	6924      	ldr	r4, [r4, #16]
10002a64:	2c00      	cmp	r4, #0
10002a66:	d00f      	beq.n	10002a88 <_write+0x70>
10002a68:	6823      	ldr	r3, [r4, #0]
10002a6a:	2b00      	cmp	r3, #0
10002a6c:	d0f9      	beq.n	10002a62 <_write+0x4a>
10002a6e:	683b      	ldr	r3, [r7, #0]
10002a70:	2b00      	cmp	r3, #0
10002a72:	d001      	beq.n	10002a78 <_write+0x60>
10002a74:	42a3      	cmp	r3, r4
10002a76:	d1f4      	bne.n	10002a62 <_write+0x4a>
10002a78:	0020      	movs	r0, r4
10002a7a:	4642      	mov	r2, r8
10002a7c:	0031      	movs	r1, r6
10002a7e:	f7ff fe75 	bl	1000276c <stdio_out_chars_crlf>
10002a82:	6924      	ldr	r4, [r4, #16]
10002a84:	2c00      	cmp	r4, #0
10002a86:	d1ef      	bne.n	10002a68 <_write+0x50>
10002a88:	464b      	mov	r3, r9
10002a8a:	2b00      	cmp	r3, #0
10002a8c:	d109      	bne.n	10002aa2 <_write+0x8a>
10002a8e:	0028      	movs	r0, r5
10002a90:	bce0      	pop	{r5, r6, r7}
10002a92:	46ba      	mov	sl, r7
10002a94:	46b1      	mov	r9, r6
10002a96:	46a8      	mov	r8, r5
10002a98:	bdf0      	pop	{r4, r5, r6, r7, pc}
10002a9a:	2201      	movs	r2, #1
10002a9c:	4b08      	ldr	r3, [pc, #32]	@ (10002ac0 <_write+0xa8>)
10002a9e:	4252      	negs	r2, r2
10002aa0:	e7cc      	b.n	10002a3c <_write+0x24>
10002aa2:	4650      	mov	r0, sl
10002aa4:	f002 fe68 	bl	10005778 <__mutex_exit_veneer>
10002aa8:	e7f1      	b.n	10002a8e <_write+0x76>
10002aaa:	2001      	movs	r0, #1
10002aac:	4240      	negs	r0, r0
10002aae:	e7ef      	b.n	10002a90 <_write+0x78>
10002ab0:	000f4240 	.word	0x000f4240
10002ab4:	20001490 	.word	0x20001490
10002ab8:	20001f18 	.word	0x20001f18
10002abc:	20001f24 	.word	0x20001f24
10002ac0:	7fffffff 	.word	0x7fffffff

10002ac4 <_close>:
10002ac4:	2001      	movs	r0, #1
10002ac6:	4240      	negs	r0, r0
10002ac8:	4770      	bx	lr
10002aca:	46c0      	nop			@ (mov r8, r8)

10002acc <_lseek>:
10002acc:	2001      	movs	r0, #1
10002ace:	4240      	negs	r0, r0
10002ad0:	4770      	bx	lr
10002ad2:	46c0      	nop			@ (mov r8, r8)

10002ad4 <stdio_set_driver_enabled>:
10002ad4:	4a0a      	ldr	r2, [pc, #40]	@ (10002b00 <stdio_set_driver_enabled+0x2c>)
10002ad6:	6813      	ldr	r3, [r2, #0]
10002ad8:	2b00      	cmp	r3, #0
10002ada:	d105      	bne.n	10002ae8 <stdio_set_driver_enabled+0x14>
10002adc:	e00c      	b.n	10002af8 <stdio_set_driver_enabled+0x24>
10002ade:	001a      	movs	r2, r3
10002ae0:	691b      	ldr	r3, [r3, #16]
10002ae2:	3210      	adds	r2, #16
10002ae4:	2b00      	cmp	r3, #0
10002ae6:	d007      	beq.n	10002af8 <stdio_set_driver_enabled+0x24>
10002ae8:	4283      	cmp	r3, r0
10002aea:	d1f8      	bne.n	10002ade <stdio_set_driver_enabled+0xa>
10002aec:	2900      	cmp	r1, #0
10002aee:	d102      	bne.n	10002af6 <stdio_set_driver_enabled+0x22>
10002af0:	6918      	ldr	r0, [r3, #16]
10002af2:	6010      	str	r0, [r2, #0]
10002af4:	6119      	str	r1, [r3, #16]
10002af6:	4770      	bx	lr
10002af8:	2900      	cmp	r1, #0
10002afa:	d0fc      	beq.n	10002af6 <stdio_set_driver_enabled+0x22>
10002afc:	6010      	str	r0, [r2, #0]
10002afe:	e7fa      	b.n	10002af6 <stdio_set_driver_enabled+0x22>
10002b00:	20001f18 	.word	0x20001f18

10002b04 <stdio_init_all>:
10002b04:	b510      	push	{r4, lr}
10002b06:	f000 f9d3 	bl	10002eb0 <stdio_usb_init>
10002b0a:	bd10      	pop	{r4, pc}

10002b0c <resetd_init>:
10002b0c:	4770      	bx	lr
10002b0e:	46c0      	nop			@ (mov r8, r8)

10002b10 <resetd_reset>:
10002b10:	2200      	movs	r2, #0
10002b12:	4b01      	ldr	r3, [pc, #4]	@ (10002b18 <resetd_reset+0x8>)
10002b14:	701a      	strb	r2, [r3, #0]
10002b16:	4770      	bx	lr
10002b18:	200023b7 	.word	0x200023b7

10002b1c <resetd_open>:
10002b1c:	794b      	ldrb	r3, [r1, #5]
10002b1e:	2000      	movs	r0, #0
10002b20:	2bff      	cmp	r3, #255	@ 0xff
10002b22:	d10b      	bne.n	10002b3c <resetd_open+0x20>
10002b24:	798b      	ldrb	r3, [r1, #6]
10002b26:	2b00      	cmp	r3, #0
10002b28:	d108      	bne.n	10002b3c <resetd_open+0x20>
10002b2a:	79cb      	ldrb	r3, [r1, #7]
10002b2c:	2b01      	cmp	r3, #1
10002b2e:	d105      	bne.n	10002b3c <resetd_open+0x20>
10002b30:	2a08      	cmp	r2, #8
10002b32:	d903      	bls.n	10002b3c <resetd_open+0x20>
10002b34:	4b02      	ldr	r3, [pc, #8]	@ (10002b40 <resetd_open+0x24>)
10002b36:	788a      	ldrb	r2, [r1, #2]
10002b38:	3009      	adds	r0, #9
10002b3a:	701a      	strb	r2, [r3, #0]
10002b3c:	4770      	bx	lr
10002b3e:	46c0      	nop			@ (mov r8, r8)
10002b40:	200023b7 	.word	0x200023b7

10002b44 <resetd_xfer_cb>:
10002b44:	2001      	movs	r0, #1
10002b46:	4770      	bx	lr

10002b48 <resetd_control_xfer_cb>:
10002b48:	b570      	push	{r4, r5, r6, lr}
10002b4a:	2901      	cmp	r1, #1
10002b4c:	d113      	bne.n	10002b76 <resetd_control_xfer_cb+0x2e>
10002b4e:	4914      	ldr	r1, [pc, #80]	@ (10002ba0 <resetd_control_xfer_cb+0x58>)
10002b50:	7953      	ldrb	r3, [r2, #5]
10002b52:	7910      	ldrb	r0, [r2, #4]
10002b54:	7809      	ldrb	r1, [r1, #0]
10002b56:	021b      	lsls	r3, r3, #8
10002b58:	4303      	orrs	r3, r0
10002b5a:	2000      	movs	r0, #0
10002b5c:	4299      	cmp	r1, r3
10002b5e:	d000      	beq.n	10002b62 <resetd_control_xfer_cb+0x1a>
10002b60:	bd70      	pop	{r4, r5, r6, pc}
10002b62:	7853      	ldrb	r3, [r2, #1]
10002b64:	2b01      	cmp	r3, #1
10002b66:	d008      	beq.n	10002b7a <resetd_control_xfer_cb+0x32>
10002b68:	2b02      	cmp	r3, #2
10002b6a:	d1f9      	bne.n	10002b60 <resetd_control_xfer_cb+0x18>
10002b6c:	2264      	movs	r2, #100	@ 0x64
10002b6e:	2100      	movs	r1, #0
10002b70:	2000      	movs	r0, #0
10002b72:	f7ff f979 	bl	10001e68 <watchdog_reboot>
10002b76:	2001      	movs	r0, #1
10002b78:	e7f2      	b.n	10002b60 <resetd_control_xfer_cb+0x18>
10002b7a:	7894      	ldrb	r4, [r2, #2]
10002b7c:	78d2      	ldrb	r2, [r2, #3]
10002b7e:	0005      	movs	r5, r0
10002b80:	0212      	lsls	r2, r2, #8
10002b82:	4314      	orrs	r4, r2
10002b84:	05d2      	lsls	r2, r2, #23
10002b86:	d502      	bpl.n	10002b8e <resetd_control_xfer_cb+0x46>
10002b88:	0a62      	lsrs	r2, r4, #9
10002b8a:	4093      	lsls	r3, r2
10002b8c:	001d      	movs	r5, r3
10002b8e:	4805      	ldr	r0, [pc, #20]	@ (10002ba4 <resetd_control_xfer_cb+0x5c>)
10002b90:	f7ff faaa 	bl	100020e8 <rom_func_lookup>
10002b94:	217f      	movs	r1, #127	@ 0x7f
10002b96:	0003      	movs	r3, r0
10002b98:	4021      	ands	r1, r4
10002b9a:	0028      	movs	r0, r5
10002b9c:	4798      	blx	r3
10002b9e:	46c0      	nop			@ (mov r8, r8)
10002ba0:	200023b7 	.word	0x200023b7
10002ba4:	00004255 	.word	0x00004255

10002ba8 <usbd_app_driver_get_cb>:
10002ba8:	2301      	movs	r3, #1
10002baa:	7003      	strb	r3, [r0, #0]
10002bac:	4800      	ldr	r0, [pc, #0]	@ (10002bb0 <usbd_app_driver_get_cb+0x8>)
10002bae:	4770      	bx	lr
10002bb0:	100059d0 	.word	0x100059d0

10002bb4 <tud_cdc_line_coding_cb>:
10002bb4:	784b      	ldrb	r3, [r1, #1]
10002bb6:	780a      	ldrb	r2, [r1, #0]
10002bb8:	021b      	lsls	r3, r3, #8
10002bba:	4313      	orrs	r3, r2
10002bbc:	788a      	ldrb	r2, [r1, #2]
10002bbe:	b510      	push	{r4, lr}
10002bc0:	0412      	lsls	r2, r2, #16
10002bc2:	431a      	orrs	r2, r3
10002bc4:	78cb      	ldrb	r3, [r1, #3]
10002bc6:	061b      	lsls	r3, r3, #24
10002bc8:	4313      	orrs	r3, r2
10002bca:	2296      	movs	r2, #150	@ 0x96
10002bcc:	00d2      	lsls	r2, r2, #3
10002bce:	4293      	cmp	r3, r2
10002bd0:	d000      	beq.n	10002bd4 <tud_cdc_line_coding_cb+0x20>
10002bd2:	bd10      	pop	{r4, pc}
10002bd4:	4803      	ldr	r0, [pc, #12]	@ (10002be4 <tud_cdc_line_coding_cb+0x30>)
10002bd6:	f7ff fa87 	bl	100020e8 <rom_func_lookup>
10002bda:	2100      	movs	r1, #0
10002bdc:	0003      	movs	r3, r0
10002bde:	0008      	movs	r0, r1
10002be0:	4798      	blx	r3
10002be2:	46c0      	nop			@ (mov r8, r8)
10002be4:	00004255 	.word	0x00004255

10002be8 <stdio_usb_set_chars_available_callback>:
10002be8:	4b02      	ldr	r3, [pc, #8]	@ (10002bf4 <stdio_usb_set_chars_available_callback+0xc>)
10002bea:	6018      	str	r0, [r3, #0]
10002bec:	4b02      	ldr	r3, [pc, #8]	@ (10002bf8 <stdio_usb_set_chars_available_callback+0x10>)
10002bee:	6019      	str	r1, [r3, #0]
10002bf0:	4770      	bx	lr
10002bf2:	46c0      	nop			@ (mov r8, r8)
10002bf4:	20001ea4 	.word	0x20001ea4
10002bf8:	20001ea8 	.word	0x20001ea8

10002bfc <usb_irq>:
10002bfc:	b510      	push	{r4, lr}
10002bfe:	4b02      	ldr	r3, [pc, #8]	@ (10002c08 <usb_irq+0xc>)
10002c00:	7818      	ldrb	r0, [r3, #0]
10002c02:	f7fd fdbb 	bl	1000077c <irq_set_pending>
10002c06:	bd10      	pop	{r4, pc}
10002c08:	200023b8 	.word	0x200023b8

10002c0c <timer_task>:
10002c0c:	4b11      	ldr	r3, [pc, #68]	@ (10002c54 <timer_task+0x48>)
10002c0e:	b570      	push	{r4, r5, r6, lr}
10002c10:	681a      	ldr	r2, [r3, #0]
10002c12:	2a00      	cmp	r2, #0
10002c14:	d01a      	beq.n	10002c4c <timer_task+0x40>
10002c16:	f3ef 8110 	mrs	r1, PRIMASK
10002c1a:	b672      	cpsid	i
10002c1c:	6810      	ldr	r0, [r2, #0]
10002c1e:	2800      	cmp	r0, #0
10002c20:	d0fc      	beq.n	10002c1c <timer_task+0x10>
10002c22:	f3bf 8f5f 	dmb	sy
10002c26:	2000      	movs	r0, #0
10002c28:	4a0b      	ldr	r2, [pc, #44]	@ (10002c58 <timer_task+0x4c>)
10002c2a:	6059      	str	r1, [r3, #4]
10002c2c:	7010      	strb	r0, [r2, #0]
10002c2e:	681b      	ldr	r3, [r3, #0]
10002c30:	f3bf 8f5f 	dmb	sy
10002c34:	6018      	str	r0, [r3, #0]
10002c36:	f381 8810 	msr	PRIMASK, r1
10002c3a:	2400      	movs	r4, #0
10002c3c:	2500      	movs	r5, #0
10002c3e:	4b07      	ldr	r3, [pc, #28]	@ (10002c5c <timer_task+0x50>)
10002c40:	7818      	ldrb	r0, [r3, #0]
10002c42:	f7fd fd9b 	bl	1000077c <irq_set_pending>
10002c46:	0029      	movs	r1, r5
10002c48:	0020      	movs	r0, r4
10002c4a:	bd70      	pop	{r4, r5, r6, pc}
10002c4c:	24fa      	movs	r4, #250	@ 0xfa
10002c4e:	2500      	movs	r5, #0
10002c50:	00a4      	lsls	r4, r4, #2
10002c52:	e7f4      	b.n	10002c3e <timer_task+0x32>
10002c54:	2000235c 	.word	0x2000235c
10002c58:	200023bb 	.word	0x200023bb
10002c5c:	200023b8 	.word	0x200023b8

10002c60 <stdio_usb_in_chars>:
10002c60:	b570      	push	{r4, r5, r6, lr}
10002c62:	0004      	movs	r4, r0
10002c64:	2000      	movs	r0, #0
10002c66:	000e      	movs	r6, r1
10002c68:	f001 fae4 	bl	10004234 <tud_cdc_n_connected>
10002c6c:	2800      	cmp	r0, #0
10002c6e:	d034      	beq.n	10002cda <stdio_usb_in_chars+0x7a>
10002c70:	2000      	movs	r0, #0
10002c72:	f001 faf7 	bl	10004264 <tud_cdc_n_available>
10002c76:	2800      	cmp	r0, #0
10002c78:	d02f      	beq.n	10002cda <stdio_usb_in_chars+0x7a>
10002c7a:	f7fe fc31 	bl	100014e0 <time_us_64>
10002c7e:	2300      	movs	r3, #0
10002c80:	4a17      	ldr	r2, [pc, #92]	@ (10002ce0 <stdio_usb_in_chars+0x80>)
10002c82:	1812      	adds	r2, r2, r0
10002c84:	414b      	adcs	r3, r1
10002c86:	2b00      	cmp	r3, #0
10002c88:	db16      	blt.n	10002cb8 <stdio_usb_in_chars+0x58>
10002c8a:	4d16      	ldr	r5, [pc, #88]	@ (10002ce4 <stdio_usb_in_chars+0x84>)
10002c8c:	0028      	movs	r0, r5
10002c8e:	f002 fda3 	bl	100057d8 <__mutex_try_enter_block_until_veneer>
10002c92:	2800      	cmp	r0, #0
10002c94:	d021      	beq.n	10002cda <stdio_usb_in_chars+0x7a>
10002c96:	2000      	movs	r0, #0
10002c98:	f001 facc 	bl	10004234 <tud_cdc_n_connected>
10002c9c:	2800      	cmp	r0, #0
10002c9e:	d10f      	bne.n	10002cc0 <stdio_usb_in_chars+0x60>
10002ca0:	2001      	movs	r0, #1
10002ca2:	2100      	movs	r1, #0
10002ca4:	4240      	negs	r0, r0
10002ca6:	f000 fcc1 	bl	1000362c <tud_task_ext>
10002caa:	2403      	movs	r4, #3
10002cac:	4264      	negs	r4, r4
10002cae:	0028      	movs	r0, r5
10002cb0:	f002 fd62 	bl	10005778 <__mutex_exit_veneer>
10002cb4:	0020      	movs	r0, r4
10002cb6:	bd70      	pop	{r4, r5, r6, pc}
10002cb8:	2201      	movs	r2, #1
10002cba:	4b0b      	ldr	r3, [pc, #44]	@ (10002ce8 <stdio_usb_in_chars+0x88>)
10002cbc:	4252      	negs	r2, r2
10002cbe:	e7e4      	b.n	10002c8a <stdio_usb_in_chars+0x2a>
10002cc0:	2000      	movs	r0, #0
10002cc2:	f001 facf 	bl	10004264 <tud_cdc_n_available>
10002cc6:	2800      	cmp	r0, #0
10002cc8:	d0ea      	beq.n	10002ca0 <stdio_usb_in_chars+0x40>
10002cca:	0021      	movs	r1, r4
10002ccc:	0032      	movs	r2, r6
10002cce:	2000      	movs	r0, #0
10002cd0:	f001 fad4 	bl	1000427c <tud_cdc_n_read>
10002cd4:	1e04      	subs	r4, r0, #0
10002cd6:	d1ea      	bne.n	10002cae <stdio_usb_in_chars+0x4e>
10002cd8:	e7e7      	b.n	10002caa <stdio_usb_in_chars+0x4a>
10002cda:	2403      	movs	r4, #3
10002cdc:	4264      	negs	r4, r4
10002cde:	e7e9      	b.n	10002cb4 <stdio_usb_in_chars+0x54>
10002ce0:	000f4240 	.word	0x000f4240
10002ce4:	20002388 	.word	0x20002388
10002ce8:	7fffffff 	.word	0x7fffffff

10002cec <stdio_usb_out_chars>:
10002cec:	b5f8      	push	{r3, r4, r5, r6, r7, lr}
10002cee:	46de      	mov	lr, fp
10002cf0:	4657      	mov	r7, sl
10002cf2:	b580      	push	{r7, lr}
10002cf4:	0005      	movs	r5, r0
10002cf6:	000c      	movs	r4, r1
10002cf8:	f7fe fbf2 	bl	100014e0 <time_us_64>
10002cfc:	2300      	movs	r3, #0
10002cfe:	4a36      	ldr	r2, [pc, #216]	@ (10002dd8 <stdio_usb_out_chars+0xec>)
10002d00:	1812      	adds	r2, r2, r0
10002d02:	414b      	adcs	r3, r1
10002d04:	2b00      	cmp	r3, #0
10002d06:	da02      	bge.n	10002d0e <stdio_usb_out_chars+0x22>
10002d08:	2201      	movs	r2, #1
10002d0a:	4b34      	ldr	r3, [pc, #208]	@ (10002ddc <stdio_usb_out_chars+0xf0>)
10002d0c:	4252      	negs	r2, r2
10002d0e:	4934      	ldr	r1, [pc, #208]	@ (10002de0 <stdio_usb_out_chars+0xf4>)
10002d10:	0008      	movs	r0, r1
10002d12:	468a      	mov	sl, r1
10002d14:	f002 fd60 	bl	100057d8 <__mutex_try_enter_block_until_veneer>
10002d18:	2800      	cmp	r0, #0
10002d1a:	d103      	bne.n	10002d24 <stdio_usb_out_chars+0x38>
10002d1c:	bcc0      	pop	{r6, r7}
10002d1e:	46bb      	mov	fp, r7
10002d20:	46b2      	mov	sl, r6
10002d22:	bdf8      	pop	{r3, r4, r5, r6, r7, pc}
10002d24:	2000      	movs	r0, #0
10002d26:	f001 fa85 	bl	10004234 <tud_cdc_n_connected>
10002d2a:	2800      	cmp	r0, #0
10002d2c:	d04a      	beq.n	10002dc4 <stdio_usb_out_chars+0xd8>
10002d2e:	2600      	movs	r6, #0
10002d30:	2c00      	cmp	r4, #0
10002d32:	dd43      	ble.n	10002dbc <stdio_usb_out_chars+0xd0>
10002d34:	4b2b      	ldr	r3, [pc, #172]	@ (10002de4 <stdio_usb_out_chars+0xf8>)
10002d36:	469b      	mov	fp, r3
10002d38:	e014      	b.n	10002d64 <stdio_usb_out_chars+0x78>
10002d3a:	19a9      	adds	r1, r5, r6
10002d3c:	2000      	movs	r0, #0
10002d3e:	f001 fb0f 	bl	10004360 <tud_cdc_n_write>
10002d42:	0007      	movs	r7, r0
10002d44:	2001      	movs	r0, #1
10002d46:	2100      	movs	r1, #0
10002d48:	4240      	negs	r0, r0
10002d4a:	f000 fc6f 	bl	1000362c <tud_task_ext>
10002d4e:	2000      	movs	r0, #0
10002d50:	f001 faca 	bl	100042e8 <tud_cdc_n_write_flush>
10002d54:	f7fe fbc4 	bl	100014e0 <time_us_64>
10002d58:	4b22      	ldr	r3, [pc, #136]	@ (10002de4 <stdio_usb_out_chars+0xf8>)
10002d5a:	19f6      	adds	r6, r6, r7
10002d5c:	6018      	str	r0, [r3, #0]
10002d5e:	6059      	str	r1, [r3, #4]
10002d60:	42b4      	cmp	r4, r6
10002d62:	dd2b      	ble.n	10002dbc <stdio_usb_out_chars+0xd0>
10002d64:	2000      	movs	r0, #0
10002d66:	f001 fb15 	bl	10004394 <tud_cdc_n_write_available>
10002d6a:	1ba7      	subs	r7, r4, r6
10002d6c:	0002      	movs	r2, r0
10002d6e:	42b8      	cmp	r0, r7
10002d70:	dd00      	ble.n	10002d74 <stdio_usb_out_chars+0x88>
10002d72:	003a      	movs	r2, r7
10002d74:	2a00      	cmp	r2, #0
10002d76:	d1e0      	bne.n	10002d3a <stdio_usb_out_chars+0x4e>
10002d78:	2001      	movs	r0, #1
10002d7a:	2100      	movs	r1, #0
10002d7c:	4240      	negs	r0, r0
10002d7e:	f000 fc55 	bl	1000362c <tud_task_ext>
10002d82:	2000      	movs	r0, #0
10002d84:	f001 fab0 	bl	100042e8 <tud_cdc_n_write_flush>
10002d88:	2000      	movs	r0, #0
10002d8a:	f001 fa53 	bl	10004234 <tud_cdc_n_connected>
10002d8e:	2800      	cmp	r0, #0
10002d90:	d014      	beq.n	10002dbc <stdio_usb_out_chars+0xd0>
10002d92:	2000      	movs	r0, #0
10002d94:	f001 fafe 	bl	10004394 <tud_cdc_n_write_available>
10002d98:	2800      	cmp	r0, #0
10002d9a:	d1e1      	bne.n	10002d60 <stdio_usb_out_chars+0x74>
10002d9c:	f7fe fba0 	bl	100014e0 <time_us_64>
10002da0:	465b      	mov	r3, fp
10002da2:	000f      	movs	r7, r1
10002da4:	681a      	ldr	r2, [r3, #0]
10002da6:	685b      	ldr	r3, [r3, #4]
10002da8:	2100      	movs	r1, #0
10002daa:	4684      	mov	ip, r0
10002dac:	480e      	ldr	r0, [pc, #56]	@ (10002de8 <stdio_usb_out_chars+0xfc>)
10002dae:	1812      	adds	r2, r2, r0
10002db0:	414b      	adcs	r3, r1
10002db2:	429f      	cmp	r7, r3
10002db4:	d802      	bhi.n	10002dbc <stdio_usb_out_chars+0xd0>
10002db6:	d1d3      	bne.n	10002d60 <stdio_usb_out_chars+0x74>
10002db8:	4594      	cmp	ip, r2
10002dba:	d9d1      	bls.n	10002d60 <stdio_usb_out_chars+0x74>
10002dbc:	4650      	mov	r0, sl
10002dbe:	f002 fcdb 	bl	10005778 <__mutex_exit_veneer>
10002dc2:	e7ab      	b.n	10002d1c <stdio_usb_out_chars+0x30>
10002dc4:	2000      	movs	r0, #0
10002dc6:	2100      	movs	r1, #0
10002dc8:	4b06      	ldr	r3, [pc, #24]	@ (10002de4 <stdio_usb_out_chars+0xf8>)
10002dca:	6018      	str	r0, [r3, #0]
10002dcc:	6059      	str	r1, [r3, #4]
10002dce:	4650      	mov	r0, sl
10002dd0:	f002 fcd2 	bl	10005778 <__mutex_exit_veneer>
10002dd4:	e7a2      	b.n	10002d1c <stdio_usb_out_chars+0x30>
10002dd6:	46c0      	nop			@ (mov r8, r8)
10002dd8:	000f4240 	.word	0x000f4240
10002ddc:	7fffffff 	.word	0x7fffffff
10002de0:	20002388 	.word	0x20002388
10002de4:	200015d8 	.word	0x200015d8
10002de8:	0007a120 	.word	0x0007a120

10002dec <low_priority_worker_irq>:
10002dec:	b510      	push	{r4, lr}
10002dee:	4c23      	ldr	r4, [pc, #140]	@ (10002e7c <low_priority_worker_irq+0x90>)
10002df0:	b084      	sub	sp, #16
10002df2:	2100      	movs	r1, #0
10002df4:	0020      	movs	r0, r4
10002df6:	f002 fcd7 	bl	100057a8 <__mutex_try_enter_veneer>
10002dfa:	2800      	cmp	r0, #0
10002dfc:	d11c      	bne.n	10002e38 <low_priority_worker_irq+0x4c>
10002dfe:	4b20      	ldr	r3, [pc, #128]	@ (10002e80 <low_priority_worker_irq+0x94>)
10002e00:	681a      	ldr	r2, [r3, #0]
10002e02:	2a00      	cmp	r2, #0
10002e04:	d016      	beq.n	10002e34 <low_priority_worker_irq+0x48>
10002e06:	f3ef 8110 	mrs	r1, PRIMASK
10002e0a:	b672      	cpsid	i
10002e0c:	6810      	ldr	r0, [r2, #0]
10002e0e:	2800      	cmp	r0, #0
10002e10:	d0fc      	beq.n	10002e0c <low_priority_worker_irq+0x20>
10002e12:	f3bf 8f5f 	dmb	sy
10002e16:	2401      	movs	r4, #1
10002e18:	481a      	ldr	r0, [pc, #104]	@ (10002e84 <low_priority_worker_irq+0x98>)
10002e1a:	6059      	str	r1, [r3, #4]
10002e1c:	7802      	ldrb	r2, [r0, #0]
10002e1e:	681b      	ldr	r3, [r3, #0]
10002e20:	b2d2      	uxtb	r2, r2
10002e22:	7004      	strb	r4, [r0, #0]
10002e24:	f3bf 8f5f 	dmb	sy
10002e28:	2000      	movs	r0, #0
10002e2a:	6018      	str	r0, [r3, #0]
10002e2c:	f381 8810 	msr	PRIMASK, r1
10002e30:	2a00      	cmp	r2, #0
10002e32:	d00a      	beq.n	10002e4a <low_priority_worker_irq+0x5e>
10002e34:	b004      	add	sp, #16
10002e36:	bd10      	pop	{r4, pc}
10002e38:	2001      	movs	r0, #1
10002e3a:	2100      	movs	r1, #0
10002e3c:	4240      	negs	r0, r0
10002e3e:	f000 fbf5 	bl	1000362c <tud_task_ext>
10002e42:	0020      	movs	r0, r4
10002e44:	f002 fc98 	bl	10005778 <__mutex_exit_veneer>
10002e48:	e7f4      	b.n	10002e34 <low_priority_worker_irq+0x48>
10002e4a:	f7fe f939 	bl	100010c0 <alarm_pool_get_default>
10002e4e:	0004      	movs	r4, r0
10002e50:	f7fe fb46 	bl	100014e0 <time_us_64>
10002e54:	22fa      	movs	r2, #250	@ 0xfa
10002e56:	2300      	movs	r3, #0
10002e58:	0092      	lsls	r2, r2, #2
10002e5a:	1812      	adds	r2, r2, r0
10002e5c:	414b      	adcs	r3, r1
10002e5e:	2b00      	cmp	r3, #0
10002e60:	da02      	bge.n	10002e68 <low_priority_worker_irq+0x7c>
10002e62:	2201      	movs	r2, #1
10002e64:	4b08      	ldr	r3, [pc, #32]	@ (10002e88 <low_priority_worker_irq+0x9c>)
10002e66:	4252      	negs	r2, r2
10002e68:	2101      	movs	r1, #1
10002e6a:	9102      	str	r1, [sp, #8]
10002e6c:	2100      	movs	r1, #0
10002e6e:	9101      	str	r1, [sp, #4]
10002e70:	4906      	ldr	r1, [pc, #24]	@ (10002e8c <low_priority_worker_irq+0xa0>)
10002e72:	0020      	movs	r0, r4
10002e74:	9100      	str	r1, [sp, #0]
10002e76:	f7fe f927 	bl	100010c8 <alarm_pool_add_alarm_at>
10002e7a:	e7db      	b.n	10002e34 <low_priority_worker_irq+0x48>
10002e7c:	20002388 	.word	0x20002388
10002e80:	2000235c 	.word	0x2000235c
10002e84:	200023bb 	.word	0x200023bb
10002e88:	7fffffff 	.word	0x7fffffff
10002e8c:	10002c0d 	.word	0x10002c0d

10002e90 <tud_cdc_rx_cb>:
10002e90:	4b05      	ldr	r3, [pc, #20]	@ (10002ea8 <tud_cdc_rx_cb+0x18>)
10002e92:	b510      	push	{r4, lr}
10002e94:	6818      	ldr	r0, [r3, #0]
10002e96:	2800      	cmp	r0, #0
10002e98:	d004      	beq.n	10002ea4 <tud_cdc_rx_cb+0x14>
10002e9a:	4b04      	ldr	r3, [pc, #16]	@ (10002eac <tud_cdc_rx_cb+0x1c>)
10002e9c:	2200      	movs	r2, #0
10002e9e:	6819      	ldr	r1, [r3, #0]
10002ea0:	f001 f83a 	bl	10003f18 <usbd_defer_func>
10002ea4:	bd10      	pop	{r4, pc}
10002ea6:	46c0      	nop			@ (mov r8, r8)
10002ea8:	20001ea4 	.word	0x20001ea4
10002eac:	20001ea8 	.word	0x20001ea8

10002eb0 <stdio_usb_init>:
10002eb0:	23d0      	movs	r3, #208	@ 0xd0
10002eb2:	b510      	push	{r4, lr}
10002eb4:	061b      	lsls	r3, r3, #24
10002eb6:	b084      	sub	sp, #16
10002eb8:	681c      	ldr	r4, [r3, #0]
10002eba:	f7fe f901 	bl	100010c0 <alarm_pool_get_default>
10002ebe:	f7fe f9bd 	bl	1000123c <alarm_pool_core_num>
10002ec2:	42a0      	cmp	r0, r4
10002ec4:	d002      	beq.n	10002ecc <stdio_usb_init+0x1c>
10002ec6:	2000      	movs	r0, #0
10002ec8:	b004      	add	sp, #16
10002eca:	bd10      	pop	{r4, pc}
10002ecc:	4b26      	ldr	r3, [pc, #152]	@ (10002f68 <stdio_usb_init+0xb8>)
10002ece:	781b      	ldrb	r3, [r3, #0]
10002ed0:	f001 fc42 	bl	10004758 <tusb_init>
10002ed4:	4825      	ldr	r0, [pc, #148]	@ (10002f6c <stdio_usb_init+0xbc>)
10002ed6:	f7fd ff03 	bl	10000ce0 <mutex_init>
10002eda:	2001      	movs	r0, #1
10002edc:	f7fd fee2 	bl	10000ca4 <user_irq_claim_unused>
10002ee0:	23ff      	movs	r3, #255	@ 0xff
10002ee2:	4c23      	ldr	r4, [pc, #140]	@ (10002f70 <stdio_usb_init+0xc0>)
10002ee4:	4923      	ldr	r1, [pc, #140]	@ (10002f74 <stdio_usb_init+0xc4>)
10002ee6:	7020      	strb	r0, [r4, #0]
10002ee8:	4018      	ands	r0, r3
10002eea:	f7fd fc6d 	bl	100007c8 <irq_set_exclusive_handler>
10002eee:	7820      	ldrb	r0, [r4, #0]
10002ef0:	2101      	movs	r1, #1
10002ef2:	f7fd fc31 	bl	10000758 <irq_set_enabled>
10002ef6:	2005      	movs	r0, #5
10002ef8:	f7fd fc48 	bl	1000078c <irq_has_shared_handler>
10002efc:	2800      	cmp	r0, #0
10002efe:	d125      	bne.n	10002f4c <stdio_usb_init+0x9c>
10002f00:	f7fe f8de 	bl	100010c0 <alarm_pool_get_default>
10002f04:	0004      	movs	r4, r0
10002f06:	f7fe faeb 	bl	100014e0 <time_us_64>
10002f0a:	22fa      	movs	r2, #250	@ 0xfa
10002f0c:	2300      	movs	r3, #0
10002f0e:	0092      	lsls	r2, r2, #2
10002f10:	1812      	adds	r2, r2, r0
10002f12:	414b      	adcs	r3, r1
10002f14:	2b00      	cmp	r3, #0
10002f16:	da02      	bge.n	10002f1e <stdio_usb_init+0x6e>
10002f18:	2201      	movs	r2, #1
10002f1a:	4b17      	ldr	r3, [pc, #92]	@ (10002f78 <stdio_usb_init+0xc8>)
10002f1c:	4252      	negs	r2, r2
10002f1e:	2101      	movs	r1, #1
10002f20:	9102      	str	r1, [sp, #8]
10002f22:	2100      	movs	r1, #0
10002f24:	9101      	str	r1, [sp, #4]
10002f26:	4915      	ldr	r1, [pc, #84]	@ (10002f7c <stdio_usb_init+0xcc>)
10002f28:	0020      	movs	r0, r4
10002f2a:	9100      	str	r1, [sp, #0]
10002f2c:	f7fe f8cc 	bl	100010c8 <alarm_pool_add_alarm_at>
10002f30:	2208      	movs	r2, #8
10002f32:	0004      	movs	r4, r0
10002f34:	2100      	movs	r1, #0
10002f36:	4812      	ldr	r0, [pc, #72]	@ (10002f80 <stdio_usb_init+0xd0>)
10002f38:	f7ff fc0c 	bl	10002754 <__wrap_memset>
10002f3c:	2c00      	cmp	r4, #0
10002f3e:	dbc2      	blt.n	10002ec6 <stdio_usb_init+0x16>
10002f40:	4810      	ldr	r0, [pc, #64]	@ (10002f84 <stdio_usb_init+0xd4>)
10002f42:	2101      	movs	r1, #1
10002f44:	f7ff fdc6 	bl	10002ad4 <stdio_set_driver_enabled>
10002f48:	2001      	movs	r0, #1
10002f4a:	e7bd      	b.n	10002ec8 <stdio_usb_init+0x18>
10002f4c:	2200      	movs	r2, #0
10002f4e:	490e      	ldr	r1, [pc, #56]	@ (10002f88 <stdio_usb_init+0xd8>)
10002f50:	2005      	movs	r0, #5
10002f52:	f7fd fc63 	bl	1000081c <irq_add_shared_handler>
10002f56:	f7fd fbe1 	bl	1000071c <next_striped_spin_lock_num>
10002f5a:	4b09      	ldr	r3, [pc, #36]	@ (10002f80 <stdio_usb_init+0xd0>)
10002f5c:	0001      	movs	r1, r0
10002f5e:	0018      	movs	r0, r3
10002f60:	f7fd fee8 	bl	10000d34 <critical_section_init_with_lock_num>
10002f64:	e7ec      	b.n	10002f40 <stdio_usb_init+0x90>
10002f66:	46c0      	nop			@ (mov r8, r8)
10002f68:	10005b34 	.word	0x10005b34
10002f6c:	20002388 	.word	0x20002388
10002f70:	200023b8 	.word	0x200023b8
10002f74:	10002ded 	.word	0x10002ded
10002f78:	7fffffff 	.word	0x7fffffff
10002f7c:	10002c0d 	.word	0x10002c0d
10002f80:	2000235c 	.word	0x2000235c
10002f84:	20000ef0 	.word	0x20000ef0
10002f88:	10002bfd 	.word	0x10002bfd

10002f8c <stdio_usb_connected>:
10002f8c:	b510      	push	{r4, lr}
10002f8e:	2000      	movs	r0, #0
10002f90:	f001 f950 	bl	10004234 <tud_cdc_n_connected>
10002f94:	bd10      	pop	{r4, pc}
10002f96:	46c0      	nop			@ (mov r8, r8)

10002f98 <tud_descriptor_device_cb>:
10002f98:	4800      	ldr	r0, [pc, #0]	@ (10002f9c <tud_descriptor_device_cb+0x4>)
10002f9a:	4770      	bx	lr
10002f9c:	10005a60 	.word	0x10005a60

10002fa0 <tud_descriptor_configuration_cb>:
10002fa0:	4800      	ldr	r0, [pc, #0]	@ (10002fa4 <tud_descriptor_configuration_cb+0x4>)
10002fa2:	4770      	bx	lr
10002fa4:	10005a0c 	.word	0x10005a0c

10002fa8 <tud_descriptor_string_cb>:
10002fa8:	b510      	push	{r4, lr}
10002faa:	0004      	movs	r4, r0
10002fac:	4817      	ldr	r0, [pc, #92]	@ (1000300c <tud_descriptor_string_cb+0x64>)
10002fae:	7803      	ldrb	r3, [r0, #0]
10002fb0:	2b00      	cmp	r3, #0
10002fb2:	d020      	beq.n	10002ff6 <tud_descriptor_string_cb+0x4e>
10002fb4:	2c00      	cmp	r4, #0
10002fb6:	d106      	bne.n	10002fc6 <tud_descriptor_string_cb+0x1e>
10002fb8:	4b15      	ldr	r3, [pc, #84]	@ (10003010 <tud_descriptor_string_cb+0x68>)
10002fba:	4816      	ldr	r0, [pc, #88]	@ (10003014 <tud_descriptor_string_cb+0x6c>)
10002fbc:	8043      	strh	r3, [r0, #2]
10002fbe:	3b06      	subs	r3, #6
10002fc0:	3bff      	subs	r3, #255	@ 0xff
10002fc2:	8003      	strh	r3, [r0, #0]
10002fc4:	bd10      	pop	{r4, pc}
10002fc6:	2c05      	cmp	r4, #5
10002fc8:	d81d      	bhi.n	10003006 <tud_descriptor_string_cb+0x5e>
10002fca:	4b13      	ldr	r3, [pc, #76]	@ (10003018 <tud_descriptor_string_cb+0x70>)
10002fcc:	00a4      	lsls	r4, r4, #2
10002fce:	58e0      	ldr	r0, [r4, r3]
10002fd0:	4912      	ldr	r1, [pc, #72]	@ (1000301c <tud_descriptor_string_cb+0x74>)
10002fd2:	2301      	movs	r3, #1
10002fd4:	3801      	subs	r0, #1
10002fd6:	e004      	b.n	10002fe2 <tud_descriptor_string_cb+0x3a>
10002fd8:	3301      	adds	r3, #1
10002fda:	800a      	strh	r2, [r1, #0]
10002fdc:	3102      	adds	r1, #2
10002fde:	2b14      	cmp	r3, #20
10002fe0:	d00d      	beq.n	10002ffe <tud_descriptor_string_cb+0x56>
10002fe2:	5cc2      	ldrb	r2, [r0, r3]
10002fe4:	2a00      	cmp	r2, #0
10002fe6:	d1f7      	bne.n	10002fd8 <tud_descriptor_string_cb+0x30>
10002fe8:	22c0      	movs	r2, #192	@ 0xc0
10002fea:	b2db      	uxtb	r3, r3
10002fec:	005b      	lsls	r3, r3, #1
10002fee:	0092      	lsls	r2, r2, #2
10002ff0:	4808      	ldr	r0, [pc, #32]	@ (10003014 <tud_descriptor_string_cb+0x6c>)
10002ff2:	4313      	orrs	r3, r2
10002ff4:	e7e5      	b.n	10002fc2 <tud_descriptor_string_cb+0x1a>
10002ff6:	2111      	movs	r1, #17
10002ff8:	f000 f81a 	bl	10003030 <pico_get_unique_board_id_string>
10002ffc:	e7da      	b.n	10002fb4 <tud_descriptor_string_cb+0xc>
10002ffe:	23ca      	movs	r3, #202	@ 0xca
10003000:	4804      	ldr	r0, [pc, #16]	@ (10003014 <tud_descriptor_string_cb+0x6c>)
10003002:	009b      	lsls	r3, r3, #2
10003004:	e7dd      	b.n	10002fc2 <tud_descriptor_string_cb+0x1a>
10003006:	2000      	movs	r0, #0
10003008:	e7dc      	b.n	10002fc4 <tud_descriptor_string_cb+0x1c>
1000300a:	46c0      	nop			@ (mov r8, r8)
1000300c:	200023a0 	.word	0x200023a0
10003010:	00000409 	.word	0x00000409
10003014:	20001ef0 	.word	0x20001ef0
10003018:	100059f4 	.word	0x100059f4
1000301c:	20001ef2 	.word	0x20001ef2

10003020 <_retrieve_unique_id_on_boot>:
10003020:	b510      	push	{r4, lr}
10003022:	4802      	ldr	r0, [pc, #8]	@ (1000302c <_retrieve_unique_id_on_boot+0xc>)
10003024:	f000 f8d8 	bl	100031d8 <flash_get_unique_id>
10003028:	bd10      	pop	{r4, pc}
1000302a:	46c0      	nop			@ (mov r8, r8)
1000302c:	20002378 	.word	0x20002378

10003030 <pico_get_unique_board_id_string>:
10003030:	b530      	push	{r4, r5, lr}
10003032:	1e4b      	subs	r3, r1, #1
10003034:	2901      	cmp	r1, #1
10003036:	d100      	bne.n	1000303a <pico_get_unique_board_id_string+0xa>
10003038:	e0a7      	b.n	1000318a <pico_get_unique_board_id_string+0x15a>
1000303a:	4a66      	ldr	r2, [pc, #408]	@ (100031d4 <pico_get_unique_board_id_string+0x1a4>)
1000303c:	7811      	ldrb	r1, [r2, #0]
1000303e:	090d      	lsrs	r5, r1, #4
10003040:	002c      	movs	r4, r5
10003042:	3430      	adds	r4, #48	@ 0x30
10003044:	299f      	cmp	r1, #159	@ 0x9f
10003046:	d900      	bls.n	1000304a <pico_get_unique_board_id_string+0x1a>
10003048:	e0a2      	b.n	10003190 <pico_get_unique_board_id_string+0x160>
1000304a:	7004      	strb	r4, [r0, #0]
1000304c:	2b01      	cmp	r3, #1
1000304e:	d100      	bne.n	10003052 <pico_get_unique_board_id_string+0x22>
10003050:	e0be      	b.n	100031d0 <pico_get_unique_board_id_string+0x1a0>
10003052:	210f      	movs	r1, #15
10003054:	7814      	ldrb	r4, [r2, #0]
10003056:	4021      	ands	r1, r4
10003058:	000c      	movs	r4, r1
1000305a:	3430      	adds	r4, #48	@ 0x30
1000305c:	2909      	cmp	r1, #9
1000305e:	d900      	bls.n	10003062 <pico_get_unique_board_id_string+0x32>
10003060:	e098      	b.n	10003194 <pico_get_unique_board_id_string+0x164>
10003062:	7044      	strb	r4, [r0, #1]
10003064:	2b02      	cmp	r3, #2
10003066:	d100      	bne.n	1000306a <pico_get_unique_board_id_string+0x3a>
10003068:	e0b2      	b.n	100031d0 <pico_get_unique_board_id_string+0x1a0>
1000306a:	7854      	ldrb	r4, [r2, #1]
1000306c:	0925      	lsrs	r5, r4, #4
1000306e:	0029      	movs	r1, r5
10003070:	3130      	adds	r1, #48	@ 0x30
10003072:	2c9f      	cmp	r4, #159	@ 0x9f
10003074:	d900      	bls.n	10003078 <pico_get_unique_board_id_string+0x48>
10003076:	e090      	b.n	1000319a <pico_get_unique_board_id_string+0x16a>
10003078:	7081      	strb	r1, [r0, #2]
1000307a:	2b03      	cmp	r3, #3
1000307c:	d100      	bne.n	10003080 <pico_get_unique_board_id_string+0x50>
1000307e:	e0a7      	b.n	100031d0 <pico_get_unique_board_id_string+0x1a0>
10003080:	210f      	movs	r1, #15
10003082:	4021      	ands	r1, r4
10003084:	000c      	movs	r4, r1
10003086:	3430      	adds	r4, #48	@ 0x30
10003088:	2909      	cmp	r1, #9
1000308a:	d900      	bls.n	1000308e <pico_get_unique_board_id_string+0x5e>
1000308c:	e087      	b.n	1000319e <pico_get_unique_board_id_string+0x16e>
1000308e:	70c4      	strb	r4, [r0, #3]
10003090:	2b04      	cmp	r3, #4
10003092:	d100      	bne.n	10003096 <pico_get_unique_board_id_string+0x66>
10003094:	e09c      	b.n	100031d0 <pico_get_unique_board_id_string+0x1a0>
10003096:	7894      	ldrb	r4, [r2, #2]
10003098:	0925      	lsrs	r5, r4, #4
1000309a:	0029      	movs	r1, r5
1000309c:	3130      	adds	r1, #48	@ 0x30
1000309e:	2c9f      	cmp	r4, #159	@ 0x9f
100030a0:	d900      	bls.n	100030a4 <pico_get_unique_board_id_string+0x74>
100030a2:	e07f      	b.n	100031a4 <pico_get_unique_board_id_string+0x174>
100030a4:	7101      	strb	r1, [r0, #4]
100030a6:	2b05      	cmp	r3, #5
100030a8:	d100      	bne.n	100030ac <pico_get_unique_board_id_string+0x7c>
100030aa:	e091      	b.n	100031d0 <pico_get_unique_board_id_string+0x1a0>
100030ac:	210f      	movs	r1, #15
100030ae:	4021      	ands	r1, r4
100030b0:	000c      	movs	r4, r1
100030b2:	3430      	adds	r4, #48	@ 0x30
100030b4:	2909      	cmp	r1, #9
100030b6:	d900      	bls.n	100030ba <pico_get_unique_board_id_string+0x8a>
100030b8:	e076      	b.n	100031a8 <pico_get_unique_board_id_string+0x178>
100030ba:	7144      	strb	r4, [r0, #5]
100030bc:	2b06      	cmp	r3, #6
100030be:	d100      	bne.n	100030c2 <pico_get_unique_board_id_string+0x92>
100030c0:	e086      	b.n	100031d0 <pico_get_unique_board_id_string+0x1a0>
100030c2:	78d4      	ldrb	r4, [r2, #3]
100030c4:	0925      	lsrs	r5, r4, #4
100030c6:	0029      	movs	r1, r5
100030c8:	3130      	adds	r1, #48	@ 0x30
100030ca:	2c9f      	cmp	r4, #159	@ 0x9f
100030cc:	d900      	bls.n	100030d0 <pico_get_unique_board_id_string+0xa0>
100030ce:	e06e      	b.n	100031ae <pico_get_unique_board_id_string+0x17e>
100030d0:	7181      	strb	r1, [r0, #6]
100030d2:	2b07      	cmp	r3, #7
100030d4:	d100      	bne.n	100030d8 <pico_get_unique_board_id_string+0xa8>
100030d6:	e07b      	b.n	100031d0 <pico_get_unique_board_id_string+0x1a0>
100030d8:	210f      	movs	r1, #15
100030da:	4021      	ands	r1, r4
100030dc:	000c      	movs	r4, r1
100030de:	3430      	adds	r4, #48	@ 0x30
100030e0:	2909      	cmp	r1, #9
100030e2:	d866      	bhi.n	100031b2 <pico_get_unique_board_id_string+0x182>
100030e4:	71c4      	strb	r4, [r0, #7]
100030e6:	2b08      	cmp	r3, #8
100030e8:	d100      	bne.n	100030ec <pico_get_unique_board_id_string+0xbc>
100030ea:	e071      	b.n	100031d0 <pico_get_unique_board_id_string+0x1a0>
100030ec:	7914      	ldrb	r4, [r2, #4]
100030ee:	0925      	lsrs	r5, r4, #4
100030f0:	0029      	movs	r1, r5
100030f2:	3130      	adds	r1, #48	@ 0x30
100030f4:	2c9f      	cmp	r4, #159	@ 0x9f
100030f6:	d85f      	bhi.n	100031b8 <pico_get_unique_board_id_string+0x188>
100030f8:	7201      	strb	r1, [r0, #8]
100030fa:	2b09      	cmp	r3, #9
100030fc:	d068      	beq.n	100031d0 <pico_get_unique_board_id_string+0x1a0>
100030fe:	210f      	movs	r1, #15
10003100:	4021      	ands	r1, r4
10003102:	000c      	movs	r4, r1
10003104:	3430      	adds	r4, #48	@ 0x30
10003106:	2909      	cmp	r1, #9
10003108:	d858      	bhi.n	100031bc <pico_get_unique_board_id_string+0x18c>
1000310a:	7244      	strb	r4, [r0, #9]
1000310c:	2b0a      	cmp	r3, #10
1000310e:	d05f      	beq.n	100031d0 <pico_get_unique_board_id_string+0x1a0>
10003110:	7954      	ldrb	r4, [r2, #5]
10003112:	0925      	lsrs	r5, r4, #4
10003114:	0029      	movs	r1, r5
10003116:	3130      	adds	r1, #48	@ 0x30
10003118:	2c9f      	cmp	r4, #159	@ 0x9f
1000311a:	d852      	bhi.n	100031c2 <pico_get_unique_board_id_string+0x192>
1000311c:	7281      	strb	r1, [r0, #10]
1000311e:	2b0b      	cmp	r3, #11
10003120:	d056      	beq.n	100031d0 <pico_get_unique_board_id_string+0x1a0>
10003122:	210f      	movs	r1, #15
10003124:	4021      	ands	r1, r4
10003126:	000c      	movs	r4, r1
10003128:	3430      	adds	r4, #48	@ 0x30
1000312a:	2909      	cmp	r1, #9
1000312c:	d84b      	bhi.n	100031c6 <pico_get_unique_board_id_string+0x196>
1000312e:	72c4      	strb	r4, [r0, #11]
10003130:	2b0c      	cmp	r3, #12
10003132:	d04d      	beq.n	100031d0 <pico_get_unique_board_id_string+0x1a0>
10003134:	7994      	ldrb	r4, [r2, #6]
10003136:	0925      	lsrs	r5, r4, #4
10003138:	0029      	movs	r1, r5
1000313a:	3130      	adds	r1, #48	@ 0x30
1000313c:	2c9f      	cmp	r4, #159	@ 0x9f
1000313e:	d900      	bls.n	10003142 <pico_get_unique_board_id_string+0x112>
10003140:	3107      	adds	r1, #7
10003142:	7301      	strb	r1, [r0, #12]
10003144:	2b0d      	cmp	r3, #13
10003146:	d043      	beq.n	100031d0 <pico_get_unique_board_id_string+0x1a0>
10003148:	210f      	movs	r1, #15
1000314a:	4021      	ands	r1, r4
1000314c:	000c      	movs	r4, r1
1000314e:	3430      	adds	r4, #48	@ 0x30
10003150:	2909      	cmp	r1, #9
10003152:	d901      	bls.n	10003158 <pico_get_unique_board_id_string+0x128>
10003154:	3137      	adds	r1, #55	@ 0x37
10003156:	000c      	movs	r4, r1
10003158:	7344      	strb	r4, [r0, #13]
1000315a:	2b0e      	cmp	r3, #14
1000315c:	d038      	beq.n	100031d0 <pico_get_unique_board_id_string+0x1a0>
1000315e:	79d1      	ldrb	r1, [r2, #7]
10003160:	090c      	lsrs	r4, r1, #4
10003162:	0022      	movs	r2, r4
10003164:	3230      	adds	r2, #48	@ 0x30
10003166:	299f      	cmp	r1, #159	@ 0x9f
10003168:	d900      	bls.n	1000316c <pico_get_unique_board_id_string+0x13c>
1000316a:	3207      	adds	r2, #7
1000316c:	7382      	strb	r2, [r0, #14]
1000316e:	2b0f      	cmp	r3, #15
10003170:	d02e      	beq.n	100031d0 <pico_get_unique_board_id_string+0x1a0>
10003172:	220f      	movs	r2, #15
10003174:	400a      	ands	r2, r1
10003176:	0011      	movs	r1, r2
10003178:	3137      	adds	r1, #55	@ 0x37
1000317a:	2a09      	cmp	r2, #9
1000317c:	d801      	bhi.n	10003182 <pico_get_unique_board_id_string+0x152>
1000317e:	3230      	adds	r2, #48	@ 0x30
10003180:	0011      	movs	r1, r2
10003182:	73c1      	strb	r1, [r0, #15]
10003184:	2b10      	cmp	r3, #16
10003186:	d023      	beq.n	100031d0 <pico_get_unique_board_id_string+0x1a0>
10003188:	3010      	adds	r0, #16
1000318a:	2300      	movs	r3, #0
1000318c:	7003      	strb	r3, [r0, #0]
1000318e:	bd30      	pop	{r4, r5, pc}
10003190:	3407      	adds	r4, #7
10003192:	e75a      	b.n	1000304a <pico_get_unique_board_id_string+0x1a>
10003194:	3137      	adds	r1, #55	@ 0x37
10003196:	000c      	movs	r4, r1
10003198:	e763      	b.n	10003062 <pico_get_unique_board_id_string+0x32>
1000319a:	3107      	adds	r1, #7
1000319c:	e76c      	b.n	10003078 <pico_get_unique_board_id_string+0x48>
1000319e:	3137      	adds	r1, #55	@ 0x37
100031a0:	000c      	movs	r4, r1
100031a2:	e774      	b.n	1000308e <pico_get_unique_board_id_string+0x5e>
100031a4:	3107      	adds	r1, #7
100031a6:	e77d      	b.n	100030a4 <pico_get_unique_board_id_string+0x74>
100031a8:	3137      	adds	r1, #55	@ 0x37
100031aa:	000c      	movs	r4, r1
100031ac:	e785      	b.n	100030ba <pico_get_unique_board_id_string+0x8a>
100031ae:	3107      	adds	r1, #7
100031b0:	e78e      	b.n	100030d0 <pico_get_unique_board_id_string+0xa0>
100031b2:	3137      	adds	r1, #55	@ 0x37
100031b4:	000c      	movs	r4, r1
100031b6:	e795      	b.n	100030e4 <pico_get_unique_board_id_string+0xb4>
100031b8:	3107      	adds	r1, #7
100031ba:	e79d      	b.n	100030f8 <pico_get_unique_board_id_string+0xc8>
100031bc:	3137      	adds	r1, #55	@ 0x37
100031be:	000c      	movs	r4, r1
100031c0:	e7a3      	b.n	1000310a <pico_get_unique_board_id_string+0xda>
100031c2:	3107      	adds	r1, #7
100031c4:	e7aa      	b.n	1000311c <pico_get_unique_board_id_string+0xec>
100031c6:	3137      	adds	r1, #55	@ 0x37
100031c8:	000c      	movs	r4, r1
100031ca:	72c4      	strb	r4, [r0, #11]
100031cc:	2b0c      	cmp	r3, #12
100031ce:	d1b1      	bne.n	10003134 <pico_get_unique_board_id_string+0x104>
100031d0:	18c0      	adds	r0, r0, r3
100031d2:	e7da      	b.n	1000318a <pico_get_unique_board_id_string+0x15a>
100031d4:	20002378 	.word	0x20002378

100031d8 <flash_get_unique_id>:
100031d8:	b510      	push	{r4, lr}
100031da:	b088      	sub	sp, #32
100031dc:	0004      	movs	r4, r0
100031de:	220d      	movs	r2, #13
100031e0:	2100      	movs	r1, #0
100031e2:	4668      	mov	r0, sp
100031e4:	f7ff fab6 	bl	10002754 <__wrap_memset>
100031e8:	220d      	movs	r2, #13
100031ea:	2100      	movs	r1, #0
100031ec:	a804      	add	r0, sp, #16
100031ee:	f7ff fab1 	bl	10002754 <__wrap_memset>
100031f2:	234b      	movs	r3, #75	@ 0x4b
100031f4:	466a      	mov	r2, sp
100031f6:	4668      	mov	r0, sp
100031f8:	7013      	strb	r3, [r2, #0]
100031fa:	a904      	add	r1, sp, #16
100031fc:	220d      	movs	r2, #13
100031fe:	f002 fab3 	bl	10005768 <__flash_do_cmd_veneer>
10003202:	2115      	movs	r1, #21
10003204:	2208      	movs	r2, #8
10003206:	0020      	movs	r0, r4
10003208:	4469      	add	r1, sp
1000320a:	f7ff faa9 	bl	10002760 <__wrap___aeabi_memcpy>
1000320e:	b008      	add	sp, #32
10003210:	bd10      	pop	{r4, pc}
10003212:	46c0      	nop			@ (mov r8, r8)

10003214 <dcd_int_enable>:
10003214:	b510      	push	{r4, lr}
10003216:	2101      	movs	r1, #1
10003218:	2005      	movs	r0, #5
1000321a:	f7fd fa9d 	bl	10000758 <irq_set_enabled>
1000321e:	bd10      	pop	{r4, pc}

10003220 <dcd_set_address>:
10003220:	b510      	push	{r4, lr}
10003222:	2200      	movs	r2, #0
10003224:	2100      	movs	r1, #0
10003226:	4802      	ldr	r0, [pc, #8]	@ (10003230 <dcd_set_address+0x10>)
10003228:	f000 f95c 	bl	100034e4 <hw_endpoint_xfer_start>
1000322c:	bd10      	pop	{r4, pc}
1000322e:	46c0      	nop			@ (mov r8, r8)
10003230:	20001f50 	.word	0x20001f50

10003234 <dcd_connect>:
10003234:	2280      	movs	r2, #128	@ 0x80
10003236:	4b02      	ldr	r3, [pc, #8]	@ (10003240 <dcd_connect+0xc>)
10003238:	0252      	lsls	r2, r2, #9
1000323a:	64da      	str	r2, [r3, #76]	@ 0x4c
1000323c:	4770      	bx	lr
1000323e:	46c0      	nop			@ (mov r8, r8)
10003240:	50112000 	.word	0x50112000

10003244 <dcd_init>:
10003244:	b5f0      	push	{r4, r5, r6, r7, lr}
10003246:	46c6      	mov	lr, r8
10003248:	b500      	push	{lr}
1000324a:	0006      	movs	r6, r0
1000324c:	f000 f924 	bl	10003498 <rp2040_usb_init>
10003250:	230c      	movs	r3, #12
10003252:	4d1b      	ldr	r5, [pc, #108]	@ (100032c0 <dcd_init+0x7c>)
10003254:	22ff      	movs	r2, #255	@ 0xff
10003256:	67ab      	str	r3, [r5, #120]	@ 0x78
10003258:	2005      	movs	r0, #5
1000325a:	491a      	ldr	r1, [pc, #104]	@ (100032c4 <dcd_init+0x80>)
1000325c:	f7fd fade 	bl	1000081c <irq_add_shared_handler>
10003260:	2340      	movs	r3, #64	@ 0x40
10003262:	4698      	mov	r8, r3
10003264:	4c18      	ldr	r4, [pc, #96]	@ (100032c8 <dcd_init+0x84>)
10003266:	2240      	movs	r2, #64	@ 0x40
10003268:	2100      	movs	r1, #0
1000326a:	0020      	movs	r0, r4
1000326c:	f7ff fa72 	bl	10002754 <__wrap_memset>
10003270:	4643      	mov	r3, r8
10003272:	2701      	movs	r7, #1
10003274:	8323      	strh	r3, [r4, #24]
10003276:	2121      	movs	r1, #33	@ 0x21
10003278:	2300      	movs	r3, #0
1000327a:	4a14      	ldr	r2, [pc, #80]	@ (100032cc <dcd_init+0x88>)
1000327c:	7067      	strb	r7, [r4, #1]
1000327e:	60a2      	str	r2, [r4, #8]
10003280:	6013      	str	r3, [r2, #0]
10003282:	5463      	strb	r3, [r4, r1]
10003284:	315f      	adds	r1, #95	@ 0x5f
10003286:	8461      	strh	r1, [r4, #34]	@ 0x22
10003288:	4641      	mov	r1, r8
1000328a:	8721      	strh	r1, [r4, #56]	@ 0x38
1000328c:	3905      	subs	r1, #5
1000328e:	5463      	strb	r3, [r4, r1]
10003290:	4a0f      	ldr	r2, [pc, #60]	@ (100032d0 <dcd_init+0x8c>)
10003292:	4910      	ldr	r1, [pc, #64]	@ (100032d4 <dcd_init+0x90>)
10003294:	6063      	str	r3, [r4, #4]
10003296:	60e2      	str	r2, [r4, #12]
10003298:	62a1      	str	r1, [r4, #40]	@ 0x28
1000329a:	600b      	str	r3, [r1, #0]
1000329c:	6263      	str	r3, [r4, #36]	@ 0x24
1000329e:	62e2      	str	r2, [r4, #44]	@ 0x2c
100032a0:	f002 fab2 	bl	10005808 <__reset_non_control_endpoints_veneer>
100032a4:	2380      	movs	r3, #128	@ 0x80
100032a6:	059b      	lsls	r3, r3, #22
100032a8:	642f      	str	r7, [r5, #64]	@ 0x40
100032aa:	64eb      	str	r3, [r5, #76]	@ 0x4c
100032ac:	2390      	movs	r3, #144	@ 0x90
100032ae:	4a0a      	ldr	r2, [pc, #40]	@ (100032d8 <dcd_init+0x94>)
100032b0:	0030      	movs	r0, r6
100032b2:	50ea      	str	r2, [r5, r3]
100032b4:	f7ff ffbe 	bl	10003234 <dcd_connect>
100032b8:	bc80      	pop	{r7}
100032ba:	46b8      	mov	r8, r7
100032bc:	bdf0      	pop	{r4, r5, r6, r7, pc}
100032be:	46c0      	nop			@ (mov r8, r8)
100032c0:	50110000 	.word	0x50110000
100032c4:	20000511 	.word	0x20000511
100032c8:	20001f30 	.word	0x20001f30
100032cc:	50100084 	.word	0x50100084
100032d0:	50100100 	.word	0x50100100
100032d4:	50100080 	.word	0x50100080
100032d8:	0001d010 	.word	0x0001d010

100032dc <dcd_edpt0_status_complete>:
100032dc:	780b      	ldrb	r3, [r1, #0]
100032de:	065b      	lsls	r3, r3, #25
100032e0:	d102      	bne.n	100032e8 <dcd_edpt0_status_complete+0xc>
100032e2:	784b      	ldrb	r3, [r1, #1]
100032e4:	2b05      	cmp	r3, #5
100032e6:	d000      	beq.n	100032ea <dcd_edpt0_status_complete+0xe>
100032e8:	4770      	bx	lr
100032ea:	788a      	ldrb	r2, [r1, #2]
100032ec:	4b01      	ldr	r3, [pc, #4]	@ (100032f4 <dcd_edpt0_status_complete+0x18>)
100032ee:	601a      	str	r2, [r3, #0]
100032f0:	e7fa      	b.n	100032e8 <dcd_edpt0_status_complete+0xc>
100032f2:	46c0      	nop			@ (mov r8, r8)
100032f4:	50110000 	.word	0x50110000

100032f8 <dcd_edpt_open>:
100032f8:	b5f0      	push	{r4, r5, r6, r7, lr}
100032fa:	46c6      	mov	lr, r8
100032fc:	b500      	push	{lr}
100032fe:	78cc      	ldrb	r4, [r1, #3]
10003300:	7888      	ldrb	r0, [r1, #2]
10003302:	790a      	ldrb	r2, [r1, #4]
10003304:	794b      	ldrb	r3, [r1, #5]
10003306:	217f      	movs	r1, #127	@ 0x7f
10003308:	07a4      	lsls	r4, r4, #30
1000330a:	4001      	ands	r1, r0
1000330c:	021b      	lsls	r3, r3, #8
1000330e:	09c5      	lsrs	r5, r0, #7
10003310:	4313      	orrs	r3, r2
10003312:	004f      	lsls	r7, r1, #1
10003314:	0fa2      	lsrs	r2, r4, #30
10003316:	0014      	movs	r4, r2
10003318:	4e32      	ldr	r6, [pc, #200]	@ (100033e4 <dcd_edpt_open+0xec>)
1000331a:	197a      	adds	r2, r7, r5
1000331c:	0152      	lsls	r2, r2, #5
1000331e:	18b2      	adds	r2, r6, r2
10003320:	7090      	strb	r0, [r2, #2]
10003322:	2001      	movs	r0, #1
10003324:	4068      	eors	r0, r5
10003326:	7050      	strb	r0, [r2, #1]
10003328:	2000      	movs	r0, #0
1000332a:	055b      	lsls	r3, r3, #21
1000332c:	0d5b      	lsrs	r3, r3, #21
1000332e:	70d0      	strb	r0, [r2, #3]
10003330:	8313      	strh	r3, [r2, #24]
10003332:	76d4      	strb	r4, [r2, #27]
10003334:	4680      	mov	r8, r0
10003336:	00ca      	lsls	r2, r1, #3
10003338:	2d01      	cmp	r5, #1
1000333a:	d033      	beq.n	100033a4 <dcd_edpt_open+0xac>
1000333c:	482a      	ldr	r0, [pc, #168]	@ (100033e8 <dcd_edpt_open+0xf0>)
1000333e:	4684      	mov	ip, r0
10003340:	0188      	lsls	r0, r1, #6
10003342:	4462      	add	r2, ip
10003344:	4684      	mov	ip, r0
10003346:	44b4      	add	ip, r6
10003348:	4660      	mov	r0, ip
1000334a:	6082      	str	r2, [r0, #8]
1000334c:	4640      	mov	r0, r8
1000334e:	6010      	str	r0, [r2, #0]
10003350:	2900      	cmp	r1, #0
10003352:	d033      	beq.n	100033bc <dcd_edpt_open+0xc4>
10003354:	4a25      	ldr	r2, [pc, #148]	@ (100033ec <dcd_edpt_open+0xf4>)
10003356:	00c9      	lsls	r1, r1, #3
10003358:	4690      	mov	r8, r2
1000335a:	4662      	mov	r2, ip
1000335c:	4441      	add	r1, r8
1000335e:	6051      	str	r1, [r2, #4]
10003360:	223f      	movs	r2, #63	@ 0x3f
10003362:	333f      	adds	r3, #63	@ 0x3f
10003364:	4393      	bics	r3, r2
10003366:	2c02      	cmp	r4, #2
10003368:	d100      	bne.n	1000336c <dcd_edpt_open+0x74>
1000336a:	005b      	lsls	r3, r3, #1
1000336c:	4820      	ldr	r0, [pc, #128]	@ (100033f0 <dcd_edpt_open+0xf8>)
1000336e:	197a      	adds	r2, r7, r5
10003370:	6801      	ldr	r1, [r0, #0]
10003372:	0152      	lsls	r2, r2, #5
10003374:	18b2      	adds	r2, r6, r2
10003376:	60d1      	str	r1, [r2, #12]
10003378:	4a1e      	ldr	r2, [pc, #120]	@ (100033f4 <dcd_edpt_open+0xfc>)
1000337a:	18cb      	adds	r3, r1, r3
1000337c:	6003      	str	r3, [r0, #0]
1000337e:	4051      	eors	r1, r2
10003380:	405a      	eors	r2, r3
10003382:	2380      	movs	r3, #128	@ 0x80
10003384:	4688      	mov	r8, r1
10003386:	015b      	lsls	r3, r3, #5
10003388:	429a      	cmp	r2, r3
1000338a:	d828      	bhi.n	100033de <dcd_edpt_open+0xe6>
1000338c:	4643      	mov	r3, r8
1000338e:	06a4      	lsls	r4, r4, #26
10003390:	431c      	orrs	r4, r3
10003392:	2380      	movs	r3, #128	@ 0x80
10003394:	197f      	adds	r7, r7, r5
10003396:	017f      	lsls	r7, r7, #5
10003398:	19f6      	adds	r6, r6, r7
1000339a:	6872      	ldr	r2, [r6, #4]
1000339c:	061b      	lsls	r3, r3, #24
1000339e:	4323      	orrs	r3, r4
100033a0:	6013      	str	r3, [r2, #0]
100033a2:	e011      	b.n	100033c8 <dcd_edpt_open+0xd0>
100033a4:	4814      	ldr	r0, [pc, #80]	@ (100033f8 <dcd_edpt_open+0x100>)
100033a6:	4684      	mov	ip, r0
100033a8:	0188      	lsls	r0, r1, #6
100033aa:	4462      	add	r2, ip
100033ac:	4684      	mov	ip, r0
100033ae:	44b4      	add	ip, r6
100033b0:	4660      	mov	r0, ip
100033b2:	6282      	str	r2, [r0, #40]	@ 0x28
100033b4:	4640      	mov	r0, r8
100033b6:	6010      	str	r0, [r2, #0]
100033b8:	2900      	cmp	r1, #0
100033ba:	d109      	bne.n	100033d0 <dcd_edpt_open+0xd8>
100033bc:	2300      	movs	r3, #0
100033be:	016d      	lsls	r5, r5, #5
100033c0:	1975      	adds	r5, r6, r5
100033c2:	606b      	str	r3, [r5, #4]
100033c4:	4b0d      	ldr	r3, [pc, #52]	@ (100033fc <dcd_edpt_open+0x104>)
100033c6:	60eb      	str	r3, [r5, #12]
100033c8:	2001      	movs	r0, #1
100033ca:	bc80      	pop	{r7}
100033cc:	46b8      	mov	r8, r7
100033ce:	bdf0      	pop	{r4, r5, r6, r7, pc}
100033d0:	4a08      	ldr	r2, [pc, #32]	@ (100033f4 <dcd_edpt_open+0xfc>)
100033d2:	00c9      	lsls	r1, r1, #3
100033d4:	4690      	mov	r8, r2
100033d6:	4662      	mov	r2, ip
100033d8:	4441      	add	r1, r8
100033da:	6251      	str	r1, [r2, #36]	@ 0x24
100033dc:	e7c0      	b.n	10003360 <dcd_edpt_open+0x68>
100033de:	f7fe fe55 	bl	1000208c <hard_assertion_failure>
100033e2:	e7d3      	b.n	1000338c <dcd_edpt_open+0x94>
100033e4:	20001f30 	.word	0x20001f30
100033e8:	50100084 	.word	0x50100084
100033ec:	50100004 	.word	0x50100004
100033f0:	20002340 	.word	0x20002340
100033f4:	50100000 	.word	0x50100000
100033f8:	50100080 	.word	0x50100080
100033fc:	50100100 	.word	0x50100100

10003400 <dcd_edpt_close_all>:
10003400:	b510      	push	{r4, lr}
10003402:	f002 fa01 	bl	10005808 <__reset_non_control_endpoints_veneer>
10003406:	bd10      	pop	{r4, pc}

10003408 <dcd_edpt_xfer>:
10003408:	b510      	push	{r4, lr}
1000340a:	207f      	movs	r0, #127	@ 0x7f
1000340c:	000c      	movs	r4, r1
1000340e:	4020      	ands	r0, r4
10003410:	0040      	lsls	r0, r0, #1
10003412:	09e4      	lsrs	r4, r4, #7
10003414:	0011      	movs	r1, r2
10003416:	1900      	adds	r0, r0, r4
10003418:	001a      	movs	r2, r3
1000341a:	4b03      	ldr	r3, [pc, #12]	@ (10003428 <dcd_edpt_xfer+0x20>)
1000341c:	0140      	lsls	r0, r0, #5
1000341e:	18c0      	adds	r0, r0, r3
10003420:	f000 f860 	bl	100034e4 <hw_endpoint_xfer_start>
10003424:	2001      	movs	r0, #1
10003426:	bd10      	pop	{r4, pc}
10003428:	20001f30 	.word	0x20001f30

1000342c <dcd_edpt_stall>:
1000342c:	237f      	movs	r3, #127	@ 0x7f
1000342e:	0018      	movs	r0, r3
10003430:	b500      	push	{lr}
10003432:	4008      	ands	r0, r1
10003434:	b083      	sub	sp, #12
10003436:	420b      	tst	r3, r1
10003438:	d104      	bne.n	10003444 <dcd_edpt_stall+0x18>
1000343a:	424b      	negs	r3, r1
1000343c:	414b      	adcs	r3, r1
1000343e:	4a08      	ldr	r2, [pc, #32]	@ (10003460 <dcd_edpt_stall+0x34>)
10003440:	3301      	adds	r3, #1
10003442:	6693      	str	r3, [r2, #104]	@ 0x68
10003444:	2280      	movs	r2, #128	@ 0x80
10003446:	09c9      	lsrs	r1, r1, #7
10003448:	0040      	lsls	r0, r0, #1
1000344a:	4b06      	ldr	r3, [pc, #24]	@ (10003464 <dcd_edpt_stall+0x38>)
1000344c:	1840      	adds	r0, r0, r1
1000344e:	0140      	lsls	r0, r0, #5
10003450:	2100      	movs	r1, #0
10003452:	18c0      	adds	r0, r0, r3
10003454:	0112      	lsls	r2, r2, #4
10003456:	f002 f9cf 	bl	100057f8 <___hw_endpoint_buffer_control_update32_veneer>
1000345a:	b003      	add	sp, #12
1000345c:	bd00      	pop	{pc}
1000345e:	46c0      	nop			@ (mov r8, r8)
10003460:	50112000 	.word	0x50112000
10003464:	20001f30 	.word	0x20001f30

10003468 <dcd_edpt_clear_stall>:
10003468:	227f      	movs	r2, #127	@ 0x7f
1000346a:	0013      	movs	r3, r2
1000346c:	b510      	push	{r4, lr}
1000346e:	400b      	ands	r3, r1
10003470:	420a      	tst	r2, r1
10003472:	d100      	bne.n	10003476 <dcd_edpt_clear_stall+0xe>
10003474:	bd10      	pop	{r4, pc}
10003476:	09c9      	lsrs	r1, r1, #7
10003478:	005b      	lsls	r3, r3, #1
1000347a:	185b      	adds	r3, r3, r1
1000347c:	4804      	ldr	r0, [pc, #16]	@ (10003490 <dcd_edpt_clear_stall+0x28>)
1000347e:	015b      	lsls	r3, r3, #5
10003480:	18c0      	adds	r0, r0, r3
10003482:	2300      	movs	r3, #0
10003484:	2200      	movs	r2, #0
10003486:	4903      	ldr	r1, [pc, #12]	@ (10003494 <dcd_edpt_clear_stall+0x2c>)
10003488:	70c3      	strb	r3, [r0, #3]
1000348a:	f002 f9b5 	bl	100057f8 <___hw_endpoint_buffer_control_update32_veneer>
1000348e:	e7f1      	b.n	10003474 <dcd_edpt_clear_stall+0xc>
10003490:	20001f30 	.word	0x20001f30
10003494:	fffff7ff 	.word	0xfffff7ff

10003498 <rp2040_usb_init>:
10003498:	2280      	movs	r2, #128	@ 0x80
1000349a:	4b0d      	ldr	r3, [pc, #52]	@ (100034d0 <rp2040_usb_init+0x38>)
1000349c:	0452      	lsls	r2, r2, #17
1000349e:	b510      	push	{r4, lr}
100034a0:	601a      	str	r2, [r3, #0]
100034a2:	4b0c      	ldr	r3, [pc, #48]	@ (100034d4 <rp2040_usb_init+0x3c>)
100034a4:	490c      	ldr	r1, [pc, #48]	@ (100034d8 <rp2040_usb_init+0x40>)
100034a6:	601a      	str	r2, [r3, #0]
100034a8:	0010      	movs	r0, r2
100034aa:	688b      	ldr	r3, [r1, #8]
100034ac:	4398      	bics	r0, r3
100034ae:	d1fb      	bne.n	100034a8 <rp2040_usb_init+0x10>
100034b0:	229c      	movs	r2, #156	@ 0x9c
100034b2:	2100      	movs	r1, #0
100034b4:	4809      	ldr	r0, [pc, #36]	@ (100034dc <rp2040_usb_init+0x44>)
100034b6:	f7ff f94d 	bl	10002754 <__wrap_memset>
100034ba:	2280      	movs	r2, #128	@ 0x80
100034bc:	2100      	movs	r1, #0
100034be:	0152      	lsls	r2, r2, #5
100034c0:	4807      	ldr	r0, [pc, #28]	@ (100034e0 <rp2040_usb_init+0x48>)
100034c2:	f7ff f947 	bl	10002754 <__wrap_memset>
100034c6:	2309      	movs	r3, #9
100034c8:	4a04      	ldr	r2, [pc, #16]	@ (100034dc <rp2040_usb_init+0x44>)
100034ca:	6753      	str	r3, [r2, #116]	@ 0x74
100034cc:	bd10      	pop	{r4, pc}
100034ce:	46c0      	nop			@ (mov r8, r8)
100034d0:	4000e000 	.word	0x4000e000
100034d4:	4000f000 	.word	0x4000f000
100034d8:	4000c000 	.word	0x4000c000
100034dc:	50110000 	.word	0x50110000
100034e0:	50100000 	.word	0x50100000

100034e4 <hw_endpoint_xfer_start>:
100034e4:	2300      	movs	r3, #0
100034e6:	b510      	push	{r4, lr}
100034e8:	82c3      	strh	r3, [r0, #22]
100034ea:	3301      	adds	r3, #1
100034ec:	8282      	strh	r2, [r0, #20]
100034ee:	7683      	strb	r3, [r0, #26]
100034f0:	6101      	str	r1, [r0, #16]
100034f2:	0004      	movs	r4, r0
100034f4:	f002 f960 	bl	100057b8 <__e15_is_bulkin_ep_veneer>
100034f8:	2800      	cmp	r0, #0
100034fa:	d004      	beq.n	10003506 <hw_endpoint_xfer_start+0x22>
100034fc:	2180      	movs	r1, #128	@ 0x80
100034fe:	2390      	movs	r3, #144	@ 0x90
10003500:	4a07      	ldr	r2, [pc, #28]	@ (10003520 <hw_endpoint_xfer_start+0x3c>)
10003502:	0289      	lsls	r1, r1, #10
10003504:	50d1      	str	r1, [r2, r3]
10003506:	0020      	movs	r0, r4
10003508:	f002 f926 	bl	10005758 <__e15_is_critical_frame_period_veneer>
1000350c:	2800      	cmp	r0, #0
1000350e:	d002      	beq.n	10003516 <hw_endpoint_xfer_start+0x32>
10003510:	2301      	movs	r3, #1
10003512:	7723      	strb	r3, [r4, #28]
10003514:	bd10      	pop	{r4, pc}
10003516:	0020      	movs	r0, r4
10003518:	f002 f966 	bl	100057e8 <__hw_endpoint_start_next_buffer_veneer>
1000351c:	e7fa      	b.n	10003514 <hw_endpoint_xfer_start+0x30>
1000351e:	46c0      	nop			@ (mov r8, r8)
10003520:	50112000 	.word	0x50112000

10003524 <tud_mounted>:
10003524:	4b02      	ldr	r3, [pc, #8]	@ (10003530 <tud_mounted+0xc>)
10003526:	7858      	ldrb	r0, [r3, #1]
10003528:	1e43      	subs	r3, r0, #1
1000352a:	4198      	sbcs	r0, r3
1000352c:	b2c0      	uxtb	r0, r0
1000352e:	4770      	bx	lr
10003530:	20001c78 	.word	0x20001c78

10003534 <tud_suspended>:
10003534:	4b02      	ldr	r3, [pc, #8]	@ (10003540 <tud_suspended+0xc>)
10003536:	7818      	ldrb	r0, [r3, #0]
10003538:	0740      	lsls	r0, r0, #29
1000353a:	0fc0      	lsrs	r0, r0, #31
1000353c:	4770      	bx	lr
1000353e:	46c0      	nop			@ (mov r8, r8)
10003540:	20001c78 	.word	0x20001c78

10003544 <tud_inited>:
10003544:	4b03      	ldr	r3, [pc, #12]	@ (10003554 <tud_inited+0x10>)
10003546:	7818      	ldrb	r0, [r3, #0]
10003548:	38ff      	subs	r0, #255	@ 0xff
1000354a:	1e43      	subs	r3, r0, #1
1000354c:	4198      	sbcs	r0, r3
1000354e:	b2c0      	uxtb	r0, r0
10003550:	4770      	bx	lr
10003552:	46c0      	nop			@ (mov r8, r8)
10003554:	20000f2c 	.word	0x20000f2c

10003558 <tud_init>:
10003558:	b5f8      	push	{r3, r4, r5, r6, r7, lr}
1000355a:	46ce      	mov	lr, r9
1000355c:	4647      	mov	r7, r8
1000355e:	b580      	push	{r7, lr}
10003560:	4e28      	ldr	r6, [pc, #160]	@ (10003604 <tud_init+0xac>)
10003562:	0005      	movs	r5, r0
10003564:	7833      	ldrb	r3, [r6, #0]
10003566:	2bff      	cmp	r3, #255	@ 0xff
10003568:	d004      	beq.n	10003574 <tud_init+0x1c>
1000356a:	2001      	movs	r0, #1
1000356c:	bcc0      	pop	{r6, r7}
1000356e:	46b9      	mov	r9, r7
10003570:	46b0      	mov	r8, r6
10003572:	bdf8      	pop	{r3, r4, r5, r6, r7, pc}
10003574:	2253      	movs	r2, #83	@ 0x53
10003576:	2100      	movs	r1, #0
10003578:	4823      	ldr	r0, [pc, #140]	@ (10003608 <tud_init+0xb0>)
1000357a:	f7ff f8eb 	bl	10002754 <__wrap_memset>
1000357e:	4c23      	ldr	r4, [pc, #140]	@ (1000360c <tud_init+0xb4>)
10003580:	0020      	movs	r0, r4
10003582:	f7fd fbad 	bl	10000ce0 <mutex_init>
10003586:	4b22      	ldr	r3, [pc, #136]	@ (10003610 <tud_init+0xb8>)
10003588:	601c      	str	r4, [r3, #0]
1000358a:	4c22      	ldr	r4, [pc, #136]	@ (10003614 <tud_init+0xbc>)
1000358c:	0020      	movs	r0, r4
1000358e:	3c14      	subs	r4, #20
10003590:	f7fd fbc2 	bl	10000d18 <critical_section_init>
10003594:	0020      	movs	r0, r4
10003596:	f001 fbbf 	bl	10004d18 <tu_fifo_clear>
1000359a:	4b1f      	ldr	r3, [pc, #124]	@ (10003618 <tud_init+0xc0>)
1000359c:	4f1f      	ldr	r7, [pc, #124]	@ (1000361c <tud_init+0xc4>)
1000359e:	601c      	str	r4, [r3, #0]
100035a0:	4b1f      	ldr	r3, [pc, #124]	@ (10003620 <tud_init+0xc8>)
100035a2:	4698      	mov	r8, r3
100035a4:	2f00      	cmp	r7, #0
100035a6:	d004      	beq.n	100035b2 <tud_init+0x5a>
100035a8:	0018      	movs	r0, r3
100035aa:	f7ff fafd 	bl	10002ba8 <usbd_app_driver_get_cb>
100035ae:	4b1d      	ldr	r3, [pc, #116]	@ (10003624 <tud_init+0xcc>)
100035b0:	6018      	str	r0, [r3, #0]
100035b2:	4643      	mov	r3, r8
100035b4:	4a1c      	ldr	r2, [pc, #112]	@ (10003628 <tud_init+0xd0>)
100035b6:	2400      	movs	r4, #0
100035b8:	4691      	mov	r9, r2
100035ba:	781b      	ldrb	r3, [r3, #0]
100035bc:	2f00      	cmp	r7, #0
100035be:	d011      	beq.n	100035e4 <tud_init+0x8c>
100035c0:	464a      	mov	r2, r9
100035c2:	42a3      	cmp	r3, r4
100035c4:	d812      	bhi.n	100035ec <tud_init+0x94>
100035c6:	4790      	blx	r2
100035c8:	4643      	mov	r3, r8
100035ca:	3401      	adds	r4, #1
100035cc:	781b      	ldrb	r3, [r3, #0]
100035ce:	b2e4      	uxtb	r4, r4
100035d0:	42a3      	cmp	r3, r4
100035d2:	d2f3      	bcs.n	100035bc <tud_init+0x64>
100035d4:	0028      	movs	r0, r5
100035d6:	7035      	strb	r5, [r6, #0]
100035d8:	f7ff fe34 	bl	10003244 <dcd_init>
100035dc:	0028      	movs	r0, r5
100035de:	f7ff fe19 	bl	10003214 <dcd_int_enable>
100035e2:	e7c2      	b.n	1000356a <tud_init+0x12>
100035e4:	2c00      	cmp	r4, #0
100035e6:	d00b      	beq.n	10003600 <tud_init+0xa8>
100035e8:	2000      	movs	r0, #0
100035ea:	e7bf      	b.n	1000356c <tud_init+0x14>
100035ec:	4a0d      	ldr	r2, [pc, #52]	@ (10003624 <tud_init+0xcc>)
100035ee:	0063      	lsls	r3, r4, #1
100035f0:	6812      	ldr	r2, [r2, #0]
100035f2:	191b      	adds	r3, r3, r4
100035f4:	00db      	lsls	r3, r3, #3
100035f6:	18d3      	adds	r3, r2, r3
100035f8:	2b00      	cmp	r3, #0
100035fa:	d0f5      	beq.n	100035e8 <tud_init+0x90>
100035fc:	681a      	ldr	r2, [r3, #0]
100035fe:	e7e2      	b.n	100035c6 <tud_init+0x6e>
10003600:	4a09      	ldr	r2, [pc, #36]	@ (10003628 <tud_init+0xd0>)
10003602:	e7e0      	b.n	100035c6 <tud_init+0x6e>
10003604:	20000f2c 	.word	0x20000f2c
10003608:	20001c78 	.word	0x20001c78
1000360c:	20001c30 	.word	0x20001c30
10003610:	20001ccc 	.word	0x20001ccc
10003614:	20000f24 	.word	0x20000f24
10003618:	20001cd0 	.word	0x20001cd0
1000361c:	10002ba9 	.word	0x10002ba9
10003620:	200023b1 	.word	0x200023b1
10003624:	20001950 	.word	0x20001950
10003628:	100043ad 	.word	0x100043ad

1000362c <tud_task_ext>:
1000362c:	b5f0      	push	{r4, r5, r6, r7, lr}
1000362e:	46de      	mov	lr, fp
10003630:	4657      	mov	r7, sl
10003632:	464e      	mov	r6, r9
10003634:	4645      	mov	r5, r8
10003636:	b5e0      	push	{r5, r6, r7, lr}
10003638:	b091      	sub	sp, #68	@ 0x44
1000363a:	f001 f893 	bl	10004764 <tusb_inited>
1000363e:	2800      	cmp	r0, #0
10003640:	d100      	bne.n	10003644 <tud_task_ext+0x18>
10003642:	e0fc      	b.n	1000383e <tud_task_ext+0x212>
10003644:	4bc3      	ldr	r3, [pc, #780]	@ (10003954 <tud_task_ext+0x328>)
10003646:	4ec4      	ldr	r6, [pc, #784]	@ (10003958 <tud_task_ext+0x32c>)
10003648:	4699      	mov	r9, r3
1000364a:	4bc4      	ldr	r3, [pc, #784]	@ (1000395c <tud_task_ext+0x330>)
1000364c:	ac0d      	add	r4, sp, #52	@ 0x34
1000364e:	9302      	str	r3, [sp, #8]
10003650:	4bc3      	ldr	r3, [pc, #780]	@ (10003960 <tud_task_ext+0x334>)
10003652:	469b      	mov	fp, r3
10003654:	464b      	mov	r3, r9
10003656:	9301      	str	r3, [sp, #4]
10003658:	6835      	ldr	r5, [r6, #0]
1000365a:	696a      	ldr	r2, [r5, #20]
1000365c:	f3ef 8110 	mrs	r1, PRIMASK
10003660:	b672      	cpsid	i
10003662:	6813      	ldr	r3, [r2, #0]
10003664:	2b00      	cmp	r3, #0
10003666:	d0fc      	beq.n	10003662 <tud_task_ext+0x36>
10003668:	f3bf 8f5f 	dmb	sy
1000366c:	61a9      	str	r1, [r5, #24]
1000366e:	0028      	movs	r0, r5
10003670:	0021      	movs	r1, r4
10003672:	f001 f981 	bl	10004978 <tu_fifo_read>
10003676:	696a      	ldr	r2, [r5, #20]
10003678:	69ab      	ldr	r3, [r5, #24]
1000367a:	f3bf 8f5f 	dmb	sy
1000367e:	2100      	movs	r1, #0
10003680:	6011      	str	r1, [r2, #0]
10003682:	f383 8810 	msr	PRIMASK, r3
10003686:	2800      	cmp	r0, #0
10003688:	d100      	bne.n	1000368c <tud_task_ext+0x60>
1000368a:	e0d8      	b.n	1000383e <tud_task_ext+0x212>
1000368c:	7863      	ldrb	r3, [r4, #1]
1000368e:	2b08      	cmp	r3, #8
10003690:	d8e2      	bhi.n	10003658 <tud_task_ext+0x2c>
10003692:	9a01      	ldr	r2, [sp, #4]
10003694:	009b      	lsls	r3, r3, #2
10003696:	58d3      	ldr	r3, [r2, r3]
10003698:	469f      	mov	pc, r3
1000369a:	6863      	ldr	r3, [r4, #4]
1000369c:	2b00      	cmp	r3, #0
1000369e:	d0db      	beq.n	10003658 <tud_task_ext+0x2c>
100036a0:	68a0      	ldr	r0, [r4, #8]
100036a2:	4798      	blx	r3
100036a4:	e7d8      	b.n	10003658 <tud_task_ext+0x2c>
100036a6:	207f      	movs	r0, #127	@ 0x7f
100036a8:	7921      	ldrb	r1, [r4, #4]
100036aa:	4dac      	ldr	r5, [pc, #688]	@ (1000395c <tud_task_ext+0x330>)
100036ac:	4008      	ands	r0, r1
100036ae:	0043      	lsls	r3, r0, #1
100036b0:	09ca      	lsrs	r2, r1, #7
100036b2:	18eb      	adds	r3, r5, r3
100036b4:	189b      	adds	r3, r3, r2
100036b6:	001d      	movs	r5, r3
100036b8:	2701      	movs	r7, #1
100036ba:	3530      	adds	r5, #48	@ 0x30
100036bc:	78ea      	ldrb	r2, [r5, #3]
100036be:	43ba      	bics	r2, r7
100036c0:	70ea      	strb	r2, [r5, #3]
100036c2:	78ea      	ldrb	r2, [r5, #3]
100036c4:	3703      	adds	r7, #3
100036c6:	43ba      	bics	r2, r7
100036c8:	70ea      	strb	r2, [r5, #3]
100036ca:	2800      	cmp	r0, #0
100036cc:	d100      	bne.n	100036d0 <tud_task_ext+0xa4>
100036ce:	e0f2      	b.n	100038b6 <tud_task_ext+0x28a>
100036d0:	4fa4      	ldr	r7, [pc, #656]	@ (10003964 <tud_task_ext+0x338>)
100036d2:	7cdb      	ldrb	r3, [r3, #19]
100036d4:	2f00      	cmp	r7, #0
100036d6:	d006      	beq.n	100036e6 <tud_task_ext+0xba>
100036d8:	4aa3      	ldr	r2, [pc, #652]	@ (10003968 <tud_task_ext+0x33c>)
100036da:	7812      	ldrb	r2, [r2, #0]
100036dc:	4293      	cmp	r3, r2
100036de:	d200      	bcs.n	100036e2 <tud_task_ext+0xb6>
100036e0:	e0f1      	b.n	100038c6 <tud_task_ext+0x29a>
100036e2:	1a9b      	subs	r3, r3, r2
100036e4:	b2db      	uxtb	r3, r3
100036e6:	2b00      	cmp	r3, #0
100036e8:	d000      	beq.n	100036ec <tud_task_ext+0xc0>
100036ea:	e0a8      	b.n	1000383e <tud_task_ext+0x212>
100036ec:	4d9f      	ldr	r5, [pc, #636]	@ (1000396c <tud_task_ext+0x340>)
100036ee:	68a3      	ldr	r3, [r4, #8]
100036f0:	7962      	ldrb	r2, [r4, #5]
100036f2:	7820      	ldrb	r0, [r4, #0]
100036f4:	47a8      	blx	r5
100036f6:	e7af      	b.n	10003658 <tud_task_ext+0x2c>
100036f8:	2201      	movs	r2, #1
100036fa:	4d98      	ldr	r5, [pc, #608]	@ (1000395c <tud_task_ext+0x330>)
100036fc:	2001      	movs	r0, #1
100036fe:	782b      	ldrb	r3, [r5, #0]
10003700:	2104      	movs	r1, #4
10003702:	4313      	orrs	r3, r2
10003704:	702b      	strb	r3, [r5, #0]
10003706:	2333      	movs	r3, #51	@ 0x33
10003708:	5cea      	ldrb	r2, [r5, r3]
1000370a:	4382      	bics	r2, r0
1000370c:	54ea      	strb	r2, [r5, r3]
1000370e:	5cea      	ldrb	r2, [r5, r3]
10003710:	438a      	bics	r2, r1
10003712:	54ea      	strb	r2, [r5, r3]
10003714:	3301      	adds	r3, #1
10003716:	5cea      	ldrb	r2, [r5, r3]
10003718:	4382      	bics	r2, r0
1000371a:	54ea      	strb	r2, [r5, r3]
1000371c:	5cea      	ldrb	r2, [r5, r3]
1000371e:	2000      	movs	r0, #0
10003720:	438a      	bics	r2, r1
10003722:	54ea      	strb	r2, [r5, r3]
10003724:	7823      	ldrb	r3, [r4, #0]
10003726:	469a      	mov	sl, r3
10003728:	f000 fcf6 	bl	10004118 <usbd_control_set_complete_callback>
1000372c:	2260      	movs	r2, #96	@ 0x60
1000372e:	7923      	ldrb	r3, [r4, #4]
10003730:	401a      	ands	r2, r3
10003732:	2a60      	cmp	r2, #96	@ 0x60
10003734:	d100      	bne.n	10003738 <tud_task_ext+0x10c>
10003736:	e0b5      	b.n	100038a4 <tud_task_ext+0x278>
10003738:	2a40      	cmp	r2, #64	@ 0x40
1000373a:	d100      	bne.n	1000373e <tud_task_ext+0x112>
1000373c:	e0af      	b.n	1000389e <tud_task_ext+0x272>
1000373e:	06db      	lsls	r3, r3, #27
10003740:	0edb      	lsrs	r3, r3, #27
10003742:	2b01      	cmp	r3, #1
10003744:	d100      	bne.n	10003748 <tud_task_ext+0x11c>
10003746:	e0d3      	b.n	100038f0 <tud_task_ext+0x2c4>
10003748:	2b02      	cmp	r3, #2
1000374a:	d100      	bne.n	1000374e <tud_task_ext+0x122>
1000374c:	e120      	b.n	10003990 <tud_task_ext+0x364>
1000374e:	2b00      	cmp	r3, #0
10003750:	d000      	beq.n	10003754 <tud_task_ext+0x128>
10003752:	e0a7      	b.n	100038a4 <tud_task_ext+0x278>
10003754:	2a20      	cmp	r2, #32
10003756:	d100      	bne.n	1000375a <tud_task_ext+0x12e>
10003758:	e153      	b.n	10003a02 <tud_task_ext+0x3d6>
1000375a:	2a00      	cmp	r2, #0
1000375c:	d000      	beq.n	10003760 <tud_task_ext+0x134>
1000375e:	e0a1      	b.n	100038a4 <tud_task_ext+0x278>
10003760:	7963      	ldrb	r3, [r4, #5]
10003762:	2b09      	cmp	r3, #9
10003764:	d900      	bls.n	10003768 <tud_task_ext+0x13c>
10003766:	e09d      	b.n	100038a4 <tud_task_ext+0x278>
10003768:	4a81      	ldr	r2, [pc, #516]	@ (10003970 <tud_task_ext+0x344>)
1000376a:	009b      	lsls	r3, r3, #2
1000376c:	58d3      	ldr	r3, [r2, r3]
1000376e:	469f      	mov	pc, r3
10003770:	9b02      	ldr	r3, [sp, #8]
10003772:	781b      	ldrb	r3, [r3, #0]
10003774:	07db      	lsls	r3, r3, #31
10003776:	d400      	bmi.n	1000377a <tud_task_ext+0x14e>
10003778:	e76e      	b.n	10003658 <tud_task_ext+0x2c>
1000377a:	4b7e      	ldr	r3, [pc, #504]	@ (10003974 <tud_task_ext+0x348>)
1000377c:	2b00      	cmp	r3, #0
1000377e:	d100      	bne.n	10003782 <tud_task_ext+0x156>
10003780:	e76a      	b.n	10003658 <tud_task_ext+0x2c>
10003782:	e000      	b.n	10003786 <tud_task_ext+0x15a>
10003784:	bf00      	nop
10003786:	e767      	b.n	10003658 <tud_task_ext+0x2c>
10003788:	4d74      	ldr	r5, [pc, #464]	@ (1000395c <tud_task_ext+0x330>)
1000378a:	782b      	ldrb	r3, [r5, #0]
1000378c:	07db      	lsls	r3, r3, #31
1000378e:	d400      	bmi.n	10003792 <tud_task_ext+0x166>
10003790:	e762      	b.n	10003658 <tud_task_ext+0x2c>
10003792:	4b79      	ldr	r3, [pc, #484]	@ (10003978 <tud_task_ext+0x34c>)
10003794:	2b00      	cmp	r3, #0
10003796:	d100      	bne.n	1000379a <tud_task_ext+0x16e>
10003798:	e75e      	b.n	10003658 <tud_task_ext+0x2c>
1000379a:	7828      	ldrb	r0, [r5, #0]
1000379c:	0700      	lsls	r0, r0, #28
1000379e:	0fc0      	lsrs	r0, r0, #31
100037a0:	e000      	b.n	100037a4 <tud_task_ext+0x178>
100037a2:	bf00      	nop
100037a4:	e758      	b.n	10003658 <tud_task_ext+0x2c>
100037a6:	2500      	movs	r5, #0
100037a8:	7823      	ldrb	r3, [r4, #0]
100037aa:	4f6e      	ldr	r7, [pc, #440]	@ (10003964 <tud_task_ext+0x338>)
100037ac:	469a      	mov	sl, r3
100037ae:	4b6e      	ldr	r3, [pc, #440]	@ (10003968 <tud_task_ext+0x33c>)
100037b0:	4698      	mov	r8, r3
100037b2:	781b      	ldrb	r3, [r3, #0]
100037b4:	2f00      	cmp	r7, #0
100037b6:	d049      	beq.n	1000384c <tud_task_ext+0x220>
100037b8:	465a      	mov	r2, fp
100037ba:	42ab      	cmp	r3, r5
100037bc:	d863      	bhi.n	10003886 <tud_task_ext+0x25a>
100037be:	4650      	mov	r0, sl
100037c0:	4790      	blx	r2
100037c2:	4643      	mov	r3, r8
100037c4:	3501      	adds	r5, #1
100037c6:	781b      	ldrb	r3, [r3, #0]
100037c8:	b2ed      	uxtb	r5, r5
100037ca:	42ab      	cmp	r3, r5
100037cc:	d2f2      	bcs.n	100037b4 <tud_task_ext+0x188>
100037ce:	4d63      	ldr	r5, [pc, #396]	@ (1000395c <tud_task_ext+0x330>)
100037d0:	2253      	movs	r2, #83	@ 0x53
100037d2:	2100      	movs	r1, #0
100037d4:	0028      	movs	r0, r5
100037d6:	f7fe ffbd 	bl	10002754 <__wrap_memset>
100037da:	2210      	movs	r2, #16
100037dc:	21ff      	movs	r1, #255	@ 0xff
100037de:	1ce8      	adds	r0, r5, #3
100037e0:	f7fe ffb8 	bl	10002754 <__wrap_memset>
100037e4:	0028      	movs	r0, r5
100037e6:	2220      	movs	r2, #32
100037e8:	21ff      	movs	r1, #255	@ 0xff
100037ea:	3013      	adds	r0, #19
100037ec:	f7fe ffb2 	bl	10002754 <__wrap_memset>
100037f0:	e02e      	b.n	10003850 <tud_task_ext+0x224>
100037f2:	2500      	movs	r5, #0
100037f4:	7823      	ldrb	r3, [r4, #0]
100037f6:	4f5b      	ldr	r7, [pc, #364]	@ (10003964 <tud_task_ext+0x338>)
100037f8:	469a      	mov	sl, r3
100037fa:	4b5b      	ldr	r3, [pc, #364]	@ (10003968 <tud_task_ext+0x33c>)
100037fc:	4698      	mov	r8, r3
100037fe:	781b      	ldrb	r3, [r3, #0]
10003800:	2f00      	cmp	r7, #0
10003802:	d02e      	beq.n	10003862 <tud_task_ext+0x236>
10003804:	465a      	mov	r2, fp
10003806:	429d      	cmp	r5, r3
10003808:	d333      	bcc.n	10003872 <tud_task_ext+0x246>
1000380a:	4650      	mov	r0, sl
1000380c:	4790      	blx	r2
1000380e:	4643      	mov	r3, r8
10003810:	3501      	adds	r5, #1
10003812:	781b      	ldrb	r3, [r3, #0]
10003814:	b2ed      	uxtb	r5, r5
10003816:	42ab      	cmp	r3, r5
10003818:	d2f2      	bcs.n	10003800 <tud_task_ext+0x1d4>
1000381a:	4d50      	ldr	r5, [pc, #320]	@ (1000395c <tud_task_ext+0x330>)
1000381c:	2253      	movs	r2, #83	@ 0x53
1000381e:	2100      	movs	r1, #0
10003820:	0028      	movs	r0, r5
10003822:	f7fe ff97 	bl	10002754 <__wrap_memset>
10003826:	2210      	movs	r2, #16
10003828:	21ff      	movs	r1, #255	@ 0xff
1000382a:	1ce8      	adds	r0, r5, #3
1000382c:	f7fe ff92 	bl	10002754 <__wrap_memset>
10003830:	0028      	movs	r0, r5
10003832:	2220      	movs	r2, #32
10003834:	21ff      	movs	r1, #255	@ 0xff
10003836:	3013      	adds	r0, #19
10003838:	f7fe ff8c 	bl	10002754 <__wrap_memset>
1000383c:	e014      	b.n	10003868 <tud_task_ext+0x23c>
1000383e:	b011      	add	sp, #68	@ 0x44
10003840:	bcf0      	pop	{r4, r5, r6, r7}
10003842:	46bb      	mov	fp, r7
10003844:	46b2      	mov	sl, r6
10003846:	46a9      	mov	r9, r5
10003848:	46a0      	mov	r8, r4
1000384a:	bdf0      	pop	{r4, r5, r6, r7, pc}
1000384c:	2d00      	cmp	r5, #0
1000384e:	d038      	beq.n	100038c2 <tud_task_ext+0x296>
10003850:	f000 fc58 	bl	10004104 <usbd_control_reset>
10003854:	4b49      	ldr	r3, [pc, #292]	@ (1000397c <tud_task_ext+0x350>)
10003856:	2b00      	cmp	r3, #0
10003858:	d100      	bne.n	1000385c <tud_task_ext+0x230>
1000385a:	e6fd      	b.n	10003658 <tud_task_ext+0x2c>
1000385c:	e000      	b.n	10003860 <tud_task_ext+0x234>
1000385e:	bf00      	nop
10003860:	e6fa      	b.n	10003658 <tud_task_ext+0x2c>
10003862:	2d00      	cmp	r5, #0
10003864:	d019      	beq.n	1000389a <tud_task_ext+0x26e>
10003866:	4d3d      	ldr	r5, [pc, #244]	@ (1000395c <tud_task_ext+0x330>)
10003868:	f000 fc4c 	bl	10004104 <usbd_control_reset>
1000386c:	7923      	ldrb	r3, [r4, #4]
1000386e:	70ab      	strb	r3, [r5, #2]
10003870:	e6f2      	b.n	10003658 <tud_task_ext+0x2c>
10003872:	4a43      	ldr	r2, [pc, #268]	@ (10003980 <tud_task_ext+0x354>)
10003874:	006b      	lsls	r3, r5, #1
10003876:	6812      	ldr	r2, [r2, #0]
10003878:	195b      	adds	r3, r3, r5
1000387a:	00db      	lsls	r3, r3, #3
1000387c:	18d3      	adds	r3, r2, r3
1000387e:	2b00      	cmp	r3, #0
10003880:	d0f1      	beq.n	10003866 <tud_task_ext+0x23a>
10003882:	685a      	ldr	r2, [r3, #4]
10003884:	e7c1      	b.n	1000380a <tud_task_ext+0x1de>
10003886:	4a3e      	ldr	r2, [pc, #248]	@ (10003980 <tud_task_ext+0x354>)
10003888:	006b      	lsls	r3, r5, #1
1000388a:	6812      	ldr	r2, [r2, #0]
1000388c:	195b      	adds	r3, r3, r5
1000388e:	00db      	lsls	r3, r3, #3
10003890:	18d3      	adds	r3, r2, r3
10003892:	2b00      	cmp	r3, #0
10003894:	d0dc      	beq.n	10003850 <tud_task_ext+0x224>
10003896:	685a      	ldr	r2, [r3, #4]
10003898:	e791      	b.n	100037be <tud_task_ext+0x192>
1000389a:	4a31      	ldr	r2, [pc, #196]	@ (10003960 <tud_task_ext+0x334>)
1000389c:	e7b5      	b.n	1000380a <tud_task_ext+0x1de>
1000389e:	4839      	ldr	r0, [pc, #228]	@ (10003984 <tud_task_ext+0x358>)
100038a0:	2800      	cmp	r0, #0
100038a2:	d11a      	bne.n	100038da <tud_task_ext+0x2ae>
100038a4:	7820      	ldrb	r0, [r4, #0]
100038a6:	2100      	movs	r1, #0
100038a8:	f7ff fdc0 	bl	1000342c <dcd_edpt_stall>
100038ac:	2180      	movs	r1, #128	@ 0x80
100038ae:	7820      	ldrb	r0, [r4, #0]
100038b0:	f7ff fdbc 	bl	1000342c <dcd_edpt_stall>
100038b4:	e6d0      	b.n	10003658 <tud_task_ext+0x2c>
100038b6:	68a3      	ldr	r3, [r4, #8]
100038b8:	7962      	ldrb	r2, [r4, #5]
100038ba:	7820      	ldrb	r0, [r4, #0]
100038bc:	f000 fc40 	bl	10004140 <usbd_control_xfer_cb>
100038c0:	e6ca      	b.n	10003658 <tud_task_ext+0x2c>
100038c2:	4a27      	ldr	r2, [pc, #156]	@ (10003960 <tud_task_ext+0x334>)
100038c4:	e77b      	b.n	100037be <tud_task_ext+0x192>
100038c6:	4a2e      	ldr	r2, [pc, #184]	@ (10003980 <tud_task_ext+0x354>)
100038c8:	0058      	lsls	r0, r3, #1
100038ca:	6812      	ldr	r2, [r2, #0]
100038cc:	18c3      	adds	r3, r0, r3
100038ce:	00db      	lsls	r3, r3, #3
100038d0:	18d3      	adds	r3, r2, r3
100038d2:	2b00      	cmp	r3, #0
100038d4:	d0b3      	beq.n	1000383e <tud_task_ext+0x212>
100038d6:	691d      	ldr	r5, [r3, #16]
100038d8:	e709      	b.n	100036ee <tud_task_ext+0xc2>
100038da:	f000 fc1d 	bl	10004118 <usbd_control_set_complete_callback>
100038de:	2101      	movs	r1, #1
100038e0:	4650      	mov	r0, sl
100038e2:	aa0e      	add	r2, sp, #56	@ 0x38
100038e4:	e000      	b.n	100038e8 <tud_task_ext+0x2bc>
100038e6:	bf00      	nop
100038e8:	2800      	cmp	r0, #0
100038ea:	d000      	beq.n	100038ee <tud_task_ext+0x2c2>
100038ec:	e6b4      	b.n	10003658 <tud_task_ext+0x2c>
100038ee:	e7d9      	b.n	100038a4 <tud_task_ext+0x278>
100038f0:	7a23      	ldrb	r3, [r4, #8]
100038f2:	2b0f      	cmp	r3, #15
100038f4:	d8d6      	bhi.n	100038a4 <tud_task_ext+0x278>
100038f6:	4f1b      	ldr	r7, [pc, #108]	@ (10003964 <tud_task_ext+0x338>)
100038f8:	18eb      	adds	r3, r5, r3
100038fa:	78db      	ldrb	r3, [r3, #3]
100038fc:	2f00      	cmp	r7, #0
100038fe:	d006      	beq.n	1000390e <tud_task_ext+0x2e2>
10003900:	4a19      	ldr	r2, [pc, #100]	@ (10003968 <tud_task_ext+0x33c>)
10003902:	7812      	ldrb	r2, [r2, #0]
10003904:	4293      	cmp	r3, r2
10003906:	d200      	bcs.n	1000390a <tud_task_ext+0x2de>
10003908:	e09c      	b.n	10003a44 <tud_task_ext+0x418>
1000390a:	1a9b      	subs	r3, r3, r2
1000390c:	b2db      	uxtb	r3, r3
1000390e:	2b00      	cmp	r3, #0
10003910:	d1c8      	bne.n	100038a4 <tud_task_ext+0x278>
10003912:	481d      	ldr	r0, [pc, #116]	@ (10003988 <tud_task_ext+0x35c>)
10003914:	4d1d      	ldr	r5, [pc, #116]	@ (1000398c <tud_task_ext+0x360>)
10003916:	f000 fbff 	bl	10004118 <usbd_control_set_complete_callback>
1000391a:	2101      	movs	r1, #1
1000391c:	4650      	mov	r0, sl
1000391e:	68eb      	ldr	r3, [r5, #12]
10003920:	aa0e      	add	r2, sp, #56	@ 0x38
10003922:	4798      	blx	r3
10003924:	2800      	cmp	r0, #0
10003926:	d000      	beq.n	1000392a <tud_task_ext+0x2fe>
10003928:	e696      	b.n	10003658 <tud_task_ext+0x2c>
1000392a:	2260      	movs	r2, #96	@ 0x60
1000392c:	0015      	movs	r5, r2
1000392e:	7923      	ldrb	r3, [r4, #4]
10003930:	401d      	ands	r5, r3
10003932:	421a      	tst	r2, r3
10003934:	d1b6      	bne.n	100038a4 <tud_task_ext+0x278>
10003936:	7963      	ldrb	r3, [r4, #5]
10003938:	3b0a      	subs	r3, #10
1000393a:	2b01      	cmp	r3, #1
1000393c:	d8b2      	bhi.n	100038a4 <tud_task_ext+0x278>
1000393e:	f000 fbeb 	bl	10004118 <usbd_control_set_complete_callback>
10003942:	7963      	ldrb	r3, [r4, #5]
10003944:	2b0a      	cmp	r3, #10
10003946:	d100      	bne.n	1000394a <tud_task_ext+0x31e>
10003948:	e17d      	b.n	10003c46 <tud_task_ext+0x61a>
1000394a:	4650      	mov	r0, sl
1000394c:	a90e      	add	r1, sp, #56	@ 0x38
1000394e:	f000 fb6f 	bl	10004030 <tud_control_status>
10003952:	e681      	b.n	10003658 <tud_task_ext+0x2c>
10003954:	10005a74 	.word	0x10005a74
10003958:	20001cd0 	.word	0x20001cd0
1000395c:	20001c78 	.word	0x20001c78
10003960:	10004429 	.word	0x10004429
10003964:	10002ba9 	.word	0x10002ba9
10003968:	200023b1 	.word	0x200023b1
1000396c:	1000461d 	.word	0x1000461d
10003970:	10005a98 	.word	0x10005a98
	...
10003980:	20001950 	.word	0x20001950
10003984:	00000000 	.word	0x00000000
10003988:	10004539 	.word	0x10004539
1000398c:	10005b00 	.word	0x10005b00
10003990:	2370      	movs	r3, #112	@ 0x70
10003992:	7a21      	ldrb	r1, [r4, #8]
10003994:	420b      	tst	r3, r1
10003996:	d185      	bne.n	100038a4 <tud_task_ext+0x278>
10003998:	09c8      	lsrs	r0, r1, #7
1000399a:	4684      	mov	ip, r0
1000399c:	330f      	adds	r3, #15
1000399e:	400b      	ands	r3, r1
100039a0:	005b      	lsls	r3, r3, #1
100039a2:	18e8      	adds	r0, r5, r3
100039a4:	4460      	add	r0, ip
100039a6:	7cc0      	ldrb	r0, [r0, #19]
100039a8:	4fb1      	ldr	r7, [pc, #708]	@ (10003c70 <tud_task_ext+0x644>)
100039aa:	4680      	mov	r8, r0
100039ac:	2f00      	cmp	r7, #0
100039ae:	d007      	beq.n	100039c0 <tud_task_ext+0x394>
100039b0:	48b0      	ldr	r0, [pc, #704]	@ (10003c74 <tud_task_ext+0x648>)
100039b2:	7800      	ldrb	r0, [r0, #0]
100039b4:	4580      	cmp	r8, r0
100039b6:	d350      	bcc.n	10003a5a <tud_task_ext+0x42e>
100039b8:	4647      	mov	r7, r8
100039ba:	1a38      	subs	r0, r7, r0
100039bc:	b2c0      	uxtb	r0, r0
100039be:	4680      	mov	r8, r0
100039c0:	4640      	mov	r0, r8
100039c2:	2800      	cmp	r0, #0
100039c4:	d13a      	bne.n	10003a3c <tud_task_ext+0x410>
100039c6:	2a00      	cmp	r2, #0
100039c8:	d000      	beq.n	100039cc <tud_task_ext+0x3a0>
100039ca:	e0f5      	b.n	10003bb8 <tud_task_ext+0x58c>
100039cc:	4aaa      	ldr	r2, [pc, #680]	@ (10003c78 <tud_task_ext+0x64c>)
100039ce:	4690      	mov	r8, r2
100039d0:	7967      	ldrb	r7, [r4, #5]
100039d2:	2002      	movs	r0, #2
100039d4:	003a      	movs	r2, r7
100039d6:	4382      	bics	r2, r0
100039d8:	2a01      	cmp	r2, #1
100039da:	d100      	bne.n	100039de <tud_task_ext+0x3b2>
100039dc:	e0f0      	b.n	10003bc0 <tud_task_ext+0x594>
100039de:	2f00      	cmp	r7, #0
100039e0:	d000      	beq.n	100039e4 <tud_task_ext+0x3b8>
100039e2:	e75f      	b.n	100038a4 <tud_task_ext+0x278>
100039e4:	18eb      	adds	r3, r5, r3
100039e6:	4463      	add	r3, ip
100039e8:	3330      	adds	r3, #48	@ 0x30
100039ea:	78db      	ldrb	r3, [r3, #3]
100039ec:	aa0c      	add	r2, sp, #48	@ 0x30
100039ee:	079b      	lsls	r3, r3, #30
100039f0:	0fdb      	lsrs	r3, r3, #31
100039f2:	3202      	adds	r2, #2
100039f4:	8013      	strh	r3, [r2, #0]
100039f6:	4650      	mov	r0, sl
100039f8:	2302      	movs	r3, #2
100039fa:	a90e      	add	r1, sp, #56	@ 0x38
100039fc:	f000 fb2e 	bl	1000405c <tud_control_xfer>
10003a00:	e62a      	b.n	10003658 <tud_task_ext+0x2c>
10003a02:	7a23      	ldrb	r3, [r4, #8]
10003a04:	2b0f      	cmp	r3, #15
10003a06:	d900      	bls.n	10003a0a <tud_task_ext+0x3de>
10003a08:	e74c      	b.n	100038a4 <tud_task_ext+0x278>
10003a0a:	4f99      	ldr	r7, [pc, #612]	@ (10003c70 <tud_task_ext+0x644>)
10003a0c:	18eb      	adds	r3, r5, r3
10003a0e:	78db      	ldrb	r3, [r3, #3]
10003a10:	2f00      	cmp	r7, #0
10003a12:	d006      	beq.n	10003a22 <tud_task_ext+0x3f6>
10003a14:	4a97      	ldr	r2, [pc, #604]	@ (10003c74 <tud_task_ext+0x648>)
10003a16:	7812      	ldrb	r2, [r2, #0]
10003a18:	4293      	cmp	r3, r2
10003a1a:	d200      	bcs.n	10003a1e <tud_task_ext+0x3f2>
10003a1c:	e0f3      	b.n	10003c06 <tud_task_ext+0x5da>
10003a1e:	1a9b      	subs	r3, r3, r2
10003a20:	b2db      	uxtb	r3, r3
10003a22:	2b00      	cmp	r3, #0
10003a24:	d000      	beq.n	10003a28 <tud_task_ext+0x3fc>
10003a26:	e73d      	b.n	100038a4 <tud_task_ext+0x278>
10003a28:	4894      	ldr	r0, [pc, #592]	@ (10003c7c <tud_task_ext+0x650>)
10003a2a:	4d93      	ldr	r5, [pc, #588]	@ (10003c78 <tud_task_ext+0x64c>)
10003a2c:	f000 fb74 	bl	10004118 <usbd_control_set_complete_callback>
10003a30:	2101      	movs	r1, #1
10003a32:	4650      	mov	r0, sl
10003a34:	68eb      	ldr	r3, [r5, #12]
10003a36:	aa0e      	add	r2, sp, #56	@ 0x38
10003a38:	4798      	blx	r3
10003a3a:	e755      	b.n	100038e8 <tud_task_ext+0x2bc>
10003a3c:	4690      	mov	r8, r2
10003a3e:	2a00      	cmp	r2, #0
10003a40:	d0c6      	beq.n	100039d0 <tud_task_ext+0x3a4>
10003a42:	e72f      	b.n	100038a4 <tud_task_ext+0x278>
10003a44:	4a8e      	ldr	r2, [pc, #568]	@ (10003c80 <tud_task_ext+0x654>)
10003a46:	0059      	lsls	r1, r3, #1
10003a48:	6815      	ldr	r5, [r2, #0]
10003a4a:	18cb      	adds	r3, r1, r3
10003a4c:	00db      	lsls	r3, r3, #3
10003a4e:	18ed      	adds	r5, r5, r3
10003a50:	2d00      	cmp	r5, #0
10003a52:	d100      	bne.n	10003a56 <tud_task_ext+0x42a>
10003a54:	e726      	b.n	100038a4 <tud_task_ext+0x278>
10003a56:	68e8      	ldr	r0, [r5, #12]
10003a58:	e75d      	b.n	10003916 <tud_task_ext+0x2ea>
10003a5a:	4647      	mov	r7, r8
10003a5c:	4888      	ldr	r0, [pc, #544]	@ (10003c80 <tud_task_ext+0x654>)
10003a5e:	007f      	lsls	r7, r7, #1
10003a60:	6800      	ldr	r0, [r0, #0]
10003a62:	4447      	add	r7, r8
10003a64:	4680      	mov	r8, r0
10003a66:	00ff      	lsls	r7, r7, #3
10003a68:	44b8      	add	r8, r7
10003a6a:	2a00      	cmp	r2, #0
10003a6c:	d0b0      	beq.n	100039d0 <tud_task_ext+0x3a4>
10003a6e:	4643      	mov	r3, r8
10003a70:	2b00      	cmp	r3, #0
10003a72:	d100      	bne.n	10003a76 <tud_task_ext+0x44a>
10003a74:	e716      	b.n	100038a4 <tud_task_ext+0x278>
10003a76:	68d8      	ldr	r0, [r3, #12]
10003a78:	f000 fb4e 	bl	10004118 <usbd_control_set_complete_callback>
10003a7c:	4643      	mov	r3, r8
10003a7e:	2101      	movs	r1, #1
10003a80:	4650      	mov	r0, sl
10003a82:	68db      	ldr	r3, [r3, #12]
10003a84:	aa0e      	add	r2, sp, #56	@ 0x38
10003a86:	4798      	blx	r3
10003a88:	e72e      	b.n	100038e8 <tud_task_ext+0x2bc>
10003a8a:	79a3      	ldrb	r3, [r4, #6]
10003a8c:	9303      	str	r3, [sp, #12]
10003a8e:	001a      	movs	r2, r3
10003a90:	786b      	ldrb	r3, [r5, #1]
10003a92:	429a      	cmp	r2, r3
10003a94:	d007      	beq.n	10003aa6 <tud_task_ext+0x47a>
10003a96:	786b      	ldrb	r3, [r5, #1]
10003a98:	2b00      	cmp	r3, #0
10003a9a:	d000      	beq.n	10003a9e <tud_task_ext+0x472>
10003a9c:	e158      	b.n	10003d50 <tud_task_ext+0x724>
10003a9e:	9b03      	ldr	r3, [sp, #12]
10003aa0:	2b00      	cmp	r3, #0
10003aa2:	d000      	beq.n	10003aa6 <tud_task_ext+0x47a>
10003aa4:	e0f8      	b.n	10003c98 <tud_task_ext+0x66c>
10003aa6:	9b03      	ldr	r3, [sp, #12]
10003aa8:	4650      	mov	r0, sl
10003aaa:	a90e      	add	r1, sp, #56	@ 0x38
10003aac:	706b      	strb	r3, [r5, #1]
10003aae:	f000 fabf 	bl	10004030 <tud_control_status>
10003ab2:	e5d1      	b.n	10003658 <tud_task_ext+0x2c>
10003ab4:	786b      	ldrb	r3, [r5, #1]
10003ab6:	aa0c      	add	r2, sp, #48	@ 0x30
10003ab8:	3202      	adds	r2, #2
10003aba:	7013      	strb	r3, [r2, #0]
10003abc:	4650      	mov	r0, sl
10003abe:	2301      	movs	r3, #1
10003ac0:	a90e      	add	r1, sp, #56	@ 0x38
10003ac2:	f000 facb 	bl	1000405c <tud_control_xfer>
10003ac6:	e5c7      	b.n	10003658 <tud_task_ext+0x2c>
10003ac8:	88e3      	ldrh	r3, [r4, #6]
10003aca:	0a1a      	lsrs	r2, r3, #8
10003acc:	b2d8      	uxtb	r0, r3
10003ace:	2a0f      	cmp	r2, #15
10003ad0:	d900      	bls.n	10003ad4 <tud_task_ext+0x4a8>
10003ad2:	e6e7      	b.n	100038a4 <tud_task_ext+0x278>
10003ad4:	496b      	ldr	r1, [pc, #428]	@ (10003c84 <tud_task_ext+0x658>)
10003ad6:	0093      	lsls	r3, r2, #2
10003ad8:	58cb      	ldr	r3, [r1, r3]
10003ada:	469f      	mov	pc, r3
10003adc:	a80e      	add	r0, sp, #56	@ 0x38
10003ade:	f000 fb21 	bl	10004124 <usbd_control_set_request>
10003ae2:	4650      	mov	r0, sl
10003ae4:	79a1      	ldrb	r1, [r4, #6]
10003ae6:	f7ff fb9b 	bl	10003220 <dcd_set_address>
10003aea:	2202      	movs	r2, #2
10003aec:	782b      	ldrb	r3, [r5, #0]
10003aee:	4313      	orrs	r3, r2
10003af0:	702b      	strb	r3, [r5, #0]
10003af2:	e5b1      	b.n	10003658 <tud_task_ext+0x2c>
10003af4:	88e3      	ldrh	r3, [r4, #6]
10003af6:	2b01      	cmp	r3, #1
10003af8:	d000      	beq.n	10003afc <tud_task_ext+0x4d0>
10003afa:	e6d3      	b.n	100038a4 <tud_task_ext+0x278>
10003afc:	2208      	movs	r2, #8
10003afe:	782b      	ldrb	r3, [r5, #0]
10003b00:	4650      	mov	r0, sl
10003b02:	4393      	bics	r3, r2
10003b04:	a90e      	add	r1, sp, #56	@ 0x38
10003b06:	702b      	strb	r3, [r5, #0]
10003b08:	f000 fa92 	bl	10004030 <tud_control_status>
10003b0c:	e5a4      	b.n	10003658 <tud_task_ext+0x2c>
10003b0e:	2002      	movs	r0, #2
10003b10:	7829      	ldrb	r1, [r5, #0]
10003b12:	ab0c      	add	r3, sp, #48	@ 0x30
10003b14:	1c9a      	adds	r2, r3, #2
10003b16:	068b      	lsls	r3, r1, #26
10003b18:	0889      	lsrs	r1, r1, #2
10003b1a:	0fdb      	lsrs	r3, r3, #31
10003b1c:	4001      	ands	r1, r0
10003b1e:	430b      	orrs	r3, r1
10003b20:	e768      	b.n	100039f4 <tud_task_ext+0x3c8>
10003b22:	88e3      	ldrh	r3, [r4, #6]
10003b24:	2b01      	cmp	r3, #1
10003b26:	d000      	beq.n	10003b2a <tud_task_ext+0x4fe>
10003b28:	e6bc      	b.n	100038a4 <tud_task_ext+0x278>
10003b2a:	2208      	movs	r2, #8
10003b2c:	782b      	ldrb	r3, [r5, #0]
10003b2e:	4650      	mov	r0, sl
10003b30:	4313      	orrs	r3, r2
10003b32:	a90e      	add	r1, sp, #56	@ 0x38
10003b34:	702b      	strb	r3, [r5, #0]
10003b36:	f000 fa7b 	bl	10004030 <tud_control_status>
10003b3a:	e58d      	b.n	10003658 <tud_task_ext+0x2c>
10003b3c:	4b52      	ldr	r3, [pc, #328]	@ (10003c88 <tud_task_ext+0x65c>)
10003b3e:	2b00      	cmp	r3, #0
10003b40:	d100      	bne.n	10003b44 <tud_task_ext+0x518>
10003b42:	e6af      	b.n	100038a4 <tud_task_ext+0x278>
10003b44:	e000      	b.n	10003b48 <tud_task_ext+0x51c>
10003b46:	bf00      	nop
10003b48:	1e02      	subs	r2, r0, #0
10003b4a:	d100      	bne.n	10003b4e <tud_task_ext+0x522>
10003b4c:	e6aa      	b.n	100038a4 <tud_task_ext+0x278>
10003b4e:	78d3      	ldrb	r3, [r2, #3]
10003b50:	7891      	ldrb	r1, [r2, #2]
10003b52:	021b      	lsls	r3, r3, #8
10003b54:	430b      	orrs	r3, r1
10003b56:	4650      	mov	r0, sl
10003b58:	a90e      	add	r1, sp, #56	@ 0x38
10003b5a:	f000 fa7f 	bl	1000405c <tud_control_xfer>
10003b5e:	e6c3      	b.n	100038e8 <tud_task_ext+0x2bc>
10003b60:	4b4a      	ldr	r3, [pc, #296]	@ (10003c8c <tud_task_ext+0x660>)
10003b62:	2b00      	cmp	r3, #0
10003b64:	d100      	bne.n	10003b68 <tud_task_ext+0x53c>
10003b66:	e69d      	b.n	100038a4 <tud_task_ext+0x278>
10003b68:	e000      	b.n	10003b6c <tud_task_ext+0x540>
10003b6a:	bf00      	nop
10003b6c:	1e02      	subs	r2, r0, #0
10003b6e:	d100      	bne.n	10003b72 <tud_task_ext+0x546>
10003b70:	e698      	b.n	100038a4 <tud_task_ext+0x278>
10003b72:	4650      	mov	r0, sl
10003b74:	7813      	ldrb	r3, [r2, #0]
10003b76:	a90e      	add	r1, sp, #56	@ 0x38
10003b78:	f000 fa70 	bl	1000405c <tud_control_xfer>
10003b7c:	e6b4      	b.n	100038e8 <tud_task_ext+0x2bc>
10003b7e:	8921      	ldrh	r1, [r4, #8]
10003b80:	f7ff fa12 	bl	10002fa8 <tud_descriptor_string_cb>
10003b84:	1e02      	subs	r2, r0, #0
10003b86:	d1f4      	bne.n	10003b72 <tud_task_ext+0x546>
10003b88:	e68c      	b.n	100038a4 <tud_task_ext+0x278>
10003b8a:	2a02      	cmp	r2, #2
10003b8c:	d100      	bne.n	10003b90 <tud_task_ext+0x564>
10003b8e:	e12d      	b.n	10003dec <tud_task_ext+0x7c0>
10003b90:	4b3f      	ldr	r3, [pc, #252]	@ (10003c90 <tud_task_ext+0x664>)
10003b92:	2b00      	cmp	r3, #0
10003b94:	d100      	bne.n	10003b98 <tud_task_ext+0x56c>
10003b96:	e685      	b.n	100038a4 <tud_task_ext+0x278>
10003b98:	e000      	b.n	10003b9c <tud_task_ext+0x570>
10003b9a:	bf00      	nop
10003b9c:	0002      	movs	r2, r0
10003b9e:	2a00      	cmp	r2, #0
10003ba0:	d100      	bne.n	10003ba4 <tud_task_ext+0x578>
10003ba2:	e67f      	b.n	100038a4 <tud_task_ext+0x278>
10003ba4:	e7d3      	b.n	10003b4e <tud_task_ext+0x522>
10003ba6:	f7ff f9f7 	bl	10002f98 <tud_descriptor_device_cb>
10003baa:	2312      	movs	r3, #18
10003bac:	0002      	movs	r2, r0
10003bae:	a90e      	add	r1, sp, #56	@ 0x38
10003bb0:	4650      	mov	r0, sl
10003bb2:	f000 fa53 	bl	1000405c <tud_control_xfer>
10003bb6:	e697      	b.n	100038e8 <tud_task_ext+0x2bc>
10003bb8:	4b2f      	ldr	r3, [pc, #188]	@ (10003c78 <tud_task_ext+0x64c>)
10003bba:	4830      	ldr	r0, [pc, #192]	@ (10003c7c <tud_task_ext+0x650>)
10003bbc:	4698      	mov	r8, r3
10003bbe:	e75b      	b.n	10003a78 <tud_task_ext+0x44c>
10003bc0:	88e2      	ldrh	r2, [r4, #6]
10003bc2:	2a00      	cmp	r2, #0
10003bc4:	d109      	bne.n	10003bda <tud_task_ext+0x5ae>
10003bc6:	4a33      	ldr	r2, [pc, #204]	@ (10003c94 <tud_task_ext+0x668>)
10003bc8:	7810      	ldrb	r0, [r2, #0]
10003bca:	2f01      	cmp	r7, #1
10003bcc:	d026      	beq.n	10003c1c <tud_task_ext+0x5f0>
10003bce:	18ef      	adds	r7, r5, r3
10003bd0:	4467      	add	r7, ip
10003bd2:	3730      	adds	r7, #48	@ 0x30
10003bd4:	78fb      	ldrb	r3, [r7, #3]
10003bd6:	079b      	lsls	r3, r3, #30
10003bd8:	d53e      	bpl.n	10003c58 <tud_task_ext+0x62c>
10003bda:	4643      	mov	r3, r8
10003bdc:	2b00      	cmp	r3, #0
10003bde:	d100      	bne.n	10003be2 <tud_task_ext+0x5b6>
10003be0:	e53a      	b.n	10003658 <tud_task_ext+0x2c>
10003be2:	68d8      	ldr	r0, [r3, #12]
10003be4:	f000 fa98 	bl	10004118 <usbd_control_set_complete_callback>
10003be8:	4643      	mov	r3, r8
10003bea:	2101      	movs	r1, #1
10003bec:	68db      	ldr	r3, [r3, #12]
10003bee:	aa0e      	add	r2, sp, #56	@ 0x38
10003bf0:	4650      	mov	r0, sl
10003bf2:	4798      	blx	r3
10003bf4:	2000      	movs	r0, #0
10003bf6:	f000 fa8f 	bl	10004118 <usbd_control_set_complete_callback>
10003bfa:	2334      	movs	r3, #52	@ 0x34
10003bfc:	5ceb      	ldrb	r3, [r5, r3]
10003bfe:	07db      	lsls	r3, r3, #31
10003c00:	d500      	bpl.n	10003c04 <tud_task_ext+0x5d8>
10003c02:	e529      	b.n	10003658 <tud_task_ext+0x2c>
10003c04:	e6a1      	b.n	1000394a <tud_task_ext+0x31e>
10003c06:	4a1e      	ldr	r2, [pc, #120]	@ (10003c80 <tud_task_ext+0x654>)
10003c08:	0059      	lsls	r1, r3, #1
10003c0a:	6815      	ldr	r5, [r2, #0]
10003c0c:	18cb      	adds	r3, r1, r3
10003c0e:	00db      	lsls	r3, r3, #3
10003c10:	18ed      	adds	r5, r5, r3
10003c12:	2d00      	cmp	r5, #0
10003c14:	d100      	bne.n	10003c18 <tud_task_ext+0x5ec>
10003c16:	e645      	b.n	100038a4 <tud_task_ext+0x278>
10003c18:	68e8      	ldr	r0, [r5, #12]
10003c1a:	e707      	b.n	10003a2c <tud_task_ext+0x400>
10003c1c:	2230      	movs	r2, #48	@ 0x30
10003c1e:	4691      	mov	r9, r2
10003c20:	18eb      	adds	r3, r5, r3
10003c22:	4463      	add	r3, ip
10003c24:	4499      	add	r9, r3
10003c26:	464b      	mov	r3, r9
10003c28:	78db      	ldrb	r3, [r3, #3]
10003c2a:	079b      	lsls	r3, r3, #30
10003c2c:	d5d5      	bpl.n	10003bda <tud_task_ext+0x5ae>
10003c2e:	f7ff fc1b 	bl	10003468 <dcd_edpt_clear_stall>
10003c32:	464b      	mov	r3, r9
10003c34:	2202      	movs	r2, #2
10003c36:	78db      	ldrb	r3, [r3, #3]
10003c38:	4393      	bics	r3, r2
10003c3a:	464a      	mov	r2, r9
10003c3c:	70d3      	strb	r3, [r2, #3]
10003c3e:	78d3      	ldrb	r3, [r2, #3]
10003c40:	43bb      	bics	r3, r7
10003c42:	70d3      	strb	r3, [r2, #3]
10003c44:	e7c9      	b.n	10003bda <tud_task_ext+0x5ae>
10003c46:	ab0c      	add	r3, sp, #48	@ 0x30
10003c48:	1c9a      	adds	r2, r3, #2
10003c4a:	4650      	mov	r0, sl
10003c4c:	2301      	movs	r3, #1
10003c4e:	a90e      	add	r1, sp, #56	@ 0x38
10003c50:	7015      	strb	r5, [r2, #0]
10003c52:	f000 fa03 	bl	1000405c <tud_control_xfer>
10003c56:	e4ff      	b.n	10003658 <tud_task_ext+0x2c>
10003c58:	f7ff fbe8 	bl	1000342c <dcd_edpt_stall>
10003c5c:	2202      	movs	r2, #2
10003c5e:	78fb      	ldrb	r3, [r7, #3]
10003c60:	4313      	orrs	r3, r2
10003c62:	2201      	movs	r2, #1
10003c64:	70fb      	strb	r3, [r7, #3]
10003c66:	78fb      	ldrb	r3, [r7, #3]
10003c68:	4313      	orrs	r3, r2
10003c6a:	70fb      	strb	r3, [r7, #3]
10003c6c:	e7b5      	b.n	10003bda <tud_task_ext+0x5ae>
10003c6e:	46c0      	nop			@ (mov r8, r8)
10003c70:	10002ba9 	.word	0x10002ba9
10003c74:	200023b1 	.word	0x200023b1
10003c78:	10005b00 	.word	0x10005b00
10003c7c:	10004539 	.word	0x10004539
10003c80:	20001950 	.word	0x20001950
10003c84:	10005ac0 	.word	0x10005ac0
	...
10003c94:	20000f2c 	.word	0x20000f2c
10003c98:	1e58      	subs	r0, r3, #1
10003c9a:	b2c0      	uxtb	r0, r0
10003c9c:	f7ff f980 	bl	10002fa0 <tud_descriptor_configuration_cb>
10003ca0:	2800      	cmp	r0, #0
10003ca2:	d100      	bne.n	10003ca6 <tud_task_ext+0x67a>
10003ca4:	e5fe      	b.n	100038a4 <tud_task_ext+0x278>
10003ca6:	7843      	ldrb	r3, [r0, #1]
10003ca8:	9307      	str	r3, [sp, #28]
10003caa:	2b02      	cmp	r3, #2
10003cac:	d000      	beq.n	10003cb0 <tud_task_ext+0x684>
10003cae:	e5f9      	b.n	100038a4 <tud_task_ext+0x278>
10003cb0:	2101      	movs	r1, #1
10003cb2:	79c2      	ldrb	r2, [r0, #7]
10003cb4:	46b1      	mov	r9, r6
10003cb6:	1193      	asrs	r3, r2, #6
10003cb8:	1152      	asrs	r2, r2, #5
10003cba:	400b      	ands	r3, r1
10003cbc:	400a      	ands	r2, r1
10003cbe:	0112      	lsls	r2, r2, #4
10003cc0:	015b      	lsls	r3, r3, #5
10003cc2:	4313      	orrs	r3, r2
10003cc4:	782a      	ldrb	r2, [r5, #0]
10003cc6:	312f      	adds	r1, #47	@ 0x2f
10003cc8:	438a      	bics	r2, r1
10003cca:	4313      	orrs	r3, r2
10003ccc:	702b      	strb	r3, [r5, #0]
10003cce:	2309      	movs	r3, #9
10003cd0:	4698      	mov	r8, r3
10003cd2:	4480      	add	r8, r0
10003cd4:	4647      	mov	r7, r8
10003cd6:	46a8      	mov	r8, r5
10003cd8:	78c3      	ldrb	r3, [r0, #3]
10003cda:	7882      	ldrb	r2, [r0, #2]
10003cdc:	021b      	lsls	r3, r3, #8
10003cde:	4313      	orrs	r3, r2
10003ce0:	18c3      	adds	r3, r0, r3
10003ce2:	9304      	str	r3, [sp, #16]
10003ce4:	4b5c      	ldr	r3, [pc, #368]	@ (10003e58 <tud_task_ext+0x82c>)
10003ce6:	9309      	str	r3, [sp, #36]	@ 0x24
10003ce8:	9b04      	ldr	r3, [sp, #16]
10003cea:	42bb      	cmp	r3, r7
10003cec:	d800      	bhi.n	10003cf0 <tud_task_ext+0x6c4>
10003cee:	e081      	b.n	10003df4 <tud_task_ext+0x7c8>
10003cf0:	787b      	ldrb	r3, [r7, #1]
10003cf2:	2201      	movs	r2, #1
10003cf4:	2b0b      	cmp	r3, #11
10003cf6:	d102      	bne.n	10003cfe <tud_task_ext+0x6d2>
10003cf8:	783b      	ldrb	r3, [r7, #0]
10003cfa:	78fa      	ldrb	r2, [r7, #3]
10003cfc:	18ff      	adds	r7, r7, r3
10003cfe:	787b      	ldrb	r3, [r7, #1]
10003d00:	2b04      	cmp	r3, #4
10003d02:	d123      	bne.n	10003d4c <tud_task_ext+0x720>
10003d04:	2500      	movs	r5, #0
10003d06:	9b04      	ldr	r3, [sp, #16]
10003d08:	920b      	str	r2, [sp, #44]	@ 0x2c
10003d0a:	1bdb      	subs	r3, r3, r7
10003d0c:	b29b      	uxth	r3, r3
10003d0e:	9305      	str	r3, [sp, #20]
10003d10:	4b52      	ldr	r3, [pc, #328]	@ (10003e5c <tud_task_ext+0x830>)
10003d12:	7819      	ldrb	r1, [r3, #0]
10003d14:	9306      	str	r3, [sp, #24]
10003d16:	4b52      	ldr	r3, [pc, #328]	@ (10003e60 <tud_task_ext+0x834>)
10003d18:	930a      	str	r3, [sp, #40]	@ 0x28
10003d1a:	4b52      	ldr	r3, [pc, #328]	@ (10003e64 <tud_task_ext+0x838>)
10003d1c:	9308      	str	r3, [sp, #32]
10003d1e:	9b0a      	ldr	r3, [sp, #40]	@ 0x28
10003d20:	2b00      	cmp	r3, #0
10003d22:	d052      	beq.n	10003dca <tud_task_ext+0x79e>
10003d24:	9b09      	ldr	r3, [sp, #36]	@ 0x24
10003d26:	9e08      	ldr	r6, [sp, #32]
10003d28:	428d      	cmp	r5, r1
10003d2a:	d345      	bcc.n	10003db8 <tud_task_ext+0x78c>
10003d2c:	0039      	movs	r1, r7
10003d2e:	4650      	mov	r0, sl
10003d30:	9a05      	ldr	r2, [sp, #20]
10003d32:	4798      	blx	r3
10003d34:	4684      	mov	ip, r0
10003d36:	2808      	cmp	r0, #8
10003d38:	d902      	bls.n	10003d40 <tud_task_ext+0x714>
10003d3a:	9a05      	ldr	r2, [sp, #20]
10003d3c:	4282      	cmp	r2, r0
10003d3e:	d262      	bcs.n	10003e06 <tud_task_ext+0x7da>
10003d40:	9b06      	ldr	r3, [sp, #24]
10003d42:	3501      	adds	r5, #1
10003d44:	7819      	ldrb	r1, [r3, #0]
10003d46:	b2ed      	uxtb	r5, r5
10003d48:	42a9      	cmp	r1, r5
10003d4a:	d2e8      	bcs.n	10003d1e <tud_task_ext+0x6f2>
10003d4c:	464e      	mov	r6, r9
10003d4e:	e5a9      	b.n	100038a4 <tud_task_ext+0x278>
10003d50:	4650      	mov	r0, sl
10003d52:	f7ff fb55 	bl	10003400 <dcd_edpt_close_all>
10003d56:	2200      	movs	r2, #0
10003d58:	4691      	mov	r9, r2
10003d5a:	4a43      	ldr	r2, [pc, #268]	@ (10003e68 <tud_task_ext+0x83c>)
10003d5c:	78ab      	ldrb	r3, [r5, #2]
10003d5e:	9205      	str	r2, [sp, #20]
10003d60:	002a      	movs	r2, r5
10003d62:	464d      	mov	r5, r9
10003d64:	4691      	mov	r9, r2
10003d66:	9304      	str	r3, [sp, #16]
10003d68:	4b3c      	ldr	r3, [pc, #240]	@ (10003e5c <tud_task_ext+0x830>)
10003d6a:	4f3d      	ldr	r7, [pc, #244]	@ (10003e60 <tud_task_ext+0x834>)
10003d6c:	4698      	mov	r8, r3
10003d6e:	781b      	ldrb	r3, [r3, #0]
10003d70:	2f00      	cmp	r7, #0
10003d72:	d01b      	beq.n	10003dac <tud_task_ext+0x780>
10003d74:	9a05      	ldr	r2, [sp, #20]
10003d76:	429d      	cmp	r5, r3
10003d78:	d32c      	bcc.n	10003dd4 <tud_task_ext+0x7a8>
10003d7a:	4650      	mov	r0, sl
10003d7c:	4790      	blx	r2
10003d7e:	4643      	mov	r3, r8
10003d80:	3501      	adds	r5, #1
10003d82:	781b      	ldrb	r3, [r3, #0]
10003d84:	b2ed      	uxtb	r5, r5
10003d86:	42ab      	cmp	r3, r5
10003d88:	d2f2      	bcs.n	10003d70 <tud_task_ext+0x744>
10003d8a:	464d      	mov	r5, r9
10003d8c:	2253      	movs	r2, #83	@ 0x53
10003d8e:	2100      	movs	r1, #0
10003d90:	0028      	movs	r0, r5
10003d92:	f7fe fcdf 	bl	10002754 <__wrap_memset>
10003d96:	2210      	movs	r2, #16
10003d98:	21ff      	movs	r1, #255	@ 0xff
10003d9a:	4834      	ldr	r0, [pc, #208]	@ (10003e6c <tud_task_ext+0x840>)
10003d9c:	f7fe fcda 	bl	10002754 <__wrap_memset>
10003da0:	2220      	movs	r2, #32
10003da2:	21ff      	movs	r1, #255	@ 0xff
10003da4:	4832      	ldr	r0, [pc, #200]	@ (10003e70 <tud_task_ext+0x844>)
10003da6:	f7fe fcd5 	bl	10002754 <__wrap_memset>
10003daa:	e002      	b.n	10003db2 <tud_task_ext+0x786>
10003dac:	2d00      	cmp	r5, #0
10003dae:	d01b      	beq.n	10003de8 <tud_task_ext+0x7bc>
10003db0:	464d      	mov	r5, r9
10003db2:	9b04      	ldr	r3, [sp, #16]
10003db4:	70ab      	strb	r3, [r5, #2]
10003db6:	e672      	b.n	10003a9e <tud_task_ext+0x472>
10003db8:	2318      	movs	r3, #24
10003dba:	4a2e      	ldr	r2, [pc, #184]	@ (10003e74 <tud_task_ext+0x848>)
10003dbc:	436b      	muls	r3, r5
10003dbe:	6816      	ldr	r6, [r2, #0]
10003dc0:	18f6      	adds	r6, r6, r3
10003dc2:	2e00      	cmp	r6, #0
10003dc4:	d0c2      	beq.n	10003d4c <tud_task_ext+0x720>
10003dc6:	68b3      	ldr	r3, [r6, #8]
10003dc8:	e7b0      	b.n	10003d2c <tud_task_ext+0x700>
10003dca:	2d00      	cmp	r5, #0
10003dcc:	d1be      	bne.n	10003d4c <tud_task_ext+0x720>
10003dce:	4b22      	ldr	r3, [pc, #136]	@ (10003e58 <tud_task_ext+0x82c>)
10003dd0:	4e24      	ldr	r6, [pc, #144]	@ (10003e64 <tud_task_ext+0x838>)
10003dd2:	e7ab      	b.n	10003d2c <tud_task_ext+0x700>
10003dd4:	4a27      	ldr	r2, [pc, #156]	@ (10003e74 <tud_task_ext+0x848>)
10003dd6:	006b      	lsls	r3, r5, #1
10003dd8:	6812      	ldr	r2, [r2, #0]
10003dda:	195b      	adds	r3, r3, r5
10003ddc:	00db      	lsls	r3, r3, #3
10003dde:	18d3      	adds	r3, r2, r3
10003de0:	2b00      	cmp	r3, #0
10003de2:	d0e5      	beq.n	10003db0 <tud_task_ext+0x784>
10003de4:	685a      	ldr	r2, [r3, #4]
10003de6:	e7c8      	b.n	10003d7a <tud_task_ext+0x74e>
10003de8:	4a1f      	ldr	r2, [pc, #124]	@ (10003e68 <tud_task_ext+0x83c>)
10003dea:	e7c6      	b.n	10003d7a <tud_task_ext+0x74e>
10003dec:	f7ff f8d8 	bl	10002fa0 <tud_descriptor_configuration_cb>
10003df0:	0002      	movs	r2, r0
10003df2:	e6d4      	b.n	10003b9e <tud_task_ext+0x572>
10003df4:	4b20      	ldr	r3, [pc, #128]	@ (10003e78 <tud_task_ext+0x84c>)
10003df6:	4645      	mov	r5, r8
10003df8:	464e      	mov	r6, r9
10003dfa:	2b00      	cmp	r3, #0
10003dfc:	d100      	bne.n	10003e00 <tud_task_ext+0x7d4>
10003dfe:	e652      	b.n	10003aa6 <tud_task_ext+0x47a>
10003e00:	e000      	b.n	10003e04 <tud_task_ext+0x7d8>
10003e02:	bf00      	nop
10003e04:	e64f      	b.n	10003aa6 <tud_task_ext+0x47a>
10003e06:	9a0b      	ldr	r2, [sp, #44]	@ 0x2c
10003e08:	2a01      	cmp	r2, #1
10003e0a:	d01f      	beq.n	10003e4c <tud_task_ext+0x820>
10003e0c:	2100      	movs	r1, #0
10003e0e:	4646      	mov	r6, r8
10003e10:	e009      	b.n	10003e26 <tud_task_ext+0x7fa>
10003e12:	78bb      	ldrb	r3, [r7, #2]
10003e14:	18cb      	adds	r3, r1, r3
10003e16:	b2db      	uxtb	r3, r3
10003e18:	18f3      	adds	r3, r6, r3
10003e1a:	78d8      	ldrb	r0, [r3, #3]
10003e1c:	28ff      	cmp	r0, #255	@ 0xff
10003e1e:	d195      	bne.n	10003d4c <tud_task_ext+0x720>
10003e20:	3101      	adds	r1, #1
10003e22:	70dd      	strb	r5, [r3, #3]
10003e24:	b2c9      	uxtb	r1, r1
10003e26:	4291      	cmp	r1, r2
10003e28:	d1f3      	bne.n	10003e12 <tud_task_ext+0x7e6>
10003e2a:	46b0      	mov	r8, r6
10003e2c:	4666      	mov	r6, ip
10003e2e:	002b      	movs	r3, r5
10003e30:	0039      	movs	r1, r7
10003e32:	0032      	movs	r2, r6
10003e34:	480e      	ldr	r0, [pc, #56]	@ (10003e70 <tud_task_ext+0x844>)
10003e36:	f000 fd1b 	bl	10004870 <tu_edpt_bind_driver>
10003e3a:	46b4      	mov	ip, r6
10003e3c:	9b06      	ldr	r3, [sp, #24]
10003e3e:	4467      	add	r7, ip
10003e40:	781b      	ldrb	r3, [r3, #0]
10003e42:	42ab      	cmp	r3, r5
10003e44:	d300      	bcc.n	10003e48 <tud_task_ext+0x81c>
10003e46:	e74f      	b.n	10003ce8 <tud_task_ext+0x6bc>
10003e48:	464e      	mov	r6, r9
10003e4a:	e52b      	b.n	100038a4 <tud_task_ext+0x278>
10003e4c:	4b02      	ldr	r3, [pc, #8]	@ (10003e58 <tud_task_ext+0x82c>)
10003e4e:	68b1      	ldr	r1, [r6, #8]
10003e50:	4299      	cmp	r1, r3
10003e52:	d1db      	bne.n	10003e0c <tud_task_ext+0x7e0>
10003e54:	9a07      	ldr	r2, [sp, #28]
10003e56:	e7d9      	b.n	10003e0c <tud_task_ext+0x7e0>
10003e58:	10004455 	.word	0x10004455
10003e5c:	200023b1 	.word	0x200023b1
10003e60:	10002ba9 	.word	0x10002ba9
10003e64:	10005b00 	.word	0x10005b00
10003e68:	10004429 	.word	0x10004429
10003e6c:	20001c7b 	.word	0x20001c7b
10003e70:	20001c8b 	.word	0x20001c8b
10003e74:	20001950 	.word	0x20001950
10003e78:	00000000 	.word	0x00000000

10003e7c <usbd_open_edpt_pair>:
10003e7c:	b5f8      	push	{r3, r4, r5, r6, r7, lr}
10003e7e:	4657      	mov	r7, sl
10003e80:	464e      	mov	r6, r9
10003e82:	46de      	mov	lr, fp
10003e84:	4645      	mov	r5, r8
10003e86:	000c      	movs	r4, r1
10003e88:	b5e0      	push	{r5, r6, r7, lr}
10003e8a:	0016      	movs	r6, r2
10003e8c:	001f      	movs	r7, r3
10003e8e:	2a00      	cmp	r2, #0
10003e90:	d03c      	beq.n	10003f0c <usbd_open_edpt_pair+0x90>
10003e92:	2370      	movs	r3, #112	@ 0x70
10003e94:	4698      	mov	r8, r3
10003e96:	4b1e      	ldr	r3, [pc, #120]	@ (10003f10 <usbd_open_edpt_pair+0x94>)
10003e98:	2500      	movs	r5, #0
10003e9a:	469b      	mov	fp, r3
10003e9c:	4b1d      	ldr	r3, [pc, #116]	@ (10003f14 <usbd_open_edpt_pair+0x98>)
10003e9e:	469a      	mov	sl, r3
10003ea0:	e01a      	b.n	10003ed8 <usbd_open_edpt_pair+0x5c>
10003ea2:	465b      	mov	r3, fp
10003ea4:	781b      	ldrb	r3, [r3, #0]
10003ea6:	0020      	movs	r0, r4
10003ea8:	4699      	mov	r9, r3
10003eaa:	4653      	mov	r3, sl
10003eac:	7899      	ldrb	r1, [r3, #2]
10003eae:	f000 fca1 	bl	100047f4 <tu_edpt_validate>
10003eb2:	2800      	cmp	r0, #0
10003eb4:	d01c      	beq.n	10003ef0 <usbd_open_edpt_pair+0x74>
10003eb6:	0021      	movs	r1, r4
10003eb8:	4648      	mov	r0, r9
10003eba:	f7ff fa1d 	bl	100032f8 <dcd_edpt_open>
10003ebe:	2800      	cmp	r0, #0
10003ec0:	d016      	beq.n	10003ef0 <usbd_open_edpt_pair+0x74>
10003ec2:	78a3      	ldrb	r3, [r4, #2]
10003ec4:	09da      	lsrs	r2, r3, #7
10003ec6:	2a01      	cmp	r2, #1
10003ec8:	d019      	beq.n	10003efe <usbd_open_edpt_pair+0x82>
10003eca:	9a0a      	ldr	r2, [sp, #40]	@ 0x28
10003ecc:	3501      	adds	r5, #1
10003ece:	7013      	strb	r3, [r2, #0]
10003ed0:	7823      	ldrb	r3, [r4, #0]
10003ed2:	18e4      	adds	r4, r4, r3
10003ed4:	42b5      	cmp	r5, r6
10003ed6:	da19      	bge.n	10003f0c <usbd_open_edpt_pair+0x90>
10003ed8:	7863      	ldrb	r3, [r4, #1]
10003eda:	2b05      	cmp	r3, #5
10003edc:	d108      	bne.n	10003ef0 <usbd_open_edpt_pair+0x74>
10003ede:	78e3      	ldrb	r3, [r4, #3]
10003ee0:	079b      	lsls	r3, r3, #30
10003ee2:	0f9b      	lsrs	r3, r3, #30
10003ee4:	42bb      	cmp	r3, r7
10003ee6:	d103      	bne.n	10003ef0 <usbd_open_edpt_pair+0x74>
10003ee8:	4642      	mov	r2, r8
10003eea:	78a3      	ldrb	r3, [r4, #2]
10003eec:	421a      	tst	r2, r3
10003eee:	d0d8      	beq.n	10003ea2 <usbd_open_edpt_pair+0x26>
10003ef0:	2000      	movs	r0, #0
10003ef2:	bcf0      	pop	{r4, r5, r6, r7}
10003ef4:	46bb      	mov	fp, r7
10003ef6:	46b2      	mov	sl, r6
10003ef8:	46a9      	mov	r9, r5
10003efa:	46a0      	mov	r8, r4
10003efc:	bdf8      	pop	{r3, r4, r5, r6, r7, pc}
10003efe:	9a0b      	ldr	r2, [sp, #44]	@ 0x2c
10003f00:	3501      	adds	r5, #1
10003f02:	7013      	strb	r3, [r2, #0]
10003f04:	7823      	ldrb	r3, [r4, #0]
10003f06:	18e4      	adds	r4, r4, r3
10003f08:	42b5      	cmp	r5, r6
10003f0a:	dbe5      	blt.n	10003ed8 <usbd_open_edpt_pair+0x5c>
10003f0c:	2001      	movs	r0, #1
10003f0e:	e7f0      	b.n	10003ef2 <usbd_open_edpt_pair+0x76>
10003f10:	20000f2c 	.word	0x20000f2c
10003f14:	20001c78 	.word	0x20001c78

10003f18 <usbd_defer_func>:
10003f18:	2380      	movs	r3, #128	@ 0x80
10003f1a:	b510      	push	{r4, lr}
10003f1c:	4a0f      	ldr	r2, [pc, #60]	@ (10003f5c <usbd_defer_func+0x44>)
10003f1e:	b084      	sub	sp, #16
10003f20:	011b      	lsls	r3, r3, #4
10003f22:	6814      	ldr	r4, [r2, #0]
10003f24:	9301      	str	r3, [sp, #4]
10003f26:	9103      	str	r1, [sp, #12]
10003f28:	ab01      	add	r3, sp, #4
10003f2a:	6058      	str	r0, [r3, #4]
10003f2c:	6961      	ldr	r1, [r4, #20]
10003f2e:	f3ef 8210 	mrs	r2, PRIMASK
10003f32:	b672      	cpsid	i
10003f34:	6808      	ldr	r0, [r1, #0]
10003f36:	2800      	cmp	r0, #0
10003f38:	d0fc      	beq.n	10003f34 <usbd_defer_func+0x1c>
10003f3a:	f3bf 8f5f 	dmb	sy
10003f3e:	0019      	movs	r1, r3
10003f40:	61a2      	str	r2, [r4, #24]
10003f42:	0020      	movs	r0, r4
10003f44:	f000 fdda 	bl	10004afc <tu_fifo_write>
10003f48:	6962      	ldr	r2, [r4, #20]
10003f4a:	69a3      	ldr	r3, [r4, #24]
10003f4c:	f3bf 8f5f 	dmb	sy
10003f50:	2100      	movs	r1, #0
10003f52:	6011      	str	r1, [r2, #0]
10003f54:	f383 8810 	msr	PRIMASK, r3
10003f58:	b004      	add	sp, #16
10003f5a:	bd10      	pop	{r4, pc}
10003f5c:	20001cd0 	.word	0x20001cd0

10003f60 <usbd_edpt_open>:
10003f60:	2270      	movs	r2, #112	@ 0x70
10003f62:	b570      	push	{r4, r5, r6, lr}
10003f64:	788b      	ldrb	r3, [r1, #2]
10003f66:	000c      	movs	r4, r1
10003f68:	421a      	tst	r2, r3
10003f6a:	d001      	beq.n	10003f70 <usbd_edpt_open+0x10>
10003f6c:	2000      	movs	r0, #0
10003f6e:	bd70      	pop	{r4, r5, r6, pc}
10003f70:	4b06      	ldr	r3, [pc, #24]	@ (10003f8c <usbd_edpt_open+0x2c>)
10003f72:	0020      	movs	r0, r4
10003f74:	781d      	ldrb	r5, [r3, #0]
10003f76:	4b06      	ldr	r3, [pc, #24]	@ (10003f90 <usbd_edpt_open+0x30>)
10003f78:	7899      	ldrb	r1, [r3, #2]
10003f7a:	f000 fc3b 	bl	100047f4 <tu_edpt_validate>
10003f7e:	2800      	cmp	r0, #0
10003f80:	d0f4      	beq.n	10003f6c <usbd_edpt_open+0xc>
10003f82:	0021      	movs	r1, r4
10003f84:	0028      	movs	r0, r5
10003f86:	f7ff f9b7 	bl	100032f8 <dcd_edpt_open>
10003f8a:	e7f0      	b.n	10003f6e <usbd_edpt_open+0xe>
10003f8c:	20000f2c 	.word	0x20000f2c
10003f90:	20001c78 	.word	0x20001c78

10003f94 <usbd_edpt_claim>:
10003f94:	000b      	movs	r3, r1
10003f96:	207f      	movs	r0, #127	@ 0x7f
10003f98:	b510      	push	{r4, lr}
10003f9a:	4018      	ands	r0, r3
10003f9c:	09db      	lsrs	r3, r3, #7
10003f9e:	3333      	adds	r3, #51	@ 0x33
10003fa0:	0040      	lsls	r0, r0, #1
10003fa2:	4a04      	ldr	r2, [pc, #16]	@ (10003fb4 <usbd_edpt_claim+0x20>)
10003fa4:	18c0      	adds	r0, r0, r3
10003fa6:	4b04      	ldr	r3, [pc, #16]	@ (10003fb8 <usbd_edpt_claim+0x24>)
10003fa8:	6811      	ldr	r1, [r2, #0]
10003faa:	18c0      	adds	r0, r0, r3
10003fac:	f000 fbde 	bl	1000476c <tu_edpt_claim>
10003fb0:	bd10      	pop	{r4, pc}
10003fb2:	46c0      	nop			@ (mov r8, r8)
10003fb4:	20001ccc 	.word	0x20001ccc
10003fb8:	20001c78 	.word	0x20001c78

10003fbc <usbd_edpt_release>:
10003fbc:	000b      	movs	r3, r1
10003fbe:	207f      	movs	r0, #127	@ 0x7f
10003fc0:	b510      	push	{r4, lr}
10003fc2:	4018      	ands	r0, r3
10003fc4:	09db      	lsrs	r3, r3, #7
10003fc6:	3333      	adds	r3, #51	@ 0x33
10003fc8:	0040      	lsls	r0, r0, #1
10003fca:	4a04      	ldr	r2, [pc, #16]	@ (10003fdc <usbd_edpt_release+0x20>)
10003fcc:	18c0      	adds	r0, r0, r3
10003fce:	4b04      	ldr	r3, [pc, #16]	@ (10003fe0 <usbd_edpt_release+0x24>)
10003fd0:	6811      	ldr	r1, [r2, #0]
10003fd2:	18c0      	adds	r0, r0, r3
10003fd4:	f000 fbf2 	bl	100047bc <tu_edpt_release>
10003fd8:	bd10      	pop	{r4, pc}
10003fda:	46c0      	nop			@ (mov r8, r8)
10003fdc:	20001ccc 	.word	0x20001ccc
10003fe0:	20001c78 	.word	0x20001c78

10003fe4 <usbd_edpt_xfer>:
10003fe4:	b570      	push	{r4, r5, r6, lr}
10003fe6:	247f      	movs	r4, #127	@ 0x7f
10003fe8:	480f      	ldr	r0, [pc, #60]	@ (10004028 <usbd_edpt_xfer+0x44>)
10003fea:	400c      	ands	r4, r1
10003fec:	0064      	lsls	r4, r4, #1
10003fee:	1904      	adds	r4, r0, r4
10003ff0:	09cd      	lsrs	r5, r1, #7
10003ff2:	1964      	adds	r4, r4, r5
10003ff4:	3430      	adds	r4, #48	@ 0x30
10003ff6:	78e0      	ldrb	r0, [r4, #3]
10003ff8:	07c0      	lsls	r0, r0, #31
10003ffa:	d501      	bpl.n	10004000 <usbd_edpt_xfer+0x1c>
10003ffc:	2000      	movs	r0, #0
10003ffe:	bd70      	pop	{r4, r5, r6, pc}
10004000:	2601      	movs	r6, #1
10004002:	78e5      	ldrb	r5, [r4, #3]
10004004:	4809      	ldr	r0, [pc, #36]	@ (1000402c <usbd_edpt_xfer+0x48>)
10004006:	4335      	orrs	r5, r6
10004008:	7800      	ldrb	r0, [r0, #0]
1000400a:	70e5      	strb	r5, [r4, #3]
1000400c:	f7ff f9fc 	bl	10003408 <dcd_edpt_xfer>
10004010:	2800      	cmp	r0, #0
10004012:	d1f4      	bne.n	10003ffe <usbd_edpt_xfer+0x1a>
10004014:	2201      	movs	r2, #1
10004016:	78e3      	ldrb	r3, [r4, #3]
10004018:	4393      	bics	r3, r2
1000401a:	70e3      	strb	r3, [r4, #3]
1000401c:	78e3      	ldrb	r3, [r4, #3]
1000401e:	3203      	adds	r2, #3
10004020:	4393      	bics	r3, r2
10004022:	70e3      	strb	r3, [r4, #3]
10004024:	e7ea      	b.n	10003ffc <usbd_edpt_xfer+0x18>
10004026:	46c0      	nop			@ (mov r8, r8)
10004028:	20001c78 	.word	0x20001c78
1000402c:	20000f2c 	.word	0x20000f2c

10004030 <tud_control_status>:
10004030:	b570      	push	{r4, r5, r6, lr}
10004032:	4c09      	ldr	r4, [pc, #36]	@ (10004058 <tud_control_status+0x28>)
10004034:	0006      	movs	r6, r0
10004036:	2208      	movs	r2, #8
10004038:	0020      	movs	r0, r4
1000403a:	000d      	movs	r5, r1
1000403c:	f7fe fb90 	bl	10002760 <__wrap___aeabi_memcpy>
10004040:	2300      	movs	r3, #0
10004042:	2180      	movs	r1, #128	@ 0x80
10004044:	60e3      	str	r3, [r4, #12]
10004046:	60a3      	str	r3, [r4, #8]
10004048:	782b      	ldrb	r3, [r5, #0]
1000404a:	0030      	movs	r0, r6
1000404c:	4399      	bics	r1, r3
1000404e:	2200      	movs	r2, #0
10004050:	2300      	movs	r3, #0
10004052:	f7ff ffc7 	bl	10003fe4 <usbd_edpt_xfer>
10004056:	bd70      	pop	{r4, r5, r6, pc}
10004058:	20001c1c 	.word	0x20001c1c

1000405c <tud_control_xfer>:
1000405c:	b5f8      	push	{r3, r4, r5, r6, r7, lr}
1000405e:	46ce      	mov	lr, r9
10004060:	4647      	mov	r7, r8
10004062:	4690      	mov	r8, r2
10004064:	4e25      	ldr	r6, [pc, #148]	@ (100040fc <tud_control_xfer+0xa0>)
10004066:	b580      	push	{r7, lr}
10004068:	4681      	mov	r9, r0
1000406a:	2208      	movs	r2, #8
1000406c:	0030      	movs	r0, r6
1000406e:	000d      	movs	r5, r1
10004070:	001f      	movs	r7, r3
10004072:	f7fe fb75 	bl	10002760 <__wrap___aeabi_memcpy>
10004076:	4643      	mov	r3, r8
10004078:	60b3      	str	r3, [r6, #8]
1000407a:	2300      	movs	r3, #0
1000407c:	81f3      	strh	r3, [r6, #14]
1000407e:	79ec      	ldrb	r4, [r5, #7]
10004080:	79ab      	ldrb	r3, [r5, #6]
10004082:	0224      	lsls	r4, r4, #8
10004084:	431c      	orrs	r4, r3
10004086:	1c23      	adds	r3, r4, #0
10004088:	42bc      	cmp	r4, r7
1000408a:	d900      	bls.n	1000408e <tud_control_xfer+0x32>
1000408c:	1c3b      	adds	r3, r7, #0
1000408e:	b29f      	uxth	r7, r3
10004090:	81b3      	strh	r3, [r6, #12]
10004092:	2c00      	cmp	r4, #0
10004094:	d00d      	beq.n	100040b2 <tud_control_xfer+0x56>
10004096:	2f00      	cmp	r7, #0
10004098:	d017      	beq.n	100040ca <tud_control_xfer+0x6e>
1000409a:	4642      	mov	r2, r8
1000409c:	2a00      	cmp	r2, #0
1000409e:	d02b      	beq.n	100040f8 <tud_control_xfer+0x9c>
100040a0:	2f40      	cmp	r7, #64	@ 0x40
100040a2:	d81b      	bhi.n	100040dc <tud_control_xfer+0x80>
100040a4:	b29f      	uxth	r7, r3
100040a6:	7833      	ldrb	r3, [r6, #0]
100040a8:	2b7f      	cmp	r3, #127	@ 0x7f
100040aa:	d81c      	bhi.n	100040e6 <tud_control_xfer+0x8a>
100040ac:	2100      	movs	r1, #0
100040ae:	4a14      	ldr	r2, [pc, #80]	@ (10004100 <tud_control_xfer+0xa4>)
100040b0:	e00f      	b.n	100040d2 <tud_control_xfer+0x76>
100040b2:	2180      	movs	r1, #128	@ 0x80
100040b4:	782b      	ldrb	r3, [r5, #0]
100040b6:	2200      	movs	r2, #0
100040b8:	4399      	bics	r1, r3
100040ba:	4648      	mov	r0, r9
100040bc:	2300      	movs	r3, #0
100040be:	f7ff ff91 	bl	10003fe4 <usbd_edpt_xfer>
100040c2:	bcc0      	pop	{r6, r7}
100040c4:	46b9      	mov	r9, r7
100040c6:	46b0      	mov	r8, r6
100040c8:	bdf8      	pop	{r3, r4, r5, r6, r7, pc}
100040ca:	237f      	movs	r3, #127	@ 0x7f
100040cc:	2200      	movs	r2, #0
100040ce:	7831      	ldrb	r1, [r6, #0]
100040d0:	4399      	bics	r1, r3
100040d2:	003b      	movs	r3, r7
100040d4:	4648      	mov	r0, r9
100040d6:	f7ff ff85 	bl	10003fe4 <usbd_edpt_xfer>
100040da:	e7f2      	b.n	100040c2 <tud_control_xfer+0x66>
100040dc:	2340      	movs	r3, #64	@ 0x40
100040de:	b29f      	uxth	r7, r3
100040e0:	7833      	ldrb	r3, [r6, #0]
100040e2:	2b7f      	cmp	r3, #127	@ 0x7f
100040e4:	d9e2      	bls.n	100040ac <tud_control_xfer+0x50>
100040e6:	4c06      	ldr	r4, [pc, #24]	@ (10004100 <tud_control_xfer+0xa4>)
100040e8:	003a      	movs	r2, r7
100040ea:	4641      	mov	r1, r8
100040ec:	0020      	movs	r0, r4
100040ee:	f7fe fb37 	bl	10002760 <__wrap___aeabi_memcpy>
100040f2:	2180      	movs	r1, #128	@ 0x80
100040f4:	0022      	movs	r2, r4
100040f6:	e7ec      	b.n	100040d2 <tud_control_xfer+0x76>
100040f8:	2000      	movs	r0, #0
100040fa:	e7e2      	b.n	100040c2 <tud_control_xfer+0x66>
100040fc:	20001c1c 	.word	0x20001c1c
10004100:	20001c38 	.word	0x20001c38

10004104 <usbd_control_reset>:
10004104:	b510      	push	{r4, lr}
10004106:	2214      	movs	r2, #20
10004108:	2100      	movs	r1, #0
1000410a:	4802      	ldr	r0, [pc, #8]	@ (10004114 <usbd_control_reset+0x10>)
1000410c:	f7fe fb22 	bl	10002754 <__wrap_memset>
10004110:	bd10      	pop	{r4, pc}
10004112:	46c0      	nop			@ (mov r8, r8)
10004114:	20001c1c 	.word	0x20001c1c

10004118 <usbd_control_set_complete_callback>:
10004118:	4b01      	ldr	r3, [pc, #4]	@ (10004120 <usbd_control_set_complete_callback+0x8>)
1000411a:	6118      	str	r0, [r3, #16]
1000411c:	4770      	bx	lr
1000411e:	46c0      	nop			@ (mov r8, r8)
10004120:	20001c1c 	.word	0x20001c1c

10004124 <usbd_control_set_request>:
10004124:	b510      	push	{r4, lr}
10004126:	4c05      	ldr	r4, [pc, #20]	@ (1000413c <usbd_control_set_request+0x18>)
10004128:	0001      	movs	r1, r0
1000412a:	2208      	movs	r2, #8
1000412c:	0020      	movs	r0, r4
1000412e:	f7fe fb17 	bl	10002760 <__wrap___aeabi_memcpy>
10004132:	2300      	movs	r3, #0
10004134:	60a3      	str	r3, [r4, #8]
10004136:	60e3      	str	r3, [r4, #12]
10004138:	bd10      	pop	{r4, pc}
1000413a:	46c0      	nop			@ (mov r8, r8)
1000413c:	20001c1c 	.word	0x20001c1c

10004140 <usbd_control_xfer_cb>:
10004140:	b570      	push	{r4, r5, r6, lr}
10004142:	4c39      	ldr	r4, [pc, #228]	@ (10004228 <usbd_control_xfer_cb+0xe8>)
10004144:	001d      	movs	r5, r3
10004146:	7823      	ldrb	r3, [r4, #0]
10004148:	0006      	movs	r6, r0
1000414a:	09da      	lsrs	r2, r3, #7
1000414c:	09c9      	lsrs	r1, r1, #7
1000414e:	428a      	cmp	r2, r1
10004150:	d013      	beq.n	1000417a <usbd_control_xfer_cb+0x3a>
10004152:	2000      	movs	r0, #0
10004154:	2d00      	cmp	r5, #0
10004156:	d000      	beq.n	1000415a <usbd_control_xfer_cb+0x1a>
10004158:	bd70      	pop	{r4, r5, r6, pc}
1000415a:	4b34      	ldr	r3, [pc, #208]	@ (1000422c <usbd_control_xfer_cb+0xec>)
1000415c:	2b00      	cmp	r3, #0
1000415e:	d003      	beq.n	10004168 <usbd_control_xfer_cb+0x28>
10004160:	0021      	movs	r1, r4
10004162:	0030      	movs	r0, r6
10004164:	f7ff f8ba 	bl	100032dc <dcd_edpt0_status_complete>
10004168:	6923      	ldr	r3, [r4, #16]
1000416a:	2b00      	cmp	r3, #0
1000416c:	d003      	beq.n	10004176 <usbd_control_xfer_cb+0x36>
1000416e:	0022      	movs	r2, r4
10004170:	2103      	movs	r1, #3
10004172:	0030      	movs	r0, r6
10004174:	4798      	blx	r3
10004176:	2001      	movs	r0, #1
10004178:	e7ee      	b.n	10004158 <usbd_control_xfer_cb+0x18>
1000417a:	2b7f      	cmp	r3, #127	@ 0x7f
1000417c:	d806      	bhi.n	1000418c <usbd_control_xfer_cb+0x4c>
1000417e:	68a0      	ldr	r0, [r4, #8]
10004180:	2800      	cmp	r0, #0
10004182:	d034      	beq.n	100041ee <usbd_control_xfer_cb+0xae>
10004184:	002a      	movs	r2, r5
10004186:	492a      	ldr	r1, [pc, #168]	@ (10004230 <usbd_control_xfer_cb+0xf0>)
10004188:	f7fe faea 	bl	10002760 <__wrap___aeabi_memcpy>
1000418c:	89e2      	ldrh	r2, [r4, #14]
1000418e:	68a1      	ldr	r1, [r4, #8]
10004190:	1952      	adds	r2, r2, r5
10004192:	88e3      	ldrh	r3, [r4, #6]
10004194:	b292      	uxth	r2, r2
10004196:	1949      	adds	r1, r1, r5
10004198:	81e2      	strh	r2, [r4, #14]
1000419a:	60a1      	str	r1, [r4, #8]
1000419c:	4293      	cmp	r3, r2
1000419e:	d014      	beq.n	100041ca <usbd_control_xfer_cb+0x8a>
100041a0:	2d3f      	cmp	r5, #63	@ 0x3f
100041a2:	d912      	bls.n	100041ca <usbd_control_xfer_cb+0x8a>
100041a4:	89a3      	ldrh	r3, [r4, #12]
100041a6:	1a98      	subs	r0, r3, r2
100041a8:	1c05      	adds	r5, r0, #0
100041aa:	b280      	uxth	r0, r0
100041ac:	2840      	cmp	r0, #64	@ 0x40
100041ae:	d82a      	bhi.n	10004206 <usbd_control_xfer_cb+0xc6>
100041b0:	7820      	ldrb	r0, [r4, #0]
100041b2:	b2ad      	uxth	r5, r5
100041b4:	287f      	cmp	r0, #127	@ 0x7f
100041b6:	d828      	bhi.n	1000420a <usbd_control_xfer_cb+0xca>
100041b8:	2100      	movs	r1, #0
100041ba:	429a      	cmp	r2, r3
100041bc:	d032      	beq.n	10004224 <usbd_control_xfer_cb+0xe4>
100041be:	4a1c      	ldr	r2, [pc, #112]	@ (10004230 <usbd_control_xfer_cb+0xf0>)
100041c0:	002b      	movs	r3, r5
100041c2:	0030      	movs	r0, r6
100041c4:	f7ff ff0e 	bl	10003fe4 <usbd_edpt_xfer>
100041c8:	e7c6      	b.n	10004158 <usbd_control_xfer_cb+0x18>
100041ca:	6923      	ldr	r3, [r4, #16]
100041cc:	2b00      	cmp	r3, #0
100041ce:	d005      	beq.n	100041dc <usbd_control_xfer_cb+0x9c>
100041d0:	0022      	movs	r2, r4
100041d2:	2102      	movs	r1, #2
100041d4:	0030      	movs	r0, r6
100041d6:	4798      	blx	r3
100041d8:	2800      	cmp	r0, #0
100041da:	d00a      	beq.n	100041f2 <usbd_control_xfer_cb+0xb2>
100041dc:	2180      	movs	r1, #128	@ 0x80
100041de:	7823      	ldrb	r3, [r4, #0]
100041e0:	2200      	movs	r2, #0
100041e2:	4399      	bics	r1, r3
100041e4:	0030      	movs	r0, r6
100041e6:	2300      	movs	r3, #0
100041e8:	f7ff fefc 	bl	10003fe4 <usbd_edpt_xfer>
100041ec:	e7b4      	b.n	10004158 <usbd_control_xfer_cb+0x18>
100041ee:	2000      	movs	r0, #0
100041f0:	e7b2      	b.n	10004158 <usbd_control_xfer_cb+0x18>
100041f2:	2100      	movs	r1, #0
100041f4:	0030      	movs	r0, r6
100041f6:	f7ff f919 	bl	1000342c <dcd_edpt_stall>
100041fa:	0030      	movs	r0, r6
100041fc:	2180      	movs	r1, #128	@ 0x80
100041fe:	f7ff f915 	bl	1000342c <dcd_edpt_stall>
10004202:	2001      	movs	r0, #1
10004204:	e7a8      	b.n	10004158 <usbd_control_xfer_cb+0x18>
10004206:	2540      	movs	r5, #64	@ 0x40
10004208:	e7d2      	b.n	100041b0 <usbd_control_xfer_cb+0x70>
1000420a:	429a      	cmp	r2, r3
1000420c:	d007      	beq.n	1000421e <usbd_control_xfer_cb+0xde>
1000420e:	4c08      	ldr	r4, [pc, #32]	@ (10004230 <usbd_control_xfer_cb+0xf0>)
10004210:	002a      	movs	r2, r5
10004212:	0020      	movs	r0, r4
10004214:	f7fe faa4 	bl	10002760 <__wrap___aeabi_memcpy>
10004218:	2180      	movs	r1, #128	@ 0x80
1000421a:	0022      	movs	r2, r4
1000421c:	e7d0      	b.n	100041c0 <usbd_control_xfer_cb+0x80>
1000421e:	2180      	movs	r1, #128	@ 0x80
10004220:	2200      	movs	r2, #0
10004222:	e7cd      	b.n	100041c0 <usbd_control_xfer_cb+0x80>
10004224:	2200      	movs	r2, #0
10004226:	e7cb      	b.n	100041c0 <usbd_control_xfer_cb+0x80>
10004228:	20001c1c 	.word	0x20001c1c
1000422c:	100032dd 	.word	0x100032dd
10004230:	20001c38 	.word	0x20001c38

10004234 <tud_cdc_n_connected>:
10004234:	b510      	push	{r4, lr}
10004236:	0004      	movs	r4, r0
10004238:	f7ff f974 	bl	10003524 <tud_mounted>
1000423c:	2800      	cmp	r0, #0
1000423e:	d101      	bne.n	10004244 <tud_cdc_n_connected+0x10>
10004240:	2000      	movs	r0, #0
10004242:	bd10      	pop	{r4, pc}
10004244:	f7ff f976 	bl	10003534 <tud_suspended>
10004248:	2800      	cmp	r0, #0
1000424a:	d1f9      	bne.n	10004240 <tud_cdc_n_connected+0xc>
1000424c:	22b2      	movs	r2, #178	@ 0xb2
1000424e:	0092      	lsls	r2, r2, #2
10004250:	4362      	muls	r2, r4
10004252:	4b03      	ldr	r3, [pc, #12]	@ (10004260 <tud_cdc_n_connected+0x2c>)
10004254:	3001      	adds	r0, #1
10004256:	189b      	adds	r3, r3, r2
10004258:	791b      	ldrb	r3, [r3, #4]
1000425a:	4018      	ands	r0, r3
1000425c:	e7f1      	b.n	10004242 <tud_cdc_n_connected+0xe>
1000425e:	46c0      	nop			@ (mov r8, r8)
10004260:	20001954 	.word	0x20001954

10004264 <tud_cdc_n_available>:
10004264:	23b2      	movs	r3, #178	@ 0xb2
10004266:	009b      	lsls	r3, r3, #2
10004268:	4343      	muls	r3, r0
1000426a:	b510      	push	{r4, lr}
1000426c:	4802      	ldr	r0, [pc, #8]	@ (10004278 <tud_cdc_n_available+0x14>)
1000426e:	1818      	adds	r0, r3, r0
10004270:	f000 fb4e 	bl	10004910 <tu_fifo_count>
10004274:	bd10      	pop	{r4, pc}
10004276:	46c0      	nop			@ (mov r8, r8)
10004278:	20001964 	.word	0x20001964

1000427c <tud_cdc_n_read>:
1000427c:	b5f0      	push	{r4, r5, r6, r7, lr}
1000427e:	25b2      	movs	r5, #178	@ 0xb2
10004280:	00ad      	lsls	r5, r5, #2
10004282:	4345      	muls	r5, r0
10004284:	002c      	movs	r4, r5
10004286:	46c6      	mov	lr, r8
10004288:	4f16      	ldr	r7, [pc, #88]	@ (100042e4 <tud_cdc_n_read+0x68>)
1000428a:	3410      	adds	r4, #16
1000428c:	19e4      	adds	r4, r4, r7
1000428e:	b500      	push	{lr}
10004290:	0020      	movs	r0, r4
10004292:	b292      	uxth	r2, r2
10004294:	f000 fbbe 	bl	10004a14 <tu_fifo_read_n>
10004298:	0006      	movs	r6, r0
1000429a:	0020      	movs	r0, r4
1000429c:	f000 fb56 	bl	1000494c <tu_fifo_remaining>
100042a0:	283f      	cmp	r0, #63	@ 0x3f
100042a2:	d803      	bhi.n	100042ac <tud_cdc_n_read+0x30>
100042a4:	0030      	movs	r0, r6
100042a6:	bc80      	pop	{r7}
100042a8:	46b8      	mov	r8, r7
100042aa:	bdf0      	pop	{r4, r5, r6, r7, pc}
100042ac:	197b      	adds	r3, r7, r5
100042ae:	2000      	movs	r0, #0
100042b0:	78d9      	ldrb	r1, [r3, #3]
100042b2:	4698      	mov	r8, r3
100042b4:	f7ff fe6e 	bl	10003f94 <usbd_edpt_claim>
100042b8:	2800      	cmp	r0, #0
100042ba:	d0f3      	beq.n	100042a4 <tud_cdc_n_read+0x28>
100042bc:	0020      	movs	r0, r4
100042be:	f000 fb45 	bl	1000494c <tu_fifo_remaining>
100042c2:	4643      	mov	r3, r8
100042c4:	78d9      	ldrb	r1, [r3, #3]
100042c6:	283f      	cmp	r0, #63	@ 0x3f
100042c8:	d908      	bls.n	100042dc <tud_cdc_n_read+0x60>
100042ca:	2392      	movs	r3, #146	@ 0x92
100042cc:	009b      	lsls	r3, r3, #2
100042ce:	18ea      	adds	r2, r5, r3
100042d0:	19d2      	adds	r2, r2, r7
100042d2:	2340      	movs	r3, #64	@ 0x40
100042d4:	2000      	movs	r0, #0
100042d6:	f7ff fe85 	bl	10003fe4 <usbd_edpt_xfer>
100042da:	e7e3      	b.n	100042a4 <tud_cdc_n_read+0x28>
100042dc:	2000      	movs	r0, #0
100042de:	f7ff fe6d 	bl	10003fbc <usbd_edpt_release>
100042e2:	e7df      	b.n	100042a4 <tud_cdc_n_read+0x28>
100042e4:	20001954 	.word	0x20001954

100042e8 <tud_cdc_n_write_flush>:
100042e8:	b5f8      	push	{r3, r4, r5, r6, r7, lr}
100042ea:	0004      	movs	r4, r0
100042ec:	f7ff f91a 	bl	10003524 <tud_mounted>
100042f0:	2800      	cmp	r0, #0
100042f2:	d101      	bne.n	100042f8 <tud_cdc_n_write_flush+0x10>
100042f4:	2000      	movs	r0, #0
100042f6:	bdf8      	pop	{r3, r4, r5, r6, r7, pc}
100042f8:	f7ff f91c 	bl	10003534 <tud_suspended>
100042fc:	2800      	cmp	r0, #0
100042fe:	d1f9      	bne.n	100042f4 <tud_cdc_n_write_flush+0xc>
10004300:	23b2      	movs	r3, #178	@ 0xb2
10004302:	009b      	lsls	r3, r3, #2
10004304:	435c      	muls	r4, r3
10004306:	0026      	movs	r6, r4
10004308:	4d14      	ldr	r5, [pc, #80]	@ (1000435c <tud_cdc_n_write_flush+0x74>)
1000430a:	3624      	adds	r6, #36	@ 0x24
1000430c:	1976      	adds	r6, r6, r5
1000430e:	0030      	movs	r0, r6
10004310:	f000 fafe 	bl	10004910 <tu_fifo_count>
10004314:	2800      	cmp	r0, #0
10004316:	d0ed      	beq.n	100042f4 <tud_cdc_n_write_flush+0xc>
10004318:	192f      	adds	r7, r5, r4
1000431a:	2000      	movs	r0, #0
1000431c:	78b9      	ldrb	r1, [r7, #2]
1000431e:	f7ff fe39 	bl	10003f94 <usbd_edpt_claim>
10004322:	2800      	cmp	r0, #0
10004324:	d0e6      	beq.n	100042f4 <tud_cdc_n_write_flush+0xc>
10004326:	23a2      	movs	r3, #162	@ 0xa2
10004328:	009b      	lsls	r3, r3, #2
1000432a:	469c      	mov	ip, r3
1000432c:	4464      	add	r4, ip
1000432e:	1965      	adds	r5, r4, r5
10004330:	0029      	movs	r1, r5
10004332:	2240      	movs	r2, #64	@ 0x40
10004334:	0030      	movs	r0, r6
10004336:	f000 fb6d 	bl	10004a14 <tu_fifo_read_n>
1000433a:	78b9      	ldrb	r1, [r7, #2]
1000433c:	1e04      	subs	r4, r0, #0
1000433e:	d008      	beq.n	10004352 <tud_cdc_n_write_flush+0x6a>
10004340:	0003      	movs	r3, r0
10004342:	002a      	movs	r2, r5
10004344:	2000      	movs	r0, #0
10004346:	f7ff fe4d 	bl	10003fe4 <usbd_edpt_xfer>
1000434a:	2800      	cmp	r0, #0
1000434c:	d0d2      	beq.n	100042f4 <tud_cdc_n_write_flush+0xc>
1000434e:	0020      	movs	r0, r4
10004350:	e7d1      	b.n	100042f6 <tud_cdc_n_write_flush+0xe>
10004352:	2000      	movs	r0, #0
10004354:	f7ff fe32 	bl	10003fbc <usbd_edpt_release>
10004358:	e7cc      	b.n	100042f4 <tud_cdc_n_write_flush+0xc>
1000435a:	46c0      	nop			@ (mov r8, r8)
1000435c:	20001954 	.word	0x20001954

10004360 <tud_cdc_n_write>:
10004360:	b570      	push	{r4, r5, r6, lr}
10004362:	24b2      	movs	r4, #178	@ 0xb2
10004364:	00a4      	lsls	r4, r4, #2
10004366:	4344      	muls	r4, r0
10004368:	4b09      	ldr	r3, [pc, #36]	@ (10004390 <tud_cdc_n_write+0x30>)
1000436a:	0005      	movs	r5, r0
1000436c:	18e4      	adds	r4, r4, r3
1000436e:	0020      	movs	r0, r4
10004370:	b292      	uxth	r2, r2
10004372:	f000 fc15 	bl	10004ba0 <tu_fifo_write_n>
10004376:	0006      	movs	r6, r0
10004378:	0020      	movs	r0, r4
1000437a:	f000 fac9 	bl	10004910 <tu_fifo_count>
1000437e:	283f      	cmp	r0, #63	@ 0x3f
10004380:	d801      	bhi.n	10004386 <tud_cdc_n_write+0x26>
10004382:	0030      	movs	r0, r6
10004384:	bd70      	pop	{r4, r5, r6, pc}
10004386:	0028      	movs	r0, r5
10004388:	f7ff ffae 	bl	100042e8 <tud_cdc_n_write_flush>
1000438c:	e7f9      	b.n	10004382 <tud_cdc_n_write+0x22>
1000438e:	46c0      	nop			@ (mov r8, r8)
10004390:	20001978 	.word	0x20001978

10004394 <tud_cdc_n_write_available>:
10004394:	23b2      	movs	r3, #178	@ 0xb2
10004396:	009b      	lsls	r3, r3, #2
10004398:	4343      	muls	r3, r0
1000439a:	b510      	push	{r4, lr}
1000439c:	4802      	ldr	r0, [pc, #8]	@ (100043a8 <tud_cdc_n_write_available+0x14>)
1000439e:	1818      	adds	r0, r3, r0
100043a0:	f000 fad4 	bl	1000494c <tu_fifo_remaining>
100043a4:	bd10      	pop	{r4, pc}
100043a6:	46c0      	nop			@ (mov r8, r8)
100043a8:	20001978 	.word	0x20001978

100043ac <cdcd_init>:
100043ac:	22b2      	movs	r2, #178	@ 0xb2
100043ae:	b570      	push	{r4, r5, r6, lr}
100043b0:	4c1b      	ldr	r4, [pc, #108]	@ (10004420 <cdcd_init+0x74>)
100043b2:	b082      	sub	sp, #8
100043b4:	2100      	movs	r1, #0
100043b6:	0020      	movs	r0, r4
100043b8:	0092      	lsls	r2, r2, #2
100043ba:	f7fe f9cb 	bl	10002754 <__wrap_memset>
100043be:	23ff      	movs	r3, #255	@ 0xff
100043c0:	7163      	strb	r3, [r4, #5]
100043c2:	4b18      	ldr	r3, [pc, #96]	@ (10004424 <cdcd_init+0x78>)
100043c4:	2500      	movs	r5, #0
100043c6:	80e3      	strh	r3, [r4, #6]
100043c8:	2601      	movs	r6, #1
100043ca:	2308      	movs	r3, #8
100043cc:	0021      	movs	r1, r4
100043ce:	0020      	movs	r0, r4
100043d0:	2280      	movs	r2, #128	@ 0x80
100043d2:	8126      	strh	r6, [r4, #8]
100043d4:	7323      	strb	r3, [r4, #12]
100043d6:	3138      	adds	r1, #56	@ 0x38
100043d8:	9500      	str	r5, [sp, #0]
100043da:	3b07      	subs	r3, #7
100043dc:	0052      	lsls	r2, r2, #1
100043de:	3010      	adds	r0, #16
100043e0:	f000 fa60 	bl	100048a4 <tu_fifo_config>
100043e4:	0021      	movs	r1, r4
100043e6:	0020      	movs	r0, r4
100043e8:	2280      	movs	r2, #128	@ 0x80
100043ea:	3139      	adds	r1, #57	@ 0x39
100043ec:	31ff      	adds	r1, #255	@ 0xff
100043ee:	0052      	lsls	r2, r2, #1
100043f0:	9600      	str	r6, [sp, #0]
100043f2:	2301      	movs	r3, #1
100043f4:	3024      	adds	r0, #36	@ 0x24
100043f6:	f000 fa55 	bl	100048a4 <tu_fifo_config>
100043fa:	238e      	movs	r3, #142	@ 0x8e
100043fc:	009b      	lsls	r3, r3, #2
100043fe:	18e6      	adds	r6, r4, r3
10004400:	0030      	movs	r0, r6
10004402:	f7fc fc6d 	bl	10000ce0 <mutex_init>
10004406:	2390      	movs	r3, #144	@ 0x90
10004408:	009b      	lsls	r3, r3, #2
1000440a:	6226      	str	r6, [r4, #32]
1000440c:	18e6      	adds	r6, r4, r3
1000440e:	0030      	movs	r0, r6
10004410:	61e5      	str	r5, [r4, #28]
10004412:	f7fc fc65 	bl	10000ce0 <mutex_init>
10004416:	6326      	str	r6, [r4, #48]	@ 0x30
10004418:	6365      	str	r5, [r4, #52]	@ 0x34
1000441a:	b002      	add	sp, #8
1000441c:	bd70      	pop	{r4, r5, r6, pc}
1000441e:	46c0      	nop			@ (mov r8, r8)
10004420:	20001954 	.word	0x20001954
10004424:	ffffc200 	.word	0xffffc200

10004428 <cdcd_reset>:
10004428:	b510      	push	{r4, lr}
1000442a:	4c09      	ldr	r4, [pc, #36]	@ (10004450 <cdcd_reset+0x28>)
1000442c:	2205      	movs	r2, #5
1000442e:	2100      	movs	r1, #0
10004430:	0020      	movs	r0, r4
10004432:	f7fe f98f 	bl	10002754 <__wrap_memset>
10004436:	0020      	movs	r0, r4
10004438:	3424      	adds	r4, #36	@ 0x24
1000443a:	3010      	adds	r0, #16
1000443c:	f000 fc6c 	bl	10004d18 <tu_fifo_clear>
10004440:	0020      	movs	r0, r4
10004442:	f000 fc69 	bl	10004d18 <tu_fifo_clear>
10004446:	2101      	movs	r1, #1
10004448:	0020      	movs	r0, r4
1000444a:	f000 fc85 	bl	10004d58 <tu_fifo_set_overwritable>
1000444e:	bd10      	pop	{r4, pc}
10004450:	20001954 	.word	0x20001954

10004454 <cdcd_open>:
10004454:	b5f0      	push	{r4, r5, r6, r7, lr}
10004456:	794b      	ldrb	r3, [r1, #5]
10004458:	0006      	movs	r6, r0
1000445a:	b083      	sub	sp, #12
1000445c:	2b02      	cmp	r3, #2
1000445e:	d135      	bne.n	100044cc <cdcd_open+0x78>
10004460:	798b      	ldrb	r3, [r1, #6]
10004462:	2b02      	cmp	r3, #2
10004464:	d132      	bne.n	100044cc <cdcd_open+0x78>
10004466:	4f31      	ldr	r7, [pc, #196]	@ (1000452c <cdcd_open+0xd8>)
10004468:	78bb      	ldrb	r3, [r7, #2]
1000446a:	2b00      	cmp	r3, #0
1000446c:	d12e      	bne.n	100044cc <cdcd_open+0x78>
1000446e:	788b      	ldrb	r3, [r1, #2]
10004470:	2509      	movs	r5, #9
10004472:	703b      	strb	r3, [r7, #0]
10004474:	780c      	ldrb	r4, [r1, #0]
10004476:	190c      	adds	r4, r1, r4
10004478:	7863      	ldrb	r3, [r4, #1]
1000447a:	2b24      	cmp	r3, #36	@ 0x24
1000447c:	d007      	beq.n	1000448e <cdcd_open+0x3a>
1000447e:	e029      	b.n	100044d4 <cdcd_open+0x80>
10004480:	7823      	ldrb	r3, [r4, #0]
10004482:	18e4      	adds	r4, r4, r3
10004484:	195d      	adds	r5, r3, r5
10004486:	7863      	ldrb	r3, [r4, #1]
10004488:	b2ad      	uxth	r5, r5
1000448a:	2b24      	cmp	r3, #36	@ 0x24
1000448c:	d122      	bne.n	100044d4 <cdcd_open+0x80>
1000448e:	42aa      	cmp	r2, r5
10004490:	d2f6      	bcs.n	10004480 <cdcd_open+0x2c>
10004492:	4c27      	ldr	r4, [pc, #156]	@ (10004530 <cdcd_open+0xdc>)
10004494:	0020      	movs	r0, r4
10004496:	f000 fa59 	bl	1000494c <tu_fifo_remaining>
1000449a:	283f      	cmp	r0, #63	@ 0x3f
1000449c:	d917      	bls.n	100044ce <cdcd_open+0x7a>
1000449e:	0026      	movs	r6, r4
100044a0:	3e10      	subs	r6, #16
100044a2:	2000      	movs	r0, #0
100044a4:	78f1      	ldrb	r1, [r6, #3]
100044a6:	f7ff fd75 	bl	10003f94 <usbd_edpt_claim>
100044aa:	2800      	cmp	r0, #0
100044ac:	d00f      	beq.n	100044ce <cdcd_open+0x7a>
100044ae:	0020      	movs	r0, r4
100044b0:	f000 fa4c 	bl	1000494c <tu_fifo_remaining>
100044b4:	78f1      	ldrb	r1, [r6, #3]
100044b6:	283f      	cmp	r0, #63	@ 0x3f
100044b8:	d933      	bls.n	10004522 <cdcd_open+0xce>
100044ba:	238e      	movs	r3, #142	@ 0x8e
100044bc:	009b      	lsls	r3, r3, #2
100044be:	18e2      	adds	r2, r4, r3
100044c0:	3bf9      	subs	r3, #249	@ 0xf9
100044c2:	3bff      	subs	r3, #255	@ 0xff
100044c4:	2000      	movs	r0, #0
100044c6:	f7ff fd8d 	bl	10003fe4 <usbd_edpt_xfer>
100044ca:	e000      	b.n	100044ce <cdcd_open+0x7a>
100044cc:	2500      	movs	r5, #0
100044ce:	0028      	movs	r0, r5
100044d0:	b003      	add	sp, #12
100044d2:	bdf0      	pop	{r4, r5, r6, r7, pc}
100044d4:	001a      	movs	r2, r3
100044d6:	2b05      	cmp	r3, #5
100044d8:	d015      	beq.n	10004506 <cdcd_open+0xb2>
100044da:	2a04      	cmp	r2, #4
100044dc:	d1d9      	bne.n	10004492 <cdcd_open+0x3e>
100044de:	7963      	ldrb	r3, [r4, #5]
100044e0:	2b0a      	cmp	r3, #10
100044e2:	d1d6      	bne.n	10004492 <cdcd_open+0x3e>
100044e4:	4b13      	ldr	r3, [pc, #76]	@ (10004534 <cdcd_open+0xe0>)
100044e6:	7827      	ldrb	r7, [r4, #0]
100044e8:	9301      	str	r3, [sp, #4]
100044ea:	3301      	adds	r3, #1
100044ec:	9300      	str	r3, [sp, #0]
100044ee:	0030      	movs	r0, r6
100044f0:	2302      	movs	r3, #2
100044f2:	19e1      	adds	r1, r4, r7
100044f4:	3a02      	subs	r2, #2
100044f6:	f7ff fcc1 	bl	10003e7c <usbd_open_edpt_pair>
100044fa:	2800      	cmp	r0, #0
100044fc:	d0e6      	beq.n	100044cc <cdcd_open+0x78>
100044fe:	350e      	adds	r5, #14
10004500:	19ed      	adds	r5, r5, r7
10004502:	b2ad      	uxth	r5, r5
10004504:	e7c5      	b.n	10004492 <cdcd_open+0x3e>
10004506:	0021      	movs	r1, r4
10004508:	0030      	movs	r0, r6
1000450a:	f7ff fd29 	bl	10003f60 <usbd_edpt_open>
1000450e:	2800      	cmp	r0, #0
10004510:	d0dc      	beq.n	100044cc <cdcd_open+0x78>
10004512:	78a3      	ldrb	r3, [r4, #2]
10004514:	707b      	strb	r3, [r7, #1]
10004516:	7823      	ldrb	r3, [r4, #0]
10004518:	195d      	adds	r5, r3, r5
1000451a:	18e4      	adds	r4, r4, r3
1000451c:	7862      	ldrb	r2, [r4, #1]
1000451e:	b2ad      	uxth	r5, r5
10004520:	e7db      	b.n	100044da <cdcd_open+0x86>
10004522:	2000      	movs	r0, #0
10004524:	f7ff fd4a 	bl	10003fbc <usbd_edpt_release>
10004528:	e7d1      	b.n	100044ce <cdcd_open+0x7a>
1000452a:	46c0      	nop			@ (mov r8, r8)
1000452c:	20001954 	.word	0x20001954
10004530:	20001964 	.word	0x20001964
10004534:	20001956 	.word	0x20001956

10004538 <cdcd_control_xfer_cb>:
10004538:	b5f8      	push	{r3, r4, r5, r6, r7, lr}
1000453a:	2360      	movs	r3, #96	@ 0x60
1000453c:	0014      	movs	r4, r2
1000453e:	7812      	ldrb	r2, [r2, #0]
10004540:	0005      	movs	r5, r0
10004542:	4013      	ands	r3, r2
10004544:	2000      	movs	r0, #0
10004546:	2b20      	cmp	r3, #32
10004548:	d112      	bne.n	10004570 <cdcd_control_xfer_cb+0x38>
1000454a:	4a2f      	ldr	r2, [pc, #188]	@ (10004608 <cdcd_control_xfer_cb+0xd0>)
1000454c:	7963      	ldrb	r3, [r4, #5]
1000454e:	7927      	ldrb	r7, [r4, #4]
10004550:	7816      	ldrb	r6, [r2, #0]
10004552:	021b      	lsls	r3, r3, #8
10004554:	433b      	orrs	r3, r7
10004556:	429e      	cmp	r6, r3
10004558:	d10a      	bne.n	10004570 <cdcd_control_xfer_cb+0x38>
1000455a:	7863      	ldrb	r3, [r4, #1]
1000455c:	2b22      	cmp	r3, #34	@ 0x22
1000455e:	d01a      	beq.n	10004596 <cdcd_control_xfer_cb+0x5e>
10004560:	d807      	bhi.n	10004572 <cdcd_control_xfer_cb+0x3a>
10004562:	2b20      	cmp	r3, #32
10004564:	d03c      	beq.n	100045e0 <cdcd_control_xfer_cb+0xa8>
10004566:	2b21      	cmp	r3, #33	@ 0x21
10004568:	d102      	bne.n	10004570 <cdcd_control_xfer_cb+0x38>
1000456a:	2901      	cmp	r1, #1
1000456c:	d030      	beq.n	100045d0 <cdcd_control_xfer_cb+0x98>
1000456e:	2001      	movs	r0, #1
10004570:	bdf8      	pop	{r3, r4, r5, r6, r7, pc}
10004572:	2b23      	cmp	r3, #35	@ 0x23
10004574:	d1fc      	bne.n	10004570 <cdcd_control_xfer_cb+0x38>
10004576:	2901      	cmp	r1, #1
10004578:	d03f      	beq.n	100045fa <cdcd_control_xfer_cb+0xc2>
1000457a:	2903      	cmp	r1, #3
1000457c:	d1f7      	bne.n	1000456e <cdcd_control_xfer_cb+0x36>
1000457e:	4b23      	ldr	r3, [pc, #140]	@ (1000460c <cdcd_control_xfer_cb+0xd4>)
10004580:	2b00      	cmp	r3, #0
10004582:	d0f4      	beq.n	1000456e <cdcd_control_xfer_cb+0x36>
10004584:	78e1      	ldrb	r1, [r4, #3]
10004586:	78a3      	ldrb	r3, [r4, #2]
10004588:	0209      	lsls	r1, r1, #8
1000458a:	2000      	movs	r0, #0
1000458c:	4319      	orrs	r1, r3
1000458e:	e000      	b.n	10004592 <cdcd_control_xfer_cb+0x5a>
10004590:	bf00      	nop
10004592:	2001      	movs	r0, #1
10004594:	e7ec      	b.n	10004570 <cdcd_control_xfer_cb+0x38>
10004596:	2901      	cmp	r1, #1
10004598:	d02f      	beq.n	100045fa <cdcd_control_xfer_cb+0xc2>
1000459a:	2903      	cmp	r1, #3
1000459c:	d1e7      	bne.n	1000456e <cdcd_control_xfer_cb+0x36>
1000459e:	2501      	movs	r5, #1
100045a0:	002e      	movs	r6, r5
100045a2:	78a3      	ldrb	r3, [r4, #2]
100045a4:	78e4      	ldrb	r4, [r4, #3]
100045a6:	3902      	subs	r1, #2
100045a8:	0224      	lsls	r4, r4, #8
100045aa:	431c      	orrs	r4, r3
100045ac:	7114      	strb	r4, [r2, #4]
100045ae:	4026      	ands	r6, r4
100045b0:	3224      	adds	r2, #36	@ 0x24
100045b2:	0010      	movs	r0, r2
100045b4:	4071      	eors	r1, r6
100045b6:	f000 fbcf 	bl	10004d58 <tu_fifo_set_overwritable>
100045ba:	4b15      	ldr	r3, [pc, #84]	@ (10004610 <cdcd_control_xfer_cb+0xd8>)
100045bc:	2b00      	cmp	r3, #0
100045be:	d0d6      	beq.n	1000456e <cdcd_control_xfer_cb+0x36>
100045c0:	0862      	lsrs	r2, r4, #1
100045c2:	2000      	movs	r0, #0
100045c4:	0031      	movs	r1, r6
100045c6:	402a      	ands	r2, r5
100045c8:	e000      	b.n	100045cc <cdcd_control_xfer_cb+0x94>
100045ca:	bf00      	nop
100045cc:	2001      	movs	r0, #1
100045ce:	e7cf      	b.n	10004570 <cdcd_control_xfer_cb+0x38>
100045d0:	2307      	movs	r3, #7
100045d2:	0021      	movs	r1, r4
100045d4:	0028      	movs	r0, r5
100045d6:	4a0f      	ldr	r2, [pc, #60]	@ (10004614 <cdcd_control_xfer_cb+0xdc>)
100045d8:	f7ff fd40 	bl	1000405c <tud_control_xfer>
100045dc:	2001      	movs	r0, #1
100045de:	e7c7      	b.n	10004570 <cdcd_control_xfer_cb+0x38>
100045e0:	2901      	cmp	r1, #1
100045e2:	d0f5      	beq.n	100045d0 <cdcd_control_xfer_cb+0x98>
100045e4:	2903      	cmp	r1, #3
100045e6:	d1c2      	bne.n	1000456e <cdcd_control_xfer_cb+0x36>
100045e8:	4b0b      	ldr	r3, [pc, #44]	@ (10004618 <cdcd_control_xfer_cb+0xe0>)
100045ea:	2b00      	cmp	r3, #0
100045ec:	d0bf      	beq.n	1000456e <cdcd_control_xfer_cb+0x36>
100045ee:	2000      	movs	r0, #0
100045f0:	1d91      	adds	r1, r2, #6
100045f2:	f7fe fadf 	bl	10002bb4 <tud_cdc_line_coding_cb>
100045f6:	2001      	movs	r0, #1
100045f8:	e7ba      	b.n	10004570 <cdcd_control_xfer_cb+0x38>
100045fa:	0021      	movs	r1, r4
100045fc:	0028      	movs	r0, r5
100045fe:	f7ff fd17 	bl	10004030 <tud_control_status>
10004602:	2001      	movs	r0, #1
10004604:	e7b4      	b.n	10004570 <cdcd_control_xfer_cb+0x38>
10004606:	46c0      	nop			@ (mov r8, r8)
10004608:	20001954 	.word	0x20001954
	...
10004614:	2000195a 	.word	0x2000195a
10004618:	10002bb5 	.word	0x10002bb5

1000461c <cdcd_xfer_cb>:
1000461c:	b5f8      	push	{r3, r4, r5, r6, r7, lr}
1000461e:	4645      	mov	r5, r8
10004620:	4657      	mov	r7, sl
10004622:	46de      	mov	lr, fp
10004624:	464e      	mov	r6, r9
10004626:	b5e0      	push	{r5, r6, r7, lr}
10004628:	4d46      	ldr	r5, [pc, #280]	@ (10004744 <cdcd_xfer_cb+0x128>)
1000462a:	4680      	mov	r8, r0
1000462c:	78ea      	ldrb	r2, [r5, #3]
1000462e:	000c      	movs	r4, r1
10004630:	001f      	movs	r7, r3
10004632:	428a      	cmp	r2, r1
10004634:	d047      	beq.n	100046c6 <cdcd_xfer_cb+0xaa>
10004636:	78ab      	ldrb	r3, [r5, #2]
10004638:	428b      	cmp	r3, r1
1000463a:	d01b      	beq.n	10004674 <cdcd_xfer_cb+0x58>
1000463c:	2000      	movs	r0, #0
1000463e:	bcf0      	pop	{r4, r5, r6, r7}
10004640:	46bb      	mov	fp, r7
10004642:	46b2      	mov	sl, r6
10004644:	46a9      	mov	r9, r5
10004646:	46a0      	mov	r8, r4
10004648:	bdf8      	pop	{r3, r4, r5, r6, r7, pc}
1000464a:	4b3f      	ldr	r3, [pc, #252]	@ (10004748 <cdcd_xfer_cb+0x12c>)
1000464c:	2b00      	cmp	r3, #0
1000464e:	d004      	beq.n	1000465a <cdcd_xfer_cb+0x3e>
10004650:	4648      	mov	r0, r9
10004652:	f000 f973 	bl	1000493c <tu_fifo_empty>
10004656:	2800      	cmp	r0, #0
10004658:	d06c      	beq.n	10004734 <cdcd_xfer_cb+0x118>
1000465a:	4648      	mov	r0, r9
1000465c:	f000 f976 	bl	1000494c <tu_fifo_remaining>
10004660:	283f      	cmp	r0, #63	@ 0x3f
10004662:	d907      	bls.n	10004674 <cdcd_xfer_cb+0x58>
10004664:	464e      	mov	r6, r9
10004666:	3e10      	subs	r6, #16
10004668:	2000      	movs	r0, #0
1000466a:	78f1      	ldrb	r1, [r6, #3]
1000466c:	f7ff fc92 	bl	10003f94 <usbd_edpt_claim>
10004670:	2800      	cmp	r0, #0
10004672:	d151      	bne.n	10004718 <cdcd_xfer_cb+0xfc>
10004674:	78ab      	ldrb	r3, [r5, #2]
10004676:	42a3      	cmp	r3, r4
10004678:	d001      	beq.n	1000467e <cdcd_xfer_cb+0x62>
1000467a:	2001      	movs	r0, #1
1000467c:	e7df      	b.n	1000463e <cdcd_xfer_cb+0x22>
1000467e:	4b33      	ldr	r3, [pc, #204]	@ (1000474c <cdcd_xfer_cb+0x130>)
10004680:	2b00      	cmp	r3, #0
10004682:	d002      	beq.n	1000468a <cdcd_xfer_cb+0x6e>
10004684:	2000      	movs	r0, #0
10004686:	e000      	b.n	1000468a <cdcd_xfer_cb+0x6e>
10004688:	bf00      	nop
1000468a:	2000      	movs	r0, #0
1000468c:	f7ff fe2c 	bl	100042e8 <tud_cdc_n_write_flush>
10004690:	2800      	cmp	r0, #0
10004692:	d1f2      	bne.n	1000467a <cdcd_xfer_cb+0x5e>
10004694:	4c2e      	ldr	r4, [pc, #184]	@ (10004750 <cdcd_xfer_cb+0x134>)
10004696:	0020      	movs	r0, r4
10004698:	f000 f93a 	bl	10004910 <tu_fifo_count>
1000469c:	2800      	cmp	r0, #0
1000469e:	d1ec      	bne.n	1000467a <cdcd_xfer_cb+0x5e>
100046a0:	2f00      	cmp	r7, #0
100046a2:	d0ea      	beq.n	1000467a <cdcd_xfer_cb+0x5e>
100046a4:	06bf      	lsls	r7, r7, #26
100046a6:	d1e8      	bne.n	1000467a <cdcd_xfer_cb+0x5e>
100046a8:	3c24      	subs	r4, #36	@ 0x24
100046aa:	4640      	mov	r0, r8
100046ac:	78a1      	ldrb	r1, [r4, #2]
100046ae:	f7ff fc71 	bl	10003f94 <usbd_edpt_claim>
100046b2:	2800      	cmp	r0, #0
100046b4:	d0e1      	beq.n	1000467a <cdcd_xfer_cb+0x5e>
100046b6:	2300      	movs	r3, #0
100046b8:	2200      	movs	r2, #0
100046ba:	4640      	mov	r0, r8
100046bc:	78a1      	ldrb	r1, [r4, #2]
100046be:	f7ff fc91 	bl	10003fe4 <usbd_edpt_xfer>
100046c2:	2001      	movs	r0, #1
100046c4:	e7bb      	b.n	1000463e <cdcd_xfer_cb+0x22>
100046c6:	b29a      	uxth	r2, r3
100046c8:	2392      	movs	r3, #146	@ 0x92
100046ca:	009b      	lsls	r3, r3, #2
100046cc:	18ee      	adds	r6, r5, r3
100046ce:	2310      	movs	r3, #16
100046d0:	469b      	mov	fp, r3
100046d2:	44ab      	add	fp, r5
100046d4:	0031      	movs	r1, r6
100046d6:	4658      	mov	r0, fp
100046d8:	f000 fa62 	bl	10004ba0 <tu_fifo_write_n>
100046dc:	4b1d      	ldr	r3, [pc, #116]	@ (10004754 <cdcd_xfer_cb+0x138>)
100046de:	46d9      	mov	r9, fp
100046e0:	2b00      	cmp	r3, #0
100046e2:	d0b2      	beq.n	1000464a <cdcd_xfer_cb+0x2e>
100046e4:	796b      	ldrb	r3, [r5, #5]
100046e6:	2bff      	cmp	r3, #255	@ 0xff
100046e8:	d0af      	beq.n	1000464a <cdcd_xfer_cb+0x2e>
100046ea:	2f00      	cmp	r7, #0
100046ec:	d0ad      	beq.n	1000464a <cdcd_xfer_cb+0x2e>
100046ee:	19f2      	adds	r2, r6, r7
100046f0:	4692      	mov	sl, r2
100046f2:	e003      	b.n	100046fc <cdcd_xfer_cb+0xe0>
100046f4:	3601      	adds	r6, #1
100046f6:	45b2      	cmp	sl, r6
100046f8:	d0a7      	beq.n	1000464a <cdcd_xfer_cb+0x2e>
100046fa:	796b      	ldrb	r3, [r5, #5]
100046fc:	7832      	ldrb	r2, [r6, #0]
100046fe:	429a      	cmp	r2, r3
10004700:	d1f8      	bne.n	100046f4 <cdcd_xfer_cb+0xd8>
10004702:	4648      	mov	r0, r9
10004704:	f000 f91a 	bl	1000493c <tu_fifo_empty>
10004708:	2800      	cmp	r0, #0
1000470a:	d1f3      	bne.n	100046f4 <cdcd_xfer_cb+0xd8>
1000470c:	464b      	mov	r3, r9
1000470e:	3b10      	subs	r3, #16
10004710:	7959      	ldrb	r1, [r3, #5]
10004712:	e000      	b.n	10004716 <cdcd_xfer_cb+0xfa>
10004714:	bf00      	nop
10004716:	e7ed      	b.n	100046f4 <cdcd_xfer_cb+0xd8>
10004718:	4648      	mov	r0, r9
1000471a:	f000 f917 	bl	1000494c <tu_fifo_remaining>
1000471e:	78f1      	ldrb	r1, [r6, #3]
10004720:	283f      	cmp	r0, #63	@ 0x3f
10004722:	d90a      	bls.n	1000473a <cdcd_xfer_cb+0x11e>
10004724:	228e      	movs	r2, #142	@ 0x8e
10004726:	0092      	lsls	r2, r2, #2
10004728:	2340      	movs	r3, #64	@ 0x40
1000472a:	444a      	add	r2, r9
1000472c:	2000      	movs	r0, #0
1000472e:	f7ff fc59 	bl	10003fe4 <usbd_edpt_xfer>
10004732:	e79f      	b.n	10004674 <cdcd_xfer_cb+0x58>
10004734:	f7fe fbac 	bl	10002e90 <tud_cdc_rx_cb>
10004738:	e78f      	b.n	1000465a <cdcd_xfer_cb+0x3e>
1000473a:	2000      	movs	r0, #0
1000473c:	f7ff fc3e 	bl	10003fbc <usbd_edpt_release>
10004740:	e798      	b.n	10004674 <cdcd_xfer_cb+0x58>
10004742:	46c0      	nop			@ (mov r8, r8)
10004744:	20001954 	.word	0x20001954
10004748:	10002e91 	.word	0x10002e91
1000474c:	00000000 	.word	0x00000000
10004750:	20001978 	.word	0x20001978
10004754:	00000000 	.word	0x00000000

10004758 <tusb_init>:
10004758:	b510      	push	{r4, lr}
1000475a:	2000      	movs	r0, #0
1000475c:	f7fe fefc 	bl	10003558 <tud_init>
10004760:	bd10      	pop	{r4, pc}
10004762:	46c0      	nop			@ (mov r8, r8)

10004764 <tusb_inited>:
10004764:	b510      	push	{r4, lr}
10004766:	f7fe feed 	bl	10003544 <tud_inited>
1000476a:	bd10      	pop	{r4, pc}

1000476c <tu_edpt_claim>:
1000476c:	7803      	ldrb	r3, [r0, #0]
1000476e:	b570      	push	{r4, r5, r6, lr}
10004770:	07db      	lsls	r3, r3, #31
10004772:	0004      	movs	r4, r0
10004774:	000e      	movs	r6, r1
10004776:	0fdd      	lsrs	r5, r3, #31
10004778:	2b00      	cmp	r3, #0
1000477a:	d117      	bne.n	100047ac <tu_edpt_claim+0x40>
1000477c:	7803      	ldrb	r3, [r0, #0]
1000477e:	075b      	lsls	r3, r3, #29
10004780:	d501      	bpl.n	10004786 <tu_edpt_claim+0x1a>
10004782:	0028      	movs	r0, r5
10004784:	bd70      	pop	{r4, r5, r6, pc}
10004786:	2101      	movs	r1, #1
10004788:	0030      	movs	r0, r6
1000478a:	4249      	negs	r1, r1
1000478c:	f001 f81c 	bl	100057c8 <__mutex_enter_timeout_ms_veneer>
10004790:	7823      	ldrb	r3, [r4, #0]
10004792:	07db      	lsls	r3, r3, #31
10004794:	0fdd      	lsrs	r5, r3, #31
10004796:	2b00      	cmp	r3, #0
10004798:	d10a      	bne.n	100047b0 <tu_edpt_claim+0x44>
1000479a:	7823      	ldrb	r3, [r4, #0]
1000479c:	075b      	lsls	r3, r3, #29
1000479e:	d408      	bmi.n	100047b2 <tu_edpt_claim+0x46>
100047a0:	2204      	movs	r2, #4
100047a2:	7823      	ldrb	r3, [r4, #0]
100047a4:	2501      	movs	r5, #1
100047a6:	4313      	orrs	r3, r2
100047a8:	7023      	strb	r3, [r4, #0]
100047aa:	e002      	b.n	100047b2 <tu_edpt_claim+0x46>
100047ac:	2500      	movs	r5, #0
100047ae:	e7e8      	b.n	10004782 <tu_edpt_claim+0x16>
100047b0:	2500      	movs	r5, #0
100047b2:	0030      	movs	r0, r6
100047b4:	f000 ffe0 	bl	10005778 <__mutex_exit_veneer>
100047b8:	e7e3      	b.n	10004782 <tu_edpt_claim+0x16>
100047ba:	46c0      	nop			@ (mov r8, r8)

100047bc <tu_edpt_release>:
100047bc:	b570      	push	{r4, r5, r6, lr}
100047be:	000c      	movs	r4, r1
100047c0:	2101      	movs	r1, #1
100047c2:	0006      	movs	r6, r0
100047c4:	4249      	negs	r1, r1
100047c6:	0020      	movs	r0, r4
100047c8:	f000 fffe 	bl	100057c8 <__mutex_enter_timeout_ms_veneer>
100047cc:	7833      	ldrb	r3, [r6, #0]
100047ce:	075b      	lsls	r3, r3, #29
100047d0:	0fdd      	lsrs	r5, r3, #31
100047d2:	2b00      	cmp	r3, #0
100047d4:	db04      	blt.n	100047e0 <tu_edpt_release+0x24>
100047d6:	0020      	movs	r0, r4
100047d8:	f000 ffce 	bl	10005778 <__mutex_exit_veneer>
100047dc:	0028      	movs	r0, r5
100047de:	bd70      	pop	{r4, r5, r6, pc}
100047e0:	7833      	ldrb	r3, [r6, #0]
100047e2:	07db      	lsls	r3, r3, #31
100047e4:	d404      	bmi.n	100047f0 <tu_edpt_release+0x34>
100047e6:	2204      	movs	r2, #4
100047e8:	7833      	ldrb	r3, [r6, #0]
100047ea:	4393      	bics	r3, r2
100047ec:	7033      	strb	r3, [r6, #0]
100047ee:	e7f2      	b.n	100047d6 <tu_edpt_release+0x1a>
100047f0:	2500      	movs	r5, #0
100047f2:	e7f0      	b.n	100047d6 <tu_edpt_release+0x1a>

100047f4 <tu_edpt_validate>:
100047f4:	7943      	ldrb	r3, [r0, #5]
100047f6:	7902      	ldrb	r2, [r0, #4]
100047f8:	021b      	lsls	r3, r3, #8
100047fa:	4313      	orrs	r3, r2
100047fc:	78c2      	ldrb	r2, [r0, #3]
100047fe:	055b      	lsls	r3, r3, #21
10004800:	0792      	lsls	r2, r2, #30
10004802:	0d5b      	lsrs	r3, r3, #21
10004804:	0f92      	lsrs	r2, r2, #30
10004806:	2a02      	cmp	r2, #2
10004808:	d01d      	beq.n	10004846 <tu_edpt_validate+0x52>
1000480a:	2a03      	cmp	r2, #3
1000480c:	d00c      	beq.n	10004828 <tu_edpt_validate+0x34>
1000480e:	2000      	movs	r0, #0
10004810:	2a01      	cmp	r2, #1
10004812:	d108      	bne.n	10004826 <tu_edpt_validate+0x32>
10004814:	3902      	subs	r1, #2
10004816:	424a      	negs	r2, r1
10004818:	4151      	adcs	r1, r2
1000481a:	4a12      	ldr	r2, [pc, #72]	@ (10004864 <tu_edpt_validate+0x70>)
1000481c:	4694      	mov	ip, r2
1000481e:	4461      	add	r1, ip
10004820:	4299      	cmp	r1, r3
10004822:	4140      	adcs	r0, r0
10004824:	b2c0      	uxtb	r0, r0
10004826:	4770      	bx	lr
10004828:	3902      	subs	r1, #2
1000482a:	1e4a      	subs	r2, r1, #1
1000482c:	4191      	sbcs	r1, r2
1000482e:	4a0e      	ldr	r2, [pc, #56]	@ (10004868 <tu_edpt_validate+0x74>)
10004830:	4249      	negs	r1, r1
10004832:	4011      	ands	r1, r2
10004834:	2280      	movs	r2, #128	@ 0x80
10004836:	00d2      	lsls	r2, r2, #3
10004838:	4694      	mov	ip, r2
1000483a:	2000      	movs	r0, #0
1000483c:	4461      	add	r1, ip
1000483e:	4299      	cmp	r1, r3
10004840:	4140      	adcs	r0, r0
10004842:	b2c0      	uxtb	r0, r0
10004844:	e7ef      	b.n	10004826 <tu_edpt_validate+0x32>
10004846:	2902      	cmp	r1, #2
10004848:	d005      	beq.n	10004856 <tu_edpt_validate+0x62>
1000484a:	2000      	movs	r0, #0
1000484c:	2240      	movs	r2, #64	@ 0x40
1000484e:	429a      	cmp	r2, r3
10004850:	4140      	adcs	r0, r0
10004852:	b2c0      	uxtb	r0, r0
10004854:	e7e7      	b.n	10004826 <tu_edpt_validate+0x32>
10004856:	4a05      	ldr	r2, [pc, #20]	@ (1000486c <tu_edpt_validate+0x78>)
10004858:	1898      	adds	r0, r3, r2
1000485a:	4243      	negs	r3, r0
1000485c:	4158      	adcs	r0, r3
1000485e:	b2c0      	uxtb	r0, r0
10004860:	e7e1      	b.n	10004826 <tu_edpt_validate+0x32>
10004862:	46c0      	nop			@ (mov r8, r8)
10004864:	000003ff 	.word	0x000003ff
10004868:	fffffc40 	.word	0xfffffc40
1000486c:	fffffe00 	.word	0xfffffe00

10004870 <tu_edpt_bind_driver>:
10004870:	188a      	adds	r2, r1, r2
10004872:	b570      	push	{r4, r5, r6, lr}
10004874:	4291      	cmp	r1, r2
10004876:	d207      	bcs.n	10004888 <tu_edpt_bind_driver+0x18>
10004878:	267f      	movs	r6, #127	@ 0x7f
1000487a:	784c      	ldrb	r4, [r1, #1]
1000487c:	2c05      	cmp	r4, #5
1000487e:	d004      	beq.n	1000488a <tu_edpt_bind_driver+0x1a>
10004880:	780c      	ldrb	r4, [r1, #0]
10004882:	1909      	adds	r1, r1, r4
10004884:	428a      	cmp	r2, r1
10004886:	d8f8      	bhi.n	1000487a <tu_edpt_bind_driver+0xa>
10004888:	bd70      	pop	{r4, r5, r6, pc}
1000488a:	0034      	movs	r4, r6
1000488c:	788d      	ldrb	r5, [r1, #2]
1000488e:	402c      	ands	r4, r5
10004890:	0064      	lsls	r4, r4, #1
10004892:	1904      	adds	r4, r0, r4
10004894:	09ed      	lsrs	r5, r5, #7
10004896:	5563      	strb	r3, [r4, r5]
10004898:	780c      	ldrb	r4, [r1, #0]
1000489a:	1909      	adds	r1, r1, r4
1000489c:	428a      	cmp	r2, r1
1000489e:	d8ec      	bhi.n	1000487a <tu_edpt_bind_driver+0xa>
100048a0:	e7f2      	b.n	10004888 <tu_edpt_bind_driver+0x18>
100048a2:	46c0      	nop			@ (mov r8, r8)

100048a4 <tu_fifo_config>:
100048a4:	b5f0      	push	{r4, r5, r6, r7, lr}
100048a6:	46c6      	mov	lr, r8
100048a8:	b500      	push	{lr}
100048aa:	0004      	movs	r4, r0
100048ac:	4668      	mov	r0, sp
100048ae:	7e05      	ldrb	r5, [r0, #24]
100048b0:	2080      	movs	r0, #128	@ 0x80
100048b2:	4688      	mov	r8, r1
100048b4:	0017      	movs	r7, r2
100048b6:	001e      	movs	r6, r3
100048b8:	0200      	lsls	r0, r0, #8
100048ba:	4282      	cmp	r2, r0
100048bc:	d826      	bhi.n	1000490c <tu_fifo_config+0x68>
100048be:	68e0      	ldr	r0, [r4, #12]
100048c0:	2800      	cmp	r0, #0
100048c2:	d003      	beq.n	100048cc <tu_fifo_config+0x28>
100048c4:	2101      	movs	r1, #1
100048c6:	4249      	negs	r1, r1
100048c8:	f000 ff7e 	bl	100057c8 <__mutex_enter_timeout_ms_veneer>
100048cc:	6920      	ldr	r0, [r4, #16]
100048ce:	2800      	cmp	r0, #0
100048d0:	d003      	beq.n	100048da <tu_fifo_config+0x36>
100048d2:	2101      	movs	r1, #1
100048d4:	4249      	negs	r1, r1
100048d6:	f000 ff77 	bl	100057c8 <__mutex_enter_timeout_ms_veneer>
100048da:	4643      	mov	r3, r8
100048dc:	6023      	str	r3, [r4, #0]
100048de:	0473      	lsls	r3, r6, #17
100048e0:	0c5b      	lsrs	r3, r3, #17
100048e2:	03ed      	lsls	r5, r5, #15
100048e4:	431d      	orrs	r5, r3
100048e6:	2300      	movs	r3, #0
100048e8:	68e0      	ldr	r0, [r4, #12]
100048ea:	8163      	strh	r3, [r4, #10]
100048ec:	80a7      	strh	r7, [r4, #4]
100048ee:	80e5      	strh	r5, [r4, #6]
100048f0:	8123      	strh	r3, [r4, #8]
100048f2:	2800      	cmp	r0, #0
100048f4:	d001      	beq.n	100048fa <tu_fifo_config+0x56>
100048f6:	f000 ff3f 	bl	10005778 <__mutex_exit_veneer>
100048fa:	6920      	ldr	r0, [r4, #16]
100048fc:	2800      	cmp	r0, #0
100048fe:	d001      	beq.n	10004904 <tu_fifo_config+0x60>
10004900:	f000 ff3a 	bl	10005778 <__mutex_exit_veneer>
10004904:	2001      	movs	r0, #1
10004906:	bc80      	pop	{r7}
10004908:	46b8      	mov	r8, r7
1000490a:	bdf0      	pop	{r4, r5, r6, r7, pc}
1000490c:	2000      	movs	r0, #0
1000490e:	e7fa      	b.n	10004906 <tu_fifo_config+0x62>

10004910 <tu_fifo_count>:
10004910:	b510      	push	{r4, lr}
10004912:	8904      	ldrh	r4, [r0, #8]
10004914:	8941      	ldrh	r1, [r0, #10]
10004916:	8882      	ldrh	r2, [r0, #4]
10004918:	b2a3      	uxth	r3, r4
1000491a:	b288      	uxth	r0, r1
1000491c:	428c      	cmp	r4, r1
1000491e:	d307      	bcc.n	10004930 <tu_fifo_count+0x20>
10004920:	1a1b      	subs	r3, r3, r0
10004922:	b29b      	uxth	r3, r3
10004924:	1c10      	adds	r0, r2, #0
10004926:	429a      	cmp	r2, r3
10004928:	d900      	bls.n	1000492c <tu_fifo_count+0x1c>
1000492a:	1c18      	adds	r0, r3, #0
1000492c:	b280      	uxth	r0, r0
1000492e:	bd10      	pop	{r4, pc}
10004930:	0051      	lsls	r1, r2, #1
10004932:	1a09      	subs	r1, r1, r0
10004934:	185b      	adds	r3, r3, r1
10004936:	b29b      	uxth	r3, r3
10004938:	e7f4      	b.n	10004924 <tu_fifo_count+0x14>
1000493a:	46c0      	nop			@ (mov r8, r8)

1000493c <tu_fifo_empty>:
1000493c:	8903      	ldrh	r3, [r0, #8]
1000493e:	8940      	ldrh	r0, [r0, #10]
10004940:	1a18      	subs	r0, r3, r0
10004942:	4243      	negs	r3, r0
10004944:	4158      	adcs	r0, r3
10004946:	b2c0      	uxtb	r0, r0
10004948:	4770      	bx	lr
1000494a:	46c0      	nop			@ (mov r8, r8)

1000494c <tu_fifo_remaining>:
1000494c:	b510      	push	{r4, lr}
1000494e:	8904      	ldrh	r4, [r0, #8]
10004950:	8941      	ldrh	r1, [r0, #10]
10004952:	8882      	ldrh	r2, [r0, #4]
10004954:	b2a3      	uxth	r3, r4
10004956:	b288      	uxth	r0, r1
10004958:	428c      	cmp	r4, r1
1000495a:	d307      	bcc.n	1000496c <tu_fifo_remaining+0x20>
1000495c:	1a1b      	subs	r3, r3, r0
1000495e:	b29b      	uxth	r3, r3
10004960:	2000      	movs	r0, #0
10004962:	429a      	cmp	r2, r3
10004964:	d901      	bls.n	1000496a <tu_fifo_remaining+0x1e>
10004966:	1ad2      	subs	r2, r2, r3
10004968:	b290      	uxth	r0, r2
1000496a:	bd10      	pop	{r4, pc}
1000496c:	0051      	lsls	r1, r2, #1
1000496e:	1a09      	subs	r1, r1, r0
10004970:	185b      	adds	r3, r3, r1
10004972:	b29b      	uxth	r3, r3
10004974:	e7f4      	b.n	10004960 <tu_fifo_remaining+0x14>
10004976:	46c0      	nop			@ (mov r8, r8)

10004978 <tu_fifo_read>:
10004978:	b570      	push	{r4, r5, r6, lr}
1000497a:	0004      	movs	r4, r0
1000497c:	6900      	ldr	r0, [r0, #16]
1000497e:	000e      	movs	r6, r1
10004980:	2800      	cmp	r0, #0
10004982:	d003      	beq.n	1000498c <tu_fifo_read+0x14>
10004984:	2101      	movs	r1, #1
10004986:	4249      	negs	r1, r1
10004988:	f000 ff1e 	bl	100057c8 <__mutex_enter_timeout_ms_veneer>
1000498c:	8925      	ldrh	r5, [r4, #8]
1000498e:	8960      	ldrh	r0, [r4, #10]
10004990:	88a2      	ldrh	r2, [r4, #4]
10004992:	b2a9      	uxth	r1, r5
10004994:	b283      	uxth	r3, r0
10004996:	4285      	cmp	r5, r0
10004998:	d332      	bcc.n	10004a00 <tu_fifo_read+0x88>
1000499a:	1acd      	subs	r5, r1, r3
1000499c:	b2ad      	uxth	r5, r5
1000499e:	2d00      	cmp	r5, #0
100049a0:	d028      	beq.n	100049f4 <tu_fifo_read+0x7c>
100049a2:	42aa      	cmp	r2, r5
100049a4:	d208      	bcs.n	100049b8 <tu_fifo_read+0x40>
100049a6:	4291      	cmp	r1, r2
100049a8:	d32f      	bcc.n	10004a0a <tu_fifo_read+0x92>
100049aa:	1a89      	subs	r1, r1, r2
100049ac:	b28b      	uxth	r3, r1
100049ae:	8163      	strh	r3, [r4, #10]
100049b0:	429a      	cmp	r2, r3
100049b2:	d803      	bhi.n	100049bc <tu_fifo_read+0x44>
100049b4:	1a9b      	subs	r3, r3, r2
100049b6:	b29b      	uxth	r3, r3
100049b8:	429a      	cmp	r2, r3
100049ba:	d9fb      	bls.n	100049b4 <tu_fifo_read+0x3c>
100049bc:	88e2      	ldrh	r2, [r4, #6]
100049be:	6821      	ldr	r1, [r4, #0]
100049c0:	0452      	lsls	r2, r2, #17
100049c2:	0c52      	lsrs	r2, r2, #17
100049c4:	4353      	muls	r3, r2
100049c6:	0030      	movs	r0, r6
100049c8:	18c9      	adds	r1, r1, r3
100049ca:	f7fd fec9 	bl	10002760 <__wrap___aeabi_memcpy>
100049ce:	8963      	ldrh	r3, [r4, #10]
100049d0:	2501      	movs	r5, #1
100049d2:	1c59      	adds	r1, r3, #1
100049d4:	b289      	uxth	r1, r1
100049d6:	88a2      	ldrh	r2, [r4, #4]
100049d8:	428b      	cmp	r3, r1
100049da:	d90d      	bls.n	100049f8 <tu_fifo_read+0x80>
100049dc:	2100      	movs	r1, #0
100049de:	0052      	lsls	r2, r2, #1
100049e0:	1a89      	subs	r1, r1, r2
100049e2:	b289      	uxth	r1, r1
100049e4:	6920      	ldr	r0, [r4, #16]
100049e6:	8161      	strh	r1, [r4, #10]
100049e8:	2800      	cmp	r0, #0
100049ea:	d001      	beq.n	100049f0 <tu_fifo_read+0x78>
100049ec:	f000 fec4 	bl	10005778 <__mutex_exit_veneer>
100049f0:	0028      	movs	r0, r5
100049f2:	bd70      	pop	{r4, r5, r6, pc}
100049f4:	8961      	ldrh	r1, [r4, #10]
100049f6:	b289      	uxth	r1, r1
100049f8:	0052      	lsls	r2, r2, #1
100049fa:	4291      	cmp	r1, r2
100049fc:	dbf2      	blt.n	100049e4 <tu_fifo_read+0x6c>
100049fe:	e7ef      	b.n	100049e0 <tu_fifo_read+0x68>
10004a00:	0055      	lsls	r5, r2, #1
10004a02:	1aed      	subs	r5, r5, r3
10004a04:	194d      	adds	r5, r1, r5
10004a06:	b2ad      	uxth	r5, r5
10004a08:	e7c9      	b.n	1000499e <tu_fifo_read+0x26>
10004a0a:	1889      	adds	r1, r1, r2
10004a0c:	b28b      	uxth	r3, r1
10004a0e:	8163      	strh	r3, [r4, #10]
10004a10:	e7ce      	b.n	100049b0 <tu_fifo_read+0x38>
10004a12:	46c0      	nop			@ (mov r8, r8)

10004a14 <tu_fifo_read_n>:
10004a14:	b5f0      	push	{r4, r5, r6, r7, lr}
10004a16:	4646      	mov	r6, r8
10004a18:	464f      	mov	r7, r9
10004a1a:	46d6      	mov	lr, sl
10004a1c:	b5c0      	push	{r6, r7, lr}
10004a1e:	0006      	movs	r6, r0
10004a20:	6900      	ldr	r0, [r0, #16]
10004a22:	4689      	mov	r9, r1
10004a24:	4690      	mov	r8, r2
10004a26:	2800      	cmp	r0, #0
10004a28:	d003      	beq.n	10004a32 <tu_fifo_read_n+0x1e>
10004a2a:	2101      	movs	r1, #1
10004a2c:	4249      	negs	r1, r1
10004a2e:	f000 fecb 	bl	100057c8 <__mutex_enter_timeout_ms_veneer>
10004a32:	8931      	ldrh	r1, [r6, #8]
10004a34:	8972      	ldrh	r2, [r6, #10]
10004a36:	88b5      	ldrh	r5, [r6, #4]
10004a38:	b28b      	uxth	r3, r1
10004a3a:	b294      	uxth	r4, r2
10004a3c:	4291      	cmp	r1, r2
10004a3e:	d354      	bcc.n	10004aea <tu_fifo_read_n+0xd6>
10004a40:	1b1f      	subs	r7, r3, r4
10004a42:	b2bf      	uxth	r7, r7
10004a44:	2f00      	cmp	r7, #0
10004a46:	d04a      	beq.n	10004ade <tu_fifo_read_n+0xca>
10004a48:	42bd      	cmp	r5, r7
10004a4a:	d205      	bcs.n	10004a58 <tu_fifo_read_n+0x44>
10004a4c:	42ab      	cmp	r3, r5
10004a4e:	d251      	bcs.n	10004af4 <tu_fifo_read_n+0xe0>
10004a50:	195b      	adds	r3, r3, r5
10004a52:	b29c      	uxth	r4, r3
10004a54:	002f      	movs	r7, r5
10004a56:	8174      	strh	r4, [r6, #10]
10004a58:	4643      	mov	r3, r8
10004a5a:	45b8      	cmp	r8, r7
10004a5c:	d83d      	bhi.n	10004ada <tu_fifo_read_n+0xc6>
10004a5e:	b29f      	uxth	r7, r3
10004a60:	42a5      	cmp	r5, r4
10004a62:	d803      	bhi.n	10004a6c <tu_fifo_read_n+0x58>
10004a64:	1b64      	subs	r4, r4, r5
10004a66:	b2a4      	uxth	r4, r4
10004a68:	42a5      	cmp	r5, r4
10004a6a:	d9fb      	bls.n	10004a64 <tu_fifo_read_n+0x50>
10004a6c:	88f2      	ldrh	r2, [r6, #6]
10004a6e:	6831      	ldr	r1, [r6, #0]
10004a70:	0452      	lsls	r2, r2, #17
10004a72:	0c52      	lsrs	r2, r2, #17
10004a74:	4690      	mov	r8, r2
10004a76:	4362      	muls	r2, r4
10004a78:	1b2b      	subs	r3, r5, r4
10004a7a:	b29b      	uxth	r3, r3
10004a7c:	1889      	adds	r1, r1, r2
10004a7e:	4642      	mov	r2, r8
10004a80:	429f      	cmp	r7, r3
10004a82:	d925      	bls.n	10004ad0 <tu_fifo_read_n+0xbc>
10004a84:	4353      	muls	r3, r2
10004a86:	b29b      	uxth	r3, r3
10004a88:	001a      	movs	r2, r3
10004a8a:	4648      	mov	r0, r9
10004a8c:	469a      	mov	sl, r3
10004a8e:	f7fd fe67 	bl	10002760 <__wrap___aeabi_memcpy>
10004a92:	4643      	mov	r3, r8
10004a94:	4648      	mov	r0, r9
10004a96:	1b7d      	subs	r5, r7, r5
10004a98:	1964      	adds	r4, r4, r5
10004a9a:	435c      	muls	r4, r3
10004a9c:	6831      	ldr	r1, [r6, #0]
10004a9e:	4450      	add	r0, sl
10004aa0:	b2a2      	uxth	r2, r4
10004aa2:	f7fd fe5d 	bl	10002760 <__wrap___aeabi_memcpy>
10004aa6:	8971      	ldrh	r1, [r6, #10]
10004aa8:	88b5      	ldrh	r5, [r6, #4]
10004aaa:	19cb      	adds	r3, r1, r7
10004aac:	b29b      	uxth	r3, r3
10004aae:	006a      	lsls	r2, r5, #1
10004ab0:	4299      	cmp	r1, r3
10004ab2:	d916      	bls.n	10004ae2 <tu_fifo_read_n+0xce>
10004ab4:	1a9b      	subs	r3, r3, r2
10004ab6:	b29b      	uxth	r3, r3
10004ab8:	6930      	ldr	r0, [r6, #16]
10004aba:	8173      	strh	r3, [r6, #10]
10004abc:	2800      	cmp	r0, #0
10004abe:	d001      	beq.n	10004ac4 <tu_fifo_read_n+0xb0>
10004ac0:	f000 fe5a 	bl	10005778 <__mutex_exit_veneer>
10004ac4:	0038      	movs	r0, r7
10004ac6:	bce0      	pop	{r5, r6, r7}
10004ac8:	46ba      	mov	sl, r7
10004aca:	46b1      	mov	r9, r6
10004acc:	46a8      	mov	r8, r5
10004ace:	bdf0      	pop	{r4, r5, r6, r7, pc}
10004ad0:	4648      	mov	r0, r9
10004ad2:	437a      	muls	r2, r7
10004ad4:	f7fd fe44 	bl	10002760 <__wrap___aeabi_memcpy>
10004ad8:	e7e5      	b.n	10004aa6 <tu_fifo_read_n+0x92>
10004ada:	1c3b      	adds	r3, r7, #0
10004adc:	e7bf      	b.n	10004a5e <tu_fifo_read_n+0x4a>
10004ade:	8973      	ldrh	r3, [r6, #10]
10004ae0:	b29b      	uxth	r3, r3
10004ae2:	006a      	lsls	r2, r5, #1
10004ae4:	4293      	cmp	r3, r2
10004ae6:	dbe7      	blt.n	10004ab8 <tu_fifo_read_n+0xa4>
10004ae8:	e7e4      	b.n	10004ab4 <tu_fifo_read_n+0xa0>
10004aea:	006f      	lsls	r7, r5, #1
10004aec:	1b3f      	subs	r7, r7, r4
10004aee:	19df      	adds	r7, r3, r7
10004af0:	b2bf      	uxth	r7, r7
10004af2:	e7a7      	b.n	10004a44 <tu_fifo_read_n+0x30>
10004af4:	1b5b      	subs	r3, r3, r5
10004af6:	b29c      	uxth	r4, r3
10004af8:	e7ac      	b.n	10004a54 <tu_fifo_read_n+0x40>
10004afa:	46c0      	nop			@ (mov r8, r8)

10004afc <tu_fifo_write>:
10004afc:	b5f8      	push	{r3, r4, r5, r6, r7, lr}
10004afe:	0004      	movs	r4, r0
10004b00:	68c0      	ldr	r0, [r0, #12]
10004b02:	000e      	movs	r6, r1
10004b04:	2800      	cmp	r0, #0
10004b06:	d003      	beq.n	10004b10 <tu_fifo_write+0x14>
10004b08:	2101      	movs	r1, #1
10004b0a:	4249      	negs	r1, r1
10004b0c:	f000 fe5c 	bl	100057c8 <__mutex_enter_timeout_ms_veneer>
10004b10:	8925      	ldrh	r5, [r4, #8]
10004b12:	8920      	ldrh	r0, [r4, #8]
10004b14:	8961      	ldrh	r1, [r4, #10]
10004b16:	88a2      	ldrh	r2, [r4, #4]
10004b18:	b2ad      	uxth	r5, r5
10004b1a:	b283      	uxth	r3, r0
10004b1c:	b28f      	uxth	r7, r1
10004b1e:	4288      	cmp	r0, r1
10004b20:	d329      	bcc.n	10004b76 <tu_fifo_write+0x7a>
10004b22:	1bdb      	subs	r3, r3, r7
10004b24:	b29b      	uxth	r3, r3
10004b26:	429a      	cmp	r2, r3
10004b28:	d809      	bhi.n	10004b3e <tu_fifo_write+0x42>
10004b2a:	79e7      	ldrb	r7, [r4, #7]
10004b2c:	09ff      	lsrs	r7, r7, #7
10004b2e:	d106      	bne.n	10004b3e <tu_fifo_write+0x42>
10004b30:	68e0      	ldr	r0, [r4, #12]
10004b32:	2800      	cmp	r0, #0
10004b34:	d001      	beq.n	10004b3a <tu_fifo_write+0x3e>
10004b36:	f000 fe1f 	bl	10005778 <__mutex_exit_veneer>
10004b3a:	0038      	movs	r0, r7
10004b3c:	bdf8      	pop	{r3, r4, r5, r6, r7, pc}
10004b3e:	002b      	movs	r3, r5
10004b40:	4295      	cmp	r5, r2
10004b42:	d31d      	bcc.n	10004b80 <tu_fifo_write+0x84>
10004b44:	1a9b      	subs	r3, r3, r2
10004b46:	b29b      	uxth	r3, r3
10004b48:	4293      	cmp	r3, r2
10004b4a:	d2fb      	bcs.n	10004b44 <tu_fifo_write+0x48>
10004b4c:	88e2      	ldrh	r2, [r4, #6]
10004b4e:	6820      	ldr	r0, [r4, #0]
10004b50:	0452      	lsls	r2, r2, #17
10004b52:	0c52      	lsrs	r2, r2, #17
10004b54:	4353      	muls	r3, r2
10004b56:	0031      	movs	r1, r6
10004b58:	18c0      	adds	r0, r0, r3
10004b5a:	f7fd fe01 	bl	10002760 <__wrap___aeabi_memcpy>
10004b5e:	1c6b      	adds	r3, r5, #1
10004b60:	b29b      	uxth	r3, r3
10004b62:	88a2      	ldrh	r2, [r4, #4]
10004b64:	429d      	cmp	r5, r3
10004b66:	d917      	bls.n	10004b98 <tu_fifo_write+0x9c>
10004b68:	2300      	movs	r3, #0
10004b6a:	0052      	lsls	r2, r2, #1
10004b6c:	1a9b      	subs	r3, r3, r2
10004b6e:	b29b      	uxth	r3, r3
10004b70:	2701      	movs	r7, #1
10004b72:	8123      	strh	r3, [r4, #8]
10004b74:	e7dc      	b.n	10004b30 <tu_fifo_write+0x34>
10004b76:	0051      	lsls	r1, r2, #1
10004b78:	1bc9      	subs	r1, r1, r7
10004b7a:	185b      	adds	r3, r3, r1
10004b7c:	b29b      	uxth	r3, r3
10004b7e:	e7d2      	b.n	10004b26 <tu_fifo_write+0x2a>
10004b80:	88e2      	ldrh	r2, [r4, #6]
10004b82:	6820      	ldr	r0, [r4, #0]
10004b84:	0452      	lsls	r2, r2, #17
10004b86:	0c52      	lsrs	r2, r2, #17
10004b88:	4353      	muls	r3, r2
10004b8a:	0031      	movs	r1, r6
10004b8c:	18c0      	adds	r0, r0, r3
10004b8e:	f7fd fde7 	bl	10002760 <__wrap___aeabi_memcpy>
10004b92:	3501      	adds	r5, #1
10004b94:	88a2      	ldrh	r2, [r4, #4]
10004b96:	b2ab      	uxth	r3, r5
10004b98:	0052      	lsls	r2, r2, #1
10004b9a:	4293      	cmp	r3, r2
10004b9c:	dbe8      	blt.n	10004b70 <tu_fifo_write+0x74>
10004b9e:	e7e5      	b.n	10004b6c <tu_fifo_write+0x70>

10004ba0 <tu_fifo_write_n>:
10004ba0:	b5f0      	push	{r4, r5, r6, r7, lr}
10004ba2:	464e      	mov	r6, r9
10004ba4:	4657      	mov	r7, sl
10004ba6:	46de      	mov	lr, fp
10004ba8:	4645      	mov	r5, r8
10004baa:	b5e0      	push	{r5, r6, r7, lr}
10004bac:	4689      	mov	r9, r1
10004bae:	0006      	movs	r6, r0
10004bb0:	0017      	movs	r7, r2
10004bb2:	b083      	sub	sp, #12
10004bb4:	2a00      	cmp	r2, #0
10004bb6:	d067      	beq.n	10004c88 <tu_fifo_write_n+0xe8>
10004bb8:	68c0      	ldr	r0, [r0, #12]
10004bba:	2800      	cmp	r0, #0
10004bbc:	d003      	beq.n	10004bc6 <tu_fifo_write_n+0x26>
10004bbe:	2101      	movs	r1, #1
10004bc0:	4249      	negs	r1, r1
10004bc2:	f000 fe01 	bl	100057c8 <__mutex_enter_timeout_ms_veneer>
10004bc6:	8933      	ldrh	r3, [r6, #8]
10004bc8:	79f2      	ldrb	r2, [r6, #7]
10004bca:	b29b      	uxth	r3, r3
10004bcc:	4698      	mov	r8, r3
10004bce:	8973      	ldrh	r3, [r6, #10]
10004bd0:	88b5      	ldrh	r5, [r6, #4]
10004bd2:	b29b      	uxth	r3, r3
10004bd4:	09d2      	lsrs	r2, r2, #7
10004bd6:	d140      	bne.n	10004c5a <tu_fifo_write_n+0xba>
10004bd8:	4598      	cmp	r8, r3
10004bda:	d25e      	bcs.n	10004c9a <tu_fifo_write_n+0xfa>
10004bdc:	006a      	lsls	r2, r5, #1
10004bde:	1ad3      	subs	r3, r2, r3
10004be0:	4443      	add	r3, r8
10004be2:	b29b      	uxth	r3, r3
10004be4:	42ab      	cmp	r3, r5
10004be6:	d25d      	bcs.n	10004ca4 <tu_fifo_write_n+0x104>
10004be8:	1aeb      	subs	r3, r5, r3
10004bea:	1c1a      	adds	r2, r3, #0
10004bec:	b29b      	uxth	r3, r3
10004bee:	42bb      	cmp	r3, r7
10004bf0:	d900      	bls.n	10004bf4 <tu_fifo_write_n+0x54>
10004bf2:	1c3a      	adds	r2, r7, #0
10004bf4:	88f3      	ldrh	r3, [r6, #6]
10004bf6:	b297      	uxth	r7, r2
10004bf8:	045b      	lsls	r3, r3, #17
10004bfa:	0c5b      	lsrs	r3, r3, #17
10004bfc:	469a      	mov	sl, r3
10004bfe:	4643      	mov	r3, r8
10004c00:	19db      	adds	r3, r3, r7
10004c02:	b29b      	uxth	r3, r3
10004c04:	469b      	mov	fp, r3
10004c06:	1b7b      	subs	r3, r7, r5
10004c08:	b29b      	uxth	r3, r3
10004c0a:	9301      	str	r3, [sp, #4]
10004c0c:	4644      	mov	r4, r8
10004c0e:	45a8      	cmp	r8, r5
10004c10:	d303      	bcc.n	10004c1a <tu_fifo_write_n+0x7a>
10004c12:	1b64      	subs	r4, r4, r5
10004c14:	b2a4      	uxth	r4, r4
10004c16:	42ac      	cmp	r4, r5
10004c18:	d2fb      	bcs.n	10004c12 <tu_fifo_write_n+0x72>
10004c1a:	4653      	mov	r3, sl
10004c1c:	4363      	muls	r3, r4
10004c1e:	6830      	ldr	r0, [r6, #0]
10004c20:	1b2d      	subs	r5, r5, r4
10004c22:	b2ad      	uxth	r5, r5
10004c24:	18c0      	adds	r0, r0, r3
10004c26:	42bd      	cmp	r5, r7
10004c28:	d34b      	bcc.n	10004cc2 <tu_fifo_write_n+0x122>
10004c2a:	4652      	mov	r2, sl
10004c2c:	4649      	mov	r1, r9
10004c2e:	437a      	muls	r2, r7
10004c30:	f7fd fd96 	bl	10002760 <__wrap___aeabi_memcpy>
10004c34:	88b3      	ldrh	r3, [r6, #4]
10004c36:	005b      	lsls	r3, r3, #1
10004c38:	45c3      	cmp	fp, r8
10004c3a:	d301      	bcc.n	10004c40 <tu_fifo_write_n+0xa0>
10004c3c:	459b      	cmp	fp, r3
10004c3e:	db03      	blt.n	10004c48 <tu_fifo_write_n+0xa8>
10004c40:	465a      	mov	r2, fp
10004c42:	1ad3      	subs	r3, r2, r3
10004c44:	b29b      	uxth	r3, r3
10004c46:	469b      	mov	fp, r3
10004c48:	465b      	mov	r3, fp
10004c4a:	003d      	movs	r5, r7
10004c4c:	8133      	strh	r3, [r6, #8]
10004c4e:	68f0      	ldr	r0, [r6, #12]
10004c50:	2800      	cmp	r0, #0
10004c52:	d01a      	beq.n	10004c8a <tu_fifo_write_n+0xea>
10004c54:	f000 fd90 	bl	10005778 <__mutex_exit_veneer>
10004c58:	e017      	b.n	10004c8a <tu_fifo_write_n+0xea>
10004c5a:	88f2      	ldrh	r2, [r6, #6]
10004c5c:	0452      	lsls	r2, r2, #17
10004c5e:	0c52      	lsrs	r2, r2, #17
10004c60:	4692      	mov	sl, r2
10004c62:	42af      	cmp	r7, r5
10004c64:	d220      	bcs.n	10004ca8 <tu_fifo_write_n+0x108>
10004c66:	4598      	cmp	r8, r3
10004c68:	d34d      	bcc.n	10004d06 <tu_fifo_write_n+0x166>
10004c6a:	4642      	mov	r2, r8
10004c6c:	1ad2      	subs	r2, r2, r3
10004c6e:	b292      	uxth	r2, r2
10004c70:	0069      	lsls	r1, r5, #1
10004c72:	1b78      	subs	r0, r7, r5
10004c74:	b280      	uxth	r0, r0
10004c76:	19d2      	adds	r2, r2, r7
10004c78:	9001      	str	r0, [sp, #4]
10004c7a:	428a      	cmp	r2, r1
10004c7c:	da33      	bge.n	10004ce6 <tu_fifo_write_n+0x146>
10004c7e:	4643      	mov	r3, r8
10004c80:	18fb      	adds	r3, r7, r3
10004c82:	b29b      	uxth	r3, r3
10004c84:	469b      	mov	fp, r3
10004c86:	e7c1      	b.n	10004c0c <tu_fifo_write_n+0x6c>
10004c88:	2500      	movs	r5, #0
10004c8a:	0028      	movs	r0, r5
10004c8c:	b003      	add	sp, #12
10004c8e:	bcf0      	pop	{r4, r5, r6, r7}
10004c90:	46bb      	mov	fp, r7
10004c92:	46b2      	mov	sl, r6
10004c94:	46a9      	mov	r9, r5
10004c96:	46a0      	mov	r8, r4
10004c98:	bdf0      	pop	{r4, r5, r6, r7, pc}
10004c9a:	4642      	mov	r2, r8
10004c9c:	1ad3      	subs	r3, r2, r3
10004c9e:	b29b      	uxth	r3, r3
10004ca0:	42ab      	cmp	r3, r5
10004ca2:	d3a1      	bcc.n	10004be8 <tu_fifo_write_n+0x48>
10004ca4:	2500      	movs	r5, #0
10004ca6:	e7d2      	b.n	10004c4e <tu_fifo_write_n+0xae>
10004ca8:	2d00      	cmp	r5, #0
10004caa:	d0d0      	beq.n	10004c4e <tu_fifo_write_n+0xae>
10004cac:	1b7f      	subs	r7, r7, r5
10004cae:	4357      	muls	r7, r2
10004cb0:	4698      	mov	r8, r3
10004cb2:	195a      	adds	r2, r3, r5
10004cb4:	2300      	movs	r3, #0
10004cb6:	b292      	uxth	r2, r2
10004cb8:	44b9      	add	r9, r7
10004cba:	4693      	mov	fp, r2
10004cbc:	002f      	movs	r7, r5
10004cbe:	9301      	str	r3, [sp, #4]
10004cc0:	e7a4      	b.n	10004c0c <tu_fifo_write_n+0x6c>
10004cc2:	4653      	mov	r3, sl
10004cc4:	435d      	muls	r5, r3
10004cc6:	b2ad      	uxth	r5, r5
10004cc8:	002a      	movs	r2, r5
10004cca:	4649      	mov	r1, r9
10004ccc:	f7fd fd48 	bl	10002760 <__wrap___aeabi_memcpy>
10004cd0:	9b01      	ldr	r3, [sp, #4]
10004cd2:	0029      	movs	r1, r5
10004cd4:	191a      	adds	r2, r3, r4
10004cd6:	4653      	mov	r3, sl
10004cd8:	435a      	muls	r2, r3
10004cda:	6830      	ldr	r0, [r6, #0]
10004cdc:	b292      	uxth	r2, r2
10004cde:	4449      	add	r1, r9
10004ce0:	f7fd fd3e 	bl	10002760 <__wrap___aeabi_memcpy>
10004ce4:	e7a6      	b.n	10004c34 <tu_fifo_write_n+0x94>
10004ce6:	195a      	adds	r2, r3, r5
10004ce8:	b292      	uxth	r2, r2
10004cea:	4693      	mov	fp, r2
10004cec:	1bd2      	subs	r2, r2, r7
10004cee:	b292      	uxth	r2, r2
10004cf0:	4690      	mov	r8, r2
10004cf2:	4293      	cmp	r3, r2
10004cf4:	d90c      	bls.n	10004d10 <tu_fifo_write_n+0x170>
10004cf6:	4643      	mov	r3, r8
10004cf8:	1a59      	subs	r1, r3, r1
10004cfa:	b28b      	uxth	r3, r1
10004cfc:	4698      	mov	r8, r3
10004cfe:	18fb      	adds	r3, r7, r3
10004d00:	b29b      	uxth	r3, r3
10004d02:	469b      	mov	fp, r3
10004d04:	e782      	b.n	10004c0c <tu_fifo_write_n+0x6c>
10004d06:	0069      	lsls	r1, r5, #1
10004d08:	1aca      	subs	r2, r1, r3
10004d0a:	4442      	add	r2, r8
10004d0c:	b292      	uxth	r2, r2
10004d0e:	e7b0      	b.n	10004c72 <tu_fifo_write_n+0xd2>
10004d10:	4291      	cmp	r1, r2
10004d12:	dd00      	ble.n	10004d16 <tu_fifo_write_n+0x176>
10004d14:	e77a      	b.n	10004c0c <tu_fifo_write_n+0x6c>
10004d16:	e7ee      	b.n	10004cf6 <tu_fifo_write_n+0x156>

10004d18 <tu_fifo_clear>:
10004d18:	b510      	push	{r4, lr}
10004d1a:	0004      	movs	r4, r0
10004d1c:	68c0      	ldr	r0, [r0, #12]
10004d1e:	2800      	cmp	r0, #0
10004d20:	d003      	beq.n	10004d2a <tu_fifo_clear+0x12>
10004d22:	2101      	movs	r1, #1
10004d24:	4249      	negs	r1, r1
10004d26:	f000 fd4f 	bl	100057c8 <__mutex_enter_timeout_ms_veneer>
10004d2a:	6920      	ldr	r0, [r4, #16]
10004d2c:	2800      	cmp	r0, #0
10004d2e:	d003      	beq.n	10004d38 <tu_fifo_clear+0x20>
10004d30:	2101      	movs	r1, #1
10004d32:	4249      	negs	r1, r1
10004d34:	f000 fd48 	bl	100057c8 <__mutex_enter_timeout_ms_veneer>
10004d38:	2300      	movs	r3, #0
10004d3a:	68e0      	ldr	r0, [r4, #12]
10004d3c:	8163      	strh	r3, [r4, #10]
10004d3e:	8123      	strh	r3, [r4, #8]
10004d40:	2800      	cmp	r0, #0
10004d42:	d001      	beq.n	10004d48 <tu_fifo_clear+0x30>
10004d44:	f000 fd18 	bl	10005778 <__mutex_exit_veneer>
10004d48:	6920      	ldr	r0, [r4, #16]
10004d4a:	2800      	cmp	r0, #0
10004d4c:	d001      	beq.n	10004d52 <tu_fifo_clear+0x3a>
10004d4e:	f000 fd13 	bl	10005778 <__mutex_exit_veneer>
10004d52:	2001      	movs	r0, #1
10004d54:	bd10      	pop	{r4, pc}
10004d56:	46c0      	nop			@ (mov r8, r8)

10004d58 <tu_fifo_set_overwritable>:
10004d58:	b570      	push	{r4, r5, r6, lr}
10004d5a:	0004      	movs	r4, r0
10004d5c:	68c0      	ldr	r0, [r0, #12]
10004d5e:	000d      	movs	r5, r1
10004d60:	2800      	cmp	r0, #0
10004d62:	d003      	beq.n	10004d6c <tu_fifo_set_overwritable+0x14>
10004d64:	2101      	movs	r1, #1
10004d66:	4249      	negs	r1, r1
10004d68:	f000 fd2e 	bl	100057c8 <__mutex_enter_timeout_ms_veneer>
10004d6c:	6920      	ldr	r0, [r4, #16]
10004d6e:	2800      	cmp	r0, #0
10004d70:	d003      	beq.n	10004d7a <tu_fifo_set_overwritable+0x22>
10004d72:	2101      	movs	r1, #1
10004d74:	4249      	negs	r1, r1
10004d76:	f000 fd27 	bl	100057c8 <__mutex_enter_timeout_ms_veneer>
10004d7a:	217f      	movs	r1, #127	@ 0x7f
10004d7c:	79e3      	ldrb	r3, [r4, #7]
10004d7e:	01ed      	lsls	r5, r5, #7
10004d80:	4019      	ands	r1, r3
10004d82:	68e0      	ldr	r0, [r4, #12]
10004d84:	4329      	orrs	r1, r5
10004d86:	71e1      	strb	r1, [r4, #7]
10004d88:	2800      	cmp	r0, #0
10004d8a:	d001      	beq.n	10004d90 <tu_fifo_set_overwritable+0x38>
10004d8c:	f000 fcf4 	bl	10005778 <__mutex_exit_veneer>
10004d90:	6920      	ldr	r0, [r4, #16]
10004d92:	2800      	cmp	r0, #0
10004d94:	d001      	beq.n	10004d9a <tu_fifo_set_overwritable+0x42>
10004d96:	f000 fcef 	bl	10005778 <__mutex_exit_veneer>
10004d9a:	2001      	movs	r0, #1
10004d9c:	bd70      	pop	{r4, r5, r6, pc}
10004d9e:	46c0      	nop			@ (mov r8, r8)

10004da0 <__malloc_lock>:
10004da0:	b510      	push	{r4, lr}
10004da2:	4802      	ldr	r0, [pc, #8]	@ (10004dac <__malloc_lock+0xc>)
10004da4:	f000 fadc 	bl	10005360 <__retarget_lock_acquire_recursive>
10004da8:	bd10      	pop	{r4, pc}
10004daa:	46c0      	nop			@ (mov r8, r8)
10004dac:	200017e0 	.word	0x200017e0

10004db0 <__malloc_unlock>:
10004db0:	b510      	push	{r4, lr}
10004db2:	4802      	ldr	r0, [pc, #8]	@ (10004dbc <__malloc_unlock+0xc>)
10004db4:	f000 fad6 	bl	10005364 <__retarget_lock_release_recursive>
10004db8:	bd10      	pop	{r4, pc}
10004dba:	46c0      	nop			@ (mov r8, r8)
10004dbc:	200017e0 	.word	0x200017e0

10004dc0 <__sflush_r>:
10004dc0:	b5f0      	push	{r4, r5, r6, r7, lr}
10004dc2:	46c6      	mov	lr, r8
10004dc4:	b500      	push	{lr}
10004dc6:	220c      	movs	r2, #12
10004dc8:	5e8b      	ldrsh	r3, [r1, r2]
10004dca:	0007      	movs	r7, r0
10004dcc:	000c      	movs	r4, r1
10004dce:	071a      	lsls	r2, r3, #28
10004dd0:	d44d      	bmi.n	10004e6e <__sflush_r+0xae>
10004dd2:	2180      	movs	r1, #128	@ 0x80
10004dd4:	6862      	ldr	r2, [r4, #4]
10004dd6:	0109      	lsls	r1, r1, #4
10004dd8:	4319      	orrs	r1, r3
10004dda:	81a1      	strh	r1, [r4, #12]
10004ddc:	2a00      	cmp	r2, #0
10004dde:	dd69      	ble.n	10004eb4 <__sflush_r+0xf4>
10004de0:	6aa5      	ldr	r5, [r4, #40]	@ 0x28
10004de2:	2d00      	cmp	r5, #0
10004de4:	d03f      	beq.n	10004e66 <__sflush_r+0xa6>
10004de6:	2200      	movs	r2, #0
10004de8:	683e      	ldr	r6, [r7, #0]
10004dea:	603a      	str	r2, [r7, #0]
10004dec:	04db      	lsls	r3, r3, #19
10004dee:	d466      	bmi.n	10004ebe <__sflush_r+0xfe>
10004df0:	2200      	movs	r2, #0
10004df2:	2301      	movs	r3, #1
10004df4:	0038      	movs	r0, r7
10004df6:	69e1      	ldr	r1, [r4, #28]
10004df8:	47a8      	blx	r5
10004dfa:	0002      	movs	r2, r0
10004dfc:	1c43      	adds	r3, r0, #1
10004dfe:	d06b      	beq.n	10004ed8 <__sflush_r+0x118>
10004e00:	230c      	movs	r3, #12
10004e02:	5ee1      	ldrsh	r1, [r4, r3]
10004e04:	6aa5      	ldr	r5, [r4, #40]	@ 0x28
10004e06:	0749      	lsls	r1, r1, #29
10004e08:	d506      	bpl.n	10004e18 <__sflush_r+0x58>
10004e0a:	6863      	ldr	r3, [r4, #4]
10004e0c:	1ad2      	subs	r2, r2, r3
10004e0e:	6b23      	ldr	r3, [r4, #48]	@ 0x30
10004e10:	2b00      	cmp	r3, #0
10004e12:	d001      	beq.n	10004e18 <__sflush_r+0x58>
10004e14:	6be3      	ldr	r3, [r4, #60]	@ 0x3c
10004e16:	1ad2      	subs	r2, r2, r3
10004e18:	2300      	movs	r3, #0
10004e1a:	0038      	movs	r0, r7
10004e1c:	69e1      	ldr	r1, [r4, #28]
10004e1e:	47a8      	blx	r5
10004e20:	230c      	movs	r3, #12
10004e22:	5ee2      	ldrsh	r2, [r4, r3]
10004e24:	1c43      	adds	r3, r0, #1
10004e26:	d14c      	bne.n	10004ec2 <__sflush_r+0x102>
10004e28:	6839      	ldr	r1, [r7, #0]
10004e2a:	291d      	cmp	r1, #29
10004e2c:	d85e      	bhi.n	10004eec <__sflush_r+0x12c>
10004e2e:	4b31      	ldr	r3, [pc, #196]	@ (10004ef4 <__sflush_r+0x134>)
10004e30:	40cb      	lsrs	r3, r1
10004e32:	07db      	lsls	r3, r3, #31
10004e34:	d55a      	bpl.n	10004eec <__sflush_r+0x12c>
10004e36:	4b30      	ldr	r3, [pc, #192]	@ (10004ef8 <__sflush_r+0x138>)
10004e38:	4013      	ands	r3, r2
10004e3a:	81a3      	strh	r3, [r4, #12]
10004e3c:	2300      	movs	r3, #0
10004e3e:	6063      	str	r3, [r4, #4]
10004e40:	6923      	ldr	r3, [r4, #16]
10004e42:	6023      	str	r3, [r4, #0]
10004e44:	04d2      	lsls	r2, r2, #19
10004e46:	d501      	bpl.n	10004e4c <__sflush_r+0x8c>
10004e48:	2900      	cmp	r1, #0
10004e4a:	d043      	beq.n	10004ed4 <__sflush_r+0x114>
10004e4c:	6b21      	ldr	r1, [r4, #48]	@ 0x30
10004e4e:	603e      	str	r6, [r7, #0]
10004e50:	2900      	cmp	r1, #0
10004e52:	d008      	beq.n	10004e66 <__sflush_r+0xa6>
10004e54:	0023      	movs	r3, r4
10004e56:	3340      	adds	r3, #64	@ 0x40
10004e58:	4299      	cmp	r1, r3
10004e5a:	d002      	beq.n	10004e62 <__sflush_r+0xa2>
10004e5c:	0038      	movs	r0, r7
10004e5e:	f000 fb19 	bl	10005494 <_free_r>
10004e62:	2300      	movs	r3, #0
10004e64:	6323      	str	r3, [r4, #48]	@ 0x30
10004e66:	2000      	movs	r0, #0
10004e68:	bc80      	pop	{r7}
10004e6a:	46b8      	mov	r8, r7
10004e6c:	bdf0      	pop	{r4, r5, r6, r7, pc}
10004e6e:	690e      	ldr	r6, [r1, #16]
10004e70:	2e00      	cmp	r6, #0
10004e72:	d0f8      	beq.n	10004e66 <__sflush_r+0xa6>
10004e74:	680d      	ldr	r5, [r1, #0]
10004e76:	2200      	movs	r2, #0
10004e78:	1bad      	subs	r5, r5, r6
10004e7a:	600e      	str	r6, [r1, #0]
10004e7c:	079b      	lsls	r3, r3, #30
10004e7e:	d100      	bne.n	10004e82 <__sflush_r+0xc2>
10004e80:	694a      	ldr	r2, [r1, #20]
10004e82:	60a2      	str	r2, [r4, #8]
10004e84:	2d00      	cmp	r5, #0
10004e86:	dc04      	bgt.n	10004e92 <__sflush_r+0xd2>
10004e88:	e7ed      	b.n	10004e66 <__sflush_r+0xa6>
10004e8a:	1836      	adds	r6, r6, r0
10004e8c:	1a2d      	subs	r5, r5, r0
10004e8e:	2d00      	cmp	r5, #0
10004e90:	dde9      	ble.n	10004e66 <__sflush_r+0xa6>
10004e92:	6a63      	ldr	r3, [r4, #36]	@ 0x24
10004e94:	0032      	movs	r2, r6
10004e96:	4698      	mov	r8, r3
10004e98:	0038      	movs	r0, r7
10004e9a:	002b      	movs	r3, r5
10004e9c:	69e1      	ldr	r1, [r4, #28]
10004e9e:	47c0      	blx	r8
10004ea0:	2800      	cmp	r0, #0
10004ea2:	dcf2      	bgt.n	10004e8a <__sflush_r+0xca>
10004ea4:	2240      	movs	r2, #64	@ 0x40
10004ea6:	89a3      	ldrh	r3, [r4, #12]
10004ea8:	4313      	orrs	r3, r2
10004eaa:	b21b      	sxth	r3, r3
10004eac:	2001      	movs	r0, #1
10004eae:	81a3      	strh	r3, [r4, #12]
10004eb0:	4240      	negs	r0, r0
10004eb2:	e7d9      	b.n	10004e68 <__sflush_r+0xa8>
10004eb4:	6be2      	ldr	r2, [r4, #60]	@ 0x3c
10004eb6:	2a00      	cmp	r2, #0
10004eb8:	dd00      	ble.n	10004ebc <__sflush_r+0xfc>
10004eba:	e791      	b.n	10004de0 <__sflush_r+0x20>
10004ebc:	e7d3      	b.n	10004e66 <__sflush_r+0xa6>
10004ebe:	6d22      	ldr	r2, [r4, #80]	@ 0x50
10004ec0:	e7a1      	b.n	10004e06 <__sflush_r+0x46>
10004ec2:	4b0d      	ldr	r3, [pc, #52]	@ (10004ef8 <__sflush_r+0x138>)
10004ec4:	4013      	ands	r3, r2
10004ec6:	81a3      	strh	r3, [r4, #12]
10004ec8:	2300      	movs	r3, #0
10004eca:	6063      	str	r3, [r4, #4]
10004ecc:	6923      	ldr	r3, [r4, #16]
10004ece:	6023      	str	r3, [r4, #0]
10004ed0:	04d2      	lsls	r2, r2, #19
10004ed2:	d5bb      	bpl.n	10004e4c <__sflush_r+0x8c>
10004ed4:	6520      	str	r0, [r4, #80]	@ 0x50
10004ed6:	e7b9      	b.n	10004e4c <__sflush_r+0x8c>
10004ed8:	683b      	ldr	r3, [r7, #0]
10004eda:	2b00      	cmp	r3, #0
10004edc:	d100      	bne.n	10004ee0 <__sflush_r+0x120>
10004ede:	e78f      	b.n	10004e00 <__sflush_r+0x40>
10004ee0:	2b1d      	cmp	r3, #29
10004ee2:	d001      	beq.n	10004ee8 <__sflush_r+0x128>
10004ee4:	2b16      	cmp	r3, #22
10004ee6:	d1dd      	bne.n	10004ea4 <__sflush_r+0xe4>
10004ee8:	603e      	str	r6, [r7, #0]
10004eea:	e7bc      	b.n	10004e66 <__sflush_r+0xa6>
10004eec:	2340      	movs	r3, #64	@ 0x40
10004eee:	4313      	orrs	r3, r2
10004ef0:	e7dc      	b.n	10004eac <__sflush_r+0xec>
10004ef2:	46c0      	nop			@ (mov r8, r8)
10004ef4:	20400001 	.word	0x20400001
10004ef8:	fffff7ff 	.word	0xfffff7ff

10004efc <_fflush_r>:
10004efc:	b570      	push	{r4, r5, r6, lr}
10004efe:	0005      	movs	r5, r0
10004f00:	000c      	movs	r4, r1
10004f02:	2800      	cmp	r0, #0
10004f04:	d002      	beq.n	10004f0c <_fflush_r+0x10>
10004f06:	6b43      	ldr	r3, [r0, #52]	@ 0x34
10004f08:	2b00      	cmp	r3, #0
10004f0a:	d027      	beq.n	10004f5c <_fflush_r+0x60>
10004f0c:	220c      	movs	r2, #12
10004f0e:	5ea3      	ldrsh	r3, [r4, r2]
10004f10:	2b00      	cmp	r3, #0
10004f12:	d011      	beq.n	10004f38 <_fflush_r+0x3c>
10004f14:	6e62      	ldr	r2, [r4, #100]	@ 0x64
10004f16:	07d2      	lsls	r2, r2, #31
10004f18:	d401      	bmi.n	10004f1e <_fflush_r+0x22>
10004f1a:	059b      	lsls	r3, r3, #22
10004f1c:	d50e      	bpl.n	10004f3c <_fflush_r+0x40>
10004f1e:	0028      	movs	r0, r5
10004f20:	0021      	movs	r1, r4
10004f22:	f7ff ff4d 	bl	10004dc0 <__sflush_r>
10004f26:	6e63      	ldr	r3, [r4, #100]	@ 0x64
10004f28:	0005      	movs	r5, r0
10004f2a:	07db      	lsls	r3, r3, #31
10004f2c:	d402      	bmi.n	10004f34 <_fflush_r+0x38>
10004f2e:	89a3      	ldrh	r3, [r4, #12]
10004f30:	059b      	lsls	r3, r3, #22
10004f32:	d50f      	bpl.n	10004f54 <_fflush_r+0x58>
10004f34:	0028      	movs	r0, r5
10004f36:	bd70      	pop	{r4, r5, r6, pc}
10004f38:	2500      	movs	r5, #0
10004f3a:	e7fb      	b.n	10004f34 <_fflush_r+0x38>
10004f3c:	6da0      	ldr	r0, [r4, #88]	@ 0x58
10004f3e:	f000 fa0f 	bl	10005360 <__retarget_lock_acquire_recursive>
10004f42:	0028      	movs	r0, r5
10004f44:	0021      	movs	r1, r4
10004f46:	f7ff ff3b 	bl	10004dc0 <__sflush_r>
10004f4a:	6e63      	ldr	r3, [r4, #100]	@ 0x64
10004f4c:	0005      	movs	r5, r0
10004f4e:	07db      	lsls	r3, r3, #31
10004f50:	d4f0      	bmi.n	10004f34 <_fflush_r+0x38>
10004f52:	e7ec      	b.n	10004f2e <_fflush_r+0x32>
10004f54:	6da0      	ldr	r0, [r4, #88]	@ 0x58
10004f56:	f000 fa05 	bl	10005364 <__retarget_lock_release_recursive>
10004f5a:	e7eb      	b.n	10004f34 <_fflush_r+0x38>
10004f5c:	f000 f8f8 	bl	10005150 <__sinit>
10004f60:	e7d4      	b.n	10004f0c <_fflush_r+0x10>
10004f62:	46c0      	nop			@ (mov r8, r8)

10004f64 <fflush>:
10004f64:	b570      	push	{r4, r5, r6, lr}
10004f66:	1e04      	subs	r4, r0, #0
10004f68:	d02a      	beq.n	10004fc0 <fflush+0x5c>
10004f6a:	4b19      	ldr	r3, [pc, #100]	@ (10004fd0 <fflush+0x6c>)
10004f6c:	681d      	ldr	r5, [r3, #0]
10004f6e:	2d00      	cmp	r5, #0
10004f70:	d002      	beq.n	10004f78 <fflush+0x14>
10004f72:	6b6b      	ldr	r3, [r5, #52]	@ 0x34
10004f74:	2b00      	cmp	r3, #0
10004f76:	d017      	beq.n	10004fa8 <fflush+0x44>
10004f78:	220c      	movs	r2, #12
10004f7a:	5ea3      	ldrsh	r3, [r4, r2]
10004f7c:	2b00      	cmp	r3, #0
10004f7e:	d011      	beq.n	10004fa4 <fflush+0x40>
10004f80:	6e62      	ldr	r2, [r4, #100]	@ 0x64
10004f82:	07d2      	lsls	r2, r2, #31
10004f84:	d401      	bmi.n	10004f8a <fflush+0x26>
10004f86:	059b      	lsls	r3, r3, #22
10004f88:	d512      	bpl.n	10004fb0 <fflush+0x4c>
10004f8a:	0028      	movs	r0, r5
10004f8c:	0021      	movs	r1, r4
10004f8e:	f7ff ff17 	bl	10004dc0 <__sflush_r>
10004f92:	6e63      	ldr	r3, [r4, #100]	@ 0x64
10004f94:	0005      	movs	r5, r0
10004f96:	07db      	lsls	r3, r3, #31
10004f98:	d402      	bmi.n	10004fa0 <fflush+0x3c>
10004f9a:	89a3      	ldrh	r3, [r4, #12]
10004f9c:	059b      	lsls	r3, r3, #22
10004f9e:	d50b      	bpl.n	10004fb8 <fflush+0x54>
10004fa0:	0028      	movs	r0, r5
10004fa2:	bd70      	pop	{r4, r5, r6, pc}
10004fa4:	2500      	movs	r5, #0
10004fa6:	e7fb      	b.n	10004fa0 <fflush+0x3c>
10004fa8:	0028      	movs	r0, r5
10004faa:	f000 f8d1 	bl	10005150 <__sinit>
10004fae:	e7e3      	b.n	10004f78 <fflush+0x14>
10004fb0:	6da0      	ldr	r0, [r4, #88]	@ 0x58
10004fb2:	f000 f9d5 	bl	10005360 <__retarget_lock_acquire_recursive>
10004fb6:	e7e8      	b.n	10004f8a <fflush+0x26>
10004fb8:	6da0      	ldr	r0, [r4, #88]	@ 0x58
10004fba:	f000 f9d3 	bl	10005364 <__retarget_lock_release_recursive>
10004fbe:	e7ef      	b.n	10004fa0 <fflush+0x3c>
10004fc0:	4a04      	ldr	r2, [pc, #16]	@ (10004fd4 <fflush+0x70>)
10004fc2:	4905      	ldr	r1, [pc, #20]	@ (10004fd8 <fflush+0x74>)
10004fc4:	4805      	ldr	r0, [pc, #20]	@ (10004fdc <fflush+0x78>)
10004fc6:	f000 f8ef 	bl	100051a8 <_fwalk_sglue>
10004fca:	0005      	movs	r5, r0
10004fcc:	e7e8      	b.n	10004fa0 <fflush+0x3c>
10004fce:	46c0      	nop			@ (mov r8, r8)
10004fd0:	2000134c 	.word	0x2000134c
10004fd4:	20001340 	.word	0x20001340
10004fd8:	10004efd 	.word	0x10004efd
10004fdc:	20001350 	.word	0x20001350

10004fe0 <stdio_exit_handler>:
10004fe0:	b510      	push	{r4, lr}
10004fe2:	4a03      	ldr	r2, [pc, #12]	@ (10004ff0 <stdio_exit_handler+0x10>)
10004fe4:	4903      	ldr	r1, [pc, #12]	@ (10004ff4 <stdio_exit_handler+0x14>)
10004fe6:	4804      	ldr	r0, [pc, #16]	@ (10004ff8 <stdio_exit_handler+0x18>)
10004fe8:	f000 f8de 	bl	100051a8 <_fwalk_sglue>
10004fec:	bd10      	pop	{r4, pc}
10004fee:	46c0      	nop			@ (mov r8, r8)
10004ff0:	20001340 	.word	0x20001340
10004ff4:	10005685 	.word	0x10005685
10004ff8:	20001350 	.word	0x20001350

10004ffc <cleanup_stdio>:
10004ffc:	6841      	ldr	r1, [r0, #4]
10004ffe:	4b0b      	ldr	r3, [pc, #44]	@ (1000502c <cleanup_stdio+0x30>)
10005000:	b510      	push	{r4, lr}
10005002:	0004      	movs	r4, r0
10005004:	4299      	cmp	r1, r3
10005006:	d001      	beq.n	1000500c <cleanup_stdio+0x10>
10005008:	f000 fb3c 	bl	10005684 <_fclose_r>
1000500c:	68a1      	ldr	r1, [r4, #8]
1000500e:	4b08      	ldr	r3, [pc, #32]	@ (10005030 <cleanup_stdio+0x34>)
10005010:	4299      	cmp	r1, r3
10005012:	d002      	beq.n	1000501a <cleanup_stdio+0x1e>
10005014:	0020      	movs	r0, r4
10005016:	f000 fb35 	bl	10005684 <_fclose_r>
1000501a:	68e1      	ldr	r1, [r4, #12]
1000501c:	4b05      	ldr	r3, [pc, #20]	@ (10005034 <cleanup_stdio+0x38>)
1000501e:	4299      	cmp	r1, r3
10005020:	d002      	beq.n	10005028 <cleanup_stdio+0x2c>
10005022:	0020      	movs	r0, r4
10005024:	f000 fb2e 	bl	10005684 <_fclose_r>
10005028:	bd10      	pop	{r4, pc}
1000502a:	46c0      	nop			@ (mov r8, r8)
1000502c:	20001814 	.word	0x20001814
10005030:	2000187c 	.word	0x2000187c
10005034:	200018e4 	.word	0x200018e4

10005038 <global_stdio_init.part.0>:
10005038:	b5f8      	push	{r3, r4, r5, r6, r7, lr}
1000503a:	46ce      	mov	lr, r9
1000503c:	4647      	mov	r7, r8
1000503e:	4c3b      	ldr	r4, [pc, #236]	@ (1000512c <global_stdio_init.part.0+0xf4>)
10005040:	4b3b      	ldr	r3, [pc, #236]	@ (10005130 <global_stdio_init.part.0+0xf8>)
10005042:	4a3c      	ldr	r2, [pc, #240]	@ (10005134 <global_stdio_init.part.0+0xfc>)
10005044:	0020      	movs	r0, r4
10005046:	2500      	movs	r5, #0
10005048:	b580      	push	{r7, lr}
1000504a:	601a      	str	r2, [r3, #0]
1000504c:	2304      	movs	r3, #4
1000504e:	2208      	movs	r2, #8
10005050:	2100      	movs	r1, #0
10005052:	305c      	adds	r0, #92	@ 0x5c
10005054:	6025      	str	r5, [r4, #0]
10005056:	6065      	str	r5, [r4, #4]
10005058:	60a5      	str	r5, [r4, #8]
1000505a:	6665      	str	r5, [r4, #100]	@ 0x64
1000505c:	6125      	str	r5, [r4, #16]
1000505e:	6165      	str	r5, [r4, #20]
10005060:	61a5      	str	r5, [r4, #24]
10005062:	60e3      	str	r3, [r4, #12]
10005064:	f7fd fb76 	bl	10002754 <__wrap_memset>
10005068:	0020      	movs	r0, r4
1000506a:	4b33      	ldr	r3, [pc, #204]	@ (10005138 <global_stdio_init.part.0+0x100>)
1000506c:	4f33      	ldr	r7, [pc, #204]	@ (1000513c <global_stdio_init.part.0+0x104>)
1000506e:	4e34      	ldr	r6, [pc, #208]	@ (10005140 <global_stdio_init.part.0+0x108>)
10005070:	4699      	mov	r9, r3
10005072:	6223      	str	r3, [r4, #32]
10005074:	4b33      	ldr	r3, [pc, #204]	@ (10005144 <global_stdio_init.part.0+0x10c>)
10005076:	3058      	adds	r0, #88	@ 0x58
10005078:	4698      	mov	r8, r3
1000507a:	62a7      	str	r7, [r4, #40]	@ 0x28
1000507c:	62e6      	str	r6, [r4, #44]	@ 0x2c
1000507e:	6263      	str	r3, [r4, #36]	@ 0x24
10005080:	61e4      	str	r4, [r4, #28]
10005082:	f000 f969 	bl	10005358 <__retarget_lock_init_recursive>
10005086:	23cc      	movs	r3, #204	@ 0xcc
10005088:	50e5      	str	r5, [r4, r3]
1000508a:	4b2f      	ldr	r3, [pc, #188]	@ (10005148 <global_stdio_init.part.0+0x110>)
1000508c:	0020      	movs	r0, r4
1000508e:	6763      	str	r3, [r4, #116]	@ 0x74
10005090:	2380      	movs	r3, #128	@ 0x80
10005092:	2100      	movs	r1, #0
10005094:	2208      	movs	r2, #8
10005096:	30c4      	adds	r0, #196	@ 0xc4
10005098:	50e5      	str	r5, [r4, r3]
1000509a:	66a5      	str	r5, [r4, #104]	@ 0x68
1000509c:	66e5      	str	r5, [r4, #108]	@ 0x6c
1000509e:	6725      	str	r5, [r4, #112]	@ 0x70
100050a0:	67a5      	str	r5, [r4, #120]	@ 0x78
100050a2:	67e5      	str	r5, [r4, #124]	@ 0x7c
100050a4:	f7fd fb56 	bl	10002754 <__wrap_memset>
100050a8:	0022      	movs	r2, r4
100050aa:	2384      	movs	r3, #132	@ 0x84
100050ac:	3268      	adds	r2, #104	@ 0x68
100050ae:	50e2      	str	r2, [r4, r3]
100050b0:	464a      	mov	r2, r9
100050b2:	3304      	adds	r3, #4
100050b4:	50e2      	str	r2, [r4, r3]
100050b6:	4642      	mov	r2, r8
100050b8:	0020      	movs	r0, r4
100050ba:	3304      	adds	r3, #4
100050bc:	50e2      	str	r2, [r4, r3]
100050be:	3304      	adds	r3, #4
100050c0:	50e7      	str	r7, [r4, r3]
100050c2:	30c0      	adds	r0, #192	@ 0xc0
100050c4:	3304      	adds	r3, #4
100050c6:	50e6      	str	r6, [r4, r3]
100050c8:	f000 f946 	bl	10005358 <__retarget_lock_init_recursive>
100050cc:	23d0      	movs	r3, #208	@ 0xd0
100050ce:	0020      	movs	r0, r4
100050d0:	50e5      	str	r5, [r4, r3]
100050d2:	3304      	adds	r3, #4
100050d4:	50e5      	str	r5, [r4, r3]
100050d6:	3304      	adds	r3, #4
100050d8:	50e5      	str	r5, [r4, r3]
100050da:	4a1c      	ldr	r2, [pc, #112]	@ (1000514c <global_stdio_init.part.0+0x114>)
100050dc:	335c      	adds	r3, #92	@ 0x5c
100050de:	50e5      	str	r5, [r4, r3]
100050e0:	3b58      	subs	r3, #88	@ 0x58
100050e2:	50e2      	str	r2, [r4, r3]
100050e4:	3304      	adds	r3, #4
100050e6:	50e5      	str	r5, [r4, r3]
100050e8:	302d      	adds	r0, #45	@ 0x2d
100050ea:	3304      	adds	r3, #4
100050ec:	50e5      	str	r5, [r4, r3]
100050ee:	2100      	movs	r1, #0
100050f0:	3304      	adds	r3, #4
100050f2:	2208      	movs	r2, #8
100050f4:	30ff      	adds	r0, #255	@ 0xff
100050f6:	50e5      	str	r5, [r4, r3]
100050f8:	f7fd fb2c 	bl	10002754 <__wrap_memset>
100050fc:	0022      	movs	r2, r4
100050fe:	23ec      	movs	r3, #236	@ 0xec
10005100:	32d0      	adds	r2, #208	@ 0xd0
10005102:	50e2      	str	r2, [r4, r3]
10005104:	464a      	mov	r2, r9
10005106:	3304      	adds	r3, #4
10005108:	50e2      	str	r2, [r4, r3]
1000510a:	0020      	movs	r0, r4
1000510c:	4642      	mov	r2, r8
1000510e:	3304      	adds	r3, #4
10005110:	50e2      	str	r2, [r4, r3]
10005112:	3029      	adds	r0, #41	@ 0x29
10005114:	3304      	adds	r3, #4
10005116:	50e7      	str	r7, [r4, r3]
10005118:	30ff      	adds	r0, #255	@ 0xff
1000511a:	3304      	adds	r3, #4
1000511c:	50e6      	str	r6, [r4, r3]
1000511e:	f000 f91b 	bl	10005358 <__retarget_lock_init_recursive>
10005122:	bcc0      	pop	{r6, r7}
10005124:	46b9      	mov	r9, r7
10005126:	46b0      	mov	r8, r6
10005128:	bdf8      	pop	{r3, r4, r5, r6, r7, pc}
1000512a:	46c0      	nop			@ (mov r8, r8)
1000512c:	20001814 	.word	0x20001814
10005130:	2000194c 	.word	0x2000194c
10005134:	10004fe1 	.word	0x10004fe1
10005138:	100051ed 	.word	0x100051ed
1000513c:	10005255 	.word	0x10005255
10005140:	10005281 	.word	0x10005281
10005144:	10005215 	.word	0x10005215
10005148:	00010009 	.word	0x00010009
1000514c:	00020012 	.word	0x00020012

10005150 <__sinit>:
10005150:	b570      	push	{r4, r5, r6, lr}
10005152:	0004      	movs	r4, r0
10005154:	4d09      	ldr	r5, [pc, #36]	@ (1000517c <__sinit+0x2c>)
10005156:	0028      	movs	r0, r5
10005158:	f000 f902 	bl	10005360 <__retarget_lock_acquire_recursive>
1000515c:	6b63      	ldr	r3, [r4, #52]	@ 0x34
1000515e:	2b00      	cmp	r3, #0
10005160:	d105      	bne.n	1000516e <__sinit+0x1e>
10005162:	4b07      	ldr	r3, [pc, #28]	@ (10005180 <__sinit+0x30>)
10005164:	6363      	str	r3, [r4, #52]	@ 0x34
10005166:	4b07      	ldr	r3, [pc, #28]	@ (10005184 <__sinit+0x34>)
10005168:	681b      	ldr	r3, [r3, #0]
1000516a:	2b00      	cmp	r3, #0
1000516c:	d003      	beq.n	10005176 <__sinit+0x26>
1000516e:	0028      	movs	r0, r5
10005170:	f000 f8f8 	bl	10005364 <__retarget_lock_release_recursive>
10005174:	bd70      	pop	{r4, r5, r6, pc}
10005176:	f7ff ff5f 	bl	10005038 <global_stdio_init.part.0>
1000517a:	e7f8      	b.n	1000516e <__sinit+0x1e>
1000517c:	200017e4 	.word	0x200017e4
10005180:	10004ffd 	.word	0x10004ffd
10005184:	2000194c 	.word	0x2000194c

10005188 <__sfp_lock_acquire>:
10005188:	b510      	push	{r4, lr}
1000518a:	4802      	ldr	r0, [pc, #8]	@ (10005194 <__sfp_lock_acquire+0xc>)
1000518c:	f000 f8e8 	bl	10005360 <__retarget_lock_acquire_recursive>
10005190:	bd10      	pop	{r4, pc}
10005192:	46c0      	nop			@ (mov r8, r8)
10005194:	200017e4 	.word	0x200017e4

10005198 <__sfp_lock_release>:
10005198:	b510      	push	{r4, lr}
1000519a:	4802      	ldr	r0, [pc, #8]	@ (100051a4 <__sfp_lock_release+0xc>)
1000519c:	f000 f8e2 	bl	10005364 <__retarget_lock_release_recursive>
100051a0:	bd10      	pop	{r4, pc}
100051a2:	46c0      	nop			@ (mov r8, r8)
100051a4:	200017e4 	.word	0x200017e4

100051a8 <_fwalk_sglue>:
100051a8:	b5f8      	push	{r3, r4, r5, r6, r7, lr}
100051aa:	4647      	mov	r7, r8
100051ac:	46ce      	mov	lr, r9
100051ae:	4688      	mov	r8, r1
100051b0:	b580      	push	{r7, lr}
100051b2:	4681      	mov	r9, r0
100051b4:	0017      	movs	r7, r2
100051b6:	2600      	movs	r6, #0
100051b8:	687d      	ldr	r5, [r7, #4]
100051ba:	68bc      	ldr	r4, [r7, #8]
100051bc:	3d01      	subs	r5, #1
100051be:	d40d      	bmi.n	100051dc <_fwalk_sglue+0x34>
100051c0:	89a3      	ldrh	r3, [r4, #12]
100051c2:	2b01      	cmp	r3, #1
100051c4:	d907      	bls.n	100051d6 <_fwalk_sglue+0x2e>
100051c6:	220e      	movs	r2, #14
100051c8:	5ea3      	ldrsh	r3, [r4, r2]
100051ca:	3301      	adds	r3, #1
100051cc:	d003      	beq.n	100051d6 <_fwalk_sglue+0x2e>
100051ce:	0021      	movs	r1, r4
100051d0:	4648      	mov	r0, r9
100051d2:	47c0      	blx	r8
100051d4:	4306      	orrs	r6, r0
100051d6:	3468      	adds	r4, #104	@ 0x68
100051d8:	3d01      	subs	r5, #1
100051da:	d2f1      	bcs.n	100051c0 <_fwalk_sglue+0x18>
100051dc:	683f      	ldr	r7, [r7, #0]
100051de:	2f00      	cmp	r7, #0
100051e0:	d1ea      	bne.n	100051b8 <_fwalk_sglue+0x10>
100051e2:	0030      	movs	r0, r6
100051e4:	bcc0      	pop	{r6, r7}
100051e6:	46b9      	mov	r9, r7
100051e8:	46b0      	mov	r8, r6
100051ea:	bdf8      	pop	{r3, r4, r5, r6, r7, pc}

100051ec <__sread>:
100051ec:	b570      	push	{r4, r5, r6, lr}
100051ee:	000c      	movs	r4, r1
100051f0:	250e      	movs	r5, #14
100051f2:	5f49      	ldrsh	r1, [r1, r5]
100051f4:	f000 f870 	bl	100052d8 <_read_r>
100051f8:	2800      	cmp	r0, #0
100051fa:	db03      	blt.n	10005204 <__sread+0x18>
100051fc:	6d23      	ldr	r3, [r4, #80]	@ 0x50
100051fe:	181b      	adds	r3, r3, r0
10005200:	6523      	str	r3, [r4, #80]	@ 0x50
10005202:	bd70      	pop	{r4, r5, r6, pc}
10005204:	89a3      	ldrh	r3, [r4, #12]
10005206:	4a02      	ldr	r2, [pc, #8]	@ (10005210 <__sread+0x24>)
10005208:	4013      	ands	r3, r2
1000520a:	81a3      	strh	r3, [r4, #12]
1000520c:	e7f9      	b.n	10005202 <__sread+0x16>
1000520e:	46c0      	nop			@ (mov r8, r8)
10005210:	ffffefff 	.word	0xffffefff

10005214 <__swrite>:
10005214:	b5f8      	push	{r3, r4, r5, r6, r7, lr}
10005216:	000c      	movs	r4, r1
10005218:	001f      	movs	r7, r3
1000521a:	230c      	movs	r3, #12
1000521c:	5ec9      	ldrsh	r1, [r1, r3]
1000521e:	0005      	movs	r5, r0
10005220:	0016      	movs	r6, r2
10005222:	05cb      	lsls	r3, r1, #23
10005224:	d40a      	bmi.n	1000523c <__swrite+0x28>
10005226:	4b0a      	ldr	r3, [pc, #40]	@ (10005250 <__swrite+0x3c>)
10005228:	0032      	movs	r2, r6
1000522a:	4019      	ands	r1, r3
1000522c:	0028      	movs	r0, r5
1000522e:	81a1      	strh	r1, [r4, #12]
10005230:	230e      	movs	r3, #14
10005232:	5ee1      	ldrsh	r1, [r4, r3]
10005234:	003b      	movs	r3, r7
10005236:	f000 f875 	bl	10005324 <_write_r>
1000523a:	bdf8      	pop	{r3, r4, r5, r6, r7, pc}
1000523c:	230e      	movs	r3, #14
1000523e:	5ee1      	ldrsh	r1, [r4, r3]
10005240:	2200      	movs	r2, #0
10005242:	2302      	movs	r3, #2
10005244:	f000 f834 	bl	100052b0 <_lseek_r>
10005248:	230c      	movs	r3, #12
1000524a:	5ee1      	ldrsh	r1, [r4, r3]
1000524c:	e7eb      	b.n	10005226 <__swrite+0x12>
1000524e:	46c0      	nop			@ (mov r8, r8)
10005250:	ffffefff 	.word	0xffffefff

10005254 <__sseek>:
10005254:	b570      	push	{r4, r5, r6, lr}
10005256:	000c      	movs	r4, r1
10005258:	250e      	movs	r5, #14
1000525a:	5f49      	ldrsh	r1, [r1, r5]
1000525c:	f000 f828 	bl	100052b0 <_lseek_r>
10005260:	220c      	movs	r2, #12
10005262:	5ea3      	ldrsh	r3, [r4, r2]
10005264:	1c42      	adds	r2, r0, #1
10005266:	d005      	beq.n	10005274 <__sseek+0x20>
10005268:	2280      	movs	r2, #128	@ 0x80
1000526a:	0152      	lsls	r2, r2, #5
1000526c:	4313      	orrs	r3, r2
1000526e:	6520      	str	r0, [r4, #80]	@ 0x50
10005270:	81a3      	strh	r3, [r4, #12]
10005272:	bd70      	pop	{r4, r5, r6, pc}
10005274:	4a01      	ldr	r2, [pc, #4]	@ (1000527c <__sseek+0x28>)
10005276:	4013      	ands	r3, r2
10005278:	e7fa      	b.n	10005270 <__sseek+0x1c>
1000527a:	46c0      	nop			@ (mov r8, r8)
1000527c:	ffffefff 	.word	0xffffefff

10005280 <__sclose>:
10005280:	b510      	push	{r4, lr}
10005282:	230e      	movs	r3, #14
10005284:	5ec9      	ldrsh	r1, [r1, r3]
10005286:	f000 f801 	bl	1000528c <_close_r>
1000528a:	bd10      	pop	{r4, pc}

1000528c <_close_r>:
1000528c:	2300      	movs	r3, #0
1000528e:	b570      	push	{r4, r5, r6, lr}
10005290:	4c06      	ldr	r4, [pc, #24]	@ (100052ac <_close_r+0x20>)
10005292:	0005      	movs	r5, r0
10005294:	0008      	movs	r0, r1
10005296:	6023      	str	r3, [r4, #0]
10005298:	f7fd fc14 	bl	10002ac4 <_close>
1000529c:	1c43      	adds	r3, r0, #1
1000529e:	d000      	beq.n	100052a2 <_close_r+0x16>
100052a0:	bd70      	pop	{r4, r5, r6, pc}
100052a2:	6823      	ldr	r3, [r4, #0]
100052a4:	2b00      	cmp	r3, #0
100052a6:	d0fb      	beq.n	100052a0 <_close_r+0x14>
100052a8:	602b      	str	r3, [r5, #0]
100052aa:	e7f9      	b.n	100052a0 <_close_r+0x14>
100052ac:	20001f20 	.word	0x20001f20

100052b0 <_lseek_r>:
100052b0:	b570      	push	{r4, r5, r6, lr}
100052b2:	0004      	movs	r4, r0
100052b4:	0008      	movs	r0, r1
100052b6:	0011      	movs	r1, r2
100052b8:	001a      	movs	r2, r3
100052ba:	2300      	movs	r3, #0
100052bc:	4d05      	ldr	r5, [pc, #20]	@ (100052d4 <_lseek_r+0x24>)
100052be:	602b      	str	r3, [r5, #0]
100052c0:	f7fd fc04 	bl	10002acc <_lseek>
100052c4:	1c43      	adds	r3, r0, #1
100052c6:	d000      	beq.n	100052ca <_lseek_r+0x1a>
100052c8:	bd70      	pop	{r4, r5, r6, pc}
100052ca:	682b      	ldr	r3, [r5, #0]
100052cc:	2b00      	cmp	r3, #0
100052ce:	d0fb      	beq.n	100052c8 <_lseek_r+0x18>
100052d0:	6023      	str	r3, [r4, #0]
100052d2:	e7f9      	b.n	100052c8 <_lseek_r+0x18>
100052d4:	20001f20 	.word	0x20001f20

100052d8 <_read_r>:
100052d8:	b570      	push	{r4, r5, r6, lr}
100052da:	0004      	movs	r4, r0
100052dc:	0008      	movs	r0, r1
100052de:	0011      	movs	r1, r2
100052e0:	001a      	movs	r2, r3
100052e2:	2300      	movs	r3, #0
100052e4:	4d05      	ldr	r5, [pc, #20]	@ (100052fc <_read_r+0x24>)
100052e6:	602b      	str	r3, [r5, #0]
100052e8:	f7fd fb4c 	bl	10002984 <_read>
100052ec:	1c43      	adds	r3, r0, #1
100052ee:	d000      	beq.n	100052f2 <_read_r+0x1a>
100052f0:	bd70      	pop	{r4, r5, r6, pc}
100052f2:	682b      	ldr	r3, [r5, #0]
100052f4:	2b00      	cmp	r3, #0
100052f6:	d0fb      	beq.n	100052f0 <_read_r+0x18>
100052f8:	6023      	str	r3, [r4, #0]
100052fa:	e7f9      	b.n	100052f0 <_read_r+0x18>
100052fc:	20001f20 	.word	0x20001f20

10005300 <_sbrk_r>:
10005300:	2300      	movs	r3, #0
10005302:	b570      	push	{r4, r5, r6, lr}
10005304:	4c06      	ldr	r4, [pc, #24]	@ (10005320 <_sbrk_r+0x20>)
10005306:	0005      	movs	r5, r0
10005308:	0008      	movs	r0, r1
1000530a:	6023      	str	r3, [r4, #0]
1000530c:	f7fc fe88 	bl	10002020 <_sbrk>
10005310:	1c43      	adds	r3, r0, #1
10005312:	d000      	beq.n	10005316 <_sbrk_r+0x16>
10005314:	bd70      	pop	{r4, r5, r6, pc}
10005316:	6823      	ldr	r3, [r4, #0]
10005318:	2b00      	cmp	r3, #0
1000531a:	d0fb      	beq.n	10005314 <_sbrk_r+0x14>
1000531c:	602b      	str	r3, [r5, #0]
1000531e:	e7f9      	b.n	10005314 <_sbrk_r+0x14>
10005320:	20001f20 	.word	0x20001f20

10005324 <_write_r>:
10005324:	b570      	push	{r4, r5, r6, lr}
10005326:	0004      	movs	r4, r0
10005328:	0008      	movs	r0, r1
1000532a:	0011      	movs	r1, r2
1000532c:	001a      	movs	r2, r3
1000532e:	2300      	movs	r3, #0
10005330:	4d05      	ldr	r5, [pc, #20]	@ (10005348 <_write_r+0x24>)
10005332:	602b      	str	r3, [r5, #0]
10005334:	f7fd fb70 	bl	10002a18 <_write>
10005338:	1c43      	adds	r3, r0, #1
1000533a:	d000      	beq.n	1000533e <_write_r+0x1a>
1000533c:	bd70      	pop	{r4, r5, r6, pc}
1000533e:	682b      	ldr	r3, [r5, #0]
10005340:	2b00      	cmp	r3, #0
10005342:	d0fb      	beq.n	1000533c <_write_r+0x18>
10005344:	6023      	str	r3, [r4, #0]
10005346:	e7f9      	b.n	1000533c <_write_r+0x18>
10005348:	20001f20 	.word	0x20001f20

1000534c <__errno>:
1000534c:	4b01      	ldr	r3, [pc, #4]	@ (10005354 <__errno+0x8>)
1000534e:	6818      	ldr	r0, [r3, #0]
10005350:	4770      	bx	lr
10005352:	46c0      	nop			@ (mov r8, r8)
10005354:	2000134c 	.word	0x2000134c

10005358 <__retarget_lock_init_recursive>:
10005358:	4770      	bx	lr
1000535a:	46c0      	nop			@ (mov r8, r8)

1000535c <__retarget_lock_close_recursive>:
1000535c:	4770      	bx	lr
1000535e:	46c0      	nop			@ (mov r8, r8)

10005360 <__retarget_lock_acquire_recursive>:
10005360:	4770      	bx	lr
10005362:	46c0      	nop			@ (mov r8, r8)

10005364 <__retarget_lock_release_recursive>:
10005364:	4770      	bx	lr
10005366:	46c0      	nop			@ (mov r8, r8)

10005368 <sysconf>:
10005368:	2380      	movs	r3, #128	@ 0x80
1000536a:	b510      	push	{r4, lr}
1000536c:	015b      	lsls	r3, r3, #5
1000536e:	2808      	cmp	r0, #8
10005370:	d101      	bne.n	10005376 <sysconf+0xe>
10005372:	0018      	movs	r0, r3
10005374:	bd10      	pop	{r4, pc}
10005376:	f7ff ffe9 	bl	1000534c <__errno>
1000537a:	2316      	movs	r3, #22
1000537c:	6003      	str	r3, [r0, #0]
1000537e:	3b17      	subs	r3, #23
10005380:	e7f7      	b.n	10005372 <sysconf+0xa>
10005382:	46c0      	nop			@ (mov r8, r8)

10005384 <strlen>:
10005384:	b510      	push	{r4, lr}
10005386:	0783      	lsls	r3, r0, #30
10005388:	d00a      	beq.n	100053a0 <strlen+0x1c>
1000538a:	0003      	movs	r3, r0
1000538c:	2103      	movs	r1, #3
1000538e:	e002      	b.n	10005396 <strlen+0x12>
10005390:	3301      	adds	r3, #1
10005392:	420b      	tst	r3, r1
10005394:	d005      	beq.n	100053a2 <strlen+0x1e>
10005396:	781a      	ldrb	r2, [r3, #0]
10005398:	2a00      	cmp	r2, #0
1000539a:	d1f9      	bne.n	10005390 <strlen+0xc>
1000539c:	1a18      	subs	r0, r3, r0
1000539e:	bd10      	pop	{r4, pc}
100053a0:	0003      	movs	r3, r0
100053a2:	6819      	ldr	r1, [r3, #0]
100053a4:	4a0c      	ldr	r2, [pc, #48]	@ (100053d8 <strlen+0x54>)
100053a6:	4c0d      	ldr	r4, [pc, #52]	@ (100053dc <strlen+0x58>)
100053a8:	188a      	adds	r2, r1, r2
100053aa:	438a      	bics	r2, r1
100053ac:	4222      	tst	r2, r4
100053ae:	d10f      	bne.n	100053d0 <strlen+0x4c>
100053b0:	6859      	ldr	r1, [r3, #4]
100053b2:	4a09      	ldr	r2, [pc, #36]	@ (100053d8 <strlen+0x54>)
100053b4:	3304      	adds	r3, #4
100053b6:	188a      	adds	r2, r1, r2
100053b8:	438a      	bics	r2, r1
100053ba:	4222      	tst	r2, r4
100053bc:	d108      	bne.n	100053d0 <strlen+0x4c>
100053be:	6859      	ldr	r1, [r3, #4]
100053c0:	4a05      	ldr	r2, [pc, #20]	@ (100053d8 <strlen+0x54>)
100053c2:	3304      	adds	r3, #4
100053c4:	188a      	adds	r2, r1, r2
100053c6:	438a      	bics	r2, r1
100053c8:	4222      	tst	r2, r4
100053ca:	d0f1      	beq.n	100053b0 <strlen+0x2c>
100053cc:	e000      	b.n	100053d0 <strlen+0x4c>
100053ce:	3301      	adds	r3, #1
100053d0:	781a      	ldrb	r2, [r3, #0]
100053d2:	2a00      	cmp	r2, #0
100053d4:	d1fb      	bne.n	100053ce <strlen+0x4a>
100053d6:	e7e1      	b.n	1000539c <strlen+0x18>
100053d8:	fefefeff 	.word	0xfefefeff
100053dc:	80808080 	.word	0x80808080

100053e0 <_malloc_trim_r>:
100053e0:	b5f0      	push	{r4, r5, r6, r7, lr}
100053e2:	46c6      	mov	lr, r8
100053e4:	0006      	movs	r6, r0
100053e6:	b500      	push	{lr}
100053e8:	2008      	movs	r0, #8
100053ea:	000d      	movs	r5, r1
100053ec:	f7ff ffbc 	bl	10005368 <sysconf>
100053f0:	0004      	movs	r4, r0
100053f2:	0030      	movs	r0, r6
100053f4:	f7ff fcd4 	bl	10004da0 <__malloc_lock>
100053f8:	4b23      	ldr	r3, [pc, #140]	@ (10005488 <_malloc_trim_r+0xa8>)
100053fa:	0021      	movs	r1, r4
100053fc:	4698      	mov	r8, r3
100053fe:	689b      	ldr	r3, [r3, #8]
10005400:	685f      	ldr	r7, [r3, #4]
10005402:	2303      	movs	r3, #3
10005404:	439f      	bics	r7, r3
10005406:	0038      	movs	r0, r7
10005408:	3811      	subs	r0, #17
1000540a:	1b40      	subs	r0, r0, r5
1000540c:	1900      	adds	r0, r0, r4
1000540e:	f7fc fe9d 	bl	1000214c <__wrap___aeabi_uidiv>
10005412:	1e45      	subs	r5, r0, #1
10005414:	4365      	muls	r5, r4
10005416:	42ac      	cmp	r4, r5
10005418:	dc08      	bgt.n	1000542c <_malloc_trim_r+0x4c>
1000541a:	2100      	movs	r1, #0
1000541c:	0030      	movs	r0, r6
1000541e:	f7ff ff6f 	bl	10005300 <_sbrk_r>
10005422:	4643      	mov	r3, r8
10005424:	689b      	ldr	r3, [r3, #8]
10005426:	19db      	adds	r3, r3, r7
10005428:	4298      	cmp	r0, r3
1000542a:	d006      	beq.n	1000543a <_malloc_trim_r+0x5a>
1000542c:	0030      	movs	r0, r6
1000542e:	f7ff fcbf 	bl	10004db0 <__malloc_unlock>
10005432:	2000      	movs	r0, #0
10005434:	bc80      	pop	{r7}
10005436:	46b8      	mov	r8, r7
10005438:	bdf0      	pop	{r4, r5, r6, r7, pc}
1000543a:	0030      	movs	r0, r6
1000543c:	4269      	negs	r1, r5
1000543e:	f7ff ff5f 	bl	10005300 <_sbrk_r>
10005442:	3001      	adds	r0, #1
10005444:	d00e      	beq.n	10005464 <_malloc_trim_r+0x84>
10005446:	2201      	movs	r2, #1
10005448:	4643      	mov	r3, r8
1000544a:	1b7f      	subs	r7, r7, r5
1000544c:	689b      	ldr	r3, [r3, #8]
1000544e:	4317      	orrs	r7, r2
10005450:	4a0e      	ldr	r2, [pc, #56]	@ (1000548c <_malloc_trim_r+0xac>)
10005452:	605f      	str	r7, [r3, #4]
10005454:	6813      	ldr	r3, [r2, #0]
10005456:	0030      	movs	r0, r6
10005458:	1b5b      	subs	r3, r3, r5
1000545a:	6013      	str	r3, [r2, #0]
1000545c:	f7ff fca8 	bl	10004db0 <__malloc_unlock>
10005460:	2001      	movs	r0, #1
10005462:	e7e7      	b.n	10005434 <_malloc_trim_r+0x54>
10005464:	2100      	movs	r1, #0
10005466:	0030      	movs	r0, r6
10005468:	f7ff ff4a 	bl	10005300 <_sbrk_r>
1000546c:	4643      	mov	r3, r8
1000546e:	689a      	ldr	r2, [r3, #8]
10005470:	1a83      	subs	r3, r0, r2
10005472:	2b0f      	cmp	r3, #15
10005474:	ddda      	ble.n	1000542c <_malloc_trim_r+0x4c>
10005476:	4c06      	ldr	r4, [pc, #24]	@ (10005490 <_malloc_trim_r+0xb0>)
10005478:	4904      	ldr	r1, [pc, #16]	@ (1000548c <_malloc_trim_r+0xac>)
1000547a:	6824      	ldr	r4, [r4, #0]
1000547c:	1b00      	subs	r0, r0, r4
1000547e:	6008      	str	r0, [r1, #0]
10005480:	2101      	movs	r1, #1
10005482:	430b      	orrs	r3, r1
10005484:	6053      	str	r3, [r2, #4]
10005486:	e7d1      	b.n	1000542c <_malloc_trim_r+0x4c>
10005488:	20000f38 	.word	0x20000f38
1000548c:	200017e8 	.word	0x200017e8
10005490:	20000f30 	.word	0x20000f30

10005494 <_free_r>:
10005494:	b5f0      	push	{r4, r5, r6, r7, lr}
10005496:	46d6      	mov	lr, sl
10005498:	464f      	mov	r7, r9
1000549a:	4646      	mov	r6, r8
1000549c:	0005      	movs	r5, r0
1000549e:	000c      	movs	r4, r1
100054a0:	b5c0      	push	{r6, r7, lr}
100054a2:	2900      	cmp	r1, #0
100054a4:	d048      	beq.n	10005538 <_free_r+0xa4>
100054a6:	f7ff fc7b 	bl	10004da0 <__malloc_lock>
100054aa:	0021      	movs	r1, r4
100054ac:	2701      	movs	r7, #1
100054ae:	3908      	subs	r1, #8
100054b0:	684b      	ldr	r3, [r1, #4]
100054b2:	2003      	movs	r0, #3
100054b4:	469c      	mov	ip, r3
100054b6:	43bb      	bics	r3, r7
100054b8:	18ce      	adds	r6, r1, r3
100054ba:	6872      	ldr	r2, [r6, #4]
100054bc:	4382      	bics	r2, r0
100054be:	4660      	mov	r0, ip
100054c0:	4038      	ands	r0, r7
100054c2:	4680      	mov	r8, r0
100054c4:	486a      	ldr	r0, [pc, #424]	@ (10005670 <_free_r+0x1dc>)
100054c6:	4691      	mov	r9, r2
100054c8:	6884      	ldr	r4, [r0, #8]
100054ca:	42b4      	cmp	r4, r6
100054cc:	d100      	bne.n	100054d0 <_free_r+0x3c>
100054ce:	e07c      	b.n	100055ca <_free_r+0x136>
100054d0:	6072      	str	r2, [r6, #4]
100054d2:	18b4      	adds	r4, r6, r2
100054d4:	6864      	ldr	r4, [r4, #4]
100054d6:	403c      	ands	r4, r7
100054d8:	46a2      	mov	sl, r4
100054da:	4644      	mov	r4, r8
100054dc:	2c00      	cmp	r4, #0
100054de:	d130      	bne.n	10005542 <_free_r+0xae>
100054e0:	680c      	ldr	r4, [r1, #0]
100054e2:	46a4      	mov	ip, r4
100054e4:	1b09      	subs	r1, r1, r4
100054e6:	688c      	ldr	r4, [r1, #8]
100054e8:	4463      	add	r3, ip
100054ea:	46a4      	mov	ip, r4
100054ec:	2408      	movs	r4, #8
100054ee:	46a0      	mov	r8, r4
100054f0:	4480      	add	r8, r0
100054f2:	45c4      	cmp	ip, r8
100054f4:	d05c      	beq.n	100055b0 <_free_r+0x11c>
100054f6:	68cc      	ldr	r4, [r1, #12]
100054f8:	46a0      	mov	r8, r4
100054fa:	4664      	mov	r4, ip
100054fc:	4642      	mov	r2, r8
100054fe:	60e2      	str	r2, [r4, #12]
10005500:	6094      	str	r4, [r2, #8]
10005502:	4652      	mov	r2, sl
10005504:	2a00      	cmp	r2, #0
10005506:	d01f      	beq.n	10005548 <_free_r+0xb4>
10005508:	431f      	orrs	r7, r3
1000550a:	604f      	str	r7, [r1, #4]
1000550c:	6033      	str	r3, [r6, #0]
1000550e:	2280      	movs	r2, #128	@ 0x80
10005510:	0092      	lsls	r2, r2, #2
10005512:	4293      	cmp	r3, r2
10005514:	d230      	bcs.n	10005578 <_free_r+0xe4>
10005516:	08da      	lsrs	r2, r3, #3
10005518:	095c      	lsrs	r4, r3, #5
1000551a:	2301      	movs	r3, #1
1000551c:	40a3      	lsls	r3, r4
1000551e:	6844      	ldr	r4, [r0, #4]
10005520:	4323      	orrs	r3, r4
10005522:	6043      	str	r3, [r0, #4]
10005524:	00d3      	lsls	r3, r2, #3
10005526:	181b      	adds	r3, r3, r0
10005528:	689a      	ldr	r2, [r3, #8]
1000552a:	60cb      	str	r3, [r1, #12]
1000552c:	608a      	str	r2, [r1, #8]
1000552e:	6099      	str	r1, [r3, #8]
10005530:	60d1      	str	r1, [r2, #12]
10005532:	0028      	movs	r0, r5
10005534:	f7ff fc3c 	bl	10004db0 <__malloc_unlock>
10005538:	bce0      	pop	{r5, r6, r7}
1000553a:	46ba      	mov	sl, r7
1000553c:	46b1      	mov	r9, r6
1000553e:	46a8      	mov	r8, r5
10005540:	bdf0      	pop	{r4, r5, r6, r7, pc}
10005542:	4652      	mov	r2, sl
10005544:	2a00      	cmp	r2, #0
10005546:	d10f      	bne.n	10005568 <_free_r+0xd4>
10005548:	2201      	movs	r2, #1
1000554a:	444b      	add	r3, r9
1000554c:	18cf      	adds	r7, r1, r3
1000554e:	46bc      	mov	ip, r7
10005550:	68b4      	ldr	r4, [r6, #8]
10005552:	4f48      	ldr	r7, [pc, #288]	@ (10005674 <_free_r+0x1e0>)
10005554:	431a      	orrs	r2, r3
10005556:	42bc      	cmp	r4, r7
10005558:	d05b      	beq.n	10005612 <_free_r+0x17e>
1000555a:	68f6      	ldr	r6, [r6, #12]
1000555c:	60e6      	str	r6, [r4, #12]
1000555e:	60b4      	str	r4, [r6, #8]
10005560:	604a      	str	r2, [r1, #4]
10005562:	4662      	mov	r2, ip
10005564:	6013      	str	r3, [r2, #0]
10005566:	e7d2      	b.n	1000550e <_free_r+0x7a>
10005568:	4662      	mov	r2, ip
1000556a:	433a      	orrs	r2, r7
1000556c:	604a      	str	r2, [r1, #4]
1000556e:	2280      	movs	r2, #128	@ 0x80
10005570:	6033      	str	r3, [r6, #0]
10005572:	0092      	lsls	r2, r2, #2
10005574:	4293      	cmp	r3, r2
10005576:	d3ce      	bcc.n	10005516 <_free_r+0x82>
10005578:	0a5c      	lsrs	r4, r3, #9
1000557a:	2c04      	cmp	r4, #4
1000557c:	d83f      	bhi.n	100055fe <_free_r+0x16a>
1000557e:	099c      	lsrs	r4, r3, #6
10005580:	0026      	movs	r6, r4
10005582:	3439      	adds	r4, #57	@ 0x39
10005584:	3638      	adds	r6, #56	@ 0x38
10005586:	00e4      	lsls	r4, r4, #3
10005588:	1904      	adds	r4, r0, r4
1000558a:	6822      	ldr	r2, [r4, #0]
1000558c:	3c08      	subs	r4, #8
1000558e:	2703      	movs	r7, #3
10005590:	4294      	cmp	r4, r2
10005592:	d103      	bne.n	1000559c <_free_r+0x108>
10005594:	e04e      	b.n	10005634 <_free_r+0x1a0>
10005596:	6892      	ldr	r2, [r2, #8]
10005598:	4294      	cmp	r4, r2
1000559a:	d003      	beq.n	100055a4 <_free_r+0x110>
1000559c:	6850      	ldr	r0, [r2, #4]
1000559e:	43b8      	bics	r0, r7
100055a0:	4298      	cmp	r0, r3
100055a2:	d8f8      	bhi.n	10005596 <_free_r+0x102>
100055a4:	68d4      	ldr	r4, [r2, #12]
100055a6:	60cc      	str	r4, [r1, #12]
100055a8:	608a      	str	r2, [r1, #8]
100055aa:	60a1      	str	r1, [r4, #8]
100055ac:	60d1      	str	r1, [r2, #12]
100055ae:	e7c0      	b.n	10005532 <_free_r+0x9e>
100055b0:	4652      	mov	r2, sl
100055b2:	2a00      	cmp	r2, #0
100055b4:	d135      	bne.n	10005622 <_free_r+0x18e>
100055b6:	444b      	add	r3, r9
100055b8:	001a      	movs	r2, r3
100055ba:	68b0      	ldr	r0, [r6, #8]
100055bc:	68f3      	ldr	r3, [r6, #12]
100055be:	4317      	orrs	r7, r2
100055c0:	60c3      	str	r3, [r0, #12]
100055c2:	6098      	str	r0, [r3, #8]
100055c4:	604f      	str	r7, [r1, #4]
100055c6:	508a      	str	r2, [r1, r2]
100055c8:	e7b3      	b.n	10005532 <_free_r+0x9e>
100055ca:	444b      	add	r3, r9
100055cc:	001a      	movs	r2, r3
100055ce:	4643      	mov	r3, r8
100055d0:	2b00      	cmp	r3, #0
100055d2:	d106      	bne.n	100055e2 <_free_r+0x14e>
100055d4:	680b      	ldr	r3, [r1, #0]
100055d6:	1ac9      	subs	r1, r1, r3
100055d8:	688c      	ldr	r4, [r1, #8]
100055da:	18d2      	adds	r2, r2, r3
100055dc:	68cb      	ldr	r3, [r1, #12]
100055de:	60e3      	str	r3, [r4, #12]
100055e0:	609c      	str	r4, [r3, #8]
100055e2:	2301      	movs	r3, #1
100055e4:	4313      	orrs	r3, r2
100055e6:	604b      	str	r3, [r1, #4]
100055e8:	4b23      	ldr	r3, [pc, #140]	@ (10005678 <_free_r+0x1e4>)
100055ea:	6081      	str	r1, [r0, #8]
100055ec:	681b      	ldr	r3, [r3, #0]
100055ee:	4293      	cmp	r3, r2
100055f0:	d89f      	bhi.n	10005532 <_free_r+0x9e>
100055f2:	4b22      	ldr	r3, [pc, #136]	@ (1000567c <_free_r+0x1e8>)
100055f4:	0028      	movs	r0, r5
100055f6:	6819      	ldr	r1, [r3, #0]
100055f8:	f7ff fef2 	bl	100053e0 <_malloc_trim_r>
100055fc:	e799      	b.n	10005532 <_free_r+0x9e>
100055fe:	2c14      	cmp	r4, #20
10005600:	d913      	bls.n	1000562a <_free_r+0x196>
10005602:	2c54      	cmp	r4, #84	@ 0x54
10005604:	d81d      	bhi.n	10005642 <_free_r+0x1ae>
10005606:	0b1c      	lsrs	r4, r3, #12
10005608:	0026      	movs	r6, r4
1000560a:	346f      	adds	r4, #111	@ 0x6f
1000560c:	366e      	adds	r6, #110	@ 0x6e
1000560e:	00e4      	lsls	r4, r4, #3
10005610:	e7ba      	b.n	10005588 <_free_r+0xf4>
10005612:	60e1      	str	r1, [r4, #12]
10005614:	60a1      	str	r1, [r4, #8]
10005616:	604a      	str	r2, [r1, #4]
10005618:	4662      	mov	r2, ip
1000561a:	60cc      	str	r4, [r1, #12]
1000561c:	608c      	str	r4, [r1, #8]
1000561e:	6013      	str	r3, [r2, #0]
10005620:	e787      	b.n	10005532 <_free_r+0x9e>
10005622:	431f      	orrs	r7, r3
10005624:	604f      	str	r7, [r1, #4]
10005626:	6033      	str	r3, [r6, #0]
10005628:	e783      	b.n	10005532 <_free_r+0x9e>
1000562a:	0026      	movs	r6, r4
1000562c:	345c      	adds	r4, #92	@ 0x5c
1000562e:	365b      	adds	r6, #91	@ 0x5b
10005630:	00e4      	lsls	r4, r4, #3
10005632:	e7a9      	b.n	10005588 <_free_r+0xf4>
10005634:	2301      	movs	r3, #1
10005636:	10b6      	asrs	r6, r6, #2
10005638:	40b3      	lsls	r3, r6
1000563a:	6846      	ldr	r6, [r0, #4]
1000563c:	4333      	orrs	r3, r6
1000563e:	6043      	str	r3, [r0, #4]
10005640:	e7b1      	b.n	100055a6 <_free_r+0x112>
10005642:	22aa      	movs	r2, #170	@ 0xaa
10005644:	0052      	lsls	r2, r2, #1
10005646:	4294      	cmp	r4, r2
10005648:	d805      	bhi.n	10005656 <_free_r+0x1c2>
1000564a:	0bdc      	lsrs	r4, r3, #15
1000564c:	0026      	movs	r6, r4
1000564e:	3478      	adds	r4, #120	@ 0x78
10005650:	3677      	adds	r6, #119	@ 0x77
10005652:	00e4      	lsls	r4, r4, #3
10005654:	e798      	b.n	10005588 <_free_r+0xf4>
10005656:	4a0a      	ldr	r2, [pc, #40]	@ (10005680 <_free_r+0x1ec>)
10005658:	4294      	cmp	r4, r2
1000565a:	d805      	bhi.n	10005668 <_free_r+0x1d4>
1000565c:	0c9c      	lsrs	r4, r3, #18
1000565e:	0026      	movs	r6, r4
10005660:	347d      	adds	r4, #125	@ 0x7d
10005662:	367c      	adds	r6, #124	@ 0x7c
10005664:	00e4      	lsls	r4, r4, #3
10005666:	e78f      	b.n	10005588 <_free_r+0xf4>
10005668:	24fe      	movs	r4, #254	@ 0xfe
1000566a:	267e      	movs	r6, #126	@ 0x7e
1000566c:	00a4      	lsls	r4, r4, #2
1000566e:	e78b      	b.n	10005588 <_free_r+0xf4>
10005670:	20000f38 	.word	0x20000f38
10005674:	20000f40 	.word	0x20000f40
10005678:	20000f34 	.word	0x20000f34
1000567c:	20001810 	.word	0x20001810
10005680:	00000554 	.word	0x00000554

10005684 <_fclose_r>:
10005684:	b570      	push	{r4, r5, r6, lr}
10005686:	0006      	movs	r6, r0
10005688:	1e0c      	subs	r4, r1, #0
1000568a:	d03f      	beq.n	1000570c <_fclose_r+0x88>
1000568c:	2800      	cmp	r0, #0
1000568e:	d002      	beq.n	10005696 <_fclose_r+0x12>
10005690:	6b43      	ldr	r3, [r0, #52]	@ 0x34
10005692:	2b00      	cmp	r3, #0
10005694:	d047      	beq.n	10005726 <_fclose_r+0xa2>
10005696:	2501      	movs	r5, #1
10005698:	220c      	movs	r2, #12
1000569a:	5ea3      	ldrsh	r3, [r4, r2]
1000569c:	6e62      	ldr	r2, [r4, #100]	@ 0x64
1000569e:	422a      	tst	r2, r5
100056a0:	d132      	bne.n	10005708 <_fclose_r+0x84>
100056a2:	059b      	lsls	r3, r3, #22
100056a4:	d542      	bpl.n	1000572c <_fclose_r+0xa8>
100056a6:	0021      	movs	r1, r4
100056a8:	0030      	movs	r0, r6
100056aa:	f7ff fb89 	bl	10004dc0 <__sflush_r>
100056ae:	6ae3      	ldr	r3, [r4, #44]	@ 0x2c
100056b0:	0005      	movs	r5, r0
100056b2:	2b00      	cmp	r3, #0
100056b4:	d004      	beq.n	100056c0 <_fclose_r+0x3c>
100056b6:	0030      	movs	r0, r6
100056b8:	69e1      	ldr	r1, [r4, #28]
100056ba:	4798      	blx	r3
100056bc:	2800      	cmp	r0, #0
100056be:	db28      	blt.n	10005712 <_fclose_r+0x8e>
100056c0:	89a3      	ldrh	r3, [r4, #12]
100056c2:	061b      	lsls	r3, r3, #24
100056c4:	d42a      	bmi.n	1000571c <_fclose_r+0x98>
100056c6:	6b21      	ldr	r1, [r4, #48]	@ 0x30
100056c8:	2900      	cmp	r1, #0
100056ca:	d008      	beq.n	100056de <_fclose_r+0x5a>
100056cc:	0023      	movs	r3, r4
100056ce:	3340      	adds	r3, #64	@ 0x40
100056d0:	4299      	cmp	r1, r3
100056d2:	d002      	beq.n	100056da <_fclose_r+0x56>
100056d4:	0030      	movs	r0, r6
100056d6:	f7ff fedd 	bl	10005494 <_free_r>
100056da:	2300      	movs	r3, #0
100056dc:	6323      	str	r3, [r4, #48]	@ 0x30
100056de:	6c61      	ldr	r1, [r4, #68]	@ 0x44
100056e0:	2900      	cmp	r1, #0
100056e2:	d004      	beq.n	100056ee <_fclose_r+0x6a>
100056e4:	0030      	movs	r0, r6
100056e6:	f7ff fed5 	bl	10005494 <_free_r>
100056ea:	2300      	movs	r3, #0
100056ec:	6463      	str	r3, [r4, #68]	@ 0x44
100056ee:	f7ff fd4b 	bl	10005188 <__sfp_lock_acquire>
100056f2:	2300      	movs	r3, #0
100056f4:	81a3      	strh	r3, [r4, #12]
100056f6:	6e63      	ldr	r3, [r4, #100]	@ 0x64
100056f8:	07db      	lsls	r3, r3, #31
100056fa:	d525      	bpl.n	10005748 <_fclose_r+0xc4>
100056fc:	6da0      	ldr	r0, [r4, #88]	@ 0x58
100056fe:	f7ff fe2d 	bl	1000535c <__retarget_lock_close_recursive>
10005702:	f7ff fd49 	bl	10005198 <__sfp_lock_release>
10005706:	e002      	b.n	1000570e <_fclose_r+0x8a>
10005708:	2b00      	cmp	r3, #0
1000570a:	d1cc      	bne.n	100056a6 <_fclose_r+0x22>
1000570c:	2500      	movs	r5, #0
1000570e:	0028      	movs	r0, r5
10005710:	bd70      	pop	{r4, r5, r6, pc}
10005712:	2501      	movs	r5, #1
10005714:	89a3      	ldrh	r3, [r4, #12]
10005716:	426d      	negs	r5, r5
10005718:	061b      	lsls	r3, r3, #24
1000571a:	d5d4      	bpl.n	100056c6 <_fclose_r+0x42>
1000571c:	0030      	movs	r0, r6
1000571e:	6921      	ldr	r1, [r4, #16]
10005720:	f7ff feb8 	bl	10005494 <_free_r>
10005724:	e7cf      	b.n	100056c6 <_fclose_r+0x42>
10005726:	f7ff fd13 	bl	10005150 <__sinit>
1000572a:	e7b4      	b.n	10005696 <_fclose_r+0x12>
1000572c:	6da0      	ldr	r0, [r4, #88]	@ 0x58
1000572e:	f7ff fe17 	bl	10005360 <__retarget_lock_acquire_recursive>
10005732:	220c      	movs	r2, #12
10005734:	5ea3      	ldrsh	r3, [r4, r2]
10005736:	2b00      	cmp	r3, #0
10005738:	d1b5      	bne.n	100056a6 <_fclose_r+0x22>
1000573a:	6e63      	ldr	r3, [r4, #100]	@ 0x64
1000573c:	422b      	tst	r3, r5
1000573e:	d1e5      	bne.n	1000570c <_fclose_r+0x88>
10005740:	6da0      	ldr	r0, [r4, #88]	@ 0x58
10005742:	f7ff fe0f 	bl	10005364 <__retarget_lock_release_recursive>
10005746:	e7e1      	b.n	1000570c <_fclose_r+0x88>
10005748:	6da0      	ldr	r0, [r4, #88]	@ 0x58
1000574a:	f7ff fe0b 	bl	10005364 <__retarget_lock_release_recursive>
1000574e:	e7d5      	b.n	100056fc <_fclose_r+0x78>

10005750 <_fini>:
10005750:	b5f8      	push	{r3, r4, r5, r6, r7, lr}
10005752:	46c0      	nop			@ (mov r8, r8)
10005754:	0000      	movs	r0, r0
	...

10005758 <__e15_is_critical_frame_period_veneer>:
10005758:	b401      	push	{r0}
1000575a:	4802      	ldr	r0, [pc, #8]	@ (10005764 <__e15_is_critical_frame_period_veneer+0xc>)
1000575c:	4684      	mov	ip, r0
1000575e:	bc01      	pop	{r0}
10005760:	4760      	bx	ip
10005762:	bf00      	nop
10005764:	20000a4d 	.word	0x20000a4d

10005768 <__flash_do_cmd_veneer>:
10005768:	b401      	push	{r0}
1000576a:	4802      	ldr	r0, [pc, #8]	@ (10005774 <__flash_do_cmd_veneer+0xc>)
1000576c:	4684      	mov	ip, r0
1000576e:	bc01      	pop	{r0}
10005770:	4760      	bx	ip
10005772:	bf00      	nop
10005774:	200002c1 	.word	0x200002c1

10005778 <__mutex_exit_veneer>:
10005778:	b401      	push	{r0}
1000577a:	4802      	ldr	r0, [pc, #8]	@ (10005784 <__mutex_exit_veneer+0xc>)
1000577c:	4684      	mov	ip, r0
1000577e:	bc01      	pop	{r0}
10005780:	4760      	bx	ip
10005782:	bf00      	nop
10005784:	20000225 	.word	0x20000225

10005788 <____aeabi_ldiv0_veneer>:
10005788:	b401      	push	{r0}
1000578a:	4802      	ldr	r0, [pc, #8]	@ (10005794 <____aeabi_ldiv0_veneer+0xc>)
1000578c:	4684      	mov	ip, r0
1000578e:	bc01      	pop	{r0}
10005790:	4760      	bx	ip
10005792:	bf00      	nop
10005794:	20000de5 	.word	0x20000de5

10005798 <____aeabi_idiv0_veneer>:
10005798:	b401      	push	{r0}
1000579a:	4802      	ldr	r0, [pc, #8]	@ (100057a4 <____aeabi_idiv0_veneer+0xc>)
1000579c:	4684      	mov	ip, r0
1000579e:	bc01      	pop	{r0}
100057a0:	4760      	bx	ip
100057a2:	bf00      	nop
100057a4:	20000de5 	.word	0x20000de5

100057a8 <__mutex_try_enter_veneer>:
100057a8:	b401      	push	{r0}
100057aa:	4802      	ldr	r0, [pc, #8]	@ (100057b4 <__mutex_try_enter_veneer+0xc>)
100057ac:	4684      	mov	ip, r0
100057ae:	bc01      	pop	{r0}
100057b0:	4760      	bx	ip
100057b2:	bf00      	nop
100057b4:	200000c1 	.word	0x200000c1

100057b8 <__e15_is_bulkin_ep_veneer>:
100057b8:	b401      	push	{r0}
100057ba:	4802      	ldr	r0, [pc, #8]	@ (100057c4 <__e15_is_bulkin_ep_veneer+0xc>)
100057bc:	4684      	mov	ip, r0
100057be:	bc01      	pop	{r0}
100057c0:	4760      	bx	ip
100057c2:	bf00      	nop
100057c4:	20000a25 	.word	0x20000a25

100057c8 <__mutex_enter_timeout_ms_veneer>:
100057c8:	b401      	push	{r0}
100057ca:	4802      	ldr	r0, [pc, #8]	@ (100057d4 <__mutex_enter_timeout_ms_veneer+0xc>)
100057cc:	4684      	mov	ip, r0
100057ce:	bc01      	pop	{r0}
100057d0:	4760      	bx	ip
100057d2:	bf00      	nop
100057d4:	20000199 	.word	0x20000199

100057d8 <__mutex_try_enter_block_until_veneer>:
100057d8:	b401      	push	{r0}
100057da:	4802      	ldr	r0, [pc, #8]	@ (100057e4 <__mutex_try_enter_block_until_veneer+0xc>)
100057dc:	4684      	mov	ip, r0
100057de:	bc01      	pop	{r0}
100057e0:	4760      	bx	ip
100057e2:	bf00      	nop
100057e4:	20000101 	.word	0x20000101

100057e8 <__hw_endpoint_start_next_buffer_veneer>:
100057e8:	b401      	push	{r0}
100057ea:	4802      	ldr	r0, [pc, #8]	@ (100057f4 <__hw_endpoint_start_next_buffer_veneer+0xc>)
100057ec:	4684      	mov	ip, r0
100057ee:	bc01      	pop	{r0}
100057f0:	4760      	bx	ip
100057f2:	bf00      	nop
100057f4:	20000bc1 	.word	0x20000bc1

100057f8 <___hw_endpoint_buffer_control_update32_veneer>:
100057f8:	b401      	push	{r0}
100057fa:	4802      	ldr	r0, [pc, #8]	@ (10005804 <___hw_endpoint_buffer_control_update32_veneer+0xc>)
100057fc:	4684      	mov	ip, r0
100057fe:	bc01      	pop	{r0}
10005800:	4760      	bx	ip
10005802:	bf00      	nop
10005804:	20000b69 	.word	0x20000b69

10005808 <__reset_non_control_endpoints_veneer>:
10005808:	b401      	push	{r0}
1000580a:	4802      	ldr	r0, [pc, #8]	@ (10005814 <__reset_non_control_endpoints_veneer+0xc>)
1000580c:	4684      	mov	ip, r0
1000580e:	bc01      	pop	{r0}
10005810:	4760      	bx	ip
10005812:	bf00      	nop
10005814:	200003f1 	.word	0x200003f1

Disassembly of section .data:

200000c0 <mutex_try_enter>:
200000c0:	0003      	movs	r3, r0
200000c2:	6800      	ldr	r0, [r0, #0]
200000c4:	f3ef 8c10 	mrs	ip, PRIMASK
200000c8:	b672      	cpsid	i
200000ca:	6802      	ldr	r2, [r0, #0]
200000cc:	2a00      	cmp	r2, #0
200000ce:	d0fc      	beq.n	200000ca <mutex_try_enter+0xa>
200000d0:	f3bf 8f5f 	dmb	sy
200000d4:	2204      	movs	r2, #4
200000d6:	569a      	ldrsb	r2, [r3, r2]
200000d8:	2a00      	cmp	r2, #0
200000da:	db0b      	blt.n	200000f4 <mutex_try_enter+0x34>
200000dc:	2900      	cmp	r1, #0
200000de:	d000      	beq.n	200000e2 <mutex_try_enter+0x22>
200000e0:	600a      	str	r2, [r1, #0]
200000e2:	2000      	movs	r0, #0
200000e4:	681b      	ldr	r3, [r3, #0]
200000e6:	f3bf 8f5f 	dmb	sy
200000ea:	2200      	movs	r2, #0
200000ec:	601a      	str	r2, [r3, #0]
200000ee:	f38c 8810 	msr	PRIMASK, ip
200000f2:	4770      	bx	lr
200000f4:	22d0      	movs	r2, #208	@ 0xd0
200000f6:	0612      	lsls	r2, r2, #24
200000f8:	6812      	ldr	r2, [r2, #0]
200000fa:	2001      	movs	r0, #1
200000fc:	711a      	strb	r2, [r3, #4]
200000fe:	e7f1      	b.n	200000e4 <mutex_try_enter+0x24>

20000100 <mutex_try_enter_block_until>:
20000100:	b5f0      	push	{r4, r5, r6, r7, lr}
20000102:	46c6      	mov	lr, r8
20000104:	0015      	movs	r5, r2
20000106:	b500      	push	{lr}
20000108:	0004      	movs	r4, r0
2000010a:	001e      	movs	r6, r3
2000010c:	6802      	ldr	r2, [r0, #0]
2000010e:	f3ef 8110 	mrs	r1, PRIMASK
20000112:	b672      	cpsid	i
20000114:	6813      	ldr	r3, [r2, #0]
20000116:	2b00      	cmp	r3, #0
20000118:	d0fc      	beq.n	20000114 <mutex_try_enter_block_until+0x14>
2000011a:	f3bf 8f5f 	dmb	sy
2000011e:	2304      	movs	r3, #4
20000120:	56e3      	ldrsb	r3, [r4, r3]
20000122:	6822      	ldr	r2, [r4, #0]
20000124:	2b00      	cmp	r3, #0
20000126:	db2b      	blt.n	20000180 <mutex_try_enter_block_until+0x80>
20000128:	f3bf 8f5f 	dmb	sy
2000012c:	2000      	movs	r0, #0
2000012e:	6010      	str	r0, [r2, #0]
20000130:	f381 8810 	msr	PRIMASK, r1
20000134:	22d0      	movs	r2, #208	@ 0xd0
20000136:	0612      	lsls	r2, r2, #24
20000138:	7812      	ldrb	r2, [r2, #0]
2000013a:	2700      	movs	r7, #0
2000013c:	b252      	sxtb	r2, r2
2000013e:	4690      	mov	r8, r2
20000140:	429a      	cmp	r2, r3
20000142:	d10e      	bne.n	20000162 <mutex_try_enter_block_until+0x62>
20000144:	2000      	movs	r0, #0
20000146:	bc80      	pop	{r7}
20000148:	46b8      	mov	r8, r7
2000014a:	bdf0      	pop	{r4, r5, r6, r7, pc}
2000014c:	f3bf 8f5f 	dmb	sy
20000150:	6017      	str	r7, [r2, #0]
20000152:	f381 8810 	msr	PRIMASK, r1
20000156:	0028      	movs	r0, r5
20000158:	0031      	movs	r1, r6
2000015a:	f000 fe6d 	bl	20000e38 <__best_effort_wfe_or_timeout_veneer>
2000015e:	2800      	cmp	r0, #0
20000160:	d1f0      	bne.n	20000144 <mutex_try_enter_block_until+0x44>
20000162:	6822      	ldr	r2, [r4, #0]
20000164:	f3ef 8110 	mrs	r1, PRIMASK
20000168:	b672      	cpsid	i
2000016a:	6813      	ldr	r3, [r2, #0]
2000016c:	2b00      	cmp	r3, #0
2000016e:	d0fc      	beq.n	2000016a <mutex_try_enter_block_until+0x6a>
20000170:	f3bf 8f5f 	dmb	sy
20000174:	7923      	ldrb	r3, [r4, #4]
20000176:	6822      	ldr	r2, [r4, #0]
20000178:	2b7f      	cmp	r3, #127	@ 0x7f
2000017a:	d9e7      	bls.n	2000014c <mutex_try_enter_block_until+0x4c>
2000017c:	4643      	mov	r3, r8
2000017e:	e002      	b.n	20000186 <mutex_try_enter_block_until+0x86>
20000180:	23d0      	movs	r3, #208	@ 0xd0
20000182:	061b      	lsls	r3, r3, #24
20000184:	681b      	ldr	r3, [r3, #0]
20000186:	7123      	strb	r3, [r4, #4]
20000188:	f3bf 8f5f 	dmb	sy
2000018c:	2300      	movs	r3, #0
2000018e:	6013      	str	r3, [r2, #0]
20000190:	f381 8810 	msr	PRIMASK, r1
20000194:	2001      	movs	r0, #1
20000196:	e7d6      	b.n	20000146 <mutex_try_enter_block_until+0x46>

20000198 <mutex_enter_timeout_ms>:
20000198:	b5f0      	push	{r4, r5, r6, r7, lr}
2000019a:	46c6      	mov	lr, r8
2000019c:	b500      	push	{lr}
2000019e:	000d      	movs	r5, r1
200001a0:	0004      	movs	r4, r0
200001a2:	f000 fe51 	bl	20000e48 <__time_us_64_veneer>
200001a6:	22fa      	movs	r2, #250	@ 0xfa
200001a8:	0006      	movs	r6, r0
200001aa:	000f      	movs	r7, r1
200001ac:	2300      	movs	r3, #0
200001ae:	0028      	movs	r0, r5
200001b0:	2100      	movs	r1, #0
200001b2:	0092      	lsls	r2, r2, #2
200001b4:	f000 fe18 	bl	20000de8 <____wrap___aeabi_lmul_veneer>
200001b8:	1836      	adds	r6, r6, r0
200001ba:	414f      	adcs	r7, r1
200001bc:	2f00      	cmp	r7, #0
200001be:	da02      	bge.n	200001c6 <mutex_enter_timeout_ms+0x2e>
200001c0:	2601      	movs	r6, #1
200001c2:	4f17      	ldr	r7, [pc, #92]	@ (20000220 <mutex_enter_timeout_ms+0x88>)
200001c4:	4276      	negs	r6, r6
200001c6:	23d0      	movs	r3, #208	@ 0xd0
200001c8:	061b      	lsls	r3, r3, #24
200001ca:	681b      	ldr	r3, [r3, #0]
200001cc:	2500      	movs	r5, #0
200001ce:	4698      	mov	r8, r3
200001d0:	e00a      	b.n	200001e8 <mutex_enter_timeout_ms+0x50>
200001d2:	f3bf 8f5f 	dmb	sy
200001d6:	6015      	str	r5, [r2, #0]
200001d8:	f381 8810 	msr	PRIMASK, r1
200001dc:	0030      	movs	r0, r6
200001de:	0039      	movs	r1, r7
200001e0:	f000 fe2a 	bl	20000e38 <__best_effort_wfe_or_timeout_veneer>
200001e4:	2800      	cmp	r0, #0
200001e6:	d118      	bne.n	2000021a <mutex_enter_timeout_ms+0x82>
200001e8:	6822      	ldr	r2, [r4, #0]
200001ea:	f3ef 8110 	mrs	r1, PRIMASK
200001ee:	b672      	cpsid	i
200001f0:	6813      	ldr	r3, [r2, #0]
200001f2:	2b00      	cmp	r3, #0
200001f4:	d0fc      	beq.n	200001f0 <mutex_enter_timeout_ms+0x58>
200001f6:	f3bf 8f5f 	dmb	sy
200001fa:	7923      	ldrb	r3, [r4, #4]
200001fc:	6822      	ldr	r2, [r4, #0]
200001fe:	2b7f      	cmp	r3, #127	@ 0x7f
20000200:	d9e7      	bls.n	200001d2 <mutex_enter_timeout_ms+0x3a>
20000202:	4643      	mov	r3, r8
20000204:	7123      	strb	r3, [r4, #4]
20000206:	f3bf 8f5f 	dmb	sy
2000020a:	2300      	movs	r3, #0
2000020c:	6013      	str	r3, [r2, #0]
2000020e:	f381 8810 	msr	PRIMASK, r1
20000212:	2001      	movs	r0, #1
20000214:	bc80      	pop	{r7}
20000216:	46b8      	mov	r8, r7
20000218:	bdf0      	pop	{r4, r5, r6, r7, pc}
2000021a:	2000      	movs	r0, #0
2000021c:	e7fa      	b.n	20000214 <mutex_enter_timeout_ms+0x7c>
2000021e:	46c0      	nop			@ (mov r8, r8)
20000220:	7fffffff 	.word	0x7fffffff

20000224 <mutex_exit>:
20000224:	6802      	ldr	r2, [r0, #0]
20000226:	f3ef 8110 	mrs	r1, PRIMASK
2000022a:	b672      	cpsid	i
2000022c:	6813      	ldr	r3, [r2, #0]
2000022e:	2b00      	cmp	r3, #0
20000230:	d0fc      	beq.n	2000022c <mutex_exit+0x8>
20000232:	f3bf 8f5f 	dmb	sy
20000236:	23ff      	movs	r3, #255	@ 0xff
20000238:	7103      	strb	r3, [r0, #4]
2000023a:	6803      	ldr	r3, [r0, #0]
2000023c:	f3bf 8f5f 	dmb	sy
20000240:	2200      	movs	r2, #0
20000242:	601a      	str	r2, [r3, #0]
20000244:	f381 8810 	msr	PRIMASK, r1
20000248:	bf40      	sev
2000024a:	4770      	bx	lr

2000024c <flash_init_boot2_copyout>:
2000024c:	b510      	push	{r4, lr}
2000024e:	4c08      	ldr	r4, [pc, #32]	@ (20000270 <flash_init_boot2_copyout+0x24>)
20000250:	7823      	ldrb	r3, [r4, #0]
20000252:	2b00      	cmp	r3, #0
20000254:	d10a      	bne.n	2000026c <flash_init_boot2_copyout+0x20>
20000256:	2380      	movs	r3, #128	@ 0x80
20000258:	4806      	ldr	r0, [pc, #24]	@ (20000274 <flash_init_boot2_copyout+0x28>)
2000025a:	4907      	ldr	r1, [pc, #28]	@ (20000278 <flash_init_boot2_copyout+0x2c>)
2000025c:	055b      	lsls	r3, r3, #21
2000025e:	681a      	ldr	r2, [r3, #0]
20000260:	50c2      	str	r2, [r0, r3]
20000262:	3304      	adds	r3, #4
20000264:	428b      	cmp	r3, r1
20000266:	d1fa      	bne.n	2000025e <flash_init_boot2_copyout+0x12>
20000268:	2301      	movs	r3, #1
2000026a:	7023      	strb	r3, [r4, #0]
2000026c:	bd10      	pop	{r4, pc}
2000026e:	46c0      	nop			@ (mov r8, r8)
20000270:	200023b3 	.word	0x200023b3
20000274:	10001da4 	.word	0x10001da4
20000278:	10000100 	.word	0x10000100

2000027c <flash_enable_xip_via_boot2>:
2000027c:	b510      	push	{r4, lr}
2000027e:	4b01      	ldr	r3, [pc, #4]	@ (20000284 <flash_enable_xip_via_boot2+0x8>)
20000280:	4798      	blx	r3
20000282:	bd10      	pop	{r4, pc}
20000284:	20001da5 	.word	0x20001da5

20000288 <flash_cs_force.constprop.0>:
20000288:	4b03      	ldr	r3, [pc, #12]	@ (20000298 <flash_cs_force.constprop.0+0x10>)
2000028a:	681a      	ldr	r2, [r3, #0]
2000028c:	23c0      	movs	r3, #192	@ 0xc0
2000028e:	009b      	lsls	r3, r3, #2
20000290:	4393      	bics	r3, r2
20000292:	4a02      	ldr	r2, [pc, #8]	@ (2000029c <flash_cs_force.constprop.0+0x14>)
20000294:	6013      	str	r3, [r2, #0]
20000296:	4770      	bx	lr
20000298:	4001800c 	.word	0x4001800c
2000029c:	4001900c 	.word	0x4001900c

200002a0 <flash_cs_force.constprop.1>:
200002a0:	4b05      	ldr	r3, [pc, #20]	@ (200002b8 <flash_cs_force.constprop.1+0x18>)
200002a2:	681a      	ldr	r2, [r3, #0]
200002a4:	2380      	movs	r3, #128	@ 0x80
200002a6:	009b      	lsls	r3, r3, #2
200002a8:	4053      	eors	r3, r2
200002aa:	22c0      	movs	r2, #192	@ 0xc0
200002ac:	0092      	lsls	r2, r2, #2
200002ae:	4013      	ands	r3, r2
200002b0:	4a02      	ldr	r2, [pc, #8]	@ (200002bc <flash_cs_force.constprop.1+0x1c>)
200002b2:	6013      	str	r3, [r2, #0]
200002b4:	4770      	bx	lr
200002b6:	46c0      	nop			@ (mov r8, r8)
200002b8:	4001800c 	.word	0x4001800c
200002bc:	4001900c 	.word	0x4001900c

200002c0 <flash_do_cmd>:
200002c0:	2300      	movs	r3, #0
200002c2:	b5f0      	push	{r4, r5, r6, r7, lr}
200002c4:	46de      	mov	lr, fp
200002c6:	4657      	mov	r7, sl
200002c8:	464e      	mov	r6, r9
200002ca:	4645      	mov	r5, r8
200002cc:	469a      	mov	sl, r3
200002ce:	b5e0      	push	{r5, r6, r7, lr}
200002d0:	b083      	sub	sp, #12
200002d2:	9001      	str	r0, [sp, #4]
200002d4:	000e      	movs	r6, r1
200002d6:	8a98      	ldrh	r0, [r3, #20]
200002d8:	4942      	ldr	r1, [pc, #264]	@ (200003e4 <flash_do_cmd+0x124>)
200002da:	8b1b      	ldrh	r3, [r3, #24]
200002dc:	0014      	movs	r4, r2
200002de:	4798      	blx	r3
200002e0:	4653      	mov	r3, sl
200002e2:	4681      	mov	r9, r0
200002e4:	4940      	ldr	r1, [pc, #256]	@ (200003e8 <flash_do_cmd+0x128>)
200002e6:	8a98      	ldrh	r0, [r3, #20]
200002e8:	8b1b      	ldrh	r3, [r3, #24]
200002ea:	4798      	blx	r3
200002ec:	4653      	mov	r3, sl
200002ee:	493f      	ldr	r1, [pc, #252]	@ (200003ec <flash_do_cmd+0x12c>)
200002f0:	0005      	movs	r5, r0
200002f2:	8a98      	ldrh	r0, [r3, #20]
200002f4:	8b1b      	ldrh	r3, [r3, #24]
200002f6:	4798      	blx	r3
200002f8:	4680      	mov	r8, r0
200002fa:	f7ff ffa7 	bl	2000024c <flash_init_boot2_copyout>
200002fe:	47c8      	blx	r9
20000300:	47a8      	blx	r5
20000302:	f7ff ffcd 	bl	200002a0 <flash_cs_force.constprop.1>
20000306:	1e25      	subs	r5, r4, #0
20000308:	d022      	beq.n	20000350 <flash_do_cmd+0x90>
2000030a:	2308      	movs	r3, #8
2000030c:	21c0      	movs	r1, #192	@ 0xc0
2000030e:	469c      	mov	ip, r3
20000310:	2002      	movs	r0, #2
20000312:	0549      	lsls	r1, r1, #21
20000314:	4662      	mov	r2, ip
20000316:	6a8b      	ldr	r3, [r1, #40]	@ 0x28
20000318:	401a      	ands	r2, r3
2000031a:	4218      	tst	r0, r3
2000031c:	d03c      	beq.n	20000398 <flash_do_cmd+0xd8>
2000031e:	1b63      	subs	r3, r4, r5
20000320:	2d00      	cmp	r5, #0
20000322:	d12c      	bne.n	2000037e <flash_do_cmd+0xbe>
20000324:	2a00      	cmp	r2, #0
20000326:	d111      	bne.n	2000034c <flash_do_cmd+0x8c>
20000328:	2c00      	cmp	r4, #0
2000032a:	d011      	beq.n	20000350 <flash_do_cmd+0x90>
2000032c:	23c0      	movs	r3, #192	@ 0xc0
2000032e:	055b      	lsls	r3, r3, #21
20000330:	469b      	mov	fp, r3
20000332:	2302      	movs	r3, #2
20000334:	469a      	mov	sl, r3
20000336:	3306      	adds	r3, #6
20000338:	4699      	mov	r9, r3
2000033a:	465b      	mov	r3, fp
2000033c:	464a      	mov	r2, r9
2000033e:	4657      	mov	r7, sl
20000340:	6a9b      	ldr	r3, [r3, #40]	@ 0x28
20000342:	401a      	ands	r2, r3
20000344:	421f      	tst	r7, r3
20000346:	d03f      	beq.n	200003c8 <flash_do_cmd+0x108>
20000348:	2a00      	cmp	r2, #0
2000034a:	d0f6      	beq.n	2000033a <flash_do_cmd+0x7a>
2000034c:	2c00      	cmp	r4, #0
2000034e:	d12d      	bne.n	200003ac <flash_do_cmd+0xec>
20000350:	f7ff ff9a 	bl	20000288 <flash_cs_force.constprop.0>
20000354:	47c0      	blx	r8
20000356:	f7ff ff91 	bl	2000027c <flash_enable_xip_via_boot2>
2000035a:	b003      	add	sp, #12
2000035c:	bcf0      	pop	{r4, r5, r6, r7}
2000035e:	46bb      	mov	fp, r7
20000360:	46b2      	mov	sl, r6
20000362:	46a9      	mov	r9, r5
20000364:	46a0      	mov	r8, r4
20000366:	bdf0      	pop	{r4, r5, r6, r7, pc}
20000368:	2c00      	cmp	r4, #0
2000036a:	d12f      	bne.n	200003cc <flash_do_cmd+0x10c>
2000036c:	22c0      	movs	r2, #192	@ 0xc0
2000036e:	0552      	lsls	r2, r2, #21
20000370:	6a92      	ldr	r2, [r2, #40]	@ 0x28
20000372:	4691      	mov	r9, r2
20000374:	2208      	movs	r2, #8
20000376:	464f      	mov	r7, r9
20000378:	403a      	ands	r2, r7
2000037a:	07bf      	lsls	r7, r7, #30
2000037c:	d52d      	bpl.n	200003da <flash_do_cmd+0x11a>
2000037e:	2b0d      	cmp	r3, #13
20000380:	d91b      	bls.n	200003ba <flash_do_cmd+0xfa>
20000382:	2a00      	cmp	r2, #0
20000384:	d1f0      	bne.n	20000368 <flash_do_cmd+0xa8>
20000386:	22c0      	movs	r2, #192	@ 0xc0
20000388:	0552      	lsls	r2, r2, #21
2000038a:	6a92      	ldr	r2, [r2, #40]	@ 0x28
2000038c:	4691      	mov	r9, r2
2000038e:	2208      	movs	r2, #8
20000390:	464f      	mov	r7, r9
20000392:	403a      	ands	r2, r7
20000394:	07bf      	lsls	r7, r7, #30
20000396:	d4f2      	bmi.n	2000037e <flash_do_cmd+0xbe>
20000398:	2a00      	cmp	r2, #0
2000039a:	d104      	bne.n	200003a6 <flash_do_cmd+0xe6>
2000039c:	002b      	movs	r3, r5
2000039e:	4323      	orrs	r3, r4
200003a0:	2b00      	cmp	r3, #0
200003a2:	d1b7      	bne.n	20000314 <flash_do_cmd+0x54>
200003a4:	e7d4      	b.n	20000350 <flash_do_cmd+0x90>
200003a6:	002b      	movs	r3, r5
200003a8:	2c00      	cmp	r4, #0
200003aa:	d0f9      	beq.n	200003a0 <flash_do_cmd+0xe0>
200003ac:	6e0b      	ldr	r3, [r1, #96]	@ 0x60
200003ae:	3c01      	subs	r4, #1
200003b0:	7033      	strb	r3, [r6, #0]
200003b2:	0023      	movs	r3, r4
200003b4:	3601      	adds	r6, #1
200003b6:	432b      	orrs	r3, r5
200003b8:	e7f2      	b.n	200003a0 <flash_do_cmd+0xe0>
200003ba:	9f01      	ldr	r7, [sp, #4]
200003bc:	3d01      	subs	r5, #1
200003be:	783b      	ldrb	r3, [r7, #0]
200003c0:	3701      	adds	r7, #1
200003c2:	660b      	str	r3, [r1, #96]	@ 0x60
200003c4:	9701      	str	r7, [sp, #4]
200003c6:	e7e7      	b.n	20000398 <flash_do_cmd+0xd8>
200003c8:	2500      	movs	r5, #0
200003ca:	e7e5      	b.n	20000398 <flash_do_cmd+0xd8>
200003cc:	23c0      	movs	r3, #192	@ 0xc0
200003ce:	055b      	lsls	r3, r3, #21
200003d0:	6e1b      	ldr	r3, [r3, #96]	@ 0x60
200003d2:	3c01      	subs	r4, #1
200003d4:	7033      	strb	r3, [r6, #0]
200003d6:	3601      	adds	r6, #1
200003d8:	e79c      	b.n	20000314 <flash_do_cmd+0x54>
200003da:	002b      	movs	r3, r5
200003dc:	2a00      	cmp	r2, #0
200003de:	d1df      	bne.n	200003a0 <flash_do_cmd+0xe0>
200003e0:	e7dc      	b.n	2000039c <flash_do_cmd+0xdc>
200003e2:	46c0      	nop			@ (mov r8, r8)
200003e4:	00004649 	.word	0x00004649
200003e8:	00005845 	.word	0x00005845
200003ec:	00004346 	.word	0x00004346

200003f0 <reset_non_control_endpoints>:
200003f0:	2200      	movs	r2, #0
200003f2:	4b15      	ldr	r3, [pc, #84]	@ (20000448 <reset_non_control_endpoints+0x58>)
200003f4:	b510      	push	{r4, lr}
200003f6:	609a      	str	r2, [r3, #8]
200003f8:	60da      	str	r2, [r3, #12]
200003fa:	611a      	str	r2, [r3, #16]
200003fc:	615a      	str	r2, [r3, #20]
200003fe:	619a      	str	r2, [r3, #24]
20000400:	61da      	str	r2, [r3, #28]
20000402:	621a      	str	r2, [r3, #32]
20000404:	625a      	str	r2, [r3, #36]	@ 0x24
20000406:	629a      	str	r2, [r3, #40]	@ 0x28
20000408:	62da      	str	r2, [r3, #44]	@ 0x2c
2000040a:	631a      	str	r2, [r3, #48]	@ 0x30
2000040c:	635a      	str	r2, [r3, #52]	@ 0x34
2000040e:	639a      	str	r2, [r3, #56]	@ 0x38
20000410:	63da      	str	r2, [r3, #60]	@ 0x3c
20000412:	641a      	str	r2, [r3, #64]	@ 0x40
20000414:	645a      	str	r2, [r3, #68]	@ 0x44
20000416:	649a      	str	r2, [r3, #72]	@ 0x48
20000418:	64da      	str	r2, [r3, #76]	@ 0x4c
2000041a:	651a      	str	r2, [r3, #80]	@ 0x50
2000041c:	655a      	str	r2, [r3, #84]	@ 0x54
2000041e:	659a      	str	r2, [r3, #88]	@ 0x58
20000420:	65da      	str	r2, [r3, #92]	@ 0x5c
20000422:	661a      	str	r2, [r3, #96]	@ 0x60
20000424:	665a      	str	r2, [r3, #100]	@ 0x64
20000426:	669a      	str	r2, [r3, #104]	@ 0x68
20000428:	66da      	str	r2, [r3, #108]	@ 0x6c
2000042a:	671a      	str	r2, [r3, #112]	@ 0x70
2000042c:	675a      	str	r2, [r3, #116]	@ 0x74
2000042e:	679a      	str	r2, [r3, #120]	@ 0x78
20000430:	67da      	str	r2, [r3, #124]	@ 0x7c
20000432:	32f0      	adds	r2, #240	@ 0xf0
20000434:	0092      	lsls	r2, r2, #2
20000436:	2100      	movs	r1, #0
20000438:	4804      	ldr	r0, [pc, #16]	@ (2000044c <reset_non_control_endpoints+0x5c>)
2000043a:	f000 fcf5 	bl	20000e28 <____wrap_memset_veneer>
2000043e:	4b04      	ldr	r3, [pc, #16]	@ (20000450 <reset_non_control_endpoints+0x60>)
20000440:	4a04      	ldr	r2, [pc, #16]	@ (20000454 <reset_non_control_endpoints+0x64>)
20000442:	601a      	str	r2, [r3, #0]
20000444:	bd10      	pop	{r4, pc}
20000446:	46c0      	nop			@ (mov r8, r8)
20000448:	50100000 	.word	0x50100000
2000044c:	20001f70 	.word	0x20001f70
20000450:	20002340 	.word	0x20002340
20000454:	50100180 	.word	0x50100180

20000458 <hw_handle_buff_status>:
20000458:	b5f0      	push	{r4, r5, r6, r7, lr}
2000045a:	4657      	mov	r7, sl
2000045c:	464e      	mov	r6, r9
2000045e:	4645      	mov	r5, r8
20000460:	46de      	mov	lr, fp
20000462:	b5e0      	push	{r5, r6, r7, lr}
20000464:	4b27      	ldr	r3, [pc, #156]	@ (20000504 <hw_handle_buff_status+0xac>)
20000466:	2500      	movs	r5, #0
20000468:	6d9f      	ldr	r7, [r3, #88]	@ 0x58
2000046a:	2601      	movs	r6, #1
2000046c:	b089      	sub	sp, #36	@ 0x24
2000046e:	2f00      	cmp	r7, #0
20000470:	d025      	beq.n	200004be <hw_handle_buff_status+0x66>
20000472:	4b25      	ldr	r3, [pc, #148]	@ (20000508 <hw_handle_buff_status+0xb0>)
20000474:	469a      	mov	sl, r3
20000476:	2301      	movs	r3, #1
20000478:	469b      	mov	fp, r3
2000047a:	4b24      	ldr	r3, [pc, #144]	@ (2000050c <hw_handle_buff_status+0xb4>)
2000047c:	9301      	str	r3, [sp, #4]
2000047e:	e001      	b.n	20000484 <hw_handle_buff_status+0x2c>
20000480:	2d20      	cmp	r5, #32
20000482:	d01c      	beq.n	200004be <hw_handle_buff_status+0x66>
20000484:	0032      	movs	r2, r6
20000486:	002c      	movs	r4, r5
20000488:	3501      	adds	r5, #1
2000048a:	46b0      	mov	r8, r6
2000048c:	403a      	ands	r2, r7
2000048e:	b2ed      	uxtb	r5, r5
20000490:	0076      	lsls	r6, r6, #1
20000492:	2a00      	cmp	r2, #0
20000494:	d0f4      	beq.n	20000480 <hw_handle_buff_status+0x28>
20000496:	4653      	mov	r3, sl
20000498:	4642      	mov	r2, r8
2000049a:	659a      	str	r2, [r3, #88]	@ 0x58
2000049c:	465b      	mov	r3, fp
2000049e:	0864      	lsrs	r4, r4, #1
200004a0:	402b      	ands	r3, r5
200004a2:	0064      	lsls	r4, r4, #1
200004a4:	18e4      	adds	r4, r4, r3
200004a6:	9b01      	ldr	r3, [sp, #4]
200004a8:	0164      	lsls	r4, r4, #5
200004aa:	469c      	mov	ip, r3
200004ac:	4464      	add	r4, ip
200004ae:	0020      	movs	r0, r4
200004b0:	f000 fbba 	bl	20000c28 <hw_endpoint_xfer_continue>
200004b4:	2800      	cmp	r0, #0
200004b6:	d109      	bne.n	200004cc <hw_handle_buff_status+0x74>
200004b8:	4643      	mov	r3, r8
200004ba:	439f      	bics	r7, r3
200004bc:	d1e0      	bne.n	20000480 <hw_handle_buff_status+0x28>
200004be:	b009      	add	sp, #36	@ 0x24
200004c0:	bcf0      	pop	{r4, r5, r6, r7}
200004c2:	46bb      	mov	fp, r7
200004c4:	46b2      	mov	sl, r6
200004c6:	46a9      	mov	r9, r5
200004c8:	46a0      	mov	r8, r4
200004ca:	bdf0      	pop	{r4, r5, r6, r7, pc}
200004cc:	a905      	add	r1, sp, #20
200004ce:	4689      	mov	r9, r1
200004d0:	8ae2      	ldrh	r2, [r4, #22]
200004d2:	78a3      	ldrb	r3, [r4, #2]
200004d4:	a804      	add	r0, sp, #16
200004d6:	9203      	str	r2, [sp, #12]
200004d8:	2100      	movs	r1, #0
200004da:	2206      	movs	r2, #6
200004dc:	3006      	adds	r0, #6
200004de:	9302      	str	r3, [sp, #8]
200004e0:	f000 fca2 	bl	20000e28 <____wrap_memset_veneer>
200004e4:	23e0      	movs	r3, #224	@ 0xe0
200004e6:	4649      	mov	r1, r9
200004e8:	00db      	lsls	r3, r3, #3
200004ea:	9a03      	ldr	r2, [sp, #12]
200004ec:	800b      	strh	r3, [r1, #0]
200004ee:	9b02      	ldr	r3, [sp, #8]
200004f0:	4648      	mov	r0, r9
200004f2:	710b      	strb	r3, [r1, #4]
200004f4:	608a      	str	r2, [r1, #8]
200004f6:	2101      	movs	r1, #1
200004f8:	f000 fbbe 	bl	20000c78 <dcd_event_handler>
200004fc:	0020      	movs	r0, r4
200004fe:	f000 fb2d 	bl	20000b5c <hw_endpoint_reset_transfer>
20000502:	e7d9      	b.n	200004b8 <hw_handle_buff_status+0x60>
20000504:	50110000 	.word	0x50110000
20000508:	50113000 	.word	0x50113000
2000050c:	20001f30 	.word	0x20001f30

20000510 <dcd_rp2040_irq>:
20000510:	2398      	movs	r3, #152	@ 0x98
20000512:	4acb      	ldr	r2, [pc, #812]	@ (20000840 <dcd_rp2040_irq+0x330>)
20000514:	b5f0      	push	{r4, r5, r6, r7, lr}
20000516:	58d5      	ldr	r5, [r2, r3]
20000518:	2380      	movs	r3, #128	@ 0x80
2000051a:	002c      	movs	r4, r5
2000051c:	029b      	lsls	r3, r3, #10
2000051e:	2610      	movs	r6, #16
20000520:	b085      	sub	sp, #20
20000522:	401c      	ands	r4, r3
20000524:	421d      	tst	r5, r3
20000526:	d07a      	beq.n	2000061e <dcd_rp2040_irq+0x10e>
20000528:	4bc6      	ldr	r3, [pc, #792]	@ (20000844 <dcd_rp2040_irq+0x334>)
2000052a:	4cc7      	ldr	r4, [pc, #796]	@ (20000848 <dcd_rp2040_irq+0x338>)
2000052c:	6a9a      	ldr	r2, [r3, #40]	@ 0x28
2000052e:	4bc7      	ldr	r3, [pc, #796]	@ (2000084c <dcd_rp2040_irq+0x33c>)
20000530:	2600      	movs	r6, #0
20000532:	601a      	str	r2, [r3, #0]
20000534:	233b      	movs	r3, #59	@ 0x3b
20000536:	5ce3      	ldrb	r3, [r4, r3]
20000538:	2b02      	cmp	r3, #2
2000053a:	d100      	bne.n	2000053e <dcd_rp2040_irq+0x2e>
2000053c:	e10b      	b.n	20000756 <dcd_rp2040_irq+0x246>
2000053e:	237b      	movs	r3, #123	@ 0x7b
20000540:	5ce3      	ldrb	r3, [r4, r3]
20000542:	2b02      	cmp	r3, #2
20000544:	d100      	bne.n	20000548 <dcd_rp2040_irq+0x38>
20000546:	e117      	b.n	20000778 <dcd_rp2040_irq+0x268>
20000548:	23bb      	movs	r3, #187	@ 0xbb
2000054a:	5ce3      	ldrb	r3, [r4, r3]
2000054c:	2b02      	cmp	r3, #2
2000054e:	d100      	bne.n	20000552 <dcd_rp2040_irq+0x42>
20000550:	e11e      	b.n	20000790 <dcd_rp2040_irq+0x280>
20000552:	23fb      	movs	r3, #251	@ 0xfb
20000554:	5ce3      	ldrb	r3, [r4, r3]
20000556:	2b02      	cmp	r3, #2
20000558:	d100      	bne.n	2000055c <dcd_rp2040_irq+0x4c>
2000055a:	e125      	b.n	200007a8 <dcd_rp2040_irq+0x298>
2000055c:	233c      	movs	r3, #60	@ 0x3c
2000055e:	33ff      	adds	r3, #255	@ 0xff
20000560:	5ce3      	ldrb	r3, [r4, r3]
20000562:	2b02      	cmp	r3, #2
20000564:	d100      	bne.n	20000568 <dcd_rp2040_irq+0x58>
20000566:	e12b      	b.n	200007c0 <dcd_rp2040_irq+0x2b0>
20000568:	237c      	movs	r3, #124	@ 0x7c
2000056a:	33ff      	adds	r3, #255	@ 0xff
2000056c:	5ce3      	ldrb	r3, [r4, r3]
2000056e:	2b02      	cmp	r3, #2
20000570:	d100      	bne.n	20000574 <dcd_rp2040_irq+0x64>
20000572:	e132      	b.n	200007da <dcd_rp2040_irq+0x2ca>
20000574:	23bc      	movs	r3, #188	@ 0xbc
20000576:	33ff      	adds	r3, #255	@ 0xff
20000578:	5ce3      	ldrb	r3, [r4, r3]
2000057a:	2b02      	cmp	r3, #2
2000057c:	d100      	bne.n	20000580 <dcd_rp2040_irq+0x70>
2000057e:	e189      	b.n	20000894 <dcd_rp2040_irq+0x384>
20000580:	23fc      	movs	r3, #252	@ 0xfc
20000582:	33ff      	adds	r3, #255	@ 0xff
20000584:	5ce3      	ldrb	r3, [r4, r3]
20000586:	2b02      	cmp	r3, #2
20000588:	d100      	bne.n	2000058c <dcd_rp2040_irq+0x7c>
2000058a:	e13f      	b.n	2000080c <dcd_rp2040_irq+0x2fc>
2000058c:	4bb0      	ldr	r3, [pc, #704]	@ (20000850 <dcd_rp2040_irq+0x340>)
2000058e:	5ce3      	ldrb	r3, [r4, r3]
20000590:	2b02      	cmp	r3, #2
20000592:	d100      	bne.n	20000596 <dcd_rp2040_irq+0x86>
20000594:	e195      	b.n	200008c2 <dcd_rp2040_irq+0x3b2>
20000596:	4baf      	ldr	r3, [pc, #700]	@ (20000854 <dcd_rp2040_irq+0x344>)
20000598:	5ce3      	ldrb	r3, [r4, r3]
2000059a:	2b02      	cmp	r3, #2
2000059c:	d100      	bne.n	200005a0 <dcd_rp2040_irq+0x90>
2000059e:	e129      	b.n	200007f4 <dcd_rp2040_irq+0x2e4>
200005a0:	4bad      	ldr	r3, [pc, #692]	@ (20000858 <dcd_rp2040_irq+0x348>)
200005a2:	5ce3      	ldrb	r3, [r4, r3]
200005a4:	2b02      	cmp	r3, #2
200005a6:	d100      	bne.n	200005aa <dcd_rp2040_irq+0x9a>
200005a8:	e180      	b.n	200008ac <dcd_rp2040_irq+0x39c>
200005aa:	4bac      	ldr	r3, [pc, #688]	@ (2000085c <dcd_rp2040_irq+0x34c>)
200005ac:	5ce3      	ldrb	r3, [r4, r3]
200005ae:	2b02      	cmp	r3, #2
200005b0:	d100      	bne.n	200005b4 <dcd_rp2040_irq+0xa4>
200005b2:	e138      	b.n	20000826 <dcd_rp2040_irq+0x316>
200005b4:	4baa      	ldr	r3, [pc, #680]	@ (20000860 <dcd_rp2040_irq+0x350>)
200005b6:	5ce3      	ldrb	r3, [r4, r3]
200005b8:	2b02      	cmp	r3, #2
200005ba:	d100      	bne.n	200005be <dcd_rp2040_irq+0xae>
200005bc:	e18c      	b.n	200008d8 <dcd_rp2040_irq+0x3c8>
200005be:	4ba9      	ldr	r3, [pc, #676]	@ (20000864 <dcd_rp2040_irq+0x354>)
200005c0:	5ce3      	ldrb	r3, [r4, r3]
200005c2:	2b02      	cmp	r3, #2
200005c4:	d100      	bne.n	200005c8 <dcd_rp2040_irq+0xb8>
200005c6:	e09a      	b.n	200006fe <dcd_rp2040_irq+0x1ee>
200005c8:	4ba7      	ldr	r3, [pc, #668]	@ (20000868 <dcd_rp2040_irq+0x358>)
200005ca:	5ce3      	ldrb	r3, [r4, r3]
200005cc:	2b02      	cmp	r3, #2
200005ce:	d100      	bne.n	200005d2 <dcd_rp2040_irq+0xc2>
200005d0:	e18d      	b.n	200008ee <dcd_rp2040_irq+0x3de>
200005d2:	4ba6      	ldr	r3, [pc, #664]	@ (2000086c <dcd_rp2040_irq+0x35c>)
200005d4:	5ce3      	ldrb	r3, [r4, r3]
200005d6:	2b02      	cmp	r3, #2
200005d8:	d100      	bne.n	200005dc <dcd_rp2040_irq+0xcc>
200005da:	e0aa      	b.n	20000732 <dcd_rp2040_irq+0x222>
200005dc:	2e00      	cmp	r6, #0
200005de:	d108      	bne.n	200005f2 <dcd_rp2040_irq+0xe2>
200005e0:	4ba3      	ldr	r3, [pc, #652]	@ (20000870 <dcd_rp2040_irq+0x360>)
200005e2:	781b      	ldrb	r3, [r3, #0]
200005e4:	2b00      	cmp	r3, #0
200005e6:	d104      	bne.n	200005f2 <dcd_rp2040_irq+0xe2>
200005e8:	2180      	movs	r1, #128	@ 0x80
200005ea:	4aa2      	ldr	r2, [pc, #648]	@ (20000874 <dcd_rp2040_irq+0x364>)
200005ec:	3390      	adds	r3, #144	@ 0x90
200005ee:	0289      	lsls	r1, r1, #10
200005f0:	50d1      	str	r1, [r2, r3]
200005f2:	4b93      	ldr	r3, [pc, #588]	@ (20000840 <dcd_rp2040_irq+0x330>)
200005f4:	220a      	movs	r2, #10
200005f6:	6c9c      	ldr	r4, [r3, #72]	@ 0x48
200005f8:	466b      	mov	r3, sp
200005fa:	2100      	movs	r1, #0
200005fc:	1d98      	adds	r0, r3, #6
200005fe:	f000 fc13 	bl	20000e28 <____wrap_memset_veneer>
20000602:	23c0      	movs	r3, #192	@ 0xc0
20000604:	466a      	mov	r2, sp
20000606:	0564      	lsls	r4, r4, #21
20000608:	009b      	lsls	r3, r3, #2
2000060a:	0d64      	lsrs	r4, r4, #21
2000060c:	8093      	strh	r3, [r2, #4]
2000060e:	2101      	movs	r1, #1
20000610:	9402      	str	r4, [sp, #8]
20000612:	a801      	add	r0, sp, #4
20000614:	2480      	movs	r4, #128	@ 0x80
20000616:	f000 fb2f 	bl	20000c78 <dcd_event_handler>
2000061a:	4e97      	ldr	r6, [pc, #604]	@ (20000878 <dcd_rp2040_irq+0x368>)
2000061c:	02a4      	lsls	r4, r4, #10
2000061e:	06eb      	lsls	r3, r5, #27
20000620:	d469      	bmi.n	200006f6 <dcd_rp2040_irq+0x1e6>
20000622:	2380      	movs	r3, #128	@ 0x80
20000624:	025b      	lsls	r3, r3, #9
20000626:	421d      	tst	r5, r3
20000628:	d014      	beq.n	20000654 <dcd_rp2040_irq+0x144>
2000062a:	2201      	movs	r2, #1
2000062c:	2123      	movs	r1, #35	@ 0x23
2000062e:	431c      	orrs	r4, r3
20000630:	4b85      	ldr	r3, [pc, #532]	@ (20000848 <dcd_rp2040_irq+0x338>)
20000632:	545a      	strb	r2, [r3, r1]
20000634:	70da      	strb	r2, [r3, #3]
20000636:	23c0      	movs	r3, #192	@ 0xc0
20000638:	4a90      	ldr	r2, [pc, #576]	@ (2000087c <dcd_rp2040_irq+0x36c>)
2000063a:	00db      	lsls	r3, r3, #3
2000063c:	9301      	str	r3, [sp, #4]
2000063e:	ab02      	add	r3, sp, #8
20000640:	ca03      	ldmia	r2!, {r0, r1}
20000642:	c303      	stmia	r3!, {r0, r1}
20000644:	2101      	movs	r1, #1
20000646:	a801      	add	r0, sp, #4
20000648:	f000 fb16 	bl	20000c78 <dcd_event_handler>
2000064c:	2280      	movs	r2, #128	@ 0x80
2000064e:	4b89      	ldr	r3, [pc, #548]	@ (20000874 <dcd_rp2040_irq+0x364>)
20000650:	0292      	lsls	r2, r2, #10
20000652:	651a      	str	r2, [r3, #80]	@ 0x50
20000654:	2380      	movs	r3, #128	@ 0x80
20000656:	015b      	lsls	r3, r3, #5
20000658:	421d      	tst	r5, r3
2000065a:	d133      	bne.n	200006c4 <dcd_rp2040_irq+0x1b4>
2000065c:	2380      	movs	r3, #128	@ 0x80
2000065e:	01db      	lsls	r3, r3, #7
20000660:	421d      	tst	r5, r3
20000662:	d11c      	bne.n	2000069e <dcd_rp2040_irq+0x18e>
20000664:	2380      	movs	r3, #128	@ 0x80
20000666:	021b      	lsls	r3, r3, #8
20000668:	421d      	tst	r5, r3
2000066a:	d104      	bne.n	20000676 <dcd_rp2040_irq+0x166>
2000066c:	42ac      	cmp	r4, r5
2000066e:	d000      	beq.n	20000672 <dcd_rp2040_irq+0x162>
20000670:	e1c4      	b.n	200009fc <dcd_rp2040_irq+0x4ec>
20000672:	b005      	add	sp, #20
20000674:	bdf0      	pop	{r4, r5, r6, r7, pc}
20000676:	431c      	orrs	r4, r3
20000678:	466b      	mov	r3, sp
2000067a:	220a      	movs	r2, #10
2000067c:	2100      	movs	r1, #0
2000067e:	1d98      	adds	r0, r3, #6
20000680:	f000 fbd2 	bl	20000e28 <____wrap_memset_veneer>
20000684:	23a0      	movs	r3, #160	@ 0xa0
20000686:	466a      	mov	r2, sp
20000688:	00db      	lsls	r3, r3, #3
2000068a:	8093      	strh	r3, [r2, #4]
2000068c:	2101      	movs	r1, #1
2000068e:	a801      	add	r0, sp, #4
20000690:	f000 faf2 	bl	20000c78 <dcd_event_handler>
20000694:	2280      	movs	r2, #128	@ 0x80
20000696:	4b77      	ldr	r3, [pc, #476]	@ (20000874 <dcd_rp2040_irq+0x364>)
20000698:	0112      	lsls	r2, r2, #4
2000069a:	651a      	str	r2, [r3, #80]	@ 0x50
2000069c:	e7e6      	b.n	2000066c <dcd_rp2040_irq+0x15c>
2000069e:	431c      	orrs	r4, r3
200006a0:	466b      	mov	r3, sp
200006a2:	220a      	movs	r2, #10
200006a4:	2100      	movs	r1, #0
200006a6:	1d98      	adds	r0, r3, #6
200006a8:	f000 fbbe 	bl	20000e28 <____wrap_memset_veneer>
200006ac:	2380      	movs	r3, #128	@ 0x80
200006ae:	466a      	mov	r2, sp
200006b0:	00db      	lsls	r3, r3, #3
200006b2:	8093      	strh	r3, [r2, #4]
200006b4:	2101      	movs	r1, #1
200006b6:	a801      	add	r0, sp, #4
200006b8:	f000 fade 	bl	20000c78 <dcd_event_handler>
200006bc:	2210      	movs	r2, #16
200006be:	4b6d      	ldr	r3, [pc, #436]	@ (20000874 <dcd_rp2040_irq+0x364>)
200006c0:	651a      	str	r2, [r3, #80]	@ 0x50
200006c2:	e7cf      	b.n	20000664 <dcd_rp2040_irq+0x154>
200006c4:	2200      	movs	r2, #0
200006c6:	431c      	orrs	r4, r3
200006c8:	4b5d      	ldr	r3, [pc, #372]	@ (20000840 <dcd_rp2040_irq+0x330>)
200006ca:	601a      	str	r2, [r3, #0]
200006cc:	f7ff fe90 	bl	200003f0 <reset_non_control_endpoints>
200006d0:	466b      	mov	r3, sp
200006d2:	220a      	movs	r2, #10
200006d4:	2100      	movs	r1, #0
200006d6:	1d98      	adds	r0, r3, #6
200006d8:	f000 fba6 	bl	20000e28 <____wrap_memset_veneer>
200006dc:	2380      	movs	r3, #128	@ 0x80
200006de:	466a      	mov	r2, sp
200006e0:	005b      	lsls	r3, r3, #1
200006e2:	8093      	strh	r3, [r2, #4]
200006e4:	2101      	movs	r1, #1
200006e6:	a801      	add	r0, sp, #4
200006e8:	f000 fac6 	bl	20000c78 <dcd_event_handler>
200006ec:	2280      	movs	r2, #128	@ 0x80
200006ee:	4b61      	ldr	r3, [pc, #388]	@ (20000874 <dcd_rp2040_irq+0x364>)
200006f0:	0312      	lsls	r2, r2, #12
200006f2:	651a      	str	r2, [r3, #80]	@ 0x50
200006f4:	e7b2      	b.n	2000065c <dcd_rp2040_irq+0x14c>
200006f6:	f7ff feaf 	bl	20000458 <hw_handle_buff_status>
200006fa:	0034      	movs	r4, r6
200006fc:	e791      	b.n	20000622 <dcd_rp2040_irq+0x112>
200006fe:	4b60      	ldr	r3, [pc, #384]	@ (20000880 <dcd_rp2040_irq+0x370>)
20000700:	5ce7      	ldrb	r7, [r4, r3]
20000702:	2f00      	cmp	r7, #0
20000704:	d100      	bne.n	20000708 <dcd_rp2040_irq+0x1f8>
20000706:	e75f      	b.n	200005c8 <dcd_rp2040_irq+0xb8>
20000708:	3302      	adds	r3, #2
2000070a:	5ce2      	ldrb	r2, [r4, r3]
2000070c:	2a00      	cmp	r2, #0
2000070e:	d000      	beq.n	20000712 <dcd_rp2040_irq+0x202>
20000710:	e166      	b.n	200009e0 <dcd_rp2040_irq+0x4d0>
20000712:	4b55      	ldr	r3, [pc, #340]	@ (20000868 <dcd_rp2040_irq+0x358>)
20000714:	5ce3      	ldrb	r3, [r4, r3]
20000716:	2b02      	cmp	r3, #2
20000718:	d000      	beq.n	2000071c <dcd_rp2040_irq+0x20c>
2000071a:	e0f2      	b.n	20000902 <dcd_rp2040_irq+0x3f2>
2000071c:	4b59      	ldr	r3, [pc, #356]	@ (20000884 <dcd_rp2040_irq+0x374>)
2000071e:	5ce3      	ldrb	r3, [r4, r3]
20000720:	2b00      	cmp	r3, #0
20000722:	d000      	beq.n	20000726 <dcd_rp2040_irq+0x216>
20000724:	e0e8      	b.n	200008f8 <dcd_rp2040_irq+0x3e8>
20000726:	4b51      	ldr	r3, [pc, #324]	@ (2000086c <dcd_rp2040_irq+0x35c>)
20000728:	5ce3      	ldrb	r3, [r4, r3]
2000072a:	2b02      	cmp	r3, #2
2000072c:	d000      	beq.n	20000730 <dcd_rp2040_irq+0x220>
2000072e:	e760      	b.n	200005f2 <dcd_rp2040_irq+0xe2>
20000730:	003e      	movs	r6, r7
20000732:	4b55      	ldr	r3, [pc, #340]	@ (20000888 <dcd_rp2040_irq+0x378>)
20000734:	5ce3      	ldrb	r3, [r4, r3]
20000736:	2b00      	cmp	r3, #0
20000738:	d100      	bne.n	2000073c <dcd_rp2040_irq+0x22c>
2000073a:	e74f      	b.n	200005dc <dcd_rp2040_irq+0xcc>
2000073c:	23ff      	movs	r3, #255	@ 0xff
2000073e:	009b      	lsls	r3, r3, #2
20000740:	5ce2      	ldrb	r2, [r4, r3]
20000742:	2a00      	cmp	r2, #0
20000744:	d100      	bne.n	20000748 <dcd_rp2040_irq+0x238>
20000746:	e754      	b.n	200005f2 <dcd_rp2040_irq+0xe2>
20000748:	2200      	movs	r2, #0
2000074a:	54e2      	strb	r2, [r4, r3]
2000074c:	3b1c      	subs	r3, #28
2000074e:	18e0      	adds	r0, r4, r3
20000750:	f000 fa36 	bl	20000bc0 <hw_endpoint_start_next_buffer>
20000754:	e74d      	b.n	200005f2 <dcd_rp2040_irq+0xe2>
20000756:	3338      	adds	r3, #56	@ 0x38
20000758:	5ce6      	ldrb	r6, [r4, r3]
2000075a:	2e00      	cmp	r6, #0
2000075c:	d100      	bne.n	20000760 <dcd_rp2040_irq+0x250>
2000075e:	e6ee      	b.n	2000053e <dcd_rp2040_irq+0x2e>
20000760:	3302      	adds	r3, #2
20000762:	5ce2      	ldrb	r2, [r4, r3]
20000764:	2a00      	cmp	r2, #0
20000766:	d100      	bne.n	2000076a <dcd_rp2040_irq+0x25a>
20000768:	e6e9      	b.n	2000053e <dcd_rp2040_irq+0x2e>
2000076a:	0020      	movs	r0, r4
2000076c:	2200      	movs	r2, #0
2000076e:	3020      	adds	r0, #32
20000770:	54e2      	strb	r2, [r4, r3]
20000772:	f000 fa25 	bl	20000bc0 <hw_endpoint_start_next_buffer>
20000776:	e6e2      	b.n	2000053e <dcd_rp2040_irq+0x2e>
20000778:	3378      	adds	r3, #120	@ 0x78
2000077a:	5ce7      	ldrb	r7, [r4, r3]
2000077c:	2f00      	cmp	r7, #0
2000077e:	d100      	bne.n	20000782 <dcd_rp2040_irq+0x272>
20000780:	e6e2      	b.n	20000548 <dcd_rp2040_irq+0x38>
20000782:	3302      	adds	r3, #2
20000784:	5ce2      	ldrb	r2, [r4, r3]
20000786:	2a00      	cmp	r2, #0
20000788:	d000      	beq.n	2000078c <dcd_rp2040_irq+0x27c>
2000078a:	e121      	b.n	200009d0 <dcd_rp2040_irq+0x4c0>
2000078c:	003e      	movs	r6, r7
2000078e:	e6db      	b.n	20000548 <dcd_rp2040_irq+0x38>
20000790:	33b8      	adds	r3, #184	@ 0xb8
20000792:	5ce7      	ldrb	r7, [r4, r3]
20000794:	2f00      	cmp	r7, #0
20000796:	d100      	bne.n	2000079a <dcd_rp2040_irq+0x28a>
20000798:	e6db      	b.n	20000552 <dcd_rp2040_irq+0x42>
2000079a:	3302      	adds	r3, #2
2000079c:	5ce2      	ldrb	r2, [r4, r3]
2000079e:	2a00      	cmp	r2, #0
200007a0:	d000      	beq.n	200007a4 <dcd_rp2040_irq+0x294>
200007a2:	e10d      	b.n	200009c0 <dcd_rp2040_irq+0x4b0>
200007a4:	003e      	movs	r6, r7
200007a6:	e6d4      	b.n	20000552 <dcd_rp2040_irq+0x42>
200007a8:	33f8      	adds	r3, #248	@ 0xf8
200007aa:	5ce7      	ldrb	r7, [r4, r3]
200007ac:	2f00      	cmp	r7, #0
200007ae:	d100      	bne.n	200007b2 <dcd_rp2040_irq+0x2a2>
200007b0:	e6d4      	b.n	2000055c <dcd_rp2040_irq+0x4c>
200007b2:	3302      	adds	r3, #2
200007b4:	5ce2      	ldrb	r2, [r4, r3]
200007b6:	2a00      	cmp	r2, #0
200007b8:	d000      	beq.n	200007bc <dcd_rp2040_irq+0x2ac>
200007ba:	e0f9      	b.n	200009b0 <dcd_rp2040_irq+0x4a0>
200007bc:	003e      	movs	r6, r7
200007be:	e6cd      	b.n	2000055c <dcd_rp2040_irq+0x4c>
200007c0:	3339      	adds	r3, #57	@ 0x39
200007c2:	33ff      	adds	r3, #255	@ 0xff
200007c4:	5ce7      	ldrb	r7, [r4, r3]
200007c6:	2f00      	cmp	r7, #0
200007c8:	d100      	bne.n	200007cc <dcd_rp2040_irq+0x2bc>
200007ca:	e6cd      	b.n	20000568 <dcd_rp2040_irq+0x58>
200007cc:	3302      	adds	r3, #2
200007ce:	5ce2      	ldrb	r2, [r4, r3]
200007d0:	2a00      	cmp	r2, #0
200007d2:	d000      	beq.n	200007d6 <dcd_rp2040_irq+0x2c6>
200007d4:	e0e3      	b.n	2000099e <dcd_rp2040_irq+0x48e>
200007d6:	003e      	movs	r6, r7
200007d8:	e6c6      	b.n	20000568 <dcd_rp2040_irq+0x58>
200007da:	3379      	adds	r3, #121	@ 0x79
200007dc:	33ff      	adds	r3, #255	@ 0xff
200007de:	5ce7      	ldrb	r7, [r4, r3]
200007e0:	2f00      	cmp	r7, #0
200007e2:	d100      	bne.n	200007e6 <dcd_rp2040_irq+0x2d6>
200007e4:	e6c6      	b.n	20000574 <dcd_rp2040_irq+0x64>
200007e6:	3302      	adds	r3, #2
200007e8:	5ce2      	ldrb	r2, [r4, r3]
200007ea:	2a00      	cmp	r2, #0
200007ec:	d000      	beq.n	200007f0 <dcd_rp2040_irq+0x2e0>
200007ee:	e0cd      	b.n	2000098c <dcd_rp2040_irq+0x47c>
200007f0:	003e      	movs	r6, r7
200007f2:	e6bf      	b.n	20000574 <dcd_rp2040_irq+0x64>
200007f4:	4b25      	ldr	r3, [pc, #148]	@ (2000088c <dcd_rp2040_irq+0x37c>)
200007f6:	5ce7      	ldrb	r7, [r4, r3]
200007f8:	2f00      	cmp	r7, #0
200007fa:	d100      	bne.n	200007fe <dcd_rp2040_irq+0x2ee>
200007fc:	e6d0      	b.n	200005a0 <dcd_rp2040_irq+0x90>
200007fe:	3302      	adds	r3, #2
20000800:	5ce2      	ldrb	r2, [r4, r3]
20000802:	2a00      	cmp	r2, #0
20000804:	d000      	beq.n	20000808 <dcd_rp2040_irq+0x2f8>
20000806:	e0b9      	b.n	2000097c <dcd_rp2040_irq+0x46c>
20000808:	003e      	movs	r6, r7
2000080a:	e6c9      	b.n	200005a0 <dcd_rp2040_irq+0x90>
2000080c:	33f9      	adds	r3, #249	@ 0xf9
2000080e:	33ff      	adds	r3, #255	@ 0xff
20000810:	5ce7      	ldrb	r7, [r4, r3]
20000812:	2f00      	cmp	r7, #0
20000814:	d100      	bne.n	20000818 <dcd_rp2040_irq+0x308>
20000816:	e6b9      	b.n	2000058c <dcd_rp2040_irq+0x7c>
20000818:	3302      	adds	r3, #2
2000081a:	5ce2      	ldrb	r2, [r4, r3]
2000081c:	2a00      	cmp	r2, #0
2000081e:	d000      	beq.n	20000822 <dcd_rp2040_irq+0x312>
20000820:	e0a3      	b.n	2000096a <dcd_rp2040_irq+0x45a>
20000822:	003e      	movs	r6, r7
20000824:	e6b2      	b.n	2000058c <dcd_rp2040_irq+0x7c>
20000826:	4b1a      	ldr	r3, [pc, #104]	@ (20000890 <dcd_rp2040_irq+0x380>)
20000828:	5ce7      	ldrb	r7, [r4, r3]
2000082a:	2f00      	cmp	r7, #0
2000082c:	d100      	bne.n	20000830 <dcd_rp2040_irq+0x320>
2000082e:	e6c1      	b.n	200005b4 <dcd_rp2040_irq+0xa4>
20000830:	3302      	adds	r3, #2
20000832:	5ce2      	ldrb	r2, [r4, r3]
20000834:	2a00      	cmp	r2, #0
20000836:	d000      	beq.n	2000083a <dcd_rp2040_irq+0x32a>
20000838:	e08f      	b.n	2000095a <dcd_rp2040_irq+0x44a>
2000083a:	003e      	movs	r6, r7
2000083c:	e6ba      	b.n	200005b4 <dcd_rp2040_irq+0xa4>
2000083e:	46c0      	nop			@ (mov r8, r8)
20000840:	50110000 	.word	0x50110000
20000844:	40054000 	.word	0x40054000
20000848:	20001f30 	.word	0x20001f30
2000084c:	20001f1c 	.word	0x20001f1c
20000850:	0000023b 	.word	0x0000023b
20000854:	0000027b 	.word	0x0000027b
20000858:	000002bb 	.word	0x000002bb
2000085c:	000002fb 	.word	0x000002fb
20000860:	0000033b 	.word	0x0000033b
20000864:	0000037b 	.word	0x0000037b
20000868:	000003bb 	.word	0x000003bb
2000086c:	000003fb 	.word	0x000003fb
20000870:	200023b2 	.word	0x200023b2
20000874:	50113000 	.word	0x50113000
20000878:	00020010 	.word	0x00020010
2000087c:	50100000 	.word	0x50100000
20000880:	0000037a 	.word	0x0000037a
20000884:	000003ba 	.word	0x000003ba
20000888:	000003fa 	.word	0x000003fa
2000088c:	0000027a 	.word	0x0000027a
20000890:	000002fa 	.word	0x000002fa
20000894:	33b9      	adds	r3, #185	@ 0xb9
20000896:	33ff      	adds	r3, #255	@ 0xff
20000898:	5ce7      	ldrb	r7, [r4, r3]
2000089a:	2f00      	cmp	r7, #0
2000089c:	d100      	bne.n	200008a0 <dcd_rp2040_irq+0x390>
2000089e:	e66f      	b.n	20000580 <dcd_rp2040_irq+0x70>
200008a0:	3302      	adds	r3, #2
200008a2:	5ce2      	ldrb	r2, [r4, r3]
200008a4:	2a00      	cmp	r2, #0
200008a6:	d14f      	bne.n	20000948 <dcd_rp2040_irq+0x438>
200008a8:	003e      	movs	r6, r7
200008aa:	e669      	b.n	20000580 <dcd_rp2040_irq+0x70>
200008ac:	4b56      	ldr	r3, [pc, #344]	@ (20000a08 <dcd_rp2040_irq+0x4f8>)
200008ae:	5ce7      	ldrb	r7, [r4, r3]
200008b0:	2f00      	cmp	r7, #0
200008b2:	d100      	bne.n	200008b6 <dcd_rp2040_irq+0x3a6>
200008b4:	e679      	b.n	200005aa <dcd_rp2040_irq+0x9a>
200008b6:	3302      	adds	r3, #2
200008b8:	5ce2      	ldrb	r2, [r4, r3]
200008ba:	2a00      	cmp	r2, #0
200008bc:	d13c      	bne.n	20000938 <dcd_rp2040_irq+0x428>
200008be:	003e      	movs	r6, r7
200008c0:	e673      	b.n	200005aa <dcd_rp2040_irq+0x9a>
200008c2:	4b52      	ldr	r3, [pc, #328]	@ (20000a0c <dcd_rp2040_irq+0x4fc>)
200008c4:	5ce7      	ldrb	r7, [r4, r3]
200008c6:	2f00      	cmp	r7, #0
200008c8:	d100      	bne.n	200008cc <dcd_rp2040_irq+0x3bc>
200008ca:	e664      	b.n	20000596 <dcd_rp2040_irq+0x86>
200008cc:	3302      	adds	r3, #2
200008ce:	5ce2      	ldrb	r2, [r4, r3]
200008d0:	2a00      	cmp	r2, #0
200008d2:	d129      	bne.n	20000928 <dcd_rp2040_irq+0x418>
200008d4:	003e      	movs	r6, r7
200008d6:	e65e      	b.n	20000596 <dcd_rp2040_irq+0x86>
200008d8:	4b4d      	ldr	r3, [pc, #308]	@ (20000a10 <dcd_rp2040_irq+0x500>)
200008da:	5ce7      	ldrb	r7, [r4, r3]
200008dc:	2f00      	cmp	r7, #0
200008de:	d100      	bne.n	200008e2 <dcd_rp2040_irq+0x3d2>
200008e0:	e66d      	b.n	200005be <dcd_rp2040_irq+0xae>
200008e2:	3302      	adds	r3, #2
200008e4:	5ce2      	ldrb	r2, [r4, r3]
200008e6:	2a00      	cmp	r2, #0
200008e8:	d116      	bne.n	20000918 <dcd_rp2040_irq+0x408>
200008ea:	003e      	movs	r6, r7
200008ec:	e667      	b.n	200005be <dcd_rp2040_irq+0xae>
200008ee:	4b49      	ldr	r3, [pc, #292]	@ (20000a14 <dcd_rp2040_irq+0x504>)
200008f0:	5ce3      	ldrb	r3, [r4, r3]
200008f2:	2b00      	cmp	r3, #0
200008f4:	d100      	bne.n	200008f8 <dcd_rp2040_irq+0x3e8>
200008f6:	e66c      	b.n	200005d2 <dcd_rp2040_irq+0xc2>
200008f8:	23ef      	movs	r3, #239	@ 0xef
200008fa:	009b      	lsls	r3, r3, #2
200008fc:	5ce2      	ldrb	r2, [r4, r3]
200008fe:	2a00      	cmp	r2, #0
20000900:	d175      	bne.n	200009ee <dcd_rp2040_irq+0x4de>
20000902:	4b45      	ldr	r3, [pc, #276]	@ (20000a18 <dcd_rp2040_irq+0x508>)
20000904:	5ce3      	ldrb	r3, [r4, r3]
20000906:	2b02      	cmp	r3, #2
20000908:	d000      	beq.n	2000090c <dcd_rp2040_irq+0x3fc>
2000090a:	e672      	b.n	200005f2 <dcd_rp2040_irq+0xe2>
2000090c:	4b43      	ldr	r3, [pc, #268]	@ (20000a1c <dcd_rp2040_irq+0x50c>)
2000090e:	5ce3      	ldrb	r3, [r4, r3]
20000910:	2b00      	cmp	r3, #0
20000912:	d100      	bne.n	20000916 <dcd_rp2040_irq+0x406>
20000914:	e66d      	b.n	200005f2 <dcd_rp2040_irq+0xe2>
20000916:	e711      	b.n	2000073c <dcd_rp2040_irq+0x22c>
20000918:	2200      	movs	r2, #0
2000091a:	54e2      	strb	r2, [r4, r3]
2000091c:	3b1c      	subs	r3, #28
2000091e:	18e0      	adds	r0, r4, r3
20000920:	f000 f94e 	bl	20000bc0 <hw_endpoint_start_next_buffer>
20000924:	003e      	movs	r6, r7
20000926:	e64a      	b.n	200005be <dcd_rp2040_irq+0xae>
20000928:	2200      	movs	r2, #0
2000092a:	54e2      	strb	r2, [r4, r3]
2000092c:	3b1c      	subs	r3, #28
2000092e:	18e0      	adds	r0, r4, r3
20000930:	f000 f946 	bl	20000bc0 <hw_endpoint_start_next_buffer>
20000934:	003e      	movs	r6, r7
20000936:	e62e      	b.n	20000596 <dcd_rp2040_irq+0x86>
20000938:	2200      	movs	r2, #0
2000093a:	54e2      	strb	r2, [r4, r3]
2000093c:	3b1c      	subs	r3, #28
2000093e:	18e0      	adds	r0, r4, r3
20000940:	f000 f93e 	bl	20000bc0 <hw_endpoint_start_next_buffer>
20000944:	003e      	movs	r6, r7
20000946:	e630      	b.n	200005aa <dcd_rp2040_irq+0x9a>
20000948:	0020      	movs	r0, r4
2000094a:	2200      	movs	r2, #0
2000094c:	30a1      	adds	r0, #161	@ 0xa1
2000094e:	30ff      	adds	r0, #255	@ 0xff
20000950:	54e2      	strb	r2, [r4, r3]
20000952:	003e      	movs	r6, r7
20000954:	f000 f934 	bl	20000bc0 <hw_endpoint_start_next_buffer>
20000958:	e612      	b.n	20000580 <dcd_rp2040_irq+0x70>
2000095a:	2200      	movs	r2, #0
2000095c:	54e2      	strb	r2, [r4, r3]
2000095e:	3b1c      	subs	r3, #28
20000960:	18e0      	adds	r0, r4, r3
20000962:	f000 f92d 	bl	20000bc0 <hw_endpoint_start_next_buffer>
20000966:	003e      	movs	r6, r7
20000968:	e624      	b.n	200005b4 <dcd_rp2040_irq+0xa4>
2000096a:	0020      	movs	r0, r4
2000096c:	2200      	movs	r2, #0
2000096e:	30e1      	adds	r0, #225	@ 0xe1
20000970:	30ff      	adds	r0, #255	@ 0xff
20000972:	54e2      	strb	r2, [r4, r3]
20000974:	003e      	movs	r6, r7
20000976:	f000 f923 	bl	20000bc0 <hw_endpoint_start_next_buffer>
2000097a:	e607      	b.n	2000058c <dcd_rp2040_irq+0x7c>
2000097c:	2200      	movs	r2, #0
2000097e:	54e2      	strb	r2, [r4, r3]
20000980:	3b1c      	subs	r3, #28
20000982:	18e0      	adds	r0, r4, r3
20000984:	f000 f91c 	bl	20000bc0 <hw_endpoint_start_next_buffer>
20000988:	003e      	movs	r6, r7
2000098a:	e609      	b.n	200005a0 <dcd_rp2040_irq+0x90>
2000098c:	0020      	movs	r0, r4
2000098e:	2200      	movs	r2, #0
20000990:	3061      	adds	r0, #97	@ 0x61
20000992:	30ff      	adds	r0, #255	@ 0xff
20000994:	54e2      	strb	r2, [r4, r3]
20000996:	003e      	movs	r6, r7
20000998:	f000 f912 	bl	20000bc0 <hw_endpoint_start_next_buffer>
2000099c:	e5ea      	b.n	20000574 <dcd_rp2040_irq+0x64>
2000099e:	0020      	movs	r0, r4
200009a0:	2200      	movs	r2, #0
200009a2:	3021      	adds	r0, #33	@ 0x21
200009a4:	30ff      	adds	r0, #255	@ 0xff
200009a6:	54e2      	strb	r2, [r4, r3]
200009a8:	003e      	movs	r6, r7
200009aa:	f000 f909 	bl	20000bc0 <hw_endpoint_start_next_buffer>
200009ae:	e5db      	b.n	20000568 <dcd_rp2040_irq+0x58>
200009b0:	0020      	movs	r0, r4
200009b2:	2200      	movs	r2, #0
200009b4:	30e0      	adds	r0, #224	@ 0xe0
200009b6:	54e2      	strb	r2, [r4, r3]
200009b8:	003e      	movs	r6, r7
200009ba:	f000 f901 	bl	20000bc0 <hw_endpoint_start_next_buffer>
200009be:	e5cd      	b.n	2000055c <dcd_rp2040_irq+0x4c>
200009c0:	0020      	movs	r0, r4
200009c2:	2200      	movs	r2, #0
200009c4:	30a0      	adds	r0, #160	@ 0xa0
200009c6:	54e2      	strb	r2, [r4, r3]
200009c8:	003e      	movs	r6, r7
200009ca:	f000 f8f9 	bl	20000bc0 <hw_endpoint_start_next_buffer>
200009ce:	e5c0      	b.n	20000552 <dcd_rp2040_irq+0x42>
200009d0:	0020      	movs	r0, r4
200009d2:	2200      	movs	r2, #0
200009d4:	3060      	adds	r0, #96	@ 0x60
200009d6:	54e2      	strb	r2, [r4, r3]
200009d8:	003e      	movs	r6, r7
200009da:	f000 f8f1 	bl	20000bc0 <hw_endpoint_start_next_buffer>
200009de:	e5b3      	b.n	20000548 <dcd_rp2040_irq+0x38>
200009e0:	2200      	movs	r2, #0
200009e2:	54e2      	strb	r2, [r4, r3]
200009e4:	3b1c      	subs	r3, #28
200009e6:	18e0      	adds	r0, r4, r3
200009e8:	f000 f8ea 	bl	20000bc0 <hw_endpoint_start_next_buffer>
200009ec:	e691      	b.n	20000712 <dcd_rp2040_irq+0x202>
200009ee:	2200      	movs	r2, #0
200009f0:	54e2      	strb	r2, [r4, r3]
200009f2:	3b1c      	subs	r3, #28
200009f4:	18e0      	adds	r0, r4, r3
200009f6:	f000 f8e3 	bl	20000bc0 <hw_endpoint_start_next_buffer>
200009fa:	e782      	b.n	20000902 <dcd_rp2040_irq+0x3f2>
200009fc:	0021      	movs	r1, r4
200009fe:	4808      	ldr	r0, [pc, #32]	@ (20000a20 <dcd_rp2040_irq+0x510>)
20000a00:	4069      	eors	r1, r5
20000a02:	f000 fa01 	bl	20000e08 <__panic_veneer>
20000a06:	46c0      	nop			@ (mov r8, r8)
20000a08:	000002ba 	.word	0x000002ba
20000a0c:	0000023a 	.word	0x0000023a
20000a10:	0000033a 	.word	0x0000033a
20000a14:	000003ba 	.word	0x000003ba
20000a18:	000003fb 	.word	0x000003fb
20000a1c:	000003fa 	.word	0x000003fa
20000a20:	10005938 	.word	0x10005938

20000a24 <e15_is_bulkin_ep>:
20000a24:	4a08      	ldr	r2, [pc, #32]	@ (20000a48 <e15_is_bulkin_ep+0x24>)
20000a26:	0003      	movs	r3, r0
20000a28:	6c12      	ldr	r2, [r2, #64]	@ 0x40
20000a2a:	2000      	movs	r0, #0
20000a2c:	0792      	lsls	r2, r2, #30
20000a2e:	d403      	bmi.n	20000a38 <e15_is_bulkin_ep+0x14>
20000a30:	789a      	ldrb	r2, [r3, #2]
20000a32:	09d2      	lsrs	r2, r2, #7
20000a34:	2a01      	cmp	r2, #1
20000a36:	d000      	beq.n	20000a3a <e15_is_bulkin_ep+0x16>
20000a38:	4770      	bx	lr
20000a3a:	7ed8      	ldrb	r0, [r3, #27]
20000a3c:	3802      	subs	r0, #2
20000a3e:	4243      	negs	r3, r0
20000a40:	4158      	adcs	r0, r3
20000a42:	b2c0      	uxtb	r0, r0
20000a44:	e7f8      	b.n	20000a38 <e15_is_bulkin_ep+0x14>
20000a46:	46c0      	nop			@ (mov r8, r8)
20000a48:	50110000 	.word	0x50110000

20000a4c <e15_is_critical_frame_period>:
20000a4c:	b510      	push	{r4, lr}
20000a4e:	f7ff ffe9 	bl	20000a24 <e15_is_bulkin_ep>
20000a52:	2800      	cmp	r0, #0
20000a54:	d00c      	beq.n	20000a70 <e15_is_critical_frame_period+0x24>
20000a56:	4907      	ldr	r1, [pc, #28]	@ (20000a74 <e15_is_critical_frame_period+0x28>)
20000a58:	4b07      	ldr	r3, [pc, #28]	@ (20000a78 <e15_is_critical_frame_period+0x2c>)
20000a5a:	468c      	mov	ip, r1
20000a5c:	4a07      	ldr	r2, [pc, #28]	@ (20000a7c <e15_is_critical_frame_period+0x30>)
20000a5e:	6a9b      	ldr	r3, [r3, #40]	@ 0x28
20000a60:	6812      	ldr	r2, [r2, #0]
20000a62:	4463      	add	r3, ip
20000a64:	1a9b      	subs	r3, r3, r2
20000a66:	2000      	movs	r0, #0
20000a68:	22c6      	movs	r2, #198	@ 0xc6
20000a6a:	429a      	cmp	r2, r3
20000a6c:	4140      	adcs	r0, r0
20000a6e:	b2c0      	uxtb	r0, r0
20000a70:	bd10      	pop	{r4, pc}
20000a72:	46c0      	nop			@ (mov r8, r8)
20000a74:	fffffce0 	.word	0xfffffce0
20000a78:	40054000 	.word	0x40054000
20000a7c:	20001f1c 	.word	0x20001f1c

20000a80 <prepare_ep_buffer>:
20000a80:	b5f8      	push	{r3, r4, r5, r6, r7, lr}
20000a82:	8b02      	ldrh	r2, [r0, #24]
20000a84:	8a83      	ldrh	r3, [r0, #20]
20000a86:	0004      	movs	r4, r0
20000a88:	000f      	movs	r7, r1
20000a8a:	1c16      	adds	r6, r2, #0
20000a8c:	429a      	cmp	r2, r3
20000a8e:	d900      	bls.n	20000a92 <prepare_ep_buffer+0x12>
20000a90:	1c1e      	adds	r6, r3, #0
20000a92:	78e2      	ldrb	r2, [r4, #3]
20000a94:	2180      	movs	r1, #128	@ 0x80
20000a96:	0015      	movs	r5, r2
20000a98:	1e68      	subs	r0, r5, #1
20000a9a:	4185      	sbcs	r5, r0
20000a9c:	b2b6      	uxth	r6, r6
20000a9e:	00c9      	lsls	r1, r1, #3
20000aa0:	4331      	orrs	r1, r6
20000aa2:	036d      	lsls	r5, r5, #13
20000aa4:	430d      	orrs	r5, r1
20000aa6:	2101      	movs	r1, #1
20000aa8:	404a      	eors	r2, r1
20000aaa:	1b9b      	subs	r3, r3, r6
20000aac:	70e2      	strb	r2, [r4, #3]
20000aae:	7862      	ldrb	r2, [r4, #1]
20000ab0:	b29b      	uxth	r3, r3
20000ab2:	82a3      	strh	r3, [r4, #20]
20000ab4:	2a00      	cmp	r2, #0
20000ab6:	d009      	beq.n	20000acc <prepare_ep_buffer+0x4c>
20000ab8:	2b00      	cmp	r3, #0
20000aba:	d102      	bne.n	20000ac2 <prepare_ep_buffer+0x42>
20000abc:	2380      	movs	r3, #128	@ 0x80
20000abe:	01db      	lsls	r3, r3, #7
20000ac0:	431d      	orrs	r5, r3
20000ac2:	2f00      	cmp	r7, #0
20000ac4:	d000      	beq.n	20000ac8 <prepare_ep_buffer+0x48>
20000ac6:	042d      	lsls	r5, r5, #16
20000ac8:	0028      	movs	r0, r5
20000aca:	bdf8      	pop	{r3, r4, r5, r6, r7, pc}
20000acc:	68e0      	ldr	r0, [r4, #12]
20000ace:	01bb      	lsls	r3, r7, #6
20000ad0:	18c0      	adds	r0, r0, r3
20000ad2:	0032      	movs	r2, r6
20000ad4:	6921      	ldr	r1, [r4, #16]
20000ad6:	f000 f98f 	bl	20000df8 <____wrap_memcpy_veneer>
20000ada:	6923      	ldr	r3, [r4, #16]
20000adc:	199b      	adds	r3, r3, r6
20000ade:	6123      	str	r3, [r4, #16]
20000ae0:	2380      	movs	r3, #128	@ 0x80
20000ae2:	021b      	lsls	r3, r3, #8
20000ae4:	431d      	orrs	r5, r3
20000ae6:	8aa3      	ldrh	r3, [r4, #20]
20000ae8:	e7e6      	b.n	20000ab8 <prepare_ep_buffer+0x38>
20000aea:	46c0      	nop			@ (mov r8, r8)

20000aec <sync_ep_buffer>:
20000aec:	6883      	ldr	r3, [r0, #8]
20000aee:	b570      	push	{r4, r5, r6, lr}
20000af0:	0004      	movs	r4, r0
20000af2:	681d      	ldr	r5, [r3, #0]
20000af4:	2900      	cmp	r1, #0
20000af6:	d000      	beq.n	20000afa <sync_ep_buffer+0xe>
20000af8:	0c2d      	lsrs	r5, r5, #16
20000afa:	7863      	ldrb	r3, [r4, #1]
20000afc:	05ad      	lsls	r5, r5, #22
20000afe:	0dad      	lsrs	r5, r5, #22
20000b00:	2b00      	cmp	r3, #0
20000b02:	d109      	bne.n	20000b18 <sync_ep_buffer+0x2c>
20000b04:	8ae3      	ldrh	r3, [r4, #22]
20000b06:	18eb      	adds	r3, r5, r3
20000b08:	82e3      	strh	r3, [r4, #22]
20000b0a:	8b23      	ldrh	r3, [r4, #24]
20000b0c:	42ab      	cmp	r3, r5
20000b0e:	d901      	bls.n	20000b14 <sync_ep_buffer+0x28>
20000b10:	2300      	movs	r3, #0
20000b12:	82a3      	strh	r3, [r4, #20]
20000b14:	0028      	movs	r0, r5
20000b16:	bd70      	pop	{r4, r5, r6, pc}
20000b18:	68e3      	ldr	r3, [r4, #12]
20000b1a:	0189      	lsls	r1, r1, #6
20000b1c:	1859      	adds	r1, r3, r1
20000b1e:	002a      	movs	r2, r5
20000b20:	6920      	ldr	r0, [r4, #16]
20000b22:	f000 f969 	bl	20000df8 <____wrap_memcpy_veneer>
20000b26:	8ae3      	ldrh	r3, [r4, #22]
20000b28:	18eb      	adds	r3, r5, r3
20000b2a:	82e3      	strh	r3, [r4, #22]
20000b2c:	6923      	ldr	r3, [r4, #16]
20000b2e:	195b      	adds	r3, r3, r5
20000b30:	6123      	str	r3, [r4, #16]
20000b32:	e7ea      	b.n	20000b0a <sync_ep_buffer+0x1e>

20000b34 <_hw_endpoint_xfer_sync>:
20000b34:	b510      	push	{r4, lr}
20000b36:	0004      	movs	r4, r0
20000b38:	6883      	ldr	r3, [r0, #8]
20000b3a:	2100      	movs	r1, #0
20000b3c:	681b      	ldr	r3, [r3, #0]
20000b3e:	f7ff ffd5 	bl	20000aec <sync_ep_buffer>
20000b42:	6863      	ldr	r3, [r4, #4]
20000b44:	681b      	ldr	r3, [r3, #0]
20000b46:	005b      	lsls	r3, r3, #1
20000b48:	d502      	bpl.n	20000b50 <_hw_endpoint_xfer_sync+0x1c>
20000b4a:	8b23      	ldrh	r3, [r4, #24]
20000b4c:	4283      	cmp	r3, r0
20000b4e:	d000      	beq.n	20000b52 <_hw_endpoint_xfer_sync+0x1e>
20000b50:	bd10      	pop	{r4, pc}
20000b52:	2101      	movs	r1, #1
20000b54:	0020      	movs	r0, r4
20000b56:	f7ff ffc9 	bl	20000aec <sync_ep_buffer>
20000b5a:	e7f9      	b.n	20000b50 <_hw_endpoint_xfer_sync+0x1c>

20000b5c <hw_endpoint_reset_transfer>:
20000b5c:	2300      	movs	r3, #0
20000b5e:	7683      	strb	r3, [r0, #26]
20000b60:	6143      	str	r3, [r0, #20]
20000b62:	6103      	str	r3, [r0, #16]
20000b64:	4770      	bx	lr
20000b66:	46c0      	nop			@ (mov r8, r8)

20000b68 <_hw_endpoint_buffer_control_update32>:
20000b68:	b510      	push	{r4, lr}
20000b6a:	6883      	ldr	r3, [r0, #8]
20000b6c:	2900      	cmp	r1, #0
20000b6e:	d001      	beq.n	20000b74 <_hw_endpoint_buffer_control_update32+0xc>
20000b70:	681c      	ldr	r4, [r3, #0]
20000b72:	4021      	ands	r1, r4
20000b74:	2a00      	cmp	r2, #0
20000b76:	d011      	beq.n	20000b9c <_hw_endpoint_buffer_control_update32+0x34>
20000b78:	2480      	movs	r4, #128	@ 0x80
20000b7a:	00e4      	lsls	r4, r4, #3
20000b7c:	4311      	orrs	r1, r2
20000b7e:	4222      	tst	r2, r4
20000b80:	d00c      	beq.n	20000b9c <_hw_endpoint_buffer_control_update32+0x34>
20000b82:	681a      	ldr	r2, [r3, #0]
20000b84:	4222      	tst	r2, r4
20000b86:	d10b      	bne.n	20000ba0 <_hw_endpoint_buffer_control_update32+0x38>
20000b88:	4a0a      	ldr	r2, [pc, #40]	@ (20000bb4 <_hw_endpoint_buffer_control_update32+0x4c>)
20000b8a:	400a      	ands	r2, r1
20000b8c:	601a      	str	r2, [r3, #0]
20000b8e:	e7ff      	b.n	20000b90 <_hw_endpoint_buffer_control_update32+0x28>
20000b90:	e7ff      	b.n	20000b92 <_hw_endpoint_buffer_control_update32+0x2a>
20000b92:	e7ff      	b.n	20000b94 <_hw_endpoint_buffer_control_update32+0x2c>
20000b94:	e7ff      	b.n	20000b96 <_hw_endpoint_buffer_control_update32+0x2e>
20000b96:	e7ff      	b.n	20000b98 <_hw_endpoint_buffer_control_update32+0x30>
20000b98:	e7ff      	b.n	20000b9a <_hw_endpoint_buffer_control_update32+0x32>
20000b9a:	6883      	ldr	r3, [r0, #8]
20000b9c:	6019      	str	r1, [r3, #0]
20000b9e:	bd10      	pop	{r4, pc}
20000ba0:	7881      	ldrb	r1, [r0, #2]
20000ba2:	207f      	movs	r0, #127	@ 0x7f
20000ba4:	09ca      	lsrs	r2, r1, #7
20000ba6:	4b04      	ldr	r3, [pc, #16]	@ (20000bb8 <_hw_endpoint_buffer_control_update32+0x50>)
20000ba8:	0092      	lsls	r2, r2, #2
20000baa:	4001      	ands	r1, r0
20000bac:	58d2      	ldr	r2, [r2, r3]
20000bae:	4803      	ldr	r0, [pc, #12]	@ (20000bbc <_hw_endpoint_buffer_control_update32+0x54>)
20000bb0:	f000 f92a 	bl	20000e08 <__panic_veneer>
20000bb4:	fffffbff 	.word	0xfffffbff
20000bb8:	20000f08 	.word	0x20000f08
20000bbc:	1000594c 	.word	0x1000594c

20000bc0 <hw_endpoint_start_next_buffer>:
20000bc0:	6843      	ldr	r3, [r0, #4]
20000bc2:	b570      	push	{r4, r5, r6, lr}
20000bc4:	2100      	movs	r1, #0
20000bc6:	2580      	movs	r5, #128	@ 0x80
20000bc8:	0004      	movs	r4, r0
20000bca:	681e      	ldr	r6, [r3, #0]
20000bcc:	f7ff ff58 	bl	20000a80 <prepare_ep_buffer>
20000bd0:	4b12      	ldr	r3, [pc, #72]	@ (20000c1c <hw_endpoint_start_next_buffer+0x5c>)
20000bd2:	016d      	lsls	r5, r5, #5
20000bd4:	6c1a      	ldr	r2, [r3, #64]	@ 0x40
20000bd6:	4305      	orrs	r5, r0
20000bd8:	78a3      	ldrb	r3, [r4, #2]
20000bda:	0792      	lsls	r2, r2, #30
20000bdc:	d50e      	bpl.n	20000bfc <hw_endpoint_start_next_buffer+0x3c>
20000bde:	065b      	lsls	r3, r3, #25
20000be0:	d00e      	beq.n	20000c00 <hw_endpoint_start_next_buffer+0x40>
20000be2:	4b0f      	ldr	r3, [pc, #60]	@ (20000c20 <hw_endpoint_start_next_buffer+0x60>)
20000be4:	401e      	ands	r6, r3
20000be6:	2380      	movs	r3, #128	@ 0x80
20000be8:	059b      	lsls	r3, r3, #22
20000bea:	4333      	orrs	r3, r6
20000bec:	6862      	ldr	r2, [r4, #4]
20000bee:	2100      	movs	r1, #0
20000bf0:	6013      	str	r3, [r2, #0]
20000bf2:	0020      	movs	r0, r4
20000bf4:	002a      	movs	r2, r5
20000bf6:	f7ff ffb7 	bl	20000b68 <_hw_endpoint_buffer_control_update32>
20000bfa:	bd70      	pop	{r4, r5, r6, pc}
20000bfc:	09db      	lsrs	r3, r3, #7
20000bfe:	d0f0      	beq.n	20000be2 <hw_endpoint_start_next_buffer+0x22>
20000c00:	8aa3      	ldrh	r3, [r4, #20]
20000c02:	2b00      	cmp	r3, #0
20000c04:	d0ed      	beq.n	20000be2 <hw_endpoint_start_next_buffer+0x22>
20000c06:	2101      	movs	r1, #1
20000c08:	0020      	movs	r0, r4
20000c0a:	f7ff ff39 	bl	20000a80 <prepare_ep_buffer>
20000c0e:	23a0      	movs	r3, #160	@ 0xa0
20000c10:	4a04      	ldr	r2, [pc, #16]	@ (20000c24 <hw_endpoint_start_next_buffer+0x64>)
20000c12:	05db      	lsls	r3, r3, #23
20000c14:	4032      	ands	r2, r6
20000c16:	4305      	orrs	r5, r0
20000c18:	4313      	orrs	r3, r2
20000c1a:	e7e7      	b.n	20000bec <hw_endpoint_start_next_buffer+0x2c>
20000c1c:	50110000 	.word	0x50110000
20000c20:	afffffff 	.word	0xafffffff
20000c24:	dfffffff 	.word	0xdfffffff

20000c28 <hw_endpoint_xfer_continue>:
20000c28:	b570      	push	{r4, r5, r6, lr}
20000c2a:	7e85      	ldrb	r5, [r0, #26]
20000c2c:	0004      	movs	r4, r0
20000c2e:	2d00      	cmp	r5, #0
20000c30:	d014      	beq.n	20000c5c <hw_endpoint_xfer_continue+0x34>
20000c32:	f7ff ff7f 	bl	20000b34 <_hw_endpoint_xfer_sync>
20000c36:	8aa3      	ldrh	r3, [r4, #20]
20000c38:	2b00      	cmp	r3, #0
20000c3a:	d101      	bne.n	20000c40 <hw_endpoint_xfer_continue+0x18>
20000c3c:	0028      	movs	r0, r5
20000c3e:	bd70      	pop	{r4, r5, r6, pc}
20000c40:	0020      	movs	r0, r4
20000c42:	f7ff ff03 	bl	20000a4c <e15_is_critical_frame_period>
20000c46:	2800      	cmp	r0, #0
20000c48:	d003      	beq.n	20000c52 <hw_endpoint_xfer_continue+0x2a>
20000c4a:	2301      	movs	r3, #1
20000c4c:	2500      	movs	r5, #0
20000c4e:	7723      	strb	r3, [r4, #28]
20000c50:	e7f4      	b.n	20000c3c <hw_endpoint_xfer_continue+0x14>
20000c52:	0020      	movs	r0, r4
20000c54:	f7ff ffb4 	bl	20000bc0 <hw_endpoint_start_next_buffer>
20000c58:	2500      	movs	r5, #0
20000c5a:	e7ef      	b.n	20000c3c <hw_endpoint_xfer_continue+0x14>
20000c5c:	7881      	ldrb	r1, [r0, #2]
20000c5e:	207f      	movs	r0, #127	@ 0x7f
20000c60:	09ca      	lsrs	r2, r1, #7
20000c62:	4b03      	ldr	r3, [pc, #12]	@ (20000c70 <hw_endpoint_xfer_continue+0x48>)
20000c64:	0092      	lsls	r2, r2, #2
20000c66:	4001      	ands	r1, r0
20000c68:	58d2      	ldr	r2, [r2, r3]
20000c6a:	4802      	ldr	r0, [pc, #8]	@ (20000c74 <hw_endpoint_xfer_continue+0x4c>)
20000c6c:	f000 f8cc 	bl	20000e08 <__panic_veneer>
20000c70:	20000f08 	.word	0x20000f08
20000c74:	1000596c 	.word	0x1000596c

20000c78 <dcd_event_handler>:
20000c78:	b5f0      	push	{r4, r5, r6, r7, lr}
20000c7a:	46c6      	mov	lr, r8
20000c7c:	b500      	push	{lr}
20000c7e:	7843      	ldrb	r3, [r0, #1]
20000c80:	0005      	movs	r5, r0
20000c82:	b084      	sub	sp, #16
20000c84:	2b04      	cmp	r3, #4
20000c86:	d100      	bne.n	20000c8a <dcd_event_handler+0x12>
20000c88:	e078      	b.n	20000d7c <dcd_event_handler+0x104>
20000c8a:	d847      	bhi.n	20000d1c <dcd_event_handler+0xa4>
20000c8c:	2b02      	cmp	r3, #2
20000c8e:	d100      	bne.n	20000c92 <dcd_event_handler+0x1a>
20000c90:	e086      	b.n	20000da0 <dcd_event_handler+0x128>
20000c92:	2b03      	cmp	r3, #3
20000c94:	d156      	bne.n	20000d44 <dcd_event_handler+0xcc>
20000c96:	4f4e      	ldr	r7, [pc, #312]	@ (20000dd0 <dcd_event_handler+0x158>)
20000c98:	4a4e      	ldr	r2, [pc, #312]	@ (20000dd4 <dcd_event_handler+0x15c>)
20000c9a:	2400      	movs	r4, #0
20000c9c:	4690      	mov	r8, r2
20000c9e:	783b      	ldrb	r3, [r7, #0]
20000ca0:	4e4d      	ldr	r6, [pc, #308]	@ (20000dd8 <dcd_event_handler+0x160>)
20000ca2:	e003      	b.n	20000cac <dcd_event_handler+0x34>
20000ca4:	3401      	adds	r4, #1
20000ca6:	b2e4      	uxtb	r4, r4
20000ca8:	429c      	cmp	r4, r3
20000caa:	d816      	bhi.n	20000cda <dcd_event_handler+0x62>
20000cac:	2e00      	cmp	r6, #0
20000cae:	d0f9      	beq.n	20000ca4 <dcd_event_handler+0x2c>
20000cb0:	429c      	cmp	r4, r3
20000cb2:	d2f7      	bcs.n	20000ca4 <dcd_event_handler+0x2c>
20000cb4:	4641      	mov	r1, r8
20000cb6:	0062      	lsls	r2, r4, #1
20000cb8:	6809      	ldr	r1, [r1, #0]
20000cba:	1912      	adds	r2, r2, r4
20000cbc:	00d2      	lsls	r2, r2, #3
20000cbe:	188a      	adds	r2, r1, r2
20000cc0:	2a00      	cmp	r2, #0
20000cc2:	d0ef      	beq.n	20000ca4 <dcd_event_handler+0x2c>
20000cc4:	6952      	ldr	r2, [r2, #20]
20000cc6:	2a00      	cmp	r2, #0
20000cc8:	d0ec      	beq.n	20000ca4 <dcd_event_handler+0x2c>
20000cca:	6869      	ldr	r1, [r5, #4]
20000ccc:	7828      	ldrb	r0, [r5, #0]
20000cce:	4790      	blx	r2
20000cd0:	3401      	adds	r4, #1
20000cd2:	783b      	ldrb	r3, [r7, #0]
20000cd4:	b2e4      	uxtb	r4, r4
20000cd6:	429c      	cmp	r4, r3
20000cd8:	d9e8      	bls.n	20000cac <dcd_event_handler+0x34>
20000cda:	4b40      	ldr	r3, [pc, #256]	@ (20000ddc <dcd_event_handler+0x164>)
20000cdc:	781a      	ldrb	r2, [r3, #0]
20000cde:	0752      	lsls	r2, r2, #29
20000ce0:	d548      	bpl.n	20000d74 <dcd_event_handler+0xfc>
20000ce2:	2104      	movs	r1, #4
20000ce4:	781a      	ldrb	r2, [r3, #0]
20000ce6:	ae01      	add	r6, sp, #4
20000ce8:	438a      	bics	r2, r1
20000cea:	701a      	strb	r2, [r3, #0]
20000cec:	466b      	mov	r3, sp
20000cee:	220a      	movs	r2, #10
20000cf0:	2100      	movs	r1, #0
20000cf2:	1d98      	adds	r0, r3, #6
20000cf4:	f000 f898 	bl	20000e28 <____wrap_memset_veneer>
20000cf8:	782b      	ldrb	r3, [r5, #0]
20000cfa:	7033      	strb	r3, [r6, #0]
20000cfc:	2305      	movs	r3, #5
20000cfe:	7073      	strb	r3, [r6, #1]
20000d00:	4b37      	ldr	r3, [pc, #220]	@ (20000de0 <dcd_event_handler+0x168>)
20000d02:	681c      	ldr	r4, [r3, #0]
20000d04:	6962      	ldr	r2, [r4, #20]
20000d06:	f3ef 8110 	mrs	r1, PRIMASK
20000d0a:	b672      	cpsid	i
20000d0c:	6813      	ldr	r3, [r2, #0]
20000d0e:	2b00      	cmp	r3, #0
20000d10:	d0fc      	beq.n	20000d0c <dcd_event_handler+0x94>
20000d12:	f3bf 8f5f 	dmb	sy
20000d16:	61a1      	str	r1, [r4, #24]
20000d18:	0031      	movs	r1, r6
20000d1a:	e020      	b.n	20000d5e <dcd_event_handler+0xe6>
20000d1c:	2b05      	cmp	r3, #5
20000d1e:	d111      	bne.n	20000d44 <dcd_event_handler+0xcc>
20000d20:	4b2e      	ldr	r3, [pc, #184]	@ (20000ddc <dcd_event_handler+0x164>)
20000d22:	781a      	ldrb	r2, [r3, #0]
20000d24:	07d2      	lsls	r2, r2, #31
20000d26:	d525      	bpl.n	20000d74 <dcd_event_handler+0xfc>
20000d28:	2104      	movs	r1, #4
20000d2a:	781a      	ldrb	r2, [r3, #0]
20000d2c:	438a      	bics	r2, r1
20000d2e:	701a      	strb	r2, [r3, #0]
20000d30:	4b2b      	ldr	r3, [pc, #172]	@ (20000de0 <dcd_event_handler+0x168>)
20000d32:	681c      	ldr	r4, [r3, #0]
20000d34:	6962      	ldr	r2, [r4, #20]
20000d36:	f3ef 8110 	mrs	r1, PRIMASK
20000d3a:	b672      	cpsid	i
20000d3c:	6813      	ldr	r3, [r2, #0]
20000d3e:	2b00      	cmp	r3, #0
20000d40:	d109      	bne.n	20000d56 <dcd_event_handler+0xde>
20000d42:	e7fb      	b.n	20000d3c <dcd_event_handler+0xc4>
20000d44:	4b26      	ldr	r3, [pc, #152]	@ (20000de0 <dcd_event_handler+0x168>)
20000d46:	681c      	ldr	r4, [r3, #0]
20000d48:	6962      	ldr	r2, [r4, #20]
20000d4a:	f3ef 8110 	mrs	r1, PRIMASK
20000d4e:	b672      	cpsid	i
20000d50:	6813      	ldr	r3, [r2, #0]
20000d52:	2b00      	cmp	r3, #0
20000d54:	d0fc      	beq.n	20000d50 <dcd_event_handler+0xd8>
20000d56:	f3bf 8f5f 	dmb	sy
20000d5a:	61a1      	str	r1, [r4, #24]
20000d5c:	0029      	movs	r1, r5
20000d5e:	0020      	movs	r0, r4
20000d60:	f000 f85a 	bl	20000e18 <__tu_fifo_write_veneer>
20000d64:	6962      	ldr	r2, [r4, #20]
20000d66:	69a3      	ldr	r3, [r4, #24]
20000d68:	f3bf 8f5f 	dmb	sy
20000d6c:	2100      	movs	r1, #0
20000d6e:	6011      	str	r1, [r2, #0]
20000d70:	f383 8810 	msr	PRIMASK, r3
20000d74:	b004      	add	sp, #16
20000d76:	bc80      	pop	{r7}
20000d78:	46b8      	mov	r8, r7
20000d7a:	bdf0      	pop	{r4, r5, r6, r7, pc}
20000d7c:	4b17      	ldr	r3, [pc, #92]	@ (20000ddc <dcd_event_handler+0x164>)
20000d7e:	781a      	ldrb	r2, [r3, #0]
20000d80:	07d2      	lsls	r2, r2, #31
20000d82:	d5f7      	bpl.n	20000d74 <dcd_event_handler+0xfc>
20000d84:	2104      	movs	r1, #4
20000d86:	781a      	ldrb	r2, [r3, #0]
20000d88:	430a      	orrs	r2, r1
20000d8a:	701a      	strb	r2, [r3, #0]
20000d8c:	4b14      	ldr	r3, [pc, #80]	@ (20000de0 <dcd_event_handler+0x168>)
20000d8e:	681c      	ldr	r4, [r3, #0]
20000d90:	6962      	ldr	r2, [r4, #20]
20000d92:	f3ef 8110 	mrs	r1, PRIMASK
20000d96:	b672      	cpsid	i
20000d98:	6813      	ldr	r3, [r2, #0]
20000d9a:	2b00      	cmp	r3, #0
20000d9c:	d1db      	bne.n	20000d56 <dcd_event_handler+0xde>
20000d9e:	e7fb      	b.n	20000d98 <dcd_event_handler+0x120>
20000da0:	2001      	movs	r0, #1
20000da2:	4a0e      	ldr	r2, [pc, #56]	@ (20000ddc <dcd_event_handler+0x164>)
20000da4:	7811      	ldrb	r1, [r2, #0]
20000da6:	4381      	bics	r1, r0
20000da8:	7011      	strb	r1, [r2, #0]
20000daa:	7811      	ldrb	r1, [r2, #0]
20000dac:	4399      	bics	r1, r3
20000dae:	2300      	movs	r3, #0
20000db0:	7011      	strb	r1, [r2, #0]
20000db2:	2104      	movs	r1, #4
20000db4:	7053      	strb	r3, [r2, #1]
20000db6:	7813      	ldrb	r3, [r2, #0]
20000db8:	438b      	bics	r3, r1
20000dba:	7013      	strb	r3, [r2, #0]
20000dbc:	4b08      	ldr	r3, [pc, #32]	@ (20000de0 <dcd_event_handler+0x168>)
20000dbe:	681c      	ldr	r4, [r3, #0]
20000dc0:	6962      	ldr	r2, [r4, #20]
20000dc2:	f3ef 8110 	mrs	r1, PRIMASK
20000dc6:	b672      	cpsid	i
20000dc8:	6813      	ldr	r3, [r2, #0]
20000dca:	2b00      	cmp	r3, #0
20000dcc:	d1c3      	bne.n	20000d56 <dcd_event_handler+0xde>
20000dce:	e7fb      	b.n	20000dc8 <dcd_event_handler+0x150>
20000dd0:	200023b1 	.word	0x200023b1
20000dd4:	20001950 	.word	0x20001950
20000dd8:	10002ba9 	.word	0x10002ba9
20000ddc:	20001c78 	.word	0x20001c78
20000de0:	20001cd0 	.word	0x20001cd0

20000de4 <__aeabi_idiv0>:
20000de4:	4770      	bx	lr
20000de6:	46c0      	nop			@ (mov r8, r8)

20000de8 <____wrap___aeabi_lmul_veneer>:
20000de8:	b401      	push	{r0}
20000dea:	4802      	ldr	r0, [pc, #8]	@ (20000df4 <____wrap___aeabi_lmul_veneer+0xc>)
20000dec:	4684      	mov	ip, r0
20000dee:	bc01      	pop	{r0}
20000df0:	4760      	bx	ip
20000df2:	bf00      	nop
20000df4:	10002681 	.word	0x10002681

20000df8 <____wrap_memcpy_veneer>:
20000df8:	b401      	push	{r0}
20000dfa:	4802      	ldr	r0, [pc, #8]	@ (20000e04 <____wrap_memcpy_veneer+0xc>)
20000dfc:	4684      	mov	ip, r0
20000dfe:	bc01      	pop	{r0}
20000e00:	4760      	bx	ip
20000e02:	bf00      	nop
20000e04:	10002761 	.word	0x10002761

20000e08 <__panic_veneer>:
20000e08:	b401      	push	{r0}
20000e0a:	4802      	ldr	r0, [pc, #8]	@ (20000e14 <__panic_veneer+0xc>)
20000e0c:	4684      	mov	ip, r0
20000e0e:	bc01      	pop	{r0}
20000e10:	4760      	bx	ip
20000e12:	bf00      	nop
20000e14:	1000205d 	.word	0x1000205d

20000e18 <__tu_fifo_write_veneer>:
20000e18:	b401      	push	{r0}
20000e1a:	4802      	ldr	r0, [pc, #8]	@ (20000e24 <__tu_fifo_write_veneer+0xc>)
20000e1c:	4684      	mov	ip, r0
20000e1e:	bc01      	pop	{r0}
20000e20:	4760      	bx	ip
20000e22:	bf00      	nop
20000e24:	10004afd 	.word	0x10004afd

20000e28 <____wrap_memset_veneer>:
20000e28:	b401      	push	{r0}
20000e2a:	4802      	ldr	r0, [pc, #8]	@ (20000e34 <____wrap_memset_veneer+0xc>)
20000e2c:	4684      	mov	ip, r0
20000e2e:	bc01      	pop	{r0}
20000e30:	4760      	bx	ip
20000e32:	bf00      	nop
20000e34:	10002755 	.word	0x10002755

20000e38 <__best_effort_wfe_or_timeout_veneer>:
20000e38:	b401      	push	{r0}
20000e3a:	4802      	ldr	r0, [pc, #8]	@ (20000e44 <__best_effort_wfe_or_timeout_veneer+0xc>)
20000e3c:	4684      	mov	ip, r0
20000e3e:	bc01      	pop	{r0}
20000e40:	4760      	bx	ip
20000e42:	bf00      	nop
20000e44:	1000132d 	.word	0x1000132d

20000e48 <__time_us_64_veneer>:
20000e48:	b401      	push	{r0}
20000e4a:	4802      	ldr	r0, [pc, #8]	@ (20000e54 <__time_us_64_veneer+0xc>)
20000e4c:	4684      	mov	ip, r0
20000e4e:	bc01      	pop	{r0}
20000e50:	4760      	bx	ip
20000e52:	bf00      	nop
20000e54:	100014e1 	.word	0x100014e1

20000e58 <striped_spin_lock_num>:
20000e58:	00000010                                ....

20000e5c <irq_handler_chain_slots>:
20000e5c:	00000000 	.word	0x00000000
20000e60:	00010000 	.word	0x00010000
	...
20000e6c:	00020000 	.word	0x00020000
	...
20000e78:	00030000 	.word	0x00030000
	...
20000e84:	00ff0000 	.word	0x00ff0000
20000e88:	00000000 	.word	0x00000000

20000e8c <irq_handler_chain_first_slot>:
20000e8c:	b501      	push	{r0, lr}
20000e8e:	6848      	ldr	r0, [r1, #4]
20000e90:	3101      	adds	r1, #1
20000e92:	468e      	mov	lr, r1
20000e94:	4700      	bx	r0

20000e96 <irq_handler_chain_remove_tail>:
20000e96:	4670      	mov	r0, lr
20000e98:	3809      	subs	r0, #9
20000e9a:	4901      	ldr	r1, [pc, #4]	@ (20000ea0 <irq_handler_chain_remove_tail+0xa>)
20000e9c:	4788      	blx	r1
20000e9e:	bd01      	pop	{r0, pc}
20000ea0:	10000bcd 	.word	0x10000bcd

20000ea4 <default_alarm_pool>:
20000ea4:	20000ebc 00000000 200014d8 20001eb0     ... ....... ... 
	...

20000ebc <default_alarm_pool_heap>:
20000ebc:	20001ec0 00000000 00000000 00000010     ... ............
20000ecc:	00000000                                ....

20000ed0 <aeabi_bits_funcs>:
20000ed0:	00003350 	.word	0x00003350
20000ed4:	0000334c 	.word	0x0000334c
20000ed8:	00003354 	.word	0x00003354
20000edc:	00003352 	.word	0x00003352

20000ee0 <aeabi_bits_funcs_end>:
20000ee0:	0000534d 	.word	0x0000534d
20000ee4:	0000434d 	.word	0x0000434d
20000ee8:	00003453 	.word	0x00003453
20000eec:	00003443 	.word	0x00003443

20000ef0 <stdio_usb>:
20000ef0:	10002ced 00000000 10002c61 10002be9     .,......a,...+..
20000f00:	00000000 00000100                       ........

20000f08 <ep_dir_string>:
20000f08:	10005998 1000599c                       .Y...Y..

20000f10 <_usbd_qdef>:
20000f10:	20001cd4 000c0010 00000000 00000000     ... ............
	...

20000f2c <_usbd_rhport>:
20000f2c:	000000ff                                ....

20000f30 <__malloc_sbrk_base>:
20000f30:	ffffffff                                ....

20000f34 <__malloc_trim_threshold>:
20000f34:	00020000                                ....

20000f38 <__malloc_av_>:
	...
20000f40:	20000f38 20000f38 20000f40 20000f40     8.. 8.. @.. @.. 
20000f50:	20000f48 20000f48 20000f50 20000f50     H.. H.. P.. P.. 
20000f60:	20000f58 20000f58 20000f60 20000f60     X.. X.. `.. `.. 
20000f70:	20000f68 20000f68 20000f70 20000f70     h.. h.. p.. p.. 
20000f80:	20000f78 20000f78 20000f80 20000f80     x.. x.. ... ... 
20000f90:	20000f88 20000f88 20000f90 20000f90     ... ... ... ... 
20000fa0:	20000f98 20000f98 20000fa0 20000fa0     ... ... ... ... 
20000fb0:	20000fa8 20000fa8 20000fb0 20000fb0     ... ... ... ... 
20000fc0:	20000fb8 20000fb8 20000fc0 20000fc0     ... ... ... ... 
20000fd0:	20000fc8 20000fc8 20000fd0 20000fd0     ... ... ... ... 
20000fe0:	20000fd8 20000fd8 20000fe0 20000fe0     ... ... ... ... 
20000ff0:	20000fe8 20000fe8 20000ff0 20000ff0     ... ... ... ... 
20001000:	20000ff8 20000ff8 20001000 20001000     ... ... ... ... 
20001010:	20001008 20001008 20001010 20001010     ... ... ... ... 
20001020:	20001018 20001018 20001020 20001020     ... ...  ..  .. 
20001030:	20001028 20001028 20001030 20001030     (.. (.. 0.. 0.. 
20001040:	20001038 20001038 20001040 20001040     8.. 8.. @.. @.. 
20001050:	20001048 20001048 20001050 20001050     H.. H.. P.. P.. 
20001060:	20001058 20001058 20001060 20001060     X.. X.. `.. `.. 
20001070:	20001068 20001068 20001070 20001070     h.. h.. p.. p.. 
20001080:	20001078 20001078 20001080 20001080     x.. x.. ... ... 
20001090:	20001088 20001088 20001090 20001090     ... ... ... ... 
200010a0:	20001098 20001098 200010a0 200010a0     ... ... ... ... 
200010b0:	200010a8 200010a8 200010b0 200010b0     ... ... ... ... 
200010c0:	200010b8 200010b8 200010c0 200010c0     ... ... ... ... 
200010d0:	200010c8 200010c8 200010d0 200010d0     ... ... ... ... 
200010e0:	200010d8 200010d8 200010e0 200010e0     ... ... ... ... 
200010f0:	200010e8 200010e8 200010f0 200010f0     ... ... ... ... 
20001100:	200010f8 200010f8 20001100 20001100     ... ... ... ... 
20001110:	20001108 20001108 20001110 20001110     ... ... ... ... 
20001120:	20001118 20001118 20001120 20001120     ... ...  ..  .. 
20001130:	20001128 20001128 20001130 20001130     (.. (.. 0.. 0.. 
20001140:	20001138 20001138 20001140 20001140     8.. 8.. @.. @.. 
20001150:	20001148 20001148 20001150 20001150     H.. H.. P.. P.. 
20001160:	20001158 20001158 20001160 20001160     X.. X.. `.. `.. 
20001170:	20001168 20001168 20001170 20001170     h.. h.. p.. p.. 
20001180:	20001178 20001178 20001180 20001180     x.. x.. ... ... 
20001190:	20001188 20001188 20001190 20001190     ... ... ... ... 
200011a0:	20001198 20001198 200011a0 200011a0     ... ... ... ... 
200011b0:	200011a8 200011a8 200011b0 200011b0     ... ... ... ... 
200011c0:	200011b8 200011b8 200011c0 200011c0     ... ... ... ... 
200011d0:	200011c8 200011c8 200011d0 200011d0     ... ... ... ... 
200011e0:	200011d8 200011d8 200011e0 200011e0     ... ... ... ... 
200011f0:	200011e8 200011e8 200011f0 200011f0     ... ... ... ... 
20001200:	200011f8 200011f8 20001200 20001200     ... ... ... ... 
20001210:	20001208 20001208 20001210 20001210     ... ... ... ... 
20001220:	20001218 20001218 20001220 20001220     ... ...  ..  .. 
20001230:	20001228 20001228 20001230 20001230     (.. (.. 0.. 0.. 
20001240:	20001238 20001238 20001240 20001240     8.. 8.. @.. @.. 
20001250:	20001248 20001248 20001250 20001250     H.. H.. P.. P.. 
20001260:	20001258 20001258 20001260 20001260     X.. X.. `.. `.. 
20001270:	20001268 20001268 20001270 20001270     h.. h.. p.. p.. 
20001280:	20001278 20001278 20001280 20001280     x.. x.. ... ... 
20001290:	20001288 20001288 20001290 20001290     ... ... ... ... 
200012a0:	20001298 20001298 200012a0 200012a0     ... ... ... ... 
200012b0:	200012a8 200012a8 200012b0 200012b0     ... ... ... ... 
200012c0:	200012b8 200012b8 200012c0 200012c0     ... ... ... ... 
200012d0:	200012c8 200012c8 200012d0 200012d0     ... ... ... ... 
200012e0:	200012d8 200012d8 200012e0 200012e0     ... ... ... ... 
200012f0:	200012e8 200012e8 200012f0 200012f0     ... ... ... ... 
20001300:	200012f8 200012f8 20001300 20001300     ... ... ... ... 
20001310:	20001308 20001308 20001310 20001310     ... ... ... ... 
20001320:	20001318 20001318 20001320 20001320     ... ...  ..  .. 
20001330:	20001328 20001328 20001330 20001330     (.. (.. 0.. 0.. 

20001340 <__sglue>:
20001340:	00000000 00000003 20001814              ........... 

2000134c <_impure_ptr>:
2000134c:	20001350                                P.. 

20001350 <_impure_data>:
20001350:	00000000 20001814 2000187c 200018e4     ....... |.. ... 
	...
200013e8:	00000001 00000000 abcd330e e66d1234     .........3..4.m.
200013f8:	0005deec 0000000b 00000000 00000000     ................
	...

20001490 <print_mutex>:
	...

20001498 <__mutex_array_end>:
20001498:	10002745 	.word	0x10002745
2000149c:	100020d9 	.word	0x100020d9
200014a0:	100025bd 	.word	0x100025bd
200014a4:	100026b5 	.word	0x100026b5

200014a8 <__frame_dummy_init_array_entry>:
200014a8:	100002e5 10003021                       ....!0..
