
C:/Users/sebas/source/repos/spaCEinvaders/build-ninja/spaceinvaders_controller.elf:     file format elf32-littlearm

Sections:
Idx Name          Size      VMA       LMA       File off  Algn
  0 .boot2        00000100  10000000  10000000  00001000  2**0
                  CONTENTS, ALLOC, LOAD, READONLY, CODE
  1 .text         00007920  10000100  10000100  00001100  2**3
                  CONTENTS, ALLOC, LOAD, READONLY, CODE
  2 .rodata       00001718  10007a20  10007a20  00008a20  2**3
                  CONTENTS, ALLOC, LOAD, READONLY, DATA
  3 .binary_info  00000020  10009138  10009138  0000a138  2**2
                  CONTENTS, ALLOC, LOAD, READONLY, DATA
  4 .ram_vector_table 000000c0  20000000  20000000  0000d000  2**2
                  ALLOC
  5 .data         000010a0  200000c0  10009158  0000b0c0  2**4
                  CONTENTS, ALLOC, LOAD, READONLY, CODE
  6 .uninitialized_data 00000000  20001160  20001160  0000c160  2**0
                  CONTENTS
  7 .scratch_x    00000000  20040000  20040000  0000c160  2**0
                  CONTENTS
  8 .scratch_y    00000000  20041000  20041000  0000c160  2**0
                  CONTENTS
  9 .bss          00000f0c  20001160  20001160  0000d000  2**3
                  ALLOC
 10 .heap         00000800  2000206c  2000206c  0000c160  2**2
                  CONTENTS, READONLY
 11 .stack_dummy  00000800  20041000  20041000  0000c960  2**5
                  CONTENTS, READONLY
 12 .ARM.attributes 00000028  00000000  00000000  0000d160  2**0
                  CONTENTS, READONLY
 13 .comment      00000045  00000000  00000000  0000d188  2**0
                  CONTENTS, READONLY
 14 .debug_info   00023dab  00000000  00000000  0000d1cd  2**0
                  CONTENTS, READONLY, DEBUGGING, OCTETS
 15 .debug_abbrev 00007069  00000000  00000000  00030f78  2**0
                  CONTENTS, READONLY, DEBUGGING, OCTETS
 16 .debug_loclists 0000f01e  00000000  00000000  00037fe1  2**0
                  CONTENTS, READONLY, DEBUGGING, OCTETS
 17 .debug_aranges 000015e8  00000000  00000000  00047000  2**3
                  CONTENTS, READONLY, DEBUGGING, OCTETS
 18 .debug_rnglists 00001624  00000000  00000000  000485e8  2**0
                  CONTENTS, READONLY, DEBUGGING, OCTETS
 19 .debug_line   00016d3c  00000000  00000000  00049c0c  2**0
                  CONTENTS, READONLY, DEBUGGING, OCTETS
 20 .debug_str    000076ab  00000000  00000000  00060948  2**0
                  CONTENTS, READONLY, DEBUGGING, OCTETS
 21 .debug_frame  00003484  00000000  00000000  00067ff4  2**2
                  CONTENTS, READONLY, DEBUGGING, OCTETS
 22 .debug_line_str 000003db  00000000  00000000  0006b478  2**0
                  CONTENTS, READONLY, DEBUGGING, OCTETS

C:/Users/sebas/source/repos/spaCEinvaders/build-ninja/spaceinvaders_controller.elf:     file format elf32-littlearm


Disassembly of section .boot2:

10000000 <__boot2_start__>:
10000000:	4b32b500 	.word	0x4b32b500
10000004:	60582021 	.word	0x60582021
10000008:	21026898 	.word	0x21026898
1000000c:	60984388 	.word	0x60984388
10000010:	611860d8 	.word	0x611860d8
10000014:	4b2e6158 	.word	0x4b2e6158
10000018:	60992100 	.word	0x60992100
1000001c:	61592102 	.word	0x61592102
10000020:	22f02101 	.word	0x22f02101
10000024:	492b5099 	.word	0x492b5099
10000028:	21016019 	.word	0x21016019
1000002c:	20356099 	.word	0x20356099
10000030:	f844f000 	.word	0xf844f000
10000034:	42902202 	.word	0x42902202
10000038:	2106d014 	.word	0x2106d014
1000003c:	f0006619 	.word	0xf0006619
10000040:	6e19f834 	.word	0x6e19f834
10000044:	66192101 	.word	0x66192101
10000048:	66182000 	.word	0x66182000
1000004c:	f000661a 	.word	0xf000661a
10000050:	6e19f82c 	.word	0x6e19f82c
10000054:	6e196e19 	.word	0x6e196e19
10000058:	f0002005 	.word	0xf0002005
1000005c:	2101f82f 	.word	0x2101f82f
10000060:	d1f94208 	.word	0xd1f94208
10000064:	60992100 	.word	0x60992100
10000068:	6019491b 	.word	0x6019491b
1000006c:	60592100 	.word	0x60592100
10000070:	481b491a 	.word	0x481b491a
10000074:	21016001 	.word	0x21016001
10000078:	21eb6099 	.word	0x21eb6099
1000007c:	21a06619 	.word	0x21a06619
10000080:	f0006619 	.word	0xf0006619
10000084:	2100f812 	.word	0x2100f812
10000088:	49166099 	.word	0x49166099
1000008c:	60014814 	.word	0x60014814
10000090:	60992101 	.word	0x60992101
10000094:	2800bc01 	.word	0x2800bc01
10000098:	4700d000 	.word	0x4700d000
1000009c:	49134812 	.word	0x49134812
100000a0:	c8036008 	.word	0xc8036008
100000a4:	8808f380 	.word	0x8808f380
100000a8:	b5034708 	.word	0xb5034708
100000ac:	20046a99 	.word	0x20046a99
100000b0:	d0fb4201 	.word	0xd0fb4201
100000b4:	42012001 	.word	0x42012001
100000b8:	bd03d1f8 	.word	0xbd03d1f8
100000bc:	6618b502 	.word	0x6618b502
100000c0:	f7ff6618 	.word	0xf7ff6618
100000c4:	6e18fff2 	.word	0x6e18fff2
100000c8:	bd026e18 	.word	0xbd026e18
100000cc:	40020000 	.word	0x40020000
100000d0:	18000000 	.word	0x18000000
100000d4:	00070000 	.word	0x00070000
100000d8:	005f0300 	.word	0x005f0300
100000dc:	00002221 	.word	0x00002221
100000e0:	180000f4 	.word	0x180000f4
100000e4:	a0002022 	.word	0xa0002022
100000e8:	10000100 	.word	0x10000100
100000ec:	e000ed08 	.word	0xe000ed08
	...
100000fc:	7a4eb274 	.word	0x7a4eb274

Disassembly of section .text:

10000100 <__VECTOR_TABLE>:
10000100:	20042000 	.word	0x20042000
10000104:	100001f7 	.word	0x100001f7
10000108:	100001c3 	.word	0x100001c3
1000010c:	100001c5 	.word	0x100001c5
10000110:	100001c1 	.word	0x100001c1
10000114:	100001c1 	.word	0x100001c1
10000118:	100001c1 	.word	0x100001c1
1000011c:	100001c1 	.word	0x100001c1
10000120:	100001c1 	.word	0x100001c1
10000124:	100001c1 	.word	0x100001c1
10000128:	100001c1 	.word	0x100001c1
1000012c:	100001c7 	.word	0x100001c7
10000130:	100001c1 	.word	0x100001c1
10000134:	100001c1 	.word	0x100001c1
10000138:	100001c9 	.word	0x100001c9
1000013c:	100001cb 	.word	0x100001cb
10000140:	100001cd 	.word	0x100001cd
10000144:	100001cd 	.word	0x100001cd
10000148:	100001cd 	.word	0x100001cd
1000014c:	100001cd 	.word	0x100001cd
10000150:	100001cd 	.word	0x100001cd
10000154:	100001cd 	.word	0x100001cd
10000158:	100001cd 	.word	0x100001cd
1000015c:	100001cd 	.word	0x100001cd
10000160:	100001cd 	.word	0x100001cd
10000164:	100001cd 	.word	0x100001cd
10000168:	100001cd 	.word	0x100001cd
1000016c:	100001cd 	.word	0x100001cd
10000170:	100001cd 	.word	0x100001cd
10000174:	100001cd 	.word	0x100001cd
10000178:	100001cd 	.word	0x100001cd
1000017c:	100001cd 	.word	0x100001cd
10000180:	100001cd 	.word	0x100001cd
10000184:	100001cd 	.word	0x100001cd
10000188:	100001cd 	.word	0x100001cd
1000018c:	100001cd 	.word	0x100001cd
10000190:	100001cd 	.word	0x100001cd
10000194:	100001cd 	.word	0x100001cd
10000198:	100001cd 	.word	0x100001cd
1000019c:	100001cd 	.word	0x100001cd
100001a0:	100001cd 	.word	0x100001cd
100001a4:	100001cd 	.word	0x100001cd
100001a8:	100001cd 	.word	0x100001cd
100001ac:	100001cd 	.word	0x100001cd
100001b0:	100001cd 	.word	0x100001cd
100001b4:	100001cd 	.word	0x100001cd
100001b8:	100001cd 	.word	0x100001cd
100001bc:	100001cd 	.word	0x100001cd

100001c0 <isr_invalid>:
100001c0:	be00      	bkpt	0x0000

100001c2 <isr_nmi>:
100001c2:	be00      	bkpt	0x0000

100001c4 <isr_hardfault>:
100001c4:	be00      	bkpt	0x0000

100001c6 <isr_svcall>:
100001c6:	be00      	bkpt	0x0000

100001c8 <isr_pendsv>:
100001c8:	be00      	bkpt	0x0000

100001ca <isr_systick>:
100001ca:	be00      	bkpt	0x0000

100001cc <__unhandled_user_irq>:
100001cc:	f3ef 8005 	mrs	r0, IPSR
100001d0:	3810      	subs	r0, #16

100001d2 <unhandled_user_irq_num_in_r0>:
100001d2:	be00      	bkpt	0x0000

100001d4 <binary_info_header>:
100001d4:	7188ebf2 	.word	0x7188ebf2
100001d8:	10009138 	.word	0x10009138
100001dc:	10009158 	.word	0x10009158
100001e0:	10000234 	.word	0x10000234
100001e4:	e71aa390 	.word	0xe71aa390

100001e8 <_entry_point>:
100001e8:	2000      	movs	r0, #0
100001ea:	491f      	ldr	r1, [pc, #124]	@ (10000268 <hold_non_core0_in_bootrom+0xa>)
100001ec:	6008      	str	r0, [r1, #0]
100001ee:	c806      	ldmia	r0!, {r1, r2}
100001f0:	f381 8808 	msr	MSP, r1
100001f4:	4710      	bx	r2

100001f6 <_reset_handler>:
100001f6:	481d      	ldr	r0, [pc, #116]	@ (1000026c <hold_non_core0_in_bootrom+0xe>)
100001f8:	6800      	ldr	r0, [r0, #0]
100001fa:	2800      	cmp	r0, #0
100001fc:	d12f      	bne.n	1000025e <hold_non_core0_in_bootrom>
100001fe:	a40d      	add	r4, pc, #52	@ (adr r4, 10000234 <data_cpy_table>)
10000200:	cc0e      	ldmia	r4!, {r1, r2, r3}
10000202:	2900      	cmp	r1, #0
10000204:	d002      	beq.n	1000020c <_reset_handler+0x16>
10000206:	f000 f812 	bl	1000022e <data_cpy>
1000020a:	e7f9      	b.n	10000200 <_reset_handler+0xa>
1000020c:	4918      	ldr	r1, [pc, #96]	@ (10000270 <hold_non_core0_in_bootrom+0x12>)
1000020e:	4a19      	ldr	r2, [pc, #100]	@ (10000274 <hold_non_core0_in_bootrom+0x16>)
10000210:	2000      	movs	r0, #0
10000212:	e000      	b.n	10000216 <bss_fill_test>

10000214 <bss_fill_loop>:
10000214:	c101      	stmia	r1!, {r0}

10000216 <bss_fill_test>:
10000216:	4291      	cmp	r1, r2
10000218:	d1fc      	bne.n	10000214 <bss_fill_loop>

1000021a <platform_entry>:
1000021a:	4917      	ldr	r1, [pc, #92]	@ (10000278 <hold_non_core0_in_bootrom+0x1a>)
1000021c:	4788      	blx	r1
1000021e:	4917      	ldr	r1, [pc, #92]	@ (1000027c <hold_non_core0_in_bootrom+0x1e>)
10000220:	4788      	blx	r1
10000222:	4917      	ldr	r1, [pc, #92]	@ (10000280 <hold_non_core0_in_bootrom+0x22>)
10000224:	4788      	blx	r1
10000226:	be00      	bkpt	0x0000
10000228:	e7fd      	b.n	10000226 <platform_entry+0xc>

1000022a <data_cpy_loop>:
1000022a:	c901      	ldmia	r1!, {r0}
1000022c:	c201      	stmia	r2!, {r0}

1000022e <data_cpy>:
1000022e:	429a      	cmp	r2, r3
10000230:	d3fb      	bcc.n	1000022a <data_cpy_loop>
10000232:	4770      	bx	lr

10000234 <data_cpy_table>:
10000234:	10009158 	.word	0x10009158
10000238:	200000c0 	.word	0x200000c0
1000023c:	20001160 	.word	0x20001160
10000240:	1000a1f8 	.word	0x1000a1f8
10000244:	20040000 	.word	0x20040000
10000248:	20040000 	.word	0x20040000
1000024c:	1000a1f8 	.word	0x1000a1f8
10000250:	20041000 	.word	0x20041000
10000254:	20041000 	.word	0x20041000
10000258:	00000000 	.word	0x00000000
1000025c:	4770      	bx	lr

1000025e <hold_non_core0_in_bootrom>:
1000025e:	4809      	ldr	r0, [pc, #36]	@ (10000284 <hold_non_core0_in_bootrom+0x26>)
10000260:	f003 fa18 	bl	10003694 <rom_func_lookup>
10000264:	4700      	bx	r0
10000266:	0000      	.short	0x0000
10000268:	e000ed08 	.word	0xe000ed08
1000026c:	d0000000 	.word	0xd0000000
10000270:	20001160 	.word	0x20001160
10000274:	2000206c 	.word	0x2000206c
10000278:	1000236d 	.word	0x1000236d
1000027c:	100005a1 	.word	0x100005a1
10000280:	1000232d 	.word	0x1000232d
10000284:	00005657 	.word	0x00005657

10000288 <__bi_50>:
10000288:	50520006 5360b3ab 1000858c              ..RP..`S....

10000294 <__bi_38>:
10000294:	50520006 02031c86 1000859c              ..RP........

100002a0 <__bi_30>:
100002a0:	50520006 9da22254 100085b8              ..RPT"......

100002ac <__bi_22>:
100002ac:	50520005 68f465de 1000a1f8              ..RP.e.h....

100002b8 <_init>:
100002b8:	b5f8      	push	{r3, r4, r5, r6, r7, lr}
100002ba:	46c0      	nop			@ (mov r8, r8)

100002bc <register_tm_clones>:
100002bc:	4806      	ldr	r0, [pc, #24]	@ (100002d8 <register_tm_clones+0x1c>)
100002be:	4907      	ldr	r1, [pc, #28]	@ (100002dc <register_tm_clones+0x20>)
100002c0:	1a09      	subs	r1, r1, r0
100002c2:	108b      	asrs	r3, r1, #2
100002c4:	0fc9      	lsrs	r1, r1, #31
100002c6:	18c9      	adds	r1, r1, r3
100002c8:	b510      	push	{r4, lr}
100002ca:	1049      	asrs	r1, r1, #1
100002cc:	d003      	beq.n	100002d6 <register_tm_clones+0x1a>
100002ce:	4b04      	ldr	r3, [pc, #16]	@ (100002e0 <register_tm_clones+0x24>)
100002d0:	2b00      	cmp	r3, #0
100002d2:	d000      	beq.n	100002d6 <register_tm_clones+0x1a>
100002d4:	4798      	blx	r3
100002d6:	bd10      	pop	{r4, pc}
100002d8:	20001160 	.word	0x20001160
100002dc:	20001160 	.word	0x20001160
100002e0:	00000000 	.word	0x00000000

100002e4 <frame_dummy>:
100002e4:	4b05      	ldr	r3, [pc, #20]	@ (100002fc <frame_dummy+0x18>)
100002e6:	b510      	push	{r4, lr}
100002e8:	2b00      	cmp	r3, #0
100002ea:	d003      	beq.n	100002f4 <frame_dummy+0x10>
100002ec:	4904      	ldr	r1, [pc, #16]	@ (10000300 <frame_dummy+0x1c>)
100002ee:	4805      	ldr	r0, [pc, #20]	@ (10000304 <frame_dummy+0x20>)
100002f0:	e000      	b.n	100002f4 <frame_dummy+0x10>
100002f2:	bf00      	nop
100002f4:	f7ff ffe2 	bl	100002bc <register_tm_clones>
100002f8:	bd10      	pop	{r4, pc}
100002fa:	46c0      	nop			@ (mov r8, r8)
100002fc:	00000000 	.word	0x00000000
10000300:	20001df0 	.word	0x20001df0
10000304:	10007a20 	.word	0x10007a20

10000308 <to_ms_since_boot>:
10000308:	b510      	push	{r4, lr}
1000030a:	2900      	cmp	r1, #0
1000030c:	d005      	beq.n	1000031a <to_ms_since_boot+0x12>
1000030e:	22fa      	movs	r2, #250	@ 0xfa
10000310:	0092      	lsls	r2, r2, #2
10000312:	2300      	movs	r3, #0
10000314:	f003 fa50 	bl	100037b8 <__wrap___aeabi_uldivmod>
10000318:	bd10      	pop	{r4, pc}
1000031a:	21fa      	movs	r1, #250	@ 0xfa
1000031c:	0089      	lsls	r1, r1, #2
1000031e:	f003 fa0d 	bl	1000373c <__wrap___aeabi_uidiv>
10000322:	e7f9      	b.n	10000318 <to_ms_since_boot+0x10>

10000324 <led_blink>:
10000324:	b570      	push	{r4, r5, r6, lr}
10000326:	24d0      	movs	r4, #208	@ 0xd0
10000328:	0624      	lsls	r4, r4, #24
1000032a:	2580      	movs	r5, #128	@ 0x80
1000032c:	04ad      	lsls	r5, r5, #18
1000032e:	6165      	str	r5, [r4, #20]
10000330:	2050      	movs	r0, #80	@ 0x50
10000332:	f001 faa2 	bl	1000187a <sleep_ms>
10000336:	61a5      	str	r5, [r4, #24]
10000338:	bd70      	pop	{r4, r5, r6, pc}

1000033a <gpio_setup>:
1000033a:	b510      	push	{r4, lr}
1000033c:	2010      	movs	r0, #16
1000033e:	f000 f971 	bl	10000624 <gpio_init>
10000342:	24d0      	movs	r4, #208	@ 0xd0
10000344:	0624      	lsls	r4, r4, #24
10000346:	2380      	movs	r3, #128	@ 0x80
10000348:	025b      	lsls	r3, r3, #9
1000034a:	62a3      	str	r3, [r4, #40]	@ 0x28
1000034c:	2200      	movs	r2, #0
1000034e:	2101      	movs	r1, #1
10000350:	2010      	movs	r0, #16
10000352:	f000 f94d 	bl	100005f0 <gpio_set_pulls>
10000356:	200d      	movs	r0, #13
10000358:	f000 f964 	bl	10000624 <gpio_init>
1000035c:	2380      	movs	r3, #128	@ 0x80
1000035e:	019b      	lsls	r3, r3, #6
10000360:	62a3      	str	r3, [r4, #40]	@ 0x28
10000362:	2200      	movs	r2, #0
10000364:	2101      	movs	r1, #1
10000366:	200d      	movs	r0, #13
10000368:	f000 f942 	bl	100005f0 <gpio_set_pulls>
1000036c:	2019      	movs	r0, #25
1000036e:	f000 f959 	bl	10000624 <gpio_init>
10000372:	2380      	movs	r3, #128	@ 0x80
10000374:	049b      	lsls	r3, r3, #18
10000376:	6263      	str	r3, [r4, #36]	@ 0x24
10000378:	61a3      	str	r3, [r4, #24]
1000037a:	bd10      	pop	{r4, pc}

1000037c <update_us_since_boot>:
1000037c:	b510      	push	{r4, lr}
1000037e:	2b00      	cmp	r3, #0
10000380:	db02      	blt.n	10000388 <update_us_since_boot+0xc>
10000382:	6002      	str	r2, [r0, #0]
10000384:	6043      	str	r3, [r0, #4]
10000386:	bd10      	pop	{r4, pc}
10000388:	4b02      	ldr	r3, [pc, #8]	@ (10000394 <update_us_since_boot+0x18>)
1000038a:	4a03      	ldr	r2, [pc, #12]	@ (10000398 <update_us_since_boot+0x1c>)
1000038c:	4803      	ldr	r0, [pc, #12]	@ (1000039c <update_us_since_boot+0x20>)
1000038e:	213f      	movs	r1, #63	@ 0x3f
10000390:	f001 ffd0 	bl	10002334 <__assert_func>
10000394:	10007a20 	.word	0x10007a20
10000398:	10008a58 	.word	0x10008a58
1000039c:	10007a3c 	.word	0x10007a3c

100003a0 <get_absolute_time>:
100003a0:	b510      	push	{r4, lr}
100003a2:	b082      	sub	sp, #8
100003a4:	0004      	movs	r4, r0
100003a6:	f001 faf9 	bl	1000199c <time_us_64>
100003aa:	0002      	movs	r2, r0
100003ac:	000b      	movs	r3, r1
100003ae:	4668      	mov	r0, sp
100003b0:	f7ff ffe4 	bl	1000037c <update_us_since_boot>
100003b4:	9a00      	ldr	r2, [sp, #0]
100003b6:	9b01      	ldr	r3, [sp, #4]
100003b8:	6022      	str	r2, [r4, #0]
100003ba:	6063      	str	r3, [r4, #4]
100003bc:	0020      	movs	r0, r4
100003be:	b002      	add	sp, #8
100003c0:	bd10      	pop	{r4, pc}
	...

100003c4 <send_command>:
100003c4:	b510      	push	{r4, lr}
100003c6:	f004 fa37 	bl	10004838 <putchar_raw>
100003ca:	4b04      	ldr	r3, [pc, #16]	@ (100003dc <send_command+0x18>)
100003cc:	681b      	ldr	r3, [r3, #0]
100003ce:	6898      	ldr	r0, [r3, #8]
100003d0:	f006 febc 	bl	1000714c <fflush>
100003d4:	f7ff ffa6 	bl	10000324 <led_blink>
100003d8:	bd10      	pop	{r4, pc}
100003da:	46c0      	nop			@ (mov r8, r8)
100003dc:	20000ffc 	.word	0x20000ffc

100003e0 <handle_move_button>:
100003e0:	b5f0      	push	{r4, r5, r6, r7, lr}
100003e2:	b085      	sub	sp, #20
100003e4:	23d0      	movs	r3, #208	@ 0xd0
100003e6:	061b      	lsls	r3, r3, #24
100003e8:	685c      	ldr	r4, [r3, #4]
100003ea:	2380      	movs	r3, #128	@ 0x80
100003ec:	025b      	lsls	r3, r3, #9
100003ee:	401c      	ands	r4, r3
100003f0:	4263      	negs	r3, r4
100003f2:	4163      	adcs	r3, r4
100003f4:	b2db      	uxtb	r3, r3
100003f6:	2c00      	cmp	r4, #0
100003f8:	d119      	bne.n	1000042e <handle_move_button+0x4e>
100003fa:	4a49      	ldr	r2, [pc, #292]	@ (10000520 <handle_move_button+0x140>)
100003fc:	7812      	ldrb	r2, [r2, #0]
100003fe:	2a00      	cmp	r2, #0
10000400:	d113      	bne.n	1000042a <handle_move_button+0x4a>
10000402:	2701      	movs	r7, #1
10000404:	2500      	movs	r5, #0
10000406:	4a46      	ldr	r2, [pc, #280]	@ (10000520 <handle_move_button+0x140>)
10000408:	7013      	strb	r3, [r2, #0]
1000040a:	a802      	add	r0, sp, #8
1000040c:	f7ff ffc8 	bl	100003a0 <get_absolute_time>
10000410:	9802      	ldr	r0, [sp, #8]
10000412:	9903      	ldr	r1, [sp, #12]
10000414:	f7ff ff78 	bl	10000308 <to_ms_since_boot>
10000418:	0006      	movs	r6, r0
1000041a:	4b42      	ldr	r3, [pc, #264]	@ (10000524 <handle_move_button+0x144>)
1000041c:	781a      	ldrb	r2, [r3, #0]
1000041e:	2a04      	cmp	r2, #4
10000420:	d815      	bhi.n	1000044e <handle_move_button+0x6e>
10000422:	0093      	lsls	r3, r2, #2
10000424:	4a40      	ldr	r2, [pc, #256]	@ (10000528 <handle_move_button+0x148>)
10000426:	58d3      	ldr	r3, [r2, r3]
10000428:	469f      	mov	pc, r3
1000042a:	2700      	movs	r7, #0
1000042c:	e7ea      	b.n	10000404 <handle_move_button+0x24>
1000042e:	4a3c      	ldr	r2, [pc, #240]	@ (10000520 <handle_move_button+0x140>)
10000430:	7817      	ldrb	r7, [r2, #0]
10000432:	2f00      	cmp	r7, #0
10000434:	d002      	beq.n	1000043c <handle_move_button+0x5c>
10000436:	2700      	movs	r7, #0
10000438:	2501      	movs	r5, #1
1000043a:	e7e4      	b.n	10000406 <handle_move_button+0x26>
1000043c:	2500      	movs	r5, #0
1000043e:	e7e2      	b.n	10000406 <handle_move_button+0x26>
10000440:	2f00      	cmp	r7, #0
10000442:	d004      	beq.n	1000044e <handle_move_button+0x6e>
10000444:	4b37      	ldr	r3, [pc, #220]	@ (10000524 <handle_move_button+0x144>)
10000446:	2201      	movs	r2, #1
10000448:	701a      	strb	r2, [r3, #0]
1000044a:	4b38      	ldr	r3, [pc, #224]	@ (1000052c <handle_move_button+0x14c>)
1000044c:	6018      	str	r0, [r3, #0]
1000044e:	b005      	add	sp, #20
10000450:	bdf0      	pop	{r4, r5, r6, r7, pc}
10000452:	2c00      	cmp	r4, #0
10000454:	d104      	bne.n	10000460 <handle_move_button+0x80>
10000456:	4b35      	ldr	r3, [pc, #212]	@ (1000052c <handle_move_button+0x14c>)
10000458:	681b      	ldr	r3, [r3, #0]
1000045a:	1ac3      	subs	r3, r0, r3
1000045c:	2bb3      	cmp	r3, #179	@ 0xb3
1000045e:	d807      	bhi.n	10000470 <handle_move_button+0x90>
10000460:	2d00      	cmp	r5, #0
10000462:	d0f4      	beq.n	1000044e <handle_move_button+0x6e>
10000464:	4b32      	ldr	r3, [pc, #200]	@ (10000530 <handle_move_button+0x150>)
10000466:	601e      	str	r6, [r3, #0]
10000468:	4b2e      	ldr	r3, [pc, #184]	@ (10000524 <handle_move_button+0x144>)
1000046a:	2202      	movs	r2, #2
1000046c:	701a      	strb	r2, [r3, #0]
1000046e:	e7ee      	b.n	1000044e <handle_move_button+0x6e>
10000470:	204c      	movs	r0, #76	@ 0x4c
10000472:	f7ff ffa7 	bl	100003c4 <send_command>
10000476:	4b2f      	ldr	r3, [pc, #188]	@ (10000534 <handle_move_button+0x154>)
10000478:	601e      	str	r6, [r3, #0]
1000047a:	4b2a      	ldr	r3, [pc, #168]	@ (10000524 <handle_move_button+0x144>)
1000047c:	2203      	movs	r2, #3
1000047e:	701a      	strb	r2, [r3, #0]
10000480:	e7e5      	b.n	1000044e <handle_move_button+0x6e>
10000482:	2f00      	cmp	r7, #0
10000484:	d004      	beq.n	10000490 <handle_move_button+0xb0>
10000486:	4b2a      	ldr	r3, [pc, #168]	@ (10000530 <handle_move_button+0x150>)
10000488:	681b      	ldr	r3, [r3, #0]
1000048a:	1ac3      	subs	r3, r0, r3
1000048c:	2bb4      	cmp	r3, #180	@ 0xb4
1000048e:	d90f      	bls.n	100004b0 <handle_move_button+0xd0>
10000490:	2c00      	cmp	r4, #0
10000492:	d116      	bne.n	100004c2 <handle_move_button+0xe2>
10000494:	4b26      	ldr	r3, [pc, #152]	@ (10000530 <handle_move_button+0x150>)
10000496:	681b      	ldr	r3, [r3, #0]
10000498:	1af3      	subs	r3, r6, r3
1000049a:	2bb4      	cmp	r3, #180	@ 0xb4
1000049c:	d9d7      	bls.n	1000044e <handle_move_button+0x6e>
1000049e:	204c      	movs	r0, #76	@ 0x4c
100004a0:	f7ff ff90 	bl	100003c4 <send_command>
100004a4:	4b23      	ldr	r3, [pc, #140]	@ (10000534 <handle_move_button+0x154>)
100004a6:	601e      	str	r6, [r3, #0]
100004a8:	4b1e      	ldr	r3, [pc, #120]	@ (10000524 <handle_move_button+0x144>)
100004aa:	2203      	movs	r2, #3
100004ac:	701a      	strb	r2, [r3, #0]
100004ae:	e7ce      	b.n	1000044e <handle_move_button+0x6e>
100004b0:	2052      	movs	r0, #82	@ 0x52
100004b2:	f7ff ff87 	bl	100003c4 <send_command>
100004b6:	4b1f      	ldr	r3, [pc, #124]	@ (10000534 <handle_move_button+0x154>)
100004b8:	601e      	str	r6, [r3, #0]
100004ba:	4b1a      	ldr	r3, [pc, #104]	@ (10000524 <handle_move_button+0x144>)
100004bc:	2204      	movs	r2, #4
100004be:	701a      	strb	r2, [r3, #0]
100004c0:	e7c5      	b.n	1000044e <handle_move_button+0x6e>
100004c2:	4b1b      	ldr	r3, [pc, #108]	@ (10000530 <handle_move_button+0x150>)
100004c4:	681b      	ldr	r3, [r3, #0]
100004c6:	1af3      	subs	r3, r6, r3
100004c8:	2bb4      	cmp	r3, #180	@ 0xb4
100004ca:	d9c0      	bls.n	1000044e <handle_move_button+0x6e>
100004cc:	204c      	movs	r0, #76	@ 0x4c
100004ce:	f7ff ff79 	bl	100003c4 <send_command>
100004d2:	4b14      	ldr	r3, [pc, #80]	@ (10000524 <handle_move_button+0x144>)
100004d4:	2200      	movs	r2, #0
100004d6:	701a      	strb	r2, [r3, #0]
100004d8:	e7b9      	b.n	1000044e <handle_move_button+0x6e>
100004da:	2c00      	cmp	r4, #0
100004dc:	d10a      	bne.n	100004f4 <handle_move_button+0x114>
100004de:	4b15      	ldr	r3, [pc, #84]	@ (10000534 <handle_move_button+0x154>)
100004e0:	681b      	ldr	r3, [r3, #0]
100004e2:	1ac3      	subs	r3, r0, r3
100004e4:	2b59      	cmp	r3, #89	@ 0x59
100004e6:	d9b2      	bls.n	1000044e <handle_move_button+0x6e>
100004e8:	204c      	movs	r0, #76	@ 0x4c
100004ea:	f7ff ff6b 	bl	100003c4 <send_command>
100004ee:	4b11      	ldr	r3, [pc, #68]	@ (10000534 <handle_move_button+0x154>)
100004f0:	601e      	str	r6, [r3, #0]
100004f2:	e7ac      	b.n	1000044e <handle_move_button+0x6e>
100004f4:	4b0b      	ldr	r3, [pc, #44]	@ (10000524 <handle_move_button+0x144>)
100004f6:	2200      	movs	r2, #0
100004f8:	701a      	strb	r2, [r3, #0]
100004fa:	e7a8      	b.n	1000044e <handle_move_button+0x6e>
100004fc:	2c00      	cmp	r4, #0
100004fe:	d10a      	bne.n	10000516 <handle_move_button+0x136>
10000500:	4b0c      	ldr	r3, [pc, #48]	@ (10000534 <handle_move_button+0x154>)
10000502:	681b      	ldr	r3, [r3, #0]
10000504:	1ac3      	subs	r3, r0, r3
10000506:	2b59      	cmp	r3, #89	@ 0x59
10000508:	d9a1      	bls.n	1000044e <handle_move_button+0x6e>
1000050a:	2052      	movs	r0, #82	@ 0x52
1000050c:	f7ff ff5a 	bl	100003c4 <send_command>
10000510:	4b08      	ldr	r3, [pc, #32]	@ (10000534 <handle_move_button+0x154>)
10000512:	601e      	str	r6, [r3, #0]
10000514:	e79b      	b.n	1000044e <handle_move_button+0x6e>
10000516:	4b03      	ldr	r3, [pc, #12]	@ (10000524 <handle_move_button+0x144>)
10000518:	2200      	movs	r2, #0
1000051a:	701a      	strb	r2, [r3, #0]
1000051c:	e797      	b.n	1000044e <handle_move_button+0x6e>
1000051e:	46c0      	nop			@ (mov r8, r8)
10000520:	20002065 	.word	0x20002065
10000524:	20002066 	.word	0x20002066
10000528:	10008a44 	.word	0x10008a44
1000052c:	200019d8 	.word	0x200019d8
10000530:	20001e20 	.word	0x20001e20
10000534:	20001de4 	.word	0x20001de4

10000538 <handle_fire_button>:
10000538:	b530      	push	{r4, r5, lr}
1000053a:	b085      	sub	sp, #20
1000053c:	23d0      	movs	r3, #208	@ 0xd0
1000053e:	061b      	lsls	r3, r3, #24
10000540:	685b      	ldr	r3, [r3, #4]
10000542:	2280      	movs	r2, #128	@ 0x80
10000544:	0192      	lsls	r2, r2, #6
10000546:	4013      	ands	r3, r2
10000548:	425a      	negs	r2, r3
1000054a:	415a      	adcs	r2, r3
1000054c:	b2d2      	uxtb	r2, r2
1000054e:	2b00      	cmp	r3, #0
10000550:	d105      	bne.n	1000055e <handle_fire_button+0x26>
10000552:	4b11      	ldr	r3, [pc, #68]	@ (10000598 <handle_fire_button+0x60>)
10000554:	781b      	ldrb	r3, [r3, #0]
10000556:	2b00      	cmp	r3, #0
10000558:	d015      	beq.n	10000586 <handle_fire_button+0x4e>
1000055a:	2400      	movs	r4, #0
1000055c:	e000      	b.n	10000560 <handle_fire_button+0x28>
1000055e:	2400      	movs	r4, #0
10000560:	4b0d      	ldr	r3, [pc, #52]	@ (10000598 <handle_fire_button+0x60>)
10000562:	701a      	strb	r2, [r3, #0]
10000564:	a802      	add	r0, sp, #8
10000566:	f7ff ff1b 	bl	100003a0 <get_absolute_time>
1000056a:	9802      	ldr	r0, [sp, #8]
1000056c:	9903      	ldr	r1, [sp, #12]
1000056e:	f7ff fecb 	bl	10000308 <to_ms_since_boot>
10000572:	0005      	movs	r5, r0
10000574:	2c00      	cmp	r4, #0
10000576:	d004      	beq.n	10000582 <handle_fire_button+0x4a>
10000578:	4b08      	ldr	r3, [pc, #32]	@ (1000059c <handle_fire_button+0x64>)
1000057a:	681b      	ldr	r3, [r3, #0]
1000057c:	1ac3      	subs	r3, r0, r3
1000057e:	2b31      	cmp	r3, #49	@ 0x31
10000580:	d803      	bhi.n	1000058a <handle_fire_button+0x52>
10000582:	b005      	add	sp, #20
10000584:	bd30      	pop	{r4, r5, pc}
10000586:	2401      	movs	r4, #1
10000588:	e7ea      	b.n	10000560 <handle_fire_button+0x28>
1000058a:	2046      	movs	r0, #70	@ 0x46
1000058c:	f7ff ff1a 	bl	100003c4 <send_command>
10000590:	4b02      	ldr	r3, [pc, #8]	@ (1000059c <handle_fire_button+0x64>)
10000592:	601d      	str	r5, [r3, #0]
10000594:	e7f5      	b.n	10000582 <handle_fire_button+0x4a>
10000596:	46c0      	nop			@ (mov r8, r8)
10000598:	20002061 	.word	0x20002061
1000059c:	20001de0 	.word	0x20001de0

100005a0 <main>:
100005a0:	b510      	push	{r4, lr}
100005a2:	f004 f9e5 	bl	10004970 <stdio_init_all>
100005a6:	f7ff fec8 	bl	1000033a <gpio_setup>
100005aa:	20c8      	movs	r0, #200	@ 0xc8
100005ac:	f001 f965 	bl	1000187a <sleep_ms>
100005b0:	f7ff ff16 	bl	100003e0 <handle_move_button>
100005b4:	f7ff ffc0 	bl	10000538 <handle_fire_button>
100005b8:	200a      	movs	r0, #10
100005ba:	f001 f95e 	bl	1000187a <sleep_ms>
100005be:	e7f7      	b.n	100005b0 <main+0x10>

100005c0 <gpio_set_function>:
100005c0:	b510      	push	{r4, lr}
100005c2:	0083      	lsls	r3, r0, #2
100005c4:	4a08      	ldr	r2, [pc, #32]	@ (100005e8 <gpio_set_function+0x28>)
100005c6:	4694      	mov	ip, r2
100005c8:	4463      	add	r3, ip
100005ca:	681a      	ldr	r2, [r3, #0]
100005cc:	2440      	movs	r4, #64	@ 0x40
100005ce:	4062      	eors	r2, r4
100005d0:	3480      	adds	r4, #128	@ 0x80
100005d2:	4014      	ands	r4, r2
100005d4:	2280      	movs	r2, #128	@ 0x80
100005d6:	0152      	lsls	r2, r2, #5
100005d8:	4313      	orrs	r3, r2
100005da:	601c      	str	r4, [r3, #0]
100005dc:	00c0      	lsls	r0, r0, #3
100005de:	4b03      	ldr	r3, [pc, #12]	@ (100005ec <gpio_set_function+0x2c>)
100005e0:	469c      	mov	ip, r3
100005e2:	4460      	add	r0, ip
100005e4:	6041      	str	r1, [r0, #4]
100005e6:	bd10      	pop	{r4, pc}
100005e8:	4001c004 	.word	0x4001c004
100005ec:	40014000 	.word	0x40014000

100005f0 <gpio_set_pulls>:
100005f0:	0080      	lsls	r0, r0, #2
100005f2:	4b0b      	ldr	r3, [pc, #44]	@ (10000620 <gpio_set_pulls+0x30>)
100005f4:	469c      	mov	ip, r3
100005f6:	4460      	add	r0, ip
100005f8:	2900      	cmp	r1, #0
100005fa:	d00d      	beq.n	10000618 <gpio_set_pulls+0x28>
100005fc:	2308      	movs	r3, #8
100005fe:	2a00      	cmp	r2, #0
10000600:	d00c      	beq.n	1000061c <gpio_set_pulls+0x2c>
10000602:	2204      	movs	r2, #4
10000604:	4313      	orrs	r3, r2
10000606:	6802      	ldr	r2, [r0, #0]
10000608:	4053      	eors	r3, r2
1000060a:	220c      	movs	r2, #12
1000060c:	401a      	ands	r2, r3
1000060e:	2380      	movs	r3, #128	@ 0x80
10000610:	015b      	lsls	r3, r3, #5
10000612:	4303      	orrs	r3, r0
10000614:	601a      	str	r2, [r3, #0]
10000616:	4770      	bx	lr
10000618:	2300      	movs	r3, #0
1000061a:	e7f0      	b.n	100005fe <gpio_set_pulls+0xe>
1000061c:	2200      	movs	r2, #0
1000061e:	e7f1      	b.n	10000604 <gpio_set_pulls+0x14>
10000620:	4001c004 	.word	0x4001c004

10000624 <gpio_init>:
10000624:	b510      	push	{r4, lr}
10000626:	2301      	movs	r3, #1
10000628:	4083      	lsls	r3, r0
1000062a:	22d0      	movs	r2, #208	@ 0xd0
1000062c:	0612      	lsls	r2, r2, #24
1000062e:	6293      	str	r3, [r2, #40]	@ 0x28
10000630:	6193      	str	r3, [r2, #24]
10000632:	2105      	movs	r1, #5
10000634:	f7ff ffc4 	bl	100005c0 <gpio_set_function>
10000638:	bd10      	pop	{r4, pc}
	...

1000063c <running_on_fpga>:
1000063c:	4b03      	ldr	r3, [pc, #12]	@ (1000064c <running_on_fpga+0x10>)
1000063e:	681b      	ldr	r3, [r3, #0]
10000640:	2002      	movs	r0, #2
10000642:	4018      	ands	r0, r3
10000644:	1e43      	subs	r3, r0, #1
10000646:	4198      	sbcs	r0, r3
10000648:	b2c0      	uxtb	r0, r0
1000064a:	4770      	bx	lr
1000064c:	4006c000 	.word	0x4006c000

10000650 <hw_claim_lock>:
10000650:	f3ef 8010 	mrs	r0, PRIMASK
10000654:	b672      	cpsid	i
10000656:	4b03      	ldr	r3, [pc, #12]	@ (10000664 <hw_claim_lock+0x14>)
10000658:	681b      	ldr	r3, [r3, #0]
1000065a:	2b00      	cmp	r3, #0
1000065c:	d0fb      	beq.n	10000656 <hw_claim_lock+0x6>
1000065e:	f3bf 8f5f 	dmb	sy
10000662:	4770      	bx	lr
10000664:	d000012c 	.word	0xd000012c

10000668 <hw_claim_unlock>:
10000668:	f3bf 8f5f 	dmb	sy
1000066c:	4b02      	ldr	r3, [pc, #8]	@ (10000678 <hw_claim_unlock+0x10>)
1000066e:	2200      	movs	r2, #0
10000670:	601a      	str	r2, [r3, #0]
10000672:	f380 8810 	msr	PRIMASK, r0
10000676:	4770      	bx	lr
10000678:	d000012c 	.word	0xd000012c

1000067c <hw_claim_or_assert>:
1000067c:	b5f8      	push	{r3, r4, r5, r6, r7, lr}
1000067e:	0006      	movs	r6, r0
10000680:	000c      	movs	r4, r1
10000682:	0015      	movs	r5, r2
10000684:	f7ff ffe4 	bl	10000650 <hw_claim_lock>
10000688:	08e3      	lsrs	r3, r4, #3
1000068a:	18f7      	adds	r7, r6, r3
1000068c:	5cf1      	ldrb	r1, [r6, r3]
1000068e:	2207      	movs	r2, #7
10000690:	4022      	ands	r2, r4
10000692:	2301      	movs	r3, #1
10000694:	4093      	lsls	r3, r2
10000696:	420b      	tst	r3, r1
10000698:	d105      	bne.n	100006a6 <hw_claim_or_assert+0x2a>
1000069a:	b2db      	uxtb	r3, r3
1000069c:	430b      	orrs	r3, r1
1000069e:	703b      	strb	r3, [r7, #0]
100006a0:	f7ff ffe2 	bl	10000668 <hw_claim_unlock>
100006a4:	bdf8      	pop	{r3, r4, r5, r6, r7, pc}
100006a6:	0021      	movs	r1, r4
100006a8:	0028      	movs	r0, r5
100006aa:	f001 fedb 	bl	10002464 <panic>

100006ae <hw_claim_unused_from_range>:
100006ae:	b5f0      	push	{r4, r5, r6, r7, lr}
100006b0:	b083      	sub	sp, #12
100006b2:	0006      	movs	r6, r0
100006b4:	9101      	str	r1, [sp, #4]
100006b6:	0014      	movs	r4, r2
100006b8:	001f      	movs	r7, r3
100006ba:	f7ff ffc9 	bl	10000650 <hw_claim_lock>
100006be:	e000      	b.n	100006c2 <hw_claim_unused_from_range+0x14>
100006c0:	3401      	adds	r4, #1
100006c2:	42bc      	cmp	r4, r7
100006c4:	d80c      	bhi.n	100006e0 <hw_claim_unused_from_range+0x32>
100006c6:	08e3      	lsrs	r3, r4, #3
100006c8:	18f5      	adds	r5, r6, r3
100006ca:	5cf3      	ldrb	r3, [r6, r3]
100006cc:	2107      	movs	r1, #7
100006ce:	4021      	ands	r1, r4
100006d0:	2201      	movs	r2, #1
100006d2:	408a      	lsls	r2, r1
100006d4:	421a      	tst	r2, r3
100006d6:	d1f3      	bne.n	100006c0 <hw_claim_unused_from_range+0x12>
100006d8:	b2d2      	uxtb	r2, r2
100006da:	431a      	orrs	r2, r3
100006dc:	702a      	strb	r2, [r5, #0]
100006de:	e001      	b.n	100006e4 <hw_claim_unused_from_range+0x36>
100006e0:	2401      	movs	r4, #1
100006e2:	4264      	negs	r4, r4
100006e4:	f7ff ffc0 	bl	10000668 <hw_claim_unlock>
100006e8:	2c00      	cmp	r4, #0
100006ea:	db02      	blt.n	100006f2 <hw_claim_unused_from_range+0x44>
100006ec:	0020      	movs	r0, r4
100006ee:	b003      	add	sp, #12
100006f0:	bdf0      	pop	{r4, r5, r6, r7, pc}
100006f2:	9b01      	ldr	r3, [sp, #4]
100006f4:	2b00      	cmp	r3, #0
100006f6:	d0f9      	beq.n	100006ec <hw_claim_unused_from_range+0x3e>
100006f8:	9808      	ldr	r0, [sp, #32]
100006fa:	f001 feb3 	bl	10002464 <panic>
	...

10000700 <spin_locks_reset>:
10000700:	2300      	movs	r3, #0
10000702:	e007      	b.n	10000714 <spin_locks_reset+0x14>
10000704:	4a05      	ldr	r2, [pc, #20]	@ (1000071c <spin_locks_reset+0x1c>)
10000706:	189a      	adds	r2, r3, r2
10000708:	0092      	lsls	r2, r2, #2
1000070a:	f3bf 8f5f 	dmb	sy
1000070e:	2100      	movs	r1, #0
10000710:	6011      	str	r1, [r2, #0]
10000712:	3301      	adds	r3, #1
10000714:	2b1f      	cmp	r3, #31
10000716:	d9f5      	bls.n	10000704 <spin_locks_reset+0x4>
10000718:	4770      	bx	lr
1000071a:	46c0      	nop			@ (mov r8, r8)
1000071c:	34000040 	.word	0x34000040

10000720 <next_striped_spin_lock_num>:
10000720:	4a05      	ldr	r2, [pc, #20]	@ (10000738 <next_striped_spin_lock_num+0x18>)
10000722:	7810      	ldrb	r0, [r2, #0]
10000724:	1c43      	adds	r3, r0, #1
10000726:	b2db      	uxtb	r3, r3
10000728:	7013      	strb	r3, [r2, #0]
1000072a:	2b17      	cmp	r3, #23
1000072c:	d902      	bls.n	10000734 <next_striped_spin_lock_num+0x14>
1000072e:	0013      	movs	r3, r2
10000730:	2210      	movs	r2, #16
10000732:	701a      	strb	r2, [r3, #0]
10000734:	4770      	bx	lr
10000736:	46c0      	nop			@ (mov r8, r8)
10000738:	20000b00 	.word	0x20000b00

1000073c <spin_lock_claim_unused>:
1000073c:	b510      	push	{r4, lr}
1000073e:	b082      	sub	sp, #8
10000740:	0001      	movs	r1, r0
10000742:	4c05      	ldr	r4, [pc, #20]	@ (10000758 <spin_lock_claim_unused+0x1c>)
10000744:	4b05      	ldr	r3, [pc, #20]	@ (1000075c <spin_lock_claim_unused+0x20>)
10000746:	9300      	str	r3, [sp, #0]
10000748:	231f      	movs	r3, #31
1000074a:	2218      	movs	r2, #24
1000074c:	0020      	movs	r0, r4
1000074e:	f7ff ffae 	bl	100006ae <hw_claim_unused_from_range>
10000752:	b002      	add	sp, #8
10000754:	bd10      	pop	{r4, pc}
10000756:	46c0      	nop			@ (mov r8, r8)
10000758:	20001934 	.word	0x20001934
1000075c:	10007a90 	.word	0x10007a90

10000760 <set_raw_irq_handler_and_unlock>:
10000760:	4b07      	ldr	r3, [pc, #28]	@ (10000780 <set_raw_irq_handler_and_unlock+0x20>)
10000762:	689b      	ldr	r3, [r3, #8]
10000764:	3010      	adds	r0, #16
10000766:	0080      	lsls	r0, r0, #2
10000768:	5019      	str	r1, [r3, r0]
1000076a:	f3bf 8f5f 	dmb	sy
1000076e:	f3bf 8f5f 	dmb	sy
10000772:	4b04      	ldr	r3, [pc, #16]	@ (10000784 <set_raw_irq_handler_and_unlock+0x24>)
10000774:	2100      	movs	r1, #0
10000776:	6019      	str	r1, [r3, #0]
10000778:	f382 8810 	msr	PRIMASK, r2
1000077c:	4770      	bx	lr
1000077e:	46c0      	nop			@ (mov r8, r8)
10000780:	e000ed00 	.word	0xe000ed00
10000784:	d0000124 	.word	0xd0000124

10000788 <resolve_branch>:
10000788:	b510      	push	{r4, lr}
1000078a:	8803      	ldrh	r3, [r0, #0]
1000078c:	0ada      	lsrs	r2, r3, #11
1000078e:	2a1c      	cmp	r2, #28
10000790:	d105      	bne.n	1000079e <resolve_branch+0x16>
10000792:	055b      	lsls	r3, r3, #21
10000794:	155b      	asrs	r3, r3, #21
10000796:	3302      	adds	r3, #2
10000798:	005b      	lsls	r3, r3, #1
1000079a:	18c0      	adds	r0, r0, r3
1000079c:	bd10      	pop	{r4, pc}
1000079e:	4b03      	ldr	r3, [pc, #12]	@ (100007ac <resolve_branch+0x24>)
100007a0:	4a03      	ldr	r2, [pc, #12]	@ (100007b0 <resolve_branch+0x28>)
100007a2:	4804      	ldr	r0, [pc, #16]	@ (100007b4 <resolve_branch+0x2c>)
100007a4:	21b1      	movs	r1, #177	@ 0xb1
100007a6:	f001 fdc5 	bl	10002334 <__assert_func>
100007aa:	46c0      	nop			@ (mov r8, r8)
100007ac:	10007aac 	.word	0x10007aac
100007b0:	10008ac4 	.word	0x10008ac4
100007b4:	10007ac4 	.word	0x10007ac4

100007b8 <make_branch>:
100007b8:	b510      	push	{r4, lr}
100007ba:	1a09      	subs	r1, r1, r0
100007bc:	1f0b      	subs	r3, r1, #4
100007be:	4a0a      	ldr	r2, [pc, #40]	@ (100007e8 <make_branch+0x30>)
100007c0:	1888      	adds	r0, r1, r2
100007c2:	4a0a      	ldr	r2, [pc, #40]	@ (100007ec <make_branch+0x34>)
100007c4:	4290      	cmp	r0, r2
100007c6:	d808      	bhi.n	100007da <make_branch+0x22>
100007c8:	07c9      	lsls	r1, r1, #31
100007ca:	d406      	bmi.n	100007da <make_branch+0x22>
100007cc:	105b      	asrs	r3, r3, #1
100007ce:	055b      	lsls	r3, r3, #21
100007d0:	0d5b      	lsrs	r3, r3, #21
100007d2:	4807      	ldr	r0, [pc, #28]	@ (100007f0 <make_branch+0x38>)
100007d4:	4318      	orrs	r0, r3
100007d6:	b280      	uxth	r0, r0
100007d8:	bd10      	pop	{r4, pc}
100007da:	4b06      	ldr	r3, [pc, #24]	@ (100007f4 <make_branch+0x3c>)
100007dc:	4a06      	ldr	r2, [pc, #24]	@ (100007f8 <make_branch+0x40>)
100007de:	4807      	ldr	r0, [pc, #28]	@ (100007fc <make_branch+0x44>)
100007e0:	21a3      	movs	r1, #163	@ 0xa3
100007e2:	f001 fda7 	bl	10002334 <__assert_func>
100007e6:	46c0      	nop			@ (mov r8, r8)
100007e8:	000007fc 	.word	0x000007fc
100007ec:	00000ffe 	.word	0x00000ffe
100007f0:	ffffe000 	.word	0xffffe000
100007f4:	10007b20 	.word	0x10007b20
100007f8:	10008ab8 	.word	0x10008ab8
100007fc:	10007ac4 	.word	0x10007ac4

10000800 <insert_branch_and_link>:
10000800:	b510      	push	{r4, lr}
10000802:	1a09      	subs	r1, r1, r0
10000804:	3904      	subs	r1, #4
10000806:	084a      	lsrs	r2, r1, #1
10000808:	0b09      	lsrs	r1, r1, #12
1000080a:	d108      	bne.n	1000081e <insert_branch_and_link+0x1e>
1000080c:	0549      	lsls	r1, r1, #21
1000080e:	0d49      	lsrs	r1, r1, #21
10000810:	4b06      	ldr	r3, [pc, #24]	@ (1000082c <insert_branch_and_link+0x2c>)
10000812:	430b      	orrs	r3, r1
10000814:	8003      	strh	r3, [r0, #0]
10000816:	4b06      	ldr	r3, [pc, #24]	@ (10000830 <insert_branch_and_link+0x30>)
10000818:	4313      	orrs	r3, r2
1000081a:	8043      	strh	r3, [r0, #2]
1000081c:	bd10      	pop	{r4, pc}
1000081e:	4b05      	ldr	r3, [pc, #20]	@ (10000834 <insert_branch_and_link+0x34>)
10000820:	4a05      	ldr	r2, [pc, #20]	@ (10000838 <insert_branch_and_link+0x38>)
10000822:	4806      	ldr	r0, [pc, #24]	@ (1000083c <insert_branch_and_link+0x3c>)
10000824:	21ab      	movs	r1, #171	@ 0xab
10000826:	f001 fd85 	bl	10002334 <__assert_func>
1000082a:	46c0      	nop			@ (mov r8, r8)
1000082c:	fffff000 	.word	0xfffff000
10000830:	fffff800 	.word	0xfffff800
10000834:	10007b50 	.word	0x10007b50
10000838:	10008a8c 	.word	0x10008a8c
1000083c:	10007ac4 	.word	0x10007ac4

10000840 <irq_is_enabled>:
10000840:	2301      	movs	r3, #1
10000842:	4083      	lsls	r3, r0
10000844:	4a03      	ldr	r2, [pc, #12]	@ (10000854 <irq_is_enabled+0x14>)
10000846:	6810      	ldr	r0, [r2, #0]
10000848:	4018      	ands	r0, r3
1000084a:	1e43      	subs	r3, r0, #1
1000084c:	4198      	sbcs	r0, r3
1000084e:	b2c0      	uxtb	r0, r0
10000850:	4770      	bx	lr
10000852:	46c0      	nop			@ (mov r8, r8)
10000854:	e000e100 	.word	0xe000e100

10000858 <irq_set_mask_enabled>:
10000858:	2900      	cmp	r1, #0
1000085a:	d004      	beq.n	10000866 <irq_set_mask_enabled+0xe>
1000085c:	4b03      	ldr	r3, [pc, #12]	@ (1000086c <irq_set_mask_enabled+0x14>)
1000085e:	6018      	str	r0, [r3, #0]
10000860:	4b03      	ldr	r3, [pc, #12]	@ (10000870 <irq_set_mask_enabled+0x18>)
10000862:	6018      	str	r0, [r3, #0]
10000864:	4770      	bx	lr
10000866:	4b03      	ldr	r3, [pc, #12]	@ (10000874 <irq_set_mask_enabled+0x1c>)
10000868:	6018      	str	r0, [r3, #0]
1000086a:	e7fb      	b.n	10000864 <irq_set_mask_enabled+0xc>
1000086c:	e000e280 	.word	0xe000e280
10000870:	e000e100 	.word	0xe000e100
10000874:	e000e180 	.word	0xe000e180

10000878 <irq_set_enabled>:
10000878:	b510      	push	{r4, lr}
1000087a:	2301      	movs	r3, #1
1000087c:	4083      	lsls	r3, r0
1000087e:	0018      	movs	r0, r3
10000880:	f7ff ffea 	bl	10000858 <irq_set_mask_enabled>
10000884:	bd10      	pop	{r4, pc}
	...

10000888 <irq_set_pending>:
10000888:	2301      	movs	r3, #1
1000088a:	4083      	lsls	r3, r0
1000088c:	4a01      	ldr	r2, [pc, #4]	@ (10000894 <irq_set_pending+0xc>)
1000088e:	6013      	str	r3, [r2, #0]
10000890:	4770      	bx	lr
10000892:	46c0      	nop			@ (mov r8, r8)
10000894:	e000e200 	.word	0xe000e200

10000898 <irq_get_vtable_handler>:
10000898:	4b02      	ldr	r3, [pc, #8]	@ (100008a4 <irq_get_vtable_handler+0xc>)
1000089a:	689b      	ldr	r3, [r3, #8]
1000089c:	3010      	adds	r0, #16
1000089e:	0080      	lsls	r0, r0, #2
100008a0:	58c0      	ldr	r0, [r0, r3]
100008a2:	4770      	bx	lr
100008a4:	e000ed00 	.word	0xe000ed00

100008a8 <irq_has_shared_handler>:
100008a8:	b510      	push	{r4, lr}
100008aa:	f7ff fff5 	bl	10000898 <irq_get_vtable_handler>
100008ae:	2800      	cmp	r0, #0
100008b0:	d005      	beq.n	100008be <irq_has_shared_handler+0x16>
100008b2:	4b05      	ldr	r3, [pc, #20]	@ (100008c8 <irq_has_shared_handler+0x20>)
100008b4:	1ac0      	subs	r0, r0, r3
100008b6:	282f      	cmp	r0, #47	@ 0x2f
100008b8:	d803      	bhi.n	100008c2 <irq_has_shared_handler+0x1a>
100008ba:	2001      	movs	r0, #1
100008bc:	bd10      	pop	{r4, pc}
100008be:	2000      	movs	r0, #0
100008c0:	e7fc      	b.n	100008bc <irq_has_shared_handler+0x14>
100008c2:	2000      	movs	r0, #0
100008c4:	e7fa      	b.n	100008bc <irq_has_shared_handler+0x14>
100008c6:	46c0      	nop			@ (mov r8, r8)
100008c8:	20000b04 	.word	0x20000b04

100008cc <irq_set_exclusive_handler>:
100008cc:	b570      	push	{r4, r5, r6, lr}
100008ce:	0004      	movs	r4, r0
100008d0:	000d      	movs	r5, r1
100008d2:	f3ef 8610 	mrs	r6, PRIMASK
100008d6:	b672      	cpsid	i
100008d8:	4b0c      	ldr	r3, [pc, #48]	@ (1000090c <irq_set_exclusive_handler+0x40>)
100008da:	681b      	ldr	r3, [r3, #0]
100008dc:	2b00      	cmp	r3, #0
100008de:	d0fb      	beq.n	100008d8 <irq_set_exclusive_handler+0xc>
100008e0:	f3bf 8f5f 	dmb	sy
100008e4:	0020      	movs	r0, r4
100008e6:	f7ff ffd7 	bl	10000898 <irq_get_vtable_handler>
100008ea:	4b09      	ldr	r3, [pc, #36]	@ (10000910 <irq_set_exclusive_handler+0x44>)
100008ec:	4298      	cmp	r0, r3
100008ee:	d001      	beq.n	100008f4 <irq_set_exclusive_handler+0x28>
100008f0:	42a8      	cmp	r0, r5
100008f2:	d105      	bne.n	10000900 <irq_set_exclusive_handler+0x34>
100008f4:	0032      	movs	r2, r6
100008f6:	0029      	movs	r1, r5
100008f8:	0020      	movs	r0, r4
100008fa:	f7ff ff31 	bl	10000760 <set_raw_irq_handler_and_unlock>
100008fe:	bd70      	pop	{r4, r5, r6, pc}
10000900:	4b04      	ldr	r3, [pc, #16]	@ (10000914 <irq_set_exclusive_handler+0x48>)
10000902:	4a05      	ldr	r2, [pc, #20]	@ (10000918 <irq_set_exclusive_handler+0x4c>)
10000904:	4805      	ldr	r0, [pc, #20]	@ (1000091c <irq_set_exclusive_handler+0x50>)
10000906:	2186      	movs	r1, #134	@ 0x86
10000908:	f001 fd14 	bl	10002334 <__assert_func>
1000090c:	d0000124 	.word	0xd0000124
10000910:	100001cd 	.word	0x100001cd
10000914:	10007b60 	.word	0x10007b60
10000918:	10008aec 	.word	0x10008aec
1000091c:	10007ac4 	.word	0x10007ac4

10000920 <irq_add_shared_handler>:
10000920:	b5f0      	push	{r4, r5, r6, r7, lr}
10000922:	46de      	mov	lr, fp
10000924:	4657      	mov	r7, sl
10000926:	464e      	mov	r6, r9
10000928:	4645      	mov	r5, r8
1000092a:	b5e0      	push	{r5, r6, r7, lr}
1000092c:	b089      	sub	sp, #36	@ 0x24
1000092e:	4681      	mov	r9, r0
10000930:	9101      	str	r1, [sp, #4]
10000932:	0015      	movs	r5, r2
10000934:	f3ef 8a10 	mrs	sl, PRIMASK
10000938:	b672      	cpsid	i
1000093a:	4b6d      	ldr	r3, [pc, #436]	@ (10000af0 <irq_add_shared_handler+0x1d0>)
1000093c:	681b      	ldr	r3, [r3, #0]
1000093e:	2b00      	cmp	r3, #0
10000940:	d0fb      	beq.n	1000093a <irq_add_shared_handler+0x1a>
10000942:	f3bf 8f5f 	dmb	sy
10000946:	4b6b      	ldr	r3, [pc, #428]	@ (10000af4 <irq_add_shared_handler+0x1d4>)
10000948:	2600      	movs	r6, #0
1000094a:	579e      	ldrsb	r6, [r3, r6]
1000094c:	2e00      	cmp	r6, #0
1000094e:	db41      	blt.n	100009d4 <irq_add_shared_handler+0xb4>
10000950:	0074      	lsls	r4, r6, #1
10000952:	19a4      	adds	r4, r4, r6
10000954:	00a4      	lsls	r4, r4, #2
10000956:	4868      	ldr	r0, [pc, #416]	@ (10000af8 <irq_add_shared_handler+0x1d8>)
10000958:	1824      	adds	r4, r4, r0
1000095a:	2206      	movs	r2, #6
1000095c:	56a2      	ldrsb	r2, [r4, r2]
1000095e:	4b65      	ldr	r3, [pc, #404]	@ (10000af4 <irq_add_shared_handler+0x1d4>)
10000960:	701a      	strb	r2, [r3, #0]
10000962:	4b66      	ldr	r3, [pc, #408]	@ (10000afc <irq_add_shared_handler+0x1dc>)
10000964:	689a      	ldr	r2, [r3, #8]
10000966:	464b      	mov	r3, r9
10000968:	3310      	adds	r3, #16
1000096a:	009b      	lsls	r3, r3, #2
1000096c:	58d3      	ldr	r3, [r2, r3]
1000096e:	4698      	mov	r8, r3
10000970:	001f      	movs	r7, r3
10000972:	1a18      	subs	r0, r3, r0
10000974:	282f      	cmp	r0, #47	@ 0x2f
10000976:	d939      	bls.n	100009ec <irq_add_shared_handler+0xcc>
10000978:	4b61      	ldr	r3, [pc, #388]	@ (10000b00 <irq_add_shared_handler+0x1e0>)
1000097a:	4598      	cmp	r8, r3
1000097c:	d130      	bne.n	100009e0 <irq_add_shared_handler+0xc0>
1000097e:	af05      	add	r7, sp, #20
10000980:	4b60      	ldr	r3, [pc, #384]	@ (10000b04 <irq_add_shared_handler+0x1e4>)
10000982:	803b      	strh	r3, [r7, #0]
10000984:	4960      	ldr	r1, [pc, #384]	@ (10000b08 <irq_add_shared_handler+0x1e8>)
10000986:	0073      	lsls	r3, r6, #1
10000988:	469b      	mov	fp, r3
1000098a:	1998      	adds	r0, r3, r6
1000098c:	0080      	lsls	r0, r0, #2
1000098e:	4b5a      	ldr	r3, [pc, #360]	@ (10000af8 <irq_add_shared_handler+0x1d8>)
10000990:	4698      	mov	r8, r3
10000992:	4440      	add	r0, r8
10000994:	3002      	adds	r0, #2
10000996:	f7ff ff0f 	bl	100007b8 <make_branch>
1000099a:	8078      	strh	r0, [r7, #2]
1000099c:	4b5b      	ldr	r3, [pc, #364]	@ (10000b0c <irq_add_shared_handler+0x1ec>)
1000099e:	80bb      	strh	r3, [r7, #4]
100009a0:	23ff      	movs	r3, #255	@ 0xff
100009a2:	71bb      	strb	r3, [r7, #6]
100009a4:	71fd      	strb	r5, [r7, #7]
100009a6:	9b01      	ldr	r3, [sp, #4]
100009a8:	9307      	str	r3, [sp, #28]
100009aa:	0033      	movs	r3, r6
100009ac:	445b      	add	r3, fp
100009ae:	009b      	lsls	r3, r3, #2
100009b0:	4443      	add	r3, r8
100009b2:	cf07      	ldmia	r7!, {r0, r1, r2}
100009b4:	c307      	stmia	r3!, {r0, r1, r2}
100009b6:	2301      	movs	r3, #1
100009b8:	431c      	orrs	r4, r3
100009ba:	46a0      	mov	r8, r4
100009bc:	4652      	mov	r2, sl
100009be:	4641      	mov	r1, r8
100009c0:	4648      	mov	r0, r9
100009c2:	f7ff fecd 	bl	10000760 <set_raw_irq_handler_and_unlock>
100009c6:	b009      	add	sp, #36	@ 0x24
100009c8:	bcf0      	pop	{r4, r5, r6, r7}
100009ca:	46bb      	mov	fp, r7
100009cc:	46b2      	mov	sl, r6
100009ce:	46a9      	mov	r9, r5
100009d0:	46a0      	mov	r8, r4
100009d2:	bdf0      	pop	{r4, r5, r6, r7, pc}
100009d4:	4b4e      	ldr	r3, [pc, #312]	@ (10000b10 <irq_add_shared_handler+0x1f0>)
100009d6:	4a4f      	ldr	r2, [pc, #316]	@ (10000b14 <irq_add_shared_handler+0x1f4>)
100009d8:	484f      	ldr	r0, [pc, #316]	@ (10000b18 <irq_add_shared_handler+0x1f8>)
100009da:	21d7      	movs	r1, #215	@ 0xd7
100009dc:	f001 fcaa 	bl	10002334 <__assert_func>
100009e0:	4b4e      	ldr	r3, [pc, #312]	@ (10000b1c <irq_add_shared_handler+0x1fc>)
100009e2:	4a4c      	ldr	r2, [pc, #304]	@ (10000b14 <irq_add_shared_handler+0x1f4>)
100009e4:	484c      	ldr	r0, [pc, #304]	@ (10000b18 <irq_add_shared_handler+0x1f8>)
100009e6:	21de      	movs	r1, #222	@ 0xde
100009e8:	f001 fca4 	bl	10002334 <__assert_func>
100009ec:	3801      	subs	r0, #1
100009ee:	210c      	movs	r1, #12
100009f0:	f002 fea4 	bl	1000373c <__wrap___aeabi_uidiv>
100009f4:	2900      	cmp	r1, #0
100009f6:	d112      	bne.n	10000a1e <irq_add_shared_handler+0xfe>
100009f8:	2301      	movs	r3, #1
100009fa:	439f      	bics	r7, r3
100009fc:	46bb      	mov	fp, r7
100009fe:	003b      	movs	r3, r7
10000a00:	2700      	movs	r7, #0
10000a02:	79da      	ldrb	r2, [r3, #7]
10000a04:	42aa      	cmp	r2, r5
10000a06:	d911      	bls.n	10000a2c <irq_add_shared_handler+0x10c>
10000a08:	2106      	movs	r1, #6
10000a0a:	5659      	ldrsb	r1, [r3, r1]
10000a0c:	2900      	cmp	r1, #0
10000a0e:	db0c      	blt.n	10000a2a <irq_add_shared_handler+0x10a>
10000a10:	004a      	lsls	r2, r1, #1
10000a12:	1852      	adds	r2, r2, r1
10000a14:	0092      	lsls	r2, r2, #2
10000a16:	4938      	ldr	r1, [pc, #224]	@ (10000af8 <irq_add_shared_handler+0x1d8>)
10000a18:	001f      	movs	r7, r3
10000a1a:	188b      	adds	r3, r1, r2
10000a1c:	e7f1      	b.n	10000a02 <irq_add_shared_handler+0xe2>
10000a1e:	4b40      	ldr	r3, [pc, #256]	@ (10000b20 <irq_add_shared_handler+0x200>)
10000a20:	4a3c      	ldr	r2, [pc, #240]	@ (10000b14 <irq_add_shared_handler+0x1f4>)
10000a22:	483d      	ldr	r0, [pc, #244]	@ (10000b18 <irq_add_shared_handler+0x1f8>)
10000a24:	21ea      	movs	r1, #234	@ 0xea
10000a26:	f001 fc85 	bl	10002334 <__assert_func>
10000a2a:	001f      	movs	r7, r3
10000a2c:	2f00      	cmp	r7, #0
10000a2e:	d02e      	beq.n	10000a8e <irq_add_shared_handler+0x16e>
10000a30:	ab05      	add	r3, sp, #20
10000a32:	4a3c      	ldr	r2, [pc, #240]	@ (10000b24 <irq_add_shared_handler+0x204>)
10000a34:	801a      	strh	r2, [r3, #0]
10000a36:	3a81      	subs	r2, #129	@ 0x81
10000a38:	805a      	strh	r2, [r3, #2]
10000a3a:	2306      	movs	r3, #6
10000a3c:	56fb      	ldrsb	r3, [r7, r3]
10000a3e:	9302      	str	r3, [sp, #8]
10000a40:	2b00      	cmp	r3, #0
10000a42:	da17      	bge.n	10000a74 <irq_add_shared_handler+0x154>
10000a44:	4838      	ldr	r0, [pc, #224]	@ (10000b28 <irq_add_shared_handler+0x208>)
10000a46:	ab05      	add	r3, sp, #20
10000a48:	469b      	mov	fp, r3
10000a4a:	8098      	strh	r0, [r3, #4]
10000a4c:	9a02      	ldr	r2, [sp, #8]
10000a4e:	719a      	strb	r2, [r3, #6]
10000a50:	71dd      	strb	r5, [r3, #7]
10000a52:	9a01      	ldr	r2, [sp, #4]
10000a54:	9207      	str	r2, [sp, #28]
10000a56:	1d38      	adds	r0, r7, #4
10000a58:	0021      	movs	r1, r4
10000a5a:	f7ff fead 	bl	100007b8 <make_branch>
10000a5e:	80b8      	strh	r0, [r7, #4]
10000a60:	71be      	strb	r6, [r7, #6]
10000a62:	4b25      	ldr	r3, [pc, #148]	@ (10000af8 <irq_add_shared_handler+0x1d8>)
10000a64:	0072      	lsls	r2, r6, #1
10000a66:	1992      	adds	r2, r2, r6
10000a68:	0092      	lsls	r2, r2, #2
10000a6a:	189b      	adds	r3, r3, r2
10000a6c:	465a      	mov	r2, fp
10000a6e:	ca13      	ldmia	r2!, {r0, r1, r4}
10000a70:	c313      	stmia	r3!, {r0, r1, r4}
10000a72:	e7a3      	b.n	100009bc <irq_add_shared_handler+0x9c>
10000a74:	1d38      	adds	r0, r7, #4
10000a76:	f7ff fe87 	bl	10000788 <resolve_branch>
10000a7a:	0001      	movs	r1, r0
10000a7c:	0070      	lsls	r0, r6, #1
10000a7e:	1980      	adds	r0, r0, r6
10000a80:	0080      	lsls	r0, r0, #2
10000a82:	4b1d      	ldr	r3, [pc, #116]	@ (10000af8 <irq_add_shared_handler+0x1d8>)
10000a84:	18c0      	adds	r0, r0, r3
10000a86:	3004      	adds	r0, #4
10000a88:	f7ff fe96 	bl	100007b8 <make_branch>
10000a8c:	e7db      	b.n	10000a46 <irq_add_shared_handler+0x126>
10000a8e:	af05      	add	r7, sp, #20
10000a90:	4b1c      	ldr	r3, [pc, #112]	@ (10000b04 <irq_add_shared_handler+0x1e4>)
10000a92:	803b      	strh	r3, [r7, #0]
10000a94:	491c      	ldr	r1, [pc, #112]	@ (10000b08 <irq_add_shared_handler+0x1e8>)
10000a96:	0073      	lsls	r3, r6, #1
10000a98:	9302      	str	r3, [sp, #8]
10000a9a:	199b      	adds	r3, r3, r6
10000a9c:	009b      	lsls	r3, r3, #2
10000a9e:	4a16      	ldr	r2, [pc, #88]	@ (10000af8 <irq_add_shared_handler+0x1d8>)
10000aa0:	4690      	mov	r8, r2
10000aa2:	001a      	movs	r2, r3
10000aa4:	4442      	add	r2, r8
10000aa6:	9203      	str	r2, [sp, #12]
10000aa8:	1c90      	adds	r0, r2, #2
10000aaa:	f7ff fe85 	bl	100007b8 <make_branch>
10000aae:	8078      	strh	r0, [r7, #2]
10000ab0:	9a03      	ldr	r2, [sp, #12]
10000ab2:	1d10      	adds	r0, r2, #4
10000ab4:	4659      	mov	r1, fp
10000ab6:	f7ff fe7f 	bl	100007b8 <make_branch>
10000aba:	80b8      	strh	r0, [r7, #4]
10000abc:	4b1b      	ldr	r3, [pc, #108]	@ (10000b2c <irq_add_shared_handler+0x20c>)
10000abe:	465a      	mov	r2, fp
10000ac0:	4641      	mov	r1, r8
10000ac2:	1a52      	subs	r2, r2, r1
10000ac4:	4152      	adcs	r2, r2
10000ac6:	4353      	muls	r3, r2
10000ac8:	0d1b      	lsrs	r3, r3, #20
10000aca:	71bb      	strb	r3, [r7, #6]
10000acc:	71fd      	strb	r5, [r7, #7]
10000ace:	9a01      	ldr	r2, [sp, #4]
10000ad0:	9207      	str	r2, [sp, #28]
10000ad2:	9b02      	ldr	r3, [sp, #8]
10000ad4:	199b      	adds	r3, r3, r6
10000ad6:	009b      	lsls	r3, r3, #2
10000ad8:	4443      	add	r3, r8
10000ada:	cf07      	ldmia	r7!, {r0, r1, r2}
10000adc:	c307      	stmia	r3!, {r0, r1, r2}
10000ade:	4b11      	ldr	r3, [pc, #68]	@ (10000b24 <irq_add_shared_handler+0x204>)
10000ae0:	465a      	mov	r2, fp
10000ae2:	8013      	strh	r3, [r2, #0]
10000ae4:	3b81      	subs	r3, #129	@ 0x81
10000ae6:	8053      	strh	r3, [r2, #2]
10000ae8:	2301      	movs	r3, #1
10000aea:	431c      	orrs	r4, r3
10000aec:	46a0      	mov	r8, r4
10000aee:	e765      	b.n	100009bc <irq_add_shared_handler+0x9c>
10000af0:	d0000124 	.word	0xd0000124
10000af4:	20002062 	.word	0x20002062
10000af8:	20000b04 	.word	0x20000b04
10000afc:	e000ed00 	.word	0xe000ed00
10000b00:	100001cd 	.word	0x100001cd
10000b04:	ffffa100 	.word	0xffffa100
10000b08:	20000b34 	.word	0x20000b34
10000b0c:	ffffbd01 	.word	0xffffbd01
10000b10:	10007b98 	.word	0x10007b98
10000b14:	10008ad4 	.word	0x10008ad4
10000b18:	10007ac4 	.word	0x10007ac4
10000b1c:	10007bc0 	.word	0x10007bc0
10000b20:	10007be8 	.word	0x10007be8
10000b24:	00004801 	.word	0x00004801
10000b28:	0000bd01 	.word	0x0000bd01
10000b2c:	0000aaaa 	.word	0x0000aaaa

10000b30 <irq_remove_handler>:
10000b30:	b5f0      	push	{r4, r5, r6, r7, lr}
10000b32:	46ce      	mov	lr, r9
10000b34:	4647      	mov	r7, r8
10000b36:	b580      	push	{r7, lr}
10000b38:	b083      	sub	sp, #12
10000b3a:	0006      	movs	r6, r0
10000b3c:	000d      	movs	r5, r1
10000b3e:	f3ef 8810 	mrs	r8, PRIMASK
10000b42:	b672      	cpsid	i
10000b44:	4b4f      	ldr	r3, [pc, #316]	@ (10000c84 <irq_remove_handler+0x154>)
10000b46:	681b      	ldr	r3, [r3, #0]
10000b48:	2b00      	cmp	r3, #0
10000b4a:	d0fb      	beq.n	10000b44 <irq_remove_handler+0x14>
10000b4c:	f3bf 8f5f 	dmb	sy
10000b50:	4b4d      	ldr	r3, [pc, #308]	@ (10000c88 <irq_remove_handler+0x158>)
10000b52:	689a      	ldr	r2, [r3, #8]
10000b54:	0034      	movs	r4, r6
10000b56:	3410      	adds	r4, #16
10000b58:	00a3      	lsls	r3, r4, #2
10000b5a:	58d7      	ldr	r7, [r2, r3]
10000b5c:	4b4b      	ldr	r3, [pc, #300]	@ (10000c8c <irq_remove_handler+0x15c>)
10000b5e:	429f      	cmp	r7, r3
10000b60:	d007      	beq.n	10000b72 <irq_remove_handler+0x42>
10000b62:	42af      	cmp	r7, r5
10000b64:	d100      	bne.n	10000b68 <irq_remove_handler+0x38>
10000b66:	e08b      	b.n	10000c80 <irq_remove_handler+0x150>
10000b68:	9701      	str	r7, [sp, #4]
10000b6a:	4b49      	ldr	r3, [pc, #292]	@ (10000c90 <irq_remove_handler+0x160>)
10000b6c:	1afb      	subs	r3, r7, r3
10000b6e:	2b2f      	cmp	r3, #47	@ 0x2f
10000b70:	d909      	bls.n	10000b86 <irq_remove_handler+0x56>
10000b72:	4642      	mov	r2, r8
10000b74:	0039      	movs	r1, r7
10000b76:	0030      	movs	r0, r6
10000b78:	f7ff fdf2 	bl	10000760 <set_raw_irq_handler_and_unlock>
10000b7c:	b003      	add	sp, #12
10000b7e:	bcc0      	pop	{r6, r7}
10000b80:	46b9      	mov	r9, r7
10000b82:	46b0      	mov	r8, r6
10000b84:	bdf0      	pop	{r4, r5, r6, r7, pc}
10000b86:	0030      	movs	r0, r6
10000b88:	f7ff fe5a 	bl	10000840 <irq_is_enabled>
10000b8c:	4681      	mov	r9, r0
10000b8e:	2100      	movs	r1, #0
10000b90:	0030      	movs	r0, r6
10000b92:	f7ff fe71 	bl	10000878 <irq_set_enabled>
10000b96:	f3bf 8f5f 	dmb	sy
10000b9a:	f3ef 8105 	mrs	r1, IPSR
10000b9e:	2900      	cmp	r1, #0
10000ba0:	d001      	beq.n	10000ba6 <irq_remove_handler+0x76>
10000ba2:	428c      	cmp	r4, r1
10000ba4:	d111      	bne.n	10000bca <irq_remove_handler+0x9a>
10000ba6:	2301      	movs	r3, #1
10000ba8:	9c01      	ldr	r4, [sp, #4]
10000baa:	439c      	bics	r4, r3
10000bac:	2000      	movs	r0, #0
10000bae:	68a3      	ldr	r3, [r4, #8]
10000bb0:	42ab      	cmp	r3, r5
10000bb2:	d012      	beq.n	10000bda <irq_remove_handler+0xaa>
10000bb4:	2206      	movs	r2, #6
10000bb6:	56a2      	ldrsb	r2, [r4, r2]
10000bb8:	2a00      	cmp	r2, #0
10000bba:	db0d      	blt.n	10000bd8 <irq_remove_handler+0xa8>
10000bbc:	0053      	lsls	r3, r2, #1
10000bbe:	189b      	adds	r3, r3, r2
10000bc0:	009b      	lsls	r3, r3, #2
10000bc2:	4a33      	ldr	r2, [pc, #204]	@ (10000c90 <irq_remove_handler+0x160>)
10000bc4:	0020      	movs	r0, r4
10000bc6:	18d4      	adds	r4, r2, r3
10000bc8:	e7f1      	b.n	10000bae <irq_remove_handler+0x7e>
10000bca:	4b32      	ldr	r3, [pc, #200]	@ (10000c94 <irq_remove_handler+0x164>)
10000bcc:	4a32      	ldr	r2, [pc, #200]	@ (10000c98 <irq_remove_handler+0x168>)
10000bce:	2136      	movs	r1, #54	@ 0x36
10000bd0:	4832      	ldr	r0, [pc, #200]	@ (10000c9c <irq_remove_handler+0x16c>)
10000bd2:	31ff      	adds	r1, #255	@ 0xff
10000bd4:	f001 fbae 	bl	10002334 <__assert_func>
10000bd8:	0020      	movs	r0, r4
10000bda:	42ab      	cmp	r3, r5
10000bdc:	d149      	bne.n	10000c72 <irq_remove_handler+0x142>
10000bde:	2506      	movs	r5, #6
10000be0:	5765      	ldrsb	r5, [r4, r5]
10000be2:	2d00      	cmp	r5, #0
10000be4:	db2b      	blt.n	10000c3e <irq_remove_handler+0x10e>
10000be6:	4b2a      	ldr	r3, [pc, #168]	@ (10000c90 <irq_remove_handler+0x160>)
10000be8:	006a      	lsls	r2, r5, #1
10000bea:	1952      	adds	r2, r2, r5
10000bec:	0092      	lsls	r2, r2, #2
10000bee:	189b      	adds	r3, r3, r2
10000bf0:	689a      	ldr	r2, [r3, #8]
10000bf2:	60a2      	str	r2, [r4, #8]
10000bf4:	79da      	ldrb	r2, [r3, #7]
10000bf6:	71e2      	strb	r2, [r4, #7]
10000bf8:	799b      	ldrb	r3, [r3, #6]
10000bfa:	b25b      	sxtb	r3, r3
10000bfc:	71a3      	strb	r3, [r4, #6]
10000bfe:	2b00      	cmp	r3, #0
10000c00:	da0f      	bge.n	10000c22 <irq_remove_handler+0xf2>
10000c02:	4827      	ldr	r0, [pc, #156]	@ (10000ca0 <irq_remove_handler+0x170>)
10000c04:	80a0      	strh	r0, [r4, #4]
10000c06:	4b22      	ldr	r3, [pc, #136]	@ (10000c90 <irq_remove_handler+0x160>)
10000c08:	006a      	lsls	r2, r5, #1
10000c0a:	1952      	adds	r2, r2, r5
10000c0c:	0092      	lsls	r2, r2, #2
10000c0e:	189b      	adds	r3, r3, r2
10000c10:	4a24      	ldr	r2, [pc, #144]	@ (10000ca4 <irq_remove_handler+0x174>)
10000c12:	7811      	ldrb	r1, [r2, #0]
10000c14:	7199      	strb	r1, [r3, #6]
10000c16:	7015      	strb	r5, [r2, #0]
10000c18:	4649      	mov	r1, r9
10000c1a:	0030      	movs	r0, r6
10000c1c:	f7ff fe2c 	bl	10000878 <irq_set_enabled>
10000c20:	e7a7      	b.n	10000b72 <irq_remove_handler+0x42>
10000c22:	0068      	lsls	r0, r5, #1
10000c24:	1940      	adds	r0, r0, r5
10000c26:	0080      	lsls	r0, r0, #2
10000c28:	4b19      	ldr	r3, [pc, #100]	@ (10000c90 <irq_remove_handler+0x160>)
10000c2a:	18c0      	adds	r0, r0, r3
10000c2c:	3004      	adds	r0, #4
10000c2e:	f7ff fdab 	bl	10000788 <resolve_branch>
10000c32:	0001      	movs	r1, r0
10000c34:	1d23      	adds	r3, r4, #4
10000c36:	0018      	movs	r0, r3
10000c38:	f7ff fdbe 	bl	100007b8 <make_branch>
10000c3c:	e7e2      	b.n	10000c04 <irq_remove_handler+0xd4>
10000c3e:	2900      	cmp	r1, #0
10000c40:	d112      	bne.n	10000c68 <irq_remove_handler+0x138>
10000c42:	2800      	cmp	r0, #0
10000c44:	d00e      	beq.n	10000c64 <irq_remove_handler+0x134>
10000c46:	23ff      	movs	r3, #255	@ 0xff
10000c48:	7183      	strb	r3, [r0, #6]
10000c4a:	4b17      	ldr	r3, [pc, #92]	@ (10000ca8 <irq_remove_handler+0x178>)
10000c4c:	8083      	strh	r3, [r0, #4]
10000c4e:	4915      	ldr	r1, [pc, #84]	@ (10000ca4 <irq_remove_handler+0x174>)
10000c50:	780b      	ldrb	r3, [r1, #0]
10000c52:	71a3      	strb	r3, [r4, #6]
10000c54:	4a0e      	ldr	r2, [pc, #56]	@ (10000c90 <irq_remove_handler+0x160>)
10000c56:	4b15      	ldr	r3, [pc, #84]	@ (10000cac <irq_remove_handler+0x17c>)
10000c58:	1aa4      	subs	r4, r4, r2
10000c5a:	4164      	adcs	r4, r4
10000c5c:	4363      	muls	r3, r4
10000c5e:	0d1b      	lsrs	r3, r3, #20
10000c60:	700b      	strb	r3, [r1, #0]
10000c62:	e7d9      	b.n	10000c18 <irq_remove_handler+0xe8>
10000c64:	4f09      	ldr	r7, [pc, #36]	@ (10000c8c <irq_remove_handler+0x15c>)
10000c66:	e7f2      	b.n	10000c4e <irq_remove_handler+0x11e>
10000c68:	4911      	ldr	r1, [pc, #68]	@ (10000cb0 <irq_remove_handler+0x180>)
10000c6a:	1d20      	adds	r0, r4, #4
10000c6c:	f7ff fdc8 	bl	10000800 <insert_branch_and_link>
10000c70:	e7d2      	b.n	10000c18 <irq_remove_handler+0xe8>
10000c72:	4b10      	ldr	r3, [pc, #64]	@ (10000cb4 <irq_remove_handler+0x184>)
10000c74:	4a08      	ldr	r2, [pc, #32]	@ (10000c98 <irq_remove_handler+0x168>)
10000c76:	216a      	movs	r1, #106	@ 0x6a
10000c78:	4808      	ldr	r0, [pc, #32]	@ (10000c9c <irq_remove_handler+0x16c>)
10000c7a:	31ff      	adds	r1, #255	@ 0xff
10000c7c:	f001 fb5a 	bl	10002334 <__assert_func>
10000c80:	4f02      	ldr	r7, [pc, #8]	@ (10000c8c <irq_remove_handler+0x15c>)
10000c82:	e776      	b.n	10000b72 <irq_remove_handler+0x42>
10000c84:	d0000124 	.word	0xd0000124
10000c88:	e000ed00 	.word	0xe000ed00
10000c8c:	100001cd 	.word	0x100001cd
10000c90:	20000b04 	.word	0x20000b04
10000c94:	10007c5c 	.word	0x10007c5c
10000c98:	10008aa4 	.word	0x10008aa4
10000c9c:	10007ac4 	.word	0x10007ac4
10000ca0:	0000bd01 	.word	0x0000bd01
10000ca4:	20002062 	.word	0x20002062
10000ca8:	ffffbd01 	.word	0xffffbd01
10000cac:	0000aaaa 	.word	0x0000aaaa
10000cb0:	20000b3e 	.word	0x20000b3e
10000cb4:	10007c90 	.word	0x10007c90

10000cb8 <irq_add_tail_to_free_list>:
10000cb8:	b570      	push	{r4, r5, r6, lr}
10000cba:	2201      	movs	r2, #1
10000cbc:	4302      	orrs	r2, r0
10000cbe:	4b2e      	ldr	r3, [pc, #184]	@ (10000d78 <irq_add_tail_to_free_list+0xc0>)
10000cc0:	1ad3      	subs	r3, r2, r3
10000cc2:	2b2f      	cmp	r3, #47	@ 0x2f
10000cc4:	d828      	bhi.n	10000d18 <irq_add_tail_to_free_list+0x60>
10000cc6:	f3ef 8305 	mrs	r3, IPSR
10000cca:	2b00      	cmp	r3, #0
10000ccc:	d02b      	beq.n	10000d26 <irq_add_tail_to_free_list+0x6e>
10000cce:	f3ef 8c10 	mrs	ip, PRIMASK
10000cd2:	b672      	cpsid	i
10000cd4:	4929      	ldr	r1, [pc, #164]	@ (10000d7c <irq_add_tail_to_free_list+0xc4>)
10000cd6:	6809      	ldr	r1, [r1, #0]
10000cd8:	2900      	cmp	r1, #0
10000cda:	d0fb      	beq.n	10000cd4 <irq_add_tail_to_free_list+0x1c>
10000cdc:	f3bf 8f5f 	dmb	sy
10000ce0:	4c25      	ldr	r4, [pc, #148]	@ (10000d78 <irq_add_tail_to_free_list+0xc0>)
10000ce2:	4927      	ldr	r1, [pc, #156]	@ (10000d80 <irq_add_tail_to_free_list+0xc8>)
10000ce4:	0005      	movs	r5, r0
10000ce6:	1b2d      	subs	r5, r5, r4
10000ce8:	416d      	adcs	r5, r5
10000cea:	4369      	muls	r1, r5
10000cec:	0d09      	lsrs	r1, r1, #20
10000cee:	b24c      	sxtb	r4, r1
10000cf0:	4924      	ldr	r1, [pc, #144]	@ (10000d84 <irq_add_tail_to_free_list+0xcc>)
10000cf2:	6889      	ldr	r1, [r1, #8]
10000cf4:	009b      	lsls	r3, r3, #2
10000cf6:	58c9      	ldr	r1, [r1, r3]
10000cf8:	4291      	cmp	r1, r2
10000cfa:	d01b      	beq.n	10000d34 <irq_add_tail_to_free_list+0x7c>
10000cfc:	2100      	movs	r1, #0
10000cfe:	2903      	cmp	r1, #3
10000d00:	d832      	bhi.n	10000d68 <irq_add_tail_to_free_list+0xb0>
10000d02:	4b1d      	ldr	r3, [pc, #116]	@ (10000d78 <irq_add_tail_to_free_list+0xc0>)
10000d04:	004a      	lsls	r2, r1, #1
10000d06:	1852      	adds	r2, r2, r1
10000d08:	0092      	lsls	r2, r2, #2
10000d0a:	189b      	adds	r3, r3, r2
10000d0c:	799b      	ldrb	r3, [r3, #6]
10000d0e:	b25b      	sxtb	r3, r3
10000d10:	42a3      	cmp	r3, r4
10000d12:	d01f      	beq.n	10000d54 <irq_add_tail_to_free_list+0x9c>
10000d14:	3101      	adds	r1, #1
10000d16:	e7f2      	b.n	10000cfe <irq_add_tail_to_free_list+0x46>
10000d18:	4b1b      	ldr	r3, [pc, #108]	@ (10000d88 <irq_add_tail_to_free_list+0xd0>)
10000d1a:	4a1c      	ldr	r2, [pc, #112]	@ (10000d8c <irq_add_tail_to_free_list+0xd4>)
10000d1c:	21c7      	movs	r1, #199	@ 0xc7
10000d1e:	481c      	ldr	r0, [pc, #112]	@ (10000d90 <irq_add_tail_to_free_list+0xd8>)
10000d20:	0049      	lsls	r1, r1, #1
10000d22:	f001 fb07 	bl	10002334 <__assert_func>
10000d26:	4b1b      	ldr	r3, [pc, #108]	@ (10000d94 <irq_add_tail_to_free_list+0xdc>)
10000d28:	4a18      	ldr	r2, [pc, #96]	@ (10000d8c <irq_add_tail_to_free_list+0xd4>)
10000d2a:	2192      	movs	r1, #146	@ 0x92
10000d2c:	4818      	ldr	r0, [pc, #96]	@ (10000d90 <irq_add_tail_to_free_list+0xd8>)
10000d2e:	31ff      	adds	r1, #255	@ 0xff
10000d30:	f001 fb00 	bl	10002334 <__assert_func>
10000d34:	4a13      	ldr	r2, [pc, #76]	@ (10000d84 <irq_add_tail_to_free_list+0xcc>)
10000d36:	6892      	ldr	r2, [r2, #8]
10000d38:	4917      	ldr	r1, [pc, #92]	@ (10000d98 <irq_add_tail_to_free_list+0xe0>)
10000d3a:	50d1      	str	r1, [r2, r3]
10000d3c:	4b17      	ldr	r3, [pc, #92]	@ (10000d9c <irq_add_tail_to_free_list+0xe4>)
10000d3e:	781a      	ldrb	r2, [r3, #0]
10000d40:	7182      	strb	r2, [r0, #6]
10000d42:	701c      	strb	r4, [r3, #0]
10000d44:	f3bf 8f5f 	dmb	sy
10000d48:	4b0c      	ldr	r3, [pc, #48]	@ (10000d7c <irq_add_tail_to_free_list+0xc4>)
10000d4a:	2200      	movs	r2, #0
10000d4c:	601a      	str	r2, [r3, #0]
10000d4e:	f38c 8810 	msr	PRIMASK, ip
10000d52:	bd70      	pop	{r4, r5, r6, pc}
10000d54:	4b08      	ldr	r3, [pc, #32]	@ (10000d78 <irq_add_tail_to_free_list+0xc0>)
10000d56:	004a      	lsls	r2, r1, #1
10000d58:	1855      	adds	r5, r2, r1
10000d5a:	00ad      	lsls	r5, r5, #2
10000d5c:	195d      	adds	r5, r3, r5
10000d5e:	26ff      	movs	r6, #255	@ 0xff
10000d60:	71ae      	strb	r6, [r5, #6]
10000d62:	4a0f      	ldr	r2, [pc, #60]	@ (10000da0 <irq_add_tail_to_free_list+0xe8>)
10000d64:	80aa      	strh	r2, [r5, #4]
10000d66:	e7e9      	b.n	10000d3c <irq_add_tail_to_free_list+0x84>
10000d68:	4b0e      	ldr	r3, [pc, #56]	@ (10000da4 <irq_add_tail_to_free_list+0xec>)
10000d6a:	4a08      	ldr	r2, [pc, #32]	@ (10000d8c <irq_add_tail_to_free_list+0xd4>)
10000d6c:	21d1      	movs	r1, #209	@ 0xd1
10000d6e:	4808      	ldr	r0, [pc, #32]	@ (10000d90 <irq_add_tail_to_free_list+0xd8>)
10000d70:	0049      	lsls	r1, r1, #1
10000d72:	f001 fadf 	bl	10002334 <__assert_func>
10000d76:	46c0      	nop			@ (mov r8, r8)
10000d78:	20000b04 	.word	0x20000b04
10000d7c:	d0000124 	.word	0xd0000124
10000d80:	0000aaaa 	.word	0x0000aaaa
10000d84:	e000ed00 	.word	0xe000ed00
10000d88:	10007c98 	.word	0x10007c98
10000d8c:	10008a70 	.word	0x10008a70
10000d90:	10007ac4 	.word	0x10007ac4
10000d94:	10007cc0 	.word	0x10007cc0
10000d98:	100001cd 	.word	0x100001cd
10000d9c:	20002062 	.word	0x20002062
10000da0:	ffffbd01 	.word	0xffffbd01
10000da4:	10007ccc 	.word	0x10007ccc

10000da8 <irq_init_priorities>:
10000da8:	2200      	movs	r2, #0
10000daa:	4b04      	ldr	r3, [pc, #16]	@ (10000dbc <irq_init_priorities+0x14>)
10000dac:	e002      	b.n	10000db4 <irq_init_priorities+0xc>
10000dae:	4904      	ldr	r1, [pc, #16]	@ (10000dc0 <irq_init_priorities+0x18>)
10000db0:	c302      	stmia	r3!, {r1}
10000db2:	3201      	adds	r2, #1
10000db4:	2a07      	cmp	r2, #7
10000db6:	d9fa      	bls.n	10000dae <irq_init_priorities+0x6>
10000db8:	4770      	bx	lr
10000dba:	46c0      	nop			@ (mov r8, r8)
10000dbc:	e000e400 	.word	0xe000e400
10000dc0:	80808080 	.word	0x80808080

10000dc4 <user_irq_claim_unused>:
10000dc4:	b510      	push	{r4, lr}
10000dc6:	b082      	sub	sp, #8
10000dc8:	0001      	movs	r1, r0
10000dca:	4c07      	ldr	r4, [pc, #28]	@ (10000de8 <user_irq_claim_unused+0x24>)
10000dcc:	4b07      	ldr	r3, [pc, #28]	@ (10000dec <user_irq_claim_unused+0x28>)
10000dce:	9300      	str	r3, [sp, #0]
10000dd0:	2305      	movs	r3, #5
10000dd2:	2200      	movs	r2, #0
10000dd4:	0020      	movs	r0, r4
10000dd6:	f7ff fc6a 	bl	100006ae <hw_claim_unused_from_range>
10000dda:	2800      	cmp	r0, #0
10000ddc:	db01      	blt.n	10000de2 <user_irq_claim_unused+0x1e>
10000dde:	231f      	movs	r3, #31
10000de0:	1a18      	subs	r0, r3, r0
10000de2:	b002      	add	sp, #8
10000de4:	bd10      	pop	{r4, pc}
10000de6:	46c0      	nop			@ (mov r8, r8)
10000de8:	20002069 	.word	0x20002069
10000dec:	10007cd4 	.word	0x10007cd4

10000df0 <lock_init>:
10000df0:	4b02      	ldr	r3, [pc, #8]	@ (10000dfc <lock_init+0xc>)
10000df2:	469c      	mov	ip, r3
10000df4:	4461      	add	r1, ip
10000df6:	0089      	lsls	r1, r1, #2
10000df8:	6001      	str	r1, [r0, #0]
10000dfa:	4770      	bx	lr
10000dfc:	34000040 	.word	0x34000040

10000e00 <update_us_since_boot>:
10000e00:	b510      	push	{r4, lr}
10000e02:	2b00      	cmp	r3, #0
10000e04:	db02      	blt.n	10000e0c <update_us_since_boot+0xc>
10000e06:	6002      	str	r2, [r0, #0]
10000e08:	6043      	str	r3, [r0, #4]
10000e0a:	bd10      	pop	{r4, pc}
10000e0c:	4b02      	ldr	r3, [pc, #8]	@ (10000e18 <update_us_since_boot+0x18>)
10000e0e:	4a03      	ldr	r2, [pc, #12]	@ (10000e1c <update_us_since_boot+0x1c>)
10000e10:	4803      	ldr	r0, [pc, #12]	@ (10000e20 <update_us_since_boot+0x20>)
10000e12:	213f      	movs	r1, #63	@ 0x3f
10000e14:	f001 fa8e 	bl	10002334 <__assert_func>
10000e18:	10007a20 	.word	0x10007a20
10000e1c:	10008b2c 	.word	0x10008b2c
10000e20:	10007a3c 	.word	0x10007a3c

10000e24 <delayed_by_ms>:
10000e24:	b570      	push	{r4, r5, r6, lr}
10000e26:	b082      	sub	sp, #8
10000e28:	0006      	movs	r6, r0
10000e2a:	0014      	movs	r4, r2
10000e2c:	001d      	movs	r5, r3
10000e2e:	22fa      	movs	r2, #250	@ 0xfa
10000e30:	0092      	lsls	r2, r2, #2
10000e32:	2300      	movs	r3, #0
10000e34:	9806      	ldr	r0, [sp, #24]
10000e36:	2100      	movs	r1, #0
10000e38:	f003 fabe 	bl	100043b8 <__wrap___aeabi_lmul>
10000e3c:	0002      	movs	r2, r0
10000e3e:	000b      	movs	r3, r1
10000e40:	1912      	adds	r2, r2, r4
10000e42:	416b      	adcs	r3, r5
10000e44:	2b00      	cmp	r3, #0
10000e46:	db09      	blt.n	10000e5c <delayed_by_ms+0x38>
10000e48:	4668      	mov	r0, sp
10000e4a:	f7ff ffd9 	bl	10000e00 <update_us_since_boot>
10000e4e:	9a00      	ldr	r2, [sp, #0]
10000e50:	9b01      	ldr	r3, [sp, #4]
10000e52:	6032      	str	r2, [r6, #0]
10000e54:	6073      	str	r3, [r6, #4]
10000e56:	0030      	movs	r0, r6
10000e58:	b002      	add	sp, #8
10000e5a:	bd70      	pop	{r4, r5, r6, pc}
10000e5c:	2201      	movs	r2, #1
10000e5e:	4252      	negs	r2, r2
10000e60:	4b00      	ldr	r3, [pc, #0]	@ (10000e64 <delayed_by_ms+0x40>)
10000e62:	e7f1      	b.n	10000e48 <delayed_by_ms+0x24>
10000e64:	7fffffff 	.word	0x7fffffff

10000e68 <get_absolute_time>:
10000e68:	b510      	push	{r4, lr}
10000e6a:	b082      	sub	sp, #8
10000e6c:	0004      	movs	r4, r0
10000e6e:	f000 fd95 	bl	1000199c <time_us_64>
10000e72:	0002      	movs	r2, r0
10000e74:	000b      	movs	r3, r1
10000e76:	4668      	mov	r0, sp
10000e78:	f7ff ffc2 	bl	10000e00 <update_us_since_boot>
10000e7c:	9a00      	ldr	r2, [sp, #0]
10000e7e:	9b01      	ldr	r3, [sp, #4]
10000e80:	6022      	str	r2, [r4, #0]
10000e82:	6063      	str	r3, [r4, #4]
10000e84:	0020      	movs	r0, r4
10000e86:	b002      	add	sp, #8
10000e88:	bd10      	pop	{r4, pc}

10000e8a <make_timeout_time_ms>:
10000e8a:	b530      	push	{r4, r5, lr}
10000e8c:	b085      	sub	sp, #20
10000e8e:	0004      	movs	r4, r0
10000e90:	000d      	movs	r5, r1
10000e92:	a802      	add	r0, sp, #8
10000e94:	f7ff ffe8 	bl	10000e68 <get_absolute_time>
10000e98:	9a02      	ldr	r2, [sp, #8]
10000e9a:	9b03      	ldr	r3, [sp, #12]
10000e9c:	9500      	str	r5, [sp, #0]
10000e9e:	0020      	movs	r0, r4
10000ea0:	f7ff ffc0 	bl	10000e24 <delayed_by_ms>
10000ea4:	0020      	movs	r0, r4
10000ea6:	b005      	add	sp, #20
10000ea8:	bd30      	pop	{r4, r5, pc}

10000eaa <mutex_init>:
10000eaa:	b510      	push	{r4, lr}
10000eac:	0004      	movs	r4, r0
10000eae:	f7ff fc37 	bl	10000720 <next_striped_spin_lock_num>
10000eb2:	0001      	movs	r1, r0
10000eb4:	0020      	movs	r0, r4
10000eb6:	f7ff ff9b 	bl	10000df0 <lock_init>
10000eba:	23ff      	movs	r3, #255	@ 0xff
10000ebc:	7123      	strb	r3, [r4, #4]
10000ebe:	f3bf 8f5f 	dmb	sy
10000ec2:	bd10      	pop	{r4, pc}

10000ec4 <recursive_mutex_init>:
10000ec4:	b510      	push	{r4, lr}
10000ec6:	0004      	movs	r4, r0
10000ec8:	f7ff fc2a 	bl	10000720 <next_striped_spin_lock_num>
10000ecc:	0001      	movs	r1, r0
10000ece:	0020      	movs	r0, r4
10000ed0:	f7ff ff8e 	bl	10000df0 <lock_init>
10000ed4:	23ff      	movs	r3, #255	@ 0xff
10000ed6:	7123      	strb	r3, [r4, #4]
10000ed8:	2300      	movs	r3, #0
10000eda:	7163      	strb	r3, [r4, #5]
10000edc:	f3bf 8f5f 	dmb	sy
10000ee0:	bd10      	pop	{r4, pc}
	...

10000ee4 <critical_section_init_with_lock_num>:
10000ee4:	4b03      	ldr	r3, [pc, #12]	@ (10000ef4 <critical_section_init_with_lock_num+0x10>)
10000ee6:	469c      	mov	ip, r3
10000ee8:	4461      	add	r1, ip
10000eea:	0089      	lsls	r1, r1, #2
10000eec:	6001      	str	r1, [r0, #0]
10000eee:	f3bf 8f5f 	dmb	sy
10000ef2:	4770      	bx	lr
10000ef4:	34000040 	.word	0x34000040

10000ef8 <critical_section_init>:
10000ef8:	b510      	push	{r4, lr}
10000efa:	0004      	movs	r4, r0
10000efc:	2001      	movs	r0, #1
10000efe:	f7ff fc1d 	bl	1000073c <spin_lock_claim_unused>
10000f02:	0001      	movs	r1, r0
10000f04:	0020      	movs	r0, r4
10000f06:	f7ff ffed 	bl	10000ee4 <critical_section_init_with_lock_num>
10000f0a:	bd10      	pop	{r4, pc}

10000f0c <time_reached>:
10000f0c:	4b08      	ldr	r3, [pc, #32]	@ (10000f30 <time_reached+0x24>)
10000f0e:	6a5b      	ldr	r3, [r3, #36]	@ 0x24
10000f10:	4299      	cmp	r1, r3
10000f12:	d809      	bhi.n	10000f28 <time_reached+0x1c>
10000f14:	4a06      	ldr	r2, [pc, #24]	@ (10000f30 <time_reached+0x24>)
10000f16:	6a92      	ldr	r2, [r2, #40]	@ 0x28
10000f18:	4282      	cmp	r2, r0
10000f1a:	d207      	bcs.n	10000f2c <time_reached+0x20>
10000f1c:	4299      	cmp	r1, r3
10000f1e:	d001      	beq.n	10000f24 <time_reached+0x18>
10000f20:	2001      	movs	r0, #1
10000f22:	e002      	b.n	10000f2a <time_reached+0x1e>
10000f24:	2000      	movs	r0, #0
10000f26:	e000      	b.n	10000f2a <time_reached+0x1e>
10000f28:	2000      	movs	r0, #0
10000f2a:	4770      	bx	lr
10000f2c:	2001      	movs	r0, #1
10000f2e:	e7fc      	b.n	10000f2a <time_reached+0x1e>
10000f30:	40054000 	.word	0x40054000

10000f34 <get_entry>:
10000f34:	b510      	push	{r4, lr}
10000f36:	2900      	cmp	r1, #0
10000f38:	d00a      	beq.n	10000f50 <get_entry+0x1c>
10000f3a:	6803      	ldr	r3, [r0, #0]
10000f3c:	7b1b      	ldrb	r3, [r3, #12]
10000f3e:	428b      	cmp	r3, r1
10000f40:	d306      	bcc.n	10000f50 <get_entry+0x1c>
10000f42:	6880      	ldr	r0, [r0, #8]
10000f44:	4b05      	ldr	r3, [pc, #20]	@ (10000f5c <get_entry+0x28>)
10000f46:	469c      	mov	ip, r3
10000f48:	4461      	add	r1, ip
10000f4a:	0109      	lsls	r1, r1, #4
10000f4c:	1840      	adds	r0, r0, r1
10000f4e:	bd10      	pop	{r4, pc}
10000f50:	4b03      	ldr	r3, [pc, #12]	@ (10000f60 <get_entry+0x2c>)
10000f52:	4a04      	ldr	r2, [pc, #16]	@ (10000f64 <get_entry+0x30>)
10000f54:	4804      	ldr	r0, [pc, #16]	@ (10000f68 <get_entry+0x34>)
10000f56:	213c      	movs	r1, #60	@ 0x3c
10000f58:	f001 f9ec 	bl	10002334 <__assert_func>
10000f5c:	0fffffff 	.word	0x0fffffff
10000f60:	10007d98 	.word	0x10007d98
10000f64:	10008c14 	.word	0x10008c14
10000f68:	10007dbc 	.word	0x10007dbc

10000f6c <timer_pool_entry_comparator>:
10000f6c:	b5f8      	push	{r3, r4, r5, r6, r7, lr}
10000f6e:	0004      	movs	r4, r0
10000f70:	0017      	movs	r7, r2
10000f72:	f7ff ffdf 	bl	10000f34 <get_entry>
10000f76:	6806      	ldr	r6, [r0, #0]
10000f78:	6845      	ldr	r5, [r0, #4]
10000f7a:	0039      	movs	r1, r7
10000f7c:	0020      	movs	r0, r4
10000f7e:	f7ff ffd9 	bl	10000f34 <get_entry>
10000f82:	6802      	ldr	r2, [r0, #0]
10000f84:	6843      	ldr	r3, [r0, #4]
10000f86:	2001      	movs	r0, #1
10000f88:	42ab      	cmp	r3, r5
10000f8a:	d801      	bhi.n	10000f90 <timer_pool_entry_comparator+0x24>
10000f8c:	d002      	beq.n	10000f94 <timer_pool_entry_comparator+0x28>
10000f8e:	2000      	movs	r0, #0
10000f90:	b2c0      	uxtb	r0, r0
10000f92:	bdf8      	pop	{r3, r4, r5, r6, r7, pc}
10000f94:	42b2      	cmp	r2, r6
10000f96:	d8fb      	bhi.n	10000f90 <timer_pool_entry_comparator+0x24>
10000f98:	e7f9      	b.n	10000f8e <timer_pool_entry_comparator+0x22>
	...

10000f9c <update_us_since_boot>:
10000f9c:	b510      	push	{r4, lr}
10000f9e:	2b00      	cmp	r3, #0
10000fa0:	db02      	blt.n	10000fa8 <update_us_since_boot+0xc>
10000fa2:	6002      	str	r2, [r0, #0]
10000fa4:	6043      	str	r3, [r0, #4]
10000fa6:	bd10      	pop	{r4, pc}
10000fa8:	4b02      	ldr	r3, [pc, #8]	@ (10000fb4 <update_us_since_boot+0x18>)
10000faa:	4a03      	ldr	r2, [pc, #12]	@ (10000fb8 <update_us_since_boot+0x1c>)
10000fac:	4803      	ldr	r0, [pc, #12]	@ (10000fbc <update_us_since_boot+0x20>)
10000fae:	213f      	movs	r1, #63	@ 0x3f
10000fb0:	f001 f9c0 	bl	10002334 <__assert_func>
10000fb4:	10007a20 	.word	0x10007a20
10000fb8:	10008be0 	.word	0x10008be0
10000fbc:	10007a3c 	.word	0x10007a3c

10000fc0 <delayed_by_us>:
10000fc0:	b510      	push	{r4, lr}
10000fc2:	b082      	sub	sp, #8
10000fc4:	0004      	movs	r4, r0
10000fc6:	9804      	ldr	r0, [sp, #16]
10000fc8:	9905      	ldr	r1, [sp, #20]
10000fca:	1812      	adds	r2, r2, r0
10000fcc:	414b      	adcs	r3, r1
10000fce:	2b00      	cmp	r3, #0
10000fd0:	db09      	blt.n	10000fe6 <delayed_by_us+0x26>
10000fd2:	4668      	mov	r0, sp
10000fd4:	f7ff ffe2 	bl	10000f9c <update_us_since_boot>
10000fd8:	9a00      	ldr	r2, [sp, #0]
10000fda:	9b01      	ldr	r3, [sp, #4]
10000fdc:	6022      	str	r2, [r4, #0]
10000fde:	6063      	str	r3, [r4, #4]
10000fe0:	0020      	movs	r0, r4
10000fe2:	b002      	add	sp, #8
10000fe4:	bd10      	pop	{r4, pc}
10000fe6:	2201      	movs	r2, #1
10000fe8:	4252      	negs	r2, r2
10000fea:	4b01      	ldr	r3, [pc, #4]	@ (10000ff0 <delayed_by_us+0x30>)
10000fec:	e7f1      	b.n	10000fd2 <delayed_by_us+0x12>
10000fee:	46c0      	nop			@ (mov r8, r8)
10000ff0:	7fffffff 	.word	0x7fffffff

10000ff4 <ph_get_node>:
10000ff4:	b510      	push	{r4, lr}
10000ff6:	2900      	cmp	r1, #0
10000ff8:	d008      	beq.n	1000100c <ph_get_node+0x18>
10000ffa:	7b03      	ldrb	r3, [r0, #12]
10000ffc:	428b      	cmp	r3, r1
10000ffe:	d305      	bcc.n	1000100c <ph_get_node+0x18>
10001000:	6800      	ldr	r0, [r0, #0]
10001002:	004b      	lsls	r3, r1, #1
10001004:	185b      	adds	r3, r3, r1
10001006:	3b03      	subs	r3, #3
10001008:	18c0      	adds	r0, r0, r3
1000100a:	bd10      	pop	{r4, pc}
1000100c:	4b02      	ldr	r3, [pc, #8]	@ (10001018 <ph_get_node+0x24>)
1000100e:	4a03      	ldr	r2, [pc, #12]	@ (1000101c <ph_get_node+0x28>)
10001010:	4803      	ldr	r0, [pc, #12]	@ (10001020 <ph_get_node+0x2c>)
10001012:	2168      	movs	r1, #104	@ 0x68
10001014:	f001 f98e 	bl	10002334 <__assert_func>
10001018:	10007e10 	.word	0x10007e10
1000101c:	10008bbc 	.word	0x10008bbc
10001020:	10007e2c 	.word	0x10007e2c

10001024 <ph_contains_node>:
10001024:	b510      	push	{r4, lr}
10001026:	7b43      	ldrb	r3, [r0, #13]
10001028:	428b      	cmp	r3, r1
1000102a:	d101      	bne.n	10001030 <ph_contains_node+0xc>
1000102c:	2001      	movs	r0, #1
1000102e:	bd10      	pop	{r4, pc}
10001030:	f7ff ffe0 	bl	10000ff4 <ph_get_node>
10001034:	7883      	ldrb	r3, [r0, #2]
10001036:	2b00      	cmp	r3, #0
10001038:	d101      	bne.n	1000103e <ph_contains_node+0x1a>
1000103a:	2000      	movs	r0, #0
1000103c:	e7f7      	b.n	1000102e <ph_contains_node+0xa>
1000103e:	2001      	movs	r0, #1
10001040:	e7f5      	b.n	1000102e <ph_contains_node+0xa>

10001042 <ph_new_node>:
10001042:	b570      	push	{r4, r5, r6, lr}
10001044:	0004      	movs	r4, r0
10001046:	7b85      	ldrb	r5, [r0, #14]
10001048:	2d00      	cmp	r5, #0
1000104a:	d101      	bne.n	10001050 <ph_new_node+0xe>
1000104c:	0028      	movs	r0, r5
1000104e:	bd70      	pop	{r4, r5, r6, pc}
10001050:	0029      	movs	r1, r5
10001052:	f7ff ffcf 	bl	10000ff4 <ph_get_node>
10001056:	7843      	ldrb	r3, [r0, #1]
10001058:	73a3      	strb	r3, [r4, #14]
1000105a:	2b00      	cmp	r3, #0
1000105c:	d100      	bne.n	10001060 <ph_new_node+0x1e>
1000105e:	73e3      	strb	r3, [r4, #15]
10001060:	2300      	movs	r3, #0
10001062:	7083      	strb	r3, [r0, #2]
10001064:	7043      	strb	r3, [r0, #1]
10001066:	7003      	strb	r3, [r0, #0]
10001068:	e7f0      	b.n	1000104c <ph_new_node+0xa>
	...

1000106c <ph_add_child_node>:
1000106c:	b5f8      	push	{r3, r4, r5, r6, r7, lr}
1000106e:	0006      	movs	r6, r0
10001070:	000c      	movs	r4, r1
10001072:	0015      	movs	r5, r2
10001074:	f7ff ffbe 	bl	10000ff4 <ph_get_node>
10001078:	0007      	movs	r7, r0
1000107a:	2c00      	cmp	r4, #0
1000107c:	d00d      	beq.n	1000109a <ph_add_child_node+0x2e>
1000107e:	2d00      	cmp	r5, #0
10001080:	d011      	beq.n	100010a6 <ph_add_child_node+0x3a>
10001082:	42ac      	cmp	r4, r5
10001084:	d015      	beq.n	100010b2 <ph_add_child_node+0x46>
10001086:	0029      	movs	r1, r5
10001088:	0030      	movs	r0, r6
1000108a:	f7ff ffb3 	bl	10000ff4 <ph_get_node>
1000108e:	7084      	strb	r4, [r0, #2]
10001090:	783b      	ldrb	r3, [r7, #0]
10001092:	2b00      	cmp	r3, #0
10001094:	d113      	bne.n	100010be <ph_add_child_node+0x52>
10001096:	703d      	strb	r5, [r7, #0]
10001098:	bdf8      	pop	{r3, r4, r5, r6, r7, pc}
1000109a:	4b0a      	ldr	r3, [pc, #40]	@ (100010c4 <ph_add_child_node+0x58>)
1000109c:	4a0a      	ldr	r2, [pc, #40]	@ (100010c8 <ph_add_child_node+0x5c>)
1000109e:	480b      	ldr	r0, [pc, #44]	@ (100010cc <ph_add_child_node+0x60>)
100010a0:	216f      	movs	r1, #111	@ 0x6f
100010a2:	f001 f947 	bl	10002334 <__assert_func>
100010a6:	4b0a      	ldr	r3, [pc, #40]	@ (100010d0 <ph_add_child_node+0x64>)
100010a8:	4a07      	ldr	r2, [pc, #28]	@ (100010c8 <ph_add_child_node+0x5c>)
100010aa:	4808      	ldr	r0, [pc, #32]	@ (100010cc <ph_add_child_node+0x60>)
100010ac:	2170      	movs	r1, #112	@ 0x70
100010ae:	f001 f941 	bl	10002334 <__assert_func>
100010b2:	4b08      	ldr	r3, [pc, #32]	@ (100010d4 <ph_add_child_node+0x68>)
100010b4:	4a04      	ldr	r2, [pc, #16]	@ (100010c8 <ph_add_child_node+0x5c>)
100010b6:	4805      	ldr	r0, [pc, #20]	@ (100010cc <ph_add_child_node+0x60>)
100010b8:	2171      	movs	r1, #113	@ 0x71
100010ba:	f001 f93b 	bl	10002334 <__assert_func>
100010be:	7043      	strb	r3, [r0, #1]
100010c0:	703d      	strb	r5, [r7, #0]
100010c2:	e7e9      	b.n	10001098 <ph_add_child_node+0x2c>
100010c4:	10007e84 	.word	0x10007e84
100010c8:	10008b98 	.word	0x10008b98
100010cc:	10007e2c 	.word	0x10007e2c
100010d0:	10007e90 	.word	0x10007e90
100010d4:	10007e9c 	.word	0x10007e9c

100010d8 <ph_merge_nodes>:
100010d8:	b570      	push	{r4, r5, r6, lr}
100010da:	0006      	movs	r6, r0
100010dc:	000d      	movs	r5, r1
100010de:	0014      	movs	r4, r2
100010e0:	2900      	cmp	r1, #0
100010e2:	d014      	beq.n	1000110e <ph_merge_nodes+0x36>
100010e4:	2a00      	cmp	r2, #0
100010e6:	d014      	beq.n	10001112 <ph_merge_nodes+0x3a>
100010e8:	6843      	ldr	r3, [r0, #4]
100010ea:	6880      	ldr	r0, [r0, #8]
100010ec:	4798      	blx	r3
100010ee:	2800      	cmp	r0, #0
100010f0:	d006      	beq.n	10001100 <ph_merge_nodes+0x28>
100010f2:	0022      	movs	r2, r4
100010f4:	0029      	movs	r1, r5
100010f6:	0030      	movs	r0, r6
100010f8:	f7ff ffb8 	bl	1000106c <ph_add_child_node>
100010fc:	0028      	movs	r0, r5
100010fe:	e007      	b.n	10001110 <ph_merge_nodes+0x38>
10001100:	002a      	movs	r2, r5
10001102:	0021      	movs	r1, r4
10001104:	0030      	movs	r0, r6
10001106:	f7ff ffb1 	bl	1000106c <ph_add_child_node>
1000110a:	0020      	movs	r0, r4
1000110c:	e000      	b.n	10001110 <ph_merge_nodes+0x38>
1000110e:	0010      	movs	r0, r2
10001110:	bd70      	pop	{r4, r5, r6, pc}
10001112:	0008      	movs	r0, r1
10001114:	e7fc      	b.n	10001110 <ph_merge_nodes+0x38>
	...

10001118 <ph_insert_node>:
10001118:	b570      	push	{r4, r5, r6, lr}
1000111a:	0004      	movs	r4, r0
1000111c:	1e0d      	subs	r5, r1, #0
1000111e:	d00c      	beq.n	1000113a <ph_insert_node+0x22>
10001120:	f7ff ff68 	bl	10000ff4 <ph_get_node>
10001124:	2300      	movs	r3, #0
10001126:	7083      	strb	r3, [r0, #2]
10001128:	7043      	strb	r3, [r0, #1]
1000112a:	7003      	strb	r3, [r0, #0]
1000112c:	7b61      	ldrb	r1, [r4, #13]
1000112e:	002a      	movs	r2, r5
10001130:	0020      	movs	r0, r4
10001132:	f7ff ffd1 	bl	100010d8 <ph_merge_nodes>
10001136:	7360      	strb	r0, [r4, #13]
10001138:	bd70      	pop	{r4, r5, r6, pc}
1000113a:	4b03      	ldr	r3, [pc, #12]	@ (10001148 <ph_insert_node+0x30>)
1000113c:	4a03      	ldr	r2, [pc, #12]	@ (1000114c <ph_insert_node+0x34>)
1000113e:	4804      	ldr	r0, [pc, #16]	@ (10001150 <ph_insert_node+0x38>)
10001140:	21a5      	movs	r1, #165	@ 0xa5
10001142:	f001 f8f7 	bl	10002334 <__assert_func>
10001146:	46c0      	nop			@ (mov r8, r8)
10001148:	10007eb4 	.word	0x10007eb4
1000114c:	10008bac 	.word	0x10008bac
10001150:	10007e2c 	.word	0x10007e2c

10001154 <ph_free_node>:
10001154:	b570      	push	{r4, r5, r6, lr}
10001156:	0004      	movs	r4, r0
10001158:	1e0d      	subs	r5, r1, #0
1000115a:	d00f      	beq.n	1000117c <ph_free_node+0x28>
1000115c:	f7ff ff62 	bl	10001024 <ph_contains_node>
10001160:	2800      	cmp	r0, #0
10001162:	d10b      	bne.n	1000117c <ph_free_node+0x28>
10001164:	7be1      	ldrb	r1, [r4, #15]
10001166:	2900      	cmp	r1, #0
10001168:	d10e      	bne.n	10001188 <ph_free_node+0x34>
1000116a:	7ba3      	ldrb	r3, [r4, #14]
1000116c:	2b00      	cmp	r3, #0
1000116e:	d103      	bne.n	10001178 <ph_free_node+0x24>
10001170:	7be3      	ldrb	r3, [r4, #15]
10001172:	2b00      	cmp	r3, #0
10001174:	d10d      	bne.n	10001192 <ph_free_node+0x3e>
10001176:	73a5      	strb	r5, [r4, #14]
10001178:	73e5      	strb	r5, [r4, #15]
1000117a:	bd70      	pop	{r4, r5, r6, pc}
1000117c:	4b08      	ldr	r3, [pc, #32]	@ (100011a0 <ph_free_node+0x4c>)
1000117e:	4a09      	ldr	r2, [pc, #36]	@ (100011a4 <ph_free_node+0x50>)
10001180:	4809      	ldr	r0, [pc, #36]	@ (100011a8 <ph_free_node+0x54>)
10001182:	21f6      	movs	r1, #246	@ 0xf6
10001184:	f001 f8d6 	bl	10002334 <__assert_func>
10001188:	0020      	movs	r0, r4
1000118a:	f7ff ff33 	bl	10000ff4 <ph_get_node>
1000118e:	7045      	strb	r5, [r0, #1]
10001190:	e7eb      	b.n	1000116a <ph_free_node+0x16>
10001192:	4b06      	ldr	r3, [pc, #24]	@ (100011ac <ph_free_node+0x58>)
10001194:	4a03      	ldr	r2, [pc, #12]	@ (100011a4 <ph_free_node+0x50>)
10001196:	4804      	ldr	r0, [pc, #16]	@ (100011a8 <ph_free_node+0x54>)
10001198:	21fb      	movs	r1, #251	@ 0xfb
1000119a:	f001 f8cb 	bl	10002334 <__assert_func>
1000119e:	46c0      	nop			@ (mov r8, r8)
100011a0:	10007eb8 	.word	0x10007eb8
100011a4:	10008b88 	.word	0x10008b88
100011a8:	10007e2c 	.word	0x10007e2c
100011ac:	10007edc 	.word	0x10007edc

100011b0 <get_entry_id_high>:
100011b0:	b510      	push	{r4, lr}
100011b2:	2900      	cmp	r1, #0
100011b4:	d007      	beq.n	100011c6 <get_entry_id_high+0x16>
100011b6:	6803      	ldr	r3, [r0, #0]
100011b8:	7b1b      	ldrb	r3, [r3, #12]
100011ba:	428b      	cmp	r3, r1
100011bc:	d303      	bcc.n	100011c6 <get_entry_id_high+0x16>
100011be:	68c0      	ldr	r0, [r0, #12]
100011c0:	3901      	subs	r1, #1
100011c2:	1840      	adds	r0, r0, r1
100011c4:	bd10      	pop	{r4, pc}
100011c6:	4b03      	ldr	r3, [pc, #12]	@ (100011d4 <get_entry_id_high+0x24>)
100011c8:	4a03      	ldr	r2, [pc, #12]	@ (100011d8 <get_entry_id_high+0x28>)
100011ca:	4804      	ldr	r0, [pc, #16]	@ (100011dc <get_entry_id_high+0x2c>)
100011cc:	2141      	movs	r1, #65	@ 0x41
100011ce:	f001 f8b1 	bl	10002334 <__assert_func>
100011d2:	46c0      	nop			@ (mov r8, r8)
100011d4:	10007d98 	.word	0x10007d98
100011d8:	10008b74 	.word	0x10008b74
100011dc:	10007dbc 	.word	0x10007dbc

100011e0 <alarm_pool_post_alloc_init>:
100011e0:	b570      	push	{r4, r5, r6, lr}
100011e2:	0005      	movs	r5, r0
100011e4:	000c      	movs	r4, r1
100011e6:	0008      	movs	r0, r1
100011e8:	f000 fcd2 	bl	10001b90 <hardware_alarm_cancel>
100011ec:	4909      	ldr	r1, [pc, #36]	@ (10001214 <alarm_pool_post_alloc_init+0x34>)
100011ee:	0020      	movs	r0, r4
100011f0:	f000 fc12 	bl	10001a18 <hardware_alarm_set_callback>
100011f4:	f7ff fa94 	bl	10000720 <next_striped_spin_lock_num>
100011f8:	4b07      	ldr	r3, [pc, #28]	@ (10001218 <alarm_pool_post_alloc_init+0x38>)
100011fa:	469c      	mov	ip, r3
100011fc:	4460      	add	r0, ip
100011fe:	0080      	lsls	r0, r0, #2
10001200:	6068      	str	r0, [r5, #4]
10001202:	752c      	strb	r4, [r5, #20]
10001204:	23d0      	movs	r3, #208	@ 0xd0
10001206:	061b      	lsls	r3, r3, #24
10001208:	781b      	ldrb	r3, [r3, #0]
1000120a:	756b      	strb	r3, [r5, #21]
1000120c:	4b03      	ldr	r3, [pc, #12]	@ (1000121c <alarm_pool_post_alloc_init+0x3c>)
1000120e:	00a4      	lsls	r4, r4, #2
10001210:	50e5      	str	r5, [r4, r3]
10001212:	bd70      	pop	{r4, r5, r6, pc}
10001214:	1000132d 	.word	0x1000132d
10001218:	34000040 	.word	0x34000040
1000121c:	20001e10 	.word	0x20001e10

10001220 <sleep_until_callback>:
10001220:	4b0a      	ldr	r3, [pc, #40]	@ (1000124c <sleep_until_callback+0x2c>)
10001222:	681a      	ldr	r2, [r3, #0]
10001224:	f3ef 8110 	mrs	r1, PRIMASK
10001228:	b672      	cpsid	i
1000122a:	6813      	ldr	r3, [r2, #0]
1000122c:	2b00      	cmp	r3, #0
1000122e:	d0fc      	beq.n	1000122a <sleep_until_callback+0xa>
10001230:	f3bf 8f5f 	dmb	sy
10001234:	4b05      	ldr	r3, [pc, #20]	@ (1000124c <sleep_until_callback+0x2c>)
10001236:	681b      	ldr	r3, [r3, #0]
10001238:	f3bf 8f5f 	dmb	sy
1000123c:	2200      	movs	r2, #0
1000123e:	601a      	str	r2, [r3, #0]
10001240:	f381 8810 	msr	PRIMASK, r1
10001244:	bf40      	sev
10001246:	2000      	movs	r0, #0
10001248:	2100      	movs	r1, #0
1000124a:	4770      	bx	lr
1000124c:	20002030 	.word	0x20002030

10001250 <get_absolute_time>:
10001250:	b510      	push	{r4, lr}
10001252:	b082      	sub	sp, #8
10001254:	0004      	movs	r4, r0
10001256:	f000 fba1 	bl	1000199c <time_us_64>
1000125a:	0002      	movs	r2, r0
1000125c:	000b      	movs	r3, r1
1000125e:	4668      	mov	r0, sp
10001260:	f7ff fe9c 	bl	10000f9c <update_us_since_boot>
10001264:	9a00      	ldr	r2, [sp, #0]
10001266:	9b01      	ldr	r3, [sp, #4]
10001268:	6022      	str	r2, [r4, #0]
1000126a:	6063      	str	r3, [r4, #4]
1000126c:	0020      	movs	r0, r4
1000126e:	b002      	add	sp, #8
10001270:	bd10      	pop	{r4, pc}

10001272 <make_timeout_time_us>:
10001272:	b570      	push	{r4, r5, r6, lr}
10001274:	b084      	sub	sp, #16
10001276:	0004      	movs	r4, r0
10001278:	0016      	movs	r6, r2
1000127a:	001d      	movs	r5, r3
1000127c:	a802      	add	r0, sp, #8
1000127e:	f7ff ffe7 	bl	10001250 <get_absolute_time>
10001282:	9a02      	ldr	r2, [sp, #8]
10001284:	9b03      	ldr	r3, [sp, #12]
10001286:	9600      	str	r6, [sp, #0]
10001288:	9501      	str	r5, [sp, #4]
1000128a:	0020      	movs	r0, r4
1000128c:	f7ff fe98 	bl	10000fc0 <delayed_by_us>
10001290:	0020      	movs	r0, r4
10001292:	b004      	add	sp, #16
10001294:	bd70      	pop	{r4, r5, r6, pc}
	...

10001298 <add_alarm_under_lock>:
10001298:	b5f0      	push	{r4, r5, r6, r7, lr}
1000129a:	b083      	sub	sp, #12
1000129c:	0007      	movs	r7, r0
1000129e:	9201      	str	r2, [sp, #4]
100012a0:	001d      	movs	r5, r3
100012a2:	ab0a      	add	r3, sp, #40	@ 0x28
100012a4:	781c      	ldrb	r4, [r3, #0]
100012a6:	ab0b      	add	r3, sp, #44	@ 0x2c
100012a8:	781e      	ldrb	r6, [r3, #0]
100012aa:	2c00      	cmp	r4, #0
100012ac:	d00b      	beq.n	100012c6 <add_alarm_under_lock+0x2e>
100012ae:	6800      	ldr	r0, [r0, #0]
100012b0:	0021      	movs	r1, r4
100012b2:	f7ff feb7 	bl	10001024 <ph_contains_node>
100012b6:	2800      	cmp	r0, #0
100012b8:	d009      	beq.n	100012ce <add_alarm_under_lock+0x36>
100012ba:	4b19      	ldr	r3, [pc, #100]	@ (10001320 <add_alarm_under_lock+0x88>)
100012bc:	4a19      	ldr	r2, [pc, #100]	@ (10001324 <add_alarm_under_lock+0x8c>)
100012be:	481a      	ldr	r0, [pc, #104]	@ (10001328 <add_alarm_under_lock+0x90>)
100012c0:	2167      	movs	r1, #103	@ 0x67
100012c2:	f001 f837 	bl	10002334 <__assert_func>
100012c6:	6800      	ldr	r0, [r0, #0]
100012c8:	f7ff febb 	bl	10001042 <ph_new_node>
100012cc:	0004      	movs	r4, r0
100012ce:	2c00      	cmp	r4, #0
100012d0:	d102      	bne.n	100012d8 <add_alarm_under_lock+0x40>
100012d2:	0020      	movs	r0, r4
100012d4:	b003      	add	sp, #12
100012d6:	bdf0      	pop	{r4, r5, r6, r7, pc}
100012d8:	0021      	movs	r1, r4
100012da:	0038      	movs	r0, r7
100012dc:	f7ff fe2a 	bl	10000f34 <get_entry>
100012e0:	9b01      	ldr	r3, [sp, #4]
100012e2:	6003      	str	r3, [r0, #0]
100012e4:	6045      	str	r5, [r0, #4]
100012e6:	9b08      	ldr	r3, [sp, #32]
100012e8:	6083      	str	r3, [r0, #8]
100012ea:	9b09      	ldr	r3, [sp, #36]	@ 0x24
100012ec:	60c3      	str	r3, [r0, #12]
100012ee:	6838      	ldr	r0, [r7, #0]
100012f0:	0021      	movs	r1, r4
100012f2:	f7ff ff11 	bl	10001118 <ph_insert_node>
100012f6:	42a0      	cmp	r0, r4
100012f8:	d1eb      	bne.n	100012d2 <add_alarm_under_lock+0x3a>
100012fa:	7d38      	ldrb	r0, [r7, #20]
100012fc:	9a01      	ldr	r2, [sp, #4]
100012fe:	002b      	movs	r3, r5
10001300:	f000 fbd2 	bl	10001aa8 <hardware_alarm_set_target>
10001304:	1e05      	subs	r5, r0, #0
10001306:	d001      	beq.n	1000130c <add_alarm_under_lock+0x74>
10001308:	2e00      	cmp	r6, #0
1000130a:	d004      	beq.n	10001316 <add_alarm_under_lock+0x7e>
1000130c:	9b0c      	ldr	r3, [sp, #48]	@ 0x30
1000130e:	2b00      	cmp	r3, #0
10001310:	d0df      	beq.n	100012d2 <add_alarm_under_lock+0x3a>
10001312:	701d      	strb	r5, [r3, #0]
10001314:	e7dd      	b.n	100012d2 <add_alarm_under_lock+0x3a>
10001316:	6838      	ldr	r0, [r7, #0]
10001318:	0021      	movs	r1, r4
1000131a:	f000 fd7f 	bl	10001e1c <ph_remove_and_free_node>
1000131e:	e7f5      	b.n	1000130c <add_alarm_under_lock+0x74>
10001320:	10007ef0 	.word	0x10007ef0
10001324:	10008bc8 	.word	0x10008bc8
10001328:	10007dbc 	.word	0x10007dbc

1000132c <alarm_pool_alarm_callback>:
1000132c:	b5f0      	push	{r4, r5, r6, r7, lr}
1000132e:	46de      	mov	lr, fp
10001330:	4657      	mov	r7, sl
10001332:	464e      	mov	r6, r9
10001334:	4645      	mov	r5, r8
10001336:	b5e0      	push	{r5, r6, r7, lr}
10001338:	b08f      	sub	sp, #60	@ 0x3c
1000133a:	2100      	movs	r1, #0
1000133c:	4b79      	ldr	r3, [pc, #484]	@ (10001524 <alarm_pool_alarm_callback+0x1f8>)
1000133e:	0082      	lsls	r2, r0, #2
10001340:	58d6      	ldr	r6, [r2, r3]
10001342:	468a      	mov	sl, r1
10001344:	900b      	str	r0, [sp, #44]	@ 0x2c
10001346:	e083      	b.n	10001450 <alarm_pool_alarm_callback+0x124>
10001348:	0039      	movs	r1, r7
1000134a:	0030      	movs	r0, r6
1000134c:	f7ff fdf2 	bl	10000f34 <get_entry>
10001350:	4681      	mov	r9, r0
10001352:	6802      	ldr	r2, [r0, #0]
10001354:	6843      	ldr	r3, [r0, #4]
10001356:	1b12      	subs	r2, r2, r4
10001358:	41ab      	sbcs	r3, r5
1000135a:	2b00      	cmp	r3, #0
1000135c:	dd09      	ble.n	10001372 <alarm_pool_alarm_callback+0x46>
1000135e:	464b      	mov	r3, r9
10001360:	681a      	ldr	r2, [r3, #0]
10001362:	685b      	ldr	r3, [r3, #4]
10001364:	980b      	ldr	r0, [sp, #44]	@ 0x2c
10001366:	f000 fb9f 	bl	10001aa8 <hardware_alarm_set_target>
1000136a:	2300      	movs	r3, #0
1000136c:	4699      	mov	r9, r3
1000136e:	2400      	movs	r4, #0
10001370:	e08a      	b.n	10001488 <alarm_pool_alarm_callback+0x15c>
10001372:	2b00      	cmp	r3, #0
10001374:	d101      	bne.n	1000137a <alarm_pool_alarm_callback+0x4e>
10001376:	2a00      	cmp	r2, #0
10001378:	d1f1      	bne.n	1000135e <alarm_pool_alarm_callback+0x32>
1000137a:	2100      	movs	r1, #0
1000137c:	4658      	mov	r0, fp
1000137e:	f000 fd43 	bl	10001e08 <ph_remove_head>
10001382:	0005      	movs	r5, r0
10001384:	42b8      	cmp	r0, r7
10001386:	d115      	bne.n	100013b4 <alarm_pool_alarm_callback+0x88>
10001388:	464b      	mov	r3, r9
1000138a:	685c      	ldr	r4, [r3, #4]
1000138c:	681b      	ldr	r3, [r3, #0]
1000138e:	9308      	str	r3, [sp, #32]
10001390:	9409      	str	r4, [sp, #36]	@ 0x24
10001392:	464b      	mov	r3, r9
10001394:	689c      	ldr	r4, [r3, #8]
10001396:	68db      	ldr	r3, [r3, #12]
10001398:	4699      	mov	r9, r3
1000139a:	2c00      	cmp	r4, #0
1000139c:	d010      	beq.n	100013c0 <alarm_pool_alarm_callback+0x94>
1000139e:	0039      	movs	r1, r7
100013a0:	0030      	movs	r0, r6
100013a2:	f7ff ff05 	bl	100011b0 <get_entry_id_high>
100013a6:	7803      	ldrb	r3, [r0, #0]
100013a8:	469a      	mov	sl, r3
100013aa:	021b      	lsls	r3, r3, #8
100013ac:	431d      	orrs	r5, r3
100013ae:	6135      	str	r5, [r6, #16]
100013b0:	2000      	movs	r0, #0
100013b2:	e069      	b.n	10001488 <alarm_pool_alarm_callback+0x15c>
100013b4:	4b5c      	ldr	r3, [pc, #368]	@ (10001528 <alarm_pool_alarm_callback+0x1fc>)
100013b6:	4a5d      	ldr	r2, [pc, #372]	@ (1000152c <alarm_pool_alarm_callback+0x200>)
100013b8:	485d      	ldr	r0, [pc, #372]	@ (10001530 <alarm_pool_alarm_callback+0x204>)
100013ba:	218e      	movs	r1, #142	@ 0x8e
100013bc:	f000 ffba 	bl	10002334 <__assert_func>
100013c0:	4b5c      	ldr	r3, [pc, #368]	@ (10001534 <alarm_pool_alarm_callback+0x208>)
100013c2:	4a5a      	ldr	r2, [pc, #360]	@ (1000152c <alarm_pool_alarm_callback+0x200>)
100013c4:	485a      	ldr	r0, [pc, #360]	@ (10001530 <alarm_pool_alarm_callback+0x204>)
100013c6:	2192      	movs	r1, #146	@ 0x92
100013c8:	f000 ffb4 	bl	10002334 <__assert_func>
100013cc:	6933      	ldr	r3, [r6, #16]
100013ce:	2b00      	cmp	r3, #0
100013d0:	d100      	bne.n	100013d4 <alarm_pool_alarm_callback+0xa8>
100013d2:	e077      	b.n	100014c4 <alarm_pool_alarm_callback+0x198>
100013d4:	42ab      	cmp	r3, r5
100013d6:	d119      	bne.n	1000140c <alarm_pool_alarm_callback+0xe0>
100013d8:	9806      	ldr	r0, [sp, #24]
100013da:	9907      	ldr	r1, [sp, #28]
100013dc:	2300      	movs	r3, #0
100013de:	4242      	negs	r2, r0
100013e0:	418b      	sbcs	r3, r1
100013e2:	9200      	str	r2, [sp, #0]
100013e4:	9301      	str	r3, [sp, #4]
100013e6:	9a08      	ldr	r2, [sp, #32]
100013e8:	9b09      	ldr	r3, [sp, #36]	@ 0x24
100013ea:	a80c      	add	r0, sp, #48	@ 0x30
100013ec:	f7ff fde8 	bl	10000fc0 <delayed_by_us>
100013f0:	9a0c      	ldr	r2, [sp, #48]	@ 0x30
100013f2:	9b0d      	ldr	r3, [sp, #52]	@ 0x34
100013f4:	2100      	movs	r1, #0
100013f6:	9104      	str	r1, [sp, #16]
100013f8:	3101      	adds	r1, #1
100013fa:	9103      	str	r1, [sp, #12]
100013fc:	9702      	str	r7, [sp, #8]
100013fe:	4649      	mov	r1, r9
10001400:	9101      	str	r1, [sp, #4]
10001402:	9400      	str	r4, [sp, #0]
10001404:	0030      	movs	r0, r6
10001406:	f7ff ff47 	bl	10001298 <add_alarm_under_lock>
1000140a:	e016      	b.n	1000143a <alarm_pool_alarm_callback+0x10e>
1000140c:	4b4a      	ldr	r3, [pc, #296]	@ (10001538 <alarm_pool_alarm_callback+0x20c>)
1000140e:	4a47      	ldr	r2, [pc, #284]	@ (1000152c <alarm_pool_alarm_callback+0x200>)
10001410:	4847      	ldr	r0, [pc, #284]	@ (10001530 <alarm_pool_alarm_callback+0x204>)
10001412:	21a1      	movs	r1, #161	@ 0xa1
10001414:	f000 ff8e 	bl	10002334 <__assert_func>
10001418:	9a06      	ldr	r2, [sp, #24]
1000141a:	9b07      	ldr	r3, [sp, #28]
1000141c:	2b00      	cmp	r3, #0
1000141e:	d101      	bne.n	10001424 <alarm_pool_alarm_callback+0xf8>
10001420:	2a00      	cmp	r2, #0
10001422:	d152      	bne.n	100014ca <alarm_pool_alarm_callback+0x19e>
10001424:	6830      	ldr	r0, [r6, #0]
10001426:	0039      	movs	r1, r7
10001428:	f7ff fe94 	bl	10001154 <ph_free_node>
1000142c:	0039      	movs	r1, r7
1000142e:	0030      	movs	r0, r6
10001430:	f7ff febe 	bl	100011b0 <get_entry_id_high>
10001434:	7803      	ldrb	r3, [r0, #0]
10001436:	3301      	adds	r3, #1
10001438:	7003      	strb	r3, [r0, #0]
1000143a:	2300      	movs	r3, #0
1000143c:	6133      	str	r3, [r6, #16]
1000143e:	6872      	ldr	r2, [r6, #4]
10001440:	f3bf 8f5f 	dmb	sy
10001444:	6013      	str	r3, [r2, #0]
10001446:	f388 8810 	msr	PRIMASK, r8
1000144a:	2001      	movs	r0, #1
1000144c:	2800      	cmp	r0, #0
1000144e:	d062      	beq.n	10001516 <alarm_pool_alarm_callback+0x1ea>
10001450:	a80c      	add	r0, sp, #48	@ 0x30
10001452:	f7ff fefd 	bl	10001250 <get_absolute_time>
10001456:	9c0c      	ldr	r4, [sp, #48]	@ 0x30
10001458:	9d0d      	ldr	r5, [sp, #52]	@ 0x34
1000145a:	2200      	movs	r2, #0
1000145c:	2300      	movs	r3, #0
1000145e:	9208      	str	r2, [sp, #32]
10001460:	9309      	str	r3, [sp, #36]	@ 0x24
10001462:	6872      	ldr	r2, [r6, #4]
10001464:	f3ef 8810 	mrs	r8, PRIMASK
10001468:	b672      	cpsid	i
1000146a:	6813      	ldr	r3, [r2, #0]
1000146c:	2b00      	cmp	r3, #0
1000146e:	d0fc      	beq.n	1000146a <alarm_pool_alarm_callback+0x13e>
10001470:	f3bf 8f5f 	dmb	sy
10001474:	6833      	ldr	r3, [r6, #0]
10001476:	469b      	mov	fp, r3
10001478:	7b5f      	ldrb	r7, [r3, #13]
1000147a:	2f00      	cmp	r7, #0
1000147c:	d000      	beq.n	10001480 <alarm_pool_alarm_callback+0x154>
1000147e:	e763      	b.n	10001348 <alarm_pool_alarm_callback+0x1c>
10001480:	2300      	movs	r3, #0
10001482:	4699      	mov	r9, r3
10001484:	2400      	movs	r4, #0
10001486:	2000      	movs	r0, #0
10001488:	6873      	ldr	r3, [r6, #4]
1000148a:	f3bf 8f5f 	dmb	sy
1000148e:	2200      	movs	r2, #0
10001490:	601a      	str	r2, [r3, #0]
10001492:	f388 8810 	msr	PRIMASK, r8
10001496:	2c00      	cmp	r4, #0
10001498:	d0d8      	beq.n	1000144c <alarm_pool_alarm_callback+0x120>
1000149a:	4653      	mov	r3, sl
1000149c:	021d      	lsls	r5, r3, #8
1000149e:	433d      	orrs	r5, r7
100014a0:	4649      	mov	r1, r9
100014a2:	0028      	movs	r0, r5
100014a4:	47a0      	blx	r4
100014a6:	9006      	str	r0, [sp, #24]
100014a8:	9107      	str	r1, [sp, #28]
100014aa:	6872      	ldr	r2, [r6, #4]
100014ac:	f3ef 8810 	mrs	r8, PRIMASK
100014b0:	b672      	cpsid	i
100014b2:	6813      	ldr	r3, [r2, #0]
100014b4:	2b00      	cmp	r3, #0
100014b6:	d0fc      	beq.n	100014b2 <alarm_pool_alarm_callback+0x186>
100014b8:	f3bf 8f5f 	dmb	sy
100014bc:	9b07      	ldr	r3, [sp, #28]
100014be:	2b00      	cmp	r3, #0
100014c0:	da00      	bge.n	100014c4 <alarm_pool_alarm_callback+0x198>
100014c2:	e783      	b.n	100013cc <alarm_pool_alarm_callback+0xa0>
100014c4:	9b07      	ldr	r3, [sp, #28]
100014c6:	2b00      	cmp	r3, #0
100014c8:	dda6      	ble.n	10001418 <alarm_pool_alarm_callback+0xec>
100014ca:	6933      	ldr	r3, [r6, #16]
100014cc:	2b00      	cmp	r3, #0
100014ce:	d0a9      	beq.n	10001424 <alarm_pool_alarm_callback+0xf8>
100014d0:	42ab      	cmp	r3, r5
100014d2:	d11a      	bne.n	1000150a <alarm_pool_alarm_callback+0x1de>
100014d4:	ad0c      	add	r5, sp, #48	@ 0x30
100014d6:	0028      	movs	r0, r5
100014d8:	f7ff feba 	bl	10001250 <get_absolute_time>
100014dc:	9a0c      	ldr	r2, [sp, #48]	@ 0x30
100014de:	9b0d      	ldr	r3, [sp, #52]	@ 0x34
100014e0:	9806      	ldr	r0, [sp, #24]
100014e2:	9907      	ldr	r1, [sp, #28]
100014e4:	9000      	str	r0, [sp, #0]
100014e6:	9101      	str	r1, [sp, #4]
100014e8:	0028      	movs	r0, r5
100014ea:	f7ff fd69 	bl	10000fc0 <delayed_by_us>
100014ee:	9a0c      	ldr	r2, [sp, #48]	@ 0x30
100014f0:	9b0d      	ldr	r3, [sp, #52]	@ 0x34
100014f2:	2100      	movs	r1, #0
100014f4:	9104      	str	r1, [sp, #16]
100014f6:	3101      	adds	r1, #1
100014f8:	9103      	str	r1, [sp, #12]
100014fa:	9702      	str	r7, [sp, #8]
100014fc:	4649      	mov	r1, r9
100014fe:	9101      	str	r1, [sp, #4]
10001500:	9400      	str	r4, [sp, #0]
10001502:	0030      	movs	r0, r6
10001504:	f7ff fec8 	bl	10001298 <add_alarm_under_lock>
10001508:	e797      	b.n	1000143a <alarm_pool_alarm_callback+0x10e>
1000150a:	4b0b      	ldr	r3, [pc, #44]	@ (10001538 <alarm_pool_alarm_callback+0x20c>)
1000150c:	4a07      	ldr	r2, [pc, #28]	@ (1000152c <alarm_pool_alarm_callback+0x200>)
1000150e:	4808      	ldr	r0, [pc, #32]	@ (10001530 <alarm_pool_alarm_callback+0x204>)
10001510:	21a4      	movs	r1, #164	@ 0xa4
10001512:	f000 ff0f 	bl	10002334 <__assert_func>
10001516:	b00f      	add	sp, #60	@ 0x3c
10001518:	bcf0      	pop	{r4, r5, r6, r7}
1000151a:	46bb      	mov	fp, r7
1000151c:	46b2      	mov	sl, r6
1000151e:	46a9      	mov	r9, r5
10001520:	46a0      	mov	r8, r4
10001522:	bdf0      	pop	{r4, r5, r6, r7, pc}
10001524:	20001e10 	.word	0x20001e10
10001528:	10007f18 	.word	0x10007f18
1000152c:	10008bf8 	.word	0x10008bf8
10001530:	10007dbc 	.word	0x10007dbc
10001534:	10007f30 	.word	0x10007f30
10001538:	10007f3c 	.word	0x10007f3c

1000153c <alarm_pool_init_default>:
1000153c:	b510      	push	{r4, lr}
1000153e:	4b0c      	ldr	r3, [pc, #48]	@ (10001570 <alarm_pool_init_default+0x34>)
10001540:	685b      	ldr	r3, [r3, #4]
10001542:	2b00      	cmp	r3, #0
10001544:	d004      	beq.n	10001550 <alarm_pool_init_default+0x14>
10001546:	480b      	ldr	r0, [pc, #44]	@ (10001574 <alarm_pool_init_default+0x38>)
10001548:	210a      	movs	r1, #10
1000154a:	f7ff fc51 	bl	10000df0 <lock_init>
1000154e:	bd10      	pop	{r4, pc}
10001550:	4c07      	ldr	r4, [pc, #28]	@ (10001570 <alarm_pool_init_default+0x34>)
10001552:	4a09      	ldr	r2, [pc, #36]	@ (10001578 <alarm_pool_init_default+0x3c>)
10001554:	6820      	ldr	r0, [r4, #0]
10001556:	0023      	movs	r3, r4
10001558:	2110      	movs	r1, #16
1000155a:	f000 fbc0 	bl	10001cde <ph_post_alloc_init>
1000155e:	2003      	movs	r0, #3
10001560:	f000 fa10 	bl	10001984 <hardware_alarm_claim>
10001564:	2103      	movs	r1, #3
10001566:	0020      	movs	r0, r4
10001568:	f7ff fe3a 	bl	100011e0 <alarm_pool_post_alloc_init>
1000156c:	e7eb      	b.n	10001546 <alarm_pool_init_default+0xa>
1000156e:	46c0      	nop			@ (mov r8, r8)
10001570:	20000b4c 	.word	0x20000b4c
10001574:	20002030 	.word	0x20002030
10001578:	10000f6d 	.word	0x10000f6d

1000157c <alarm_pool_get_default>:
1000157c:	b510      	push	{r4, lr}
1000157e:	4b06      	ldr	r3, [pc, #24]	@ (10001598 <alarm_pool_get_default+0x1c>)
10001580:	685b      	ldr	r3, [r3, #4]
10001582:	2b00      	cmp	r3, #0
10001584:	d001      	beq.n	1000158a <alarm_pool_get_default+0xe>
10001586:	4804      	ldr	r0, [pc, #16]	@ (10001598 <alarm_pool_get_default+0x1c>)
10001588:	bd10      	pop	{r4, pc}
1000158a:	4b04      	ldr	r3, [pc, #16]	@ (1000159c <alarm_pool_get_default+0x20>)
1000158c:	4a04      	ldr	r2, [pc, #16]	@ (100015a0 <alarm_pool_get_default+0x24>)
1000158e:	4805      	ldr	r0, [pc, #20]	@ (100015a4 <alarm_pool_get_default+0x28>)
10001590:	215e      	movs	r1, #94	@ 0x5e
10001592:	f000 fecf 	bl	10002334 <__assert_func>
10001596:	46c0      	nop			@ (mov r8, r8)
10001598:	20000b4c 	.word	0x20000b4c
1000159c:	10007f78 	.word	0x10007f78
100015a0:	10008b5c 	.word	0x10008b5c
100015a4:	10007dbc 	.word	0x10007dbc

100015a8 <alarm_pool_add_alarm_at>:
100015a8:	b5f0      	push	{r4, r5, r6, r7, lr}
100015aa:	46de      	mov	lr, fp
100015ac:	4657      	mov	r7, sl
100015ae:	464e      	mov	r6, r9
100015b0:	4645      	mov	r5, r8
100015b2:	b5e0      	push	{r5, r6, r7, lr}
100015b4:	b08f      	sub	sp, #60	@ 0x3c
100015b6:	0005      	movs	r5, r0
100015b8:	4690      	mov	r8, r2
100015ba:	9307      	str	r3, [sp, #28]
100015bc:	9b18      	ldr	r3, [sp, #96]	@ 0x60
100015be:	469a      	mov	sl, r3
100015c0:	9b19      	ldr	r3, [sp, #100]	@ 0x64
100015c2:	4699      	mov	r9, r3
100015c4:	ab1a      	add	r3, sp, #104	@ 0x68
100015c6:	781b      	ldrb	r3, [r3, #0]
100015c8:	9309      	str	r3, [sp, #36]	@ 0x24
100015ca:	2327      	movs	r3, #39	@ 0x27
100015cc:	aa04      	add	r2, sp, #16
100015ce:	4694      	mov	ip, r2
100015d0:	4463      	add	r3, ip
100015d2:	2200      	movs	r2, #0
100015d4:	701a      	strb	r2, [r3, #0]
100015d6:	46cb      	mov	fp, r9
100015d8:	e023      	b.n	10001622 <alarm_pool_add_alarm_at+0x7a>
100015da:	0001      	movs	r1, r0
100015dc:	0028      	movs	r0, r5
100015de:	f7ff fde7 	bl	100011b0 <get_entry_id_high>
100015e2:	7800      	ldrb	r0, [r0, #0]
100015e4:	e03f      	b.n	10001666 <alarm_pool_add_alarm_at+0xbe>
100015e6:	9808      	ldr	r0, [sp, #32]
100015e8:	2b00      	cmp	r3, #0
100015ea:	d062      	beq.n	100016b2 <alarm_pool_add_alarm_at+0x10a>
100015ec:	9b09      	ldr	r3, [sp, #36]	@ 0x24
100015ee:	2b00      	cmp	r3, #0
100015f0:	d05f      	beq.n	100016b2 <alarm_pool_add_alarm_at+0x10a>
100015f2:	4659      	mov	r1, fp
100015f4:	47d0      	blx	sl
100015f6:	0006      	movs	r6, r0
100015f8:	000f      	movs	r7, r1
100015fa:	0003      	movs	r3, r0
100015fc:	430b      	orrs	r3, r1
100015fe:	d05f      	beq.n	100016c0 <alarm_pool_add_alarm_at+0x118>
10001600:	2900      	cmp	r1, #0
10001602:	db45      	blt.n	10001690 <alarm_pool_add_alarm_at+0xe8>
10001604:	ac0a      	add	r4, sp, #40	@ 0x28
10001606:	0020      	movs	r0, r4
10001608:	f7ff fe22 	bl	10001250 <get_absolute_time>
1000160c:	9a0a      	ldr	r2, [sp, #40]	@ 0x28
1000160e:	9b0b      	ldr	r3, [sp, #44]	@ 0x2c
10001610:	9600      	str	r6, [sp, #0]
10001612:	9701      	str	r7, [sp, #4]
10001614:	0020      	movs	r0, r4
10001616:	f7ff fcd3 	bl	10000fc0 <delayed_by_us>
1000161a:	9b0a      	ldr	r3, [sp, #40]	@ 0x28
1000161c:	4698      	mov	r8, r3
1000161e:	9b0b      	ldr	r3, [sp, #44]	@ 0x2c
10001620:	9307      	str	r3, [sp, #28]
10001622:	686a      	ldr	r2, [r5, #4]
10001624:	f3ef 8910 	mrs	r9, PRIMASK
10001628:	b672      	cpsid	i
1000162a:	6813      	ldr	r3, [r2, #0]
1000162c:	4259      	negs	r1, r3
1000162e:	414b      	adcs	r3, r1
10001630:	b2d9      	uxtb	r1, r3
10001632:	9108      	str	r1, [sp, #32]
10001634:	2b00      	cmp	r3, #0
10001636:	d1f8      	bne.n	1000162a <alarm_pool_add_alarm_at+0x82>
10001638:	f3bf 8f5f 	dmb	sy
1000163c:	3327      	adds	r3, #39	@ 0x27
1000163e:	aa04      	add	r2, sp, #16
10001640:	4694      	mov	ip, r2
10001642:	4463      	add	r3, ip
10001644:	9304      	str	r3, [sp, #16]
10001646:	2300      	movs	r3, #0
10001648:	9303      	str	r3, [sp, #12]
1000164a:	9302      	str	r3, [sp, #8]
1000164c:	465b      	mov	r3, fp
1000164e:	9301      	str	r3, [sp, #4]
10001650:	4653      	mov	r3, sl
10001652:	9300      	str	r3, [sp, #0]
10001654:	4642      	mov	r2, r8
10001656:	9b07      	ldr	r3, [sp, #28]
10001658:	0028      	movs	r0, r5
1000165a:	f7ff fe1d 	bl	10001298 <add_alarm_under_lock>
1000165e:	9006      	str	r0, [sp, #24]
10001660:	1e04      	subs	r4, r0, #0
10001662:	d1ba      	bne.n	100015da <alarm_pool_add_alarm_at+0x32>
10001664:	9806      	ldr	r0, [sp, #24]
10001666:	686b      	ldr	r3, [r5, #4]
10001668:	f3bf 8f5f 	dmb	sy
1000166c:	2100      	movs	r1, #0
1000166e:	6019      	str	r1, [r3, #0]
10001670:	f389 8810 	msr	PRIMASK, r9
10001674:	2c00      	cmp	r4, #0
10001676:	d01a      	beq.n	100016ae <alarm_pool_add_alarm_at+0x106>
10001678:	2327      	movs	r3, #39	@ 0x27
1000167a:	aa04      	add	r2, sp, #16
1000167c:	4694      	mov	ip, r2
1000167e:	4463      	add	r3, ip
10001680:	781b      	ldrb	r3, [r3, #0]
10001682:	2b00      	cmp	r3, #0
10001684:	d1af      	bne.n	100015e6 <alarm_pool_add_alarm_at+0x3e>
10001686:	0200      	lsls	r0, r0, #8
10001688:	9a06      	ldr	r2, [sp, #24]
1000168a:	4302      	orrs	r2, r0
1000168c:	0010      	movs	r0, r2
1000168e:	e7ab      	b.n	100015e8 <alarm_pool_add_alarm_at+0x40>
10001690:	2300      	movs	r3, #0
10001692:	4272      	negs	r2, r6
10001694:	41bb      	sbcs	r3, r7
10001696:	9200      	str	r2, [sp, #0]
10001698:	9301      	str	r3, [sp, #4]
1000169a:	4642      	mov	r2, r8
1000169c:	9b07      	ldr	r3, [sp, #28]
1000169e:	a80a      	add	r0, sp, #40	@ 0x28
100016a0:	f7ff fc8e 	bl	10000fc0 <delayed_by_us>
100016a4:	9b0a      	ldr	r3, [sp, #40]	@ 0x28
100016a6:	4698      	mov	r8, r3
100016a8:	9b0b      	ldr	r3, [sp, #44]	@ 0x2c
100016aa:	9307      	str	r3, [sp, #28]
100016ac:	e7b9      	b.n	10001622 <alarm_pool_add_alarm_at+0x7a>
100016ae:	2001      	movs	r0, #1
100016b0:	4240      	negs	r0, r0
100016b2:	b00f      	add	sp, #60	@ 0x3c
100016b4:	bcf0      	pop	{r4, r5, r6, r7}
100016b6:	46bb      	mov	fp, r7
100016b8:	46b2      	mov	sl, r6
100016ba:	46a9      	mov	r9, r5
100016bc:	46a0      	mov	r8, r4
100016be:	bdf0      	pop	{r4, r5, r6, r7, pc}
100016c0:	9808      	ldr	r0, [sp, #32]
100016c2:	e7f6      	b.n	100016b2 <alarm_pool_add_alarm_at+0x10a>

100016c4 <add_alarm_at>:
100016c4:	b5f0      	push	{r4, r5, r6, r7, lr}
100016c6:	46c6      	mov	lr, r8
100016c8:	b500      	push	{lr}
100016ca:	b084      	sub	sp, #16
100016cc:	0005      	movs	r5, r0
100016ce:	4688      	mov	r8, r1
100016d0:	0016      	movs	r6, r2
100016d2:	001f      	movs	r7, r3
100016d4:	ab0a      	add	r3, sp, #40	@ 0x28
100016d6:	781c      	ldrb	r4, [r3, #0]
100016d8:	f7ff ff50 	bl	1000157c <alarm_pool_get_default>
100016dc:	9402      	str	r4, [sp, #8]
100016de:	9701      	str	r7, [sp, #4]
100016e0:	9600      	str	r6, [sp, #0]
100016e2:	002a      	movs	r2, r5
100016e4:	4643      	mov	r3, r8
100016e6:	f7ff ff5f 	bl	100015a8 <alarm_pool_add_alarm_at>
100016ea:	b004      	add	sp, #16
100016ec:	bc80      	pop	{r7}
100016ee:	46b8      	mov	r8, r7
100016f0:	bdf0      	pop	{r4, r5, r6, r7, pc}
	...

100016f4 <alarm_pool_cancel_alarm>:
100016f4:	b5f0      	push	{r4, r5, r6, r7, lr}
100016f6:	46c6      	mov	lr, r8
100016f8:	b500      	push	{lr}
100016fa:	0005      	movs	r5, r0
100016fc:	1e0c      	subs	r4, r1, #0
100016fe:	d042      	beq.n	10001786 <alarm_pool_cancel_alarm+0x92>
10001700:	6842      	ldr	r2, [r0, #4]
10001702:	f3ef 8710 	mrs	r7, PRIMASK
10001706:	b672      	cpsid	i
10001708:	6813      	ldr	r3, [r2, #0]
1000170a:	2b00      	cmp	r3, #0
1000170c:	d0fc      	beq.n	10001708 <alarm_pool_cancel_alarm+0x14>
1000170e:	f3bf 8f5f 	dmb	sy
10001712:	b2e6      	uxtb	r6, r4
10001714:	682b      	ldr	r3, [r5, #0]
10001716:	4698      	mov	r8, r3
10001718:	0031      	movs	r1, r6
1000171a:	0018      	movs	r0, r3
1000171c:	f7ff fc82 	bl	10001024 <ph_contains_node>
10001720:	2800      	cmp	r0, #0
10001722:	d02a      	beq.n	1000177a <alarm_pool_cancel_alarm+0x86>
10001724:	692b      	ldr	r3, [r5, #16]
10001726:	42a3      	cmp	r3, r4
10001728:	d013      	beq.n	10001752 <alarm_pool_cancel_alarm+0x5e>
1000172a:	0a24      	lsrs	r4, r4, #8
1000172c:	b2e4      	uxtb	r4, r4
1000172e:	0031      	movs	r1, r6
10001730:	0028      	movs	r0, r5
10001732:	f7ff fd3d 	bl	100011b0 <get_entry_id_high>
10001736:	7803      	ldrb	r3, [r0, #0]
10001738:	42a3      	cmp	r3, r4
1000173a:	d011      	beq.n	10001760 <alarm_pool_cancel_alarm+0x6c>
1000173c:	2000      	movs	r0, #0
1000173e:	686b      	ldr	r3, [r5, #4]
10001740:	f3bf 8f5f 	dmb	sy
10001744:	2200      	movs	r2, #0
10001746:	601a      	str	r2, [r3, #0]
10001748:	f387 8810 	msr	PRIMASK, r7
1000174c:	bc80      	pop	{r7}
1000174e:	46b8      	mov	r8, r7
10001750:	bdf0      	pop	{r4, r5, r6, r7, pc}
10001752:	4b0e      	ldr	r3, [pc, #56]	@ (1000178c <alarm_pool_cancel_alarm+0x98>)
10001754:	4a0e      	ldr	r2, [pc, #56]	@ (10001790 <alarm_pool_cancel_alarm+0x9c>)
10001756:	212c      	movs	r1, #44	@ 0x2c
10001758:	480e      	ldr	r0, [pc, #56]	@ (10001794 <alarm_pool_cancel_alarm+0xa0>)
1000175a:	31ff      	adds	r1, #255	@ 0xff
1000175c:	f000 fdea 	bl	10002334 <__assert_func>
10001760:	0031      	movs	r1, r6
10001762:	4640      	mov	r0, r8
10001764:	f000 fb5a 	bl	10001e1c <ph_remove_and_free_node>
10001768:	2800      	cmp	r0, #0
1000176a:	d1e8      	bne.n	1000173e <alarm_pool_cancel_alarm+0x4a>
1000176c:	4b0a      	ldr	r3, [pc, #40]	@ (10001798 <alarm_pool_cancel_alarm+0xa4>)
1000176e:	4a08      	ldr	r2, [pc, #32]	@ (10001790 <alarm_pool_cancel_alarm+0x9c>)
10001770:	2199      	movs	r1, #153	@ 0x99
10001772:	4808      	ldr	r0, [pc, #32]	@ (10001794 <alarm_pool_cancel_alarm+0xa0>)
10001774:	0049      	lsls	r1, r1, #1
10001776:	f000 fddd 	bl	10002334 <__assert_func>
1000177a:	692b      	ldr	r3, [r5, #16]
1000177c:	42a3      	cmp	r3, r4
1000177e:	d1de      	bne.n	1000173e <alarm_pool_cancel_alarm+0x4a>
10001780:	2300      	movs	r3, #0
10001782:	612b      	str	r3, [r5, #16]
10001784:	e7db      	b.n	1000173e <alarm_pool_cancel_alarm+0x4a>
10001786:	2000      	movs	r0, #0
10001788:	e7e0      	b.n	1000174c <alarm_pool_cancel_alarm+0x58>
1000178a:	46c0      	nop			@ (mov r8, r8)
1000178c:	10007f9c 	.word	0x10007f9c
10001790:	10008b44 	.word	0x10008b44
10001794:	10007dbc 	.word	0x10007dbc
10001798:	10007fc0 	.word	0x10007fc0

1000179c <cancel_alarm>:
1000179c:	b510      	push	{r4, lr}
1000179e:	0004      	movs	r4, r0
100017a0:	f7ff feec 	bl	1000157c <alarm_pool_get_default>
100017a4:	0021      	movs	r1, r4
100017a6:	f7ff ffa5 	bl	100016f4 <alarm_pool_cancel_alarm>
100017aa:	bd10      	pop	{r4, pc}

100017ac <alarm_pool_core_num>:
100017ac:	7d40      	ldrb	r0, [r0, #21]
100017ae:	4770      	bx	lr

100017b0 <sleep_until>:
100017b0:	b530      	push	{r4, r5, lr}
100017b2:	b087      	sub	sp, #28
100017b4:	0004      	movs	r4, r0
100017b6:	000d      	movs	r5, r1
100017b8:	f3ef 8305 	mrs	r3, IPSR
100017bc:	2b00      	cmp	r3, #0
100017be:	d120      	bne.n	10001802 <sleep_until+0x52>
100017c0:	2206      	movs	r2, #6
100017c2:	4252      	negs	r2, r2
100017c4:	17d3      	asrs	r3, r2, #31
100017c6:	1912      	adds	r2, r2, r4
100017c8:	416b      	adcs	r3, r5
100017ca:	428b      	cmp	r3, r1
100017cc:	d802      	bhi.n	100017d4 <sleep_until+0x24>
100017ce:	d103      	bne.n	100017d8 <sleep_until+0x28>
100017d0:	4282      	cmp	r2, r0
100017d2:	d901      	bls.n	100017d8 <sleep_until+0x28>
100017d4:	2200      	movs	r2, #0
100017d6:	2300      	movs	r3, #0
100017d8:	a804      	add	r0, sp, #16
100017da:	f7ff fbdf 	bl	10000f9c <update_us_since_boot>
100017de:	a802      	add	r0, sp, #8
100017e0:	f7ff fd36 	bl	10001250 <get_absolute_time>
100017e4:	9802      	ldr	r0, [sp, #8]
100017e6:	9903      	ldr	r1, [sp, #12]
100017e8:	9a04      	ldr	r2, [sp, #16]
100017ea:	9b05      	ldr	r3, [sp, #20]
100017ec:	1a12      	subs	r2, r2, r0
100017ee:	418b      	sbcs	r3, r1
100017f0:	2b00      	cmp	r3, #0
100017f2:	dc0b      	bgt.n	1000180c <sleep_until+0x5c>
100017f4:	d008      	beq.n	10001808 <sleep_until+0x58>
100017f6:	0020      	movs	r0, r4
100017f8:	0029      	movs	r1, r5
100017fa:	f000 f8db 	bl	100019b4 <busy_wait_until>
100017fe:	b007      	add	sp, #28
10001800:	bd30      	pop	{r4, r5, pc}
10001802:	4814      	ldr	r0, [pc, #80]	@ (10001854 <sleep_until+0xa4>)
10001804:	f000 fe2e 	bl	10002464 <panic>
10001808:	2a00      	cmp	r2, #0
1000180a:	d0f4      	beq.n	100017f6 <sleep_until+0x46>
1000180c:	4a12      	ldr	r2, [pc, #72]	@ (10001858 <sleep_until+0xa8>)
1000180e:	9804      	ldr	r0, [sp, #16]
10001810:	9905      	ldr	r1, [sp, #20]
10001812:	2300      	movs	r3, #0
10001814:	9300      	str	r3, [sp, #0]
10001816:	f7ff ff55 	bl	100016c4 <add_alarm_at>
1000181a:	2800      	cmp	r0, #0
1000181c:	da13      	bge.n	10001846 <sleep_until+0x96>
1000181e:	e7ea      	b.n	100017f6 <sleep_until+0x46>
10001820:	4b0e      	ldr	r3, [pc, #56]	@ (1000185c <sleep_until+0xac>)
10001822:	681a      	ldr	r2, [r3, #0]
10001824:	f3ef 8110 	mrs	r1, PRIMASK
10001828:	b672      	cpsid	i
1000182a:	6813      	ldr	r3, [r2, #0]
1000182c:	2b00      	cmp	r3, #0
1000182e:	d0fc      	beq.n	1000182a <sleep_until+0x7a>
10001830:	f3bf 8f5f 	dmb	sy
10001834:	4b09      	ldr	r3, [pc, #36]	@ (1000185c <sleep_until+0xac>)
10001836:	681b      	ldr	r3, [r3, #0]
10001838:	f3bf 8f5f 	dmb	sy
1000183c:	2200      	movs	r2, #0
1000183e:	601a      	str	r2, [r3, #0]
10001840:	f381 8810 	msr	PRIMASK, r1
10001844:	bf20      	wfe
10001846:	9804      	ldr	r0, [sp, #16]
10001848:	9905      	ldr	r1, [sp, #20]
1000184a:	f7ff fb5f 	bl	10000f0c <time_reached>
1000184e:	2800      	cmp	r0, #0
10001850:	d0e6      	beq.n	10001820 <sleep_until+0x70>
10001852:	e7d0      	b.n	100017f6 <sleep_until+0x46>
10001854:	10007fc4 	.word	0x10007fc4
10001858:	10001221 	.word	0x10001221
1000185c:	20002030 	.word	0x20002030

10001860 <sleep_us>:
10001860:	b500      	push	{lr}
10001862:	b083      	sub	sp, #12
10001864:	0002      	movs	r2, r0
10001866:	000b      	movs	r3, r1
10001868:	4668      	mov	r0, sp
1000186a:	f7ff fd02 	bl	10001272 <make_timeout_time_us>
1000186e:	9800      	ldr	r0, [sp, #0]
10001870:	9901      	ldr	r1, [sp, #4]
10001872:	f7ff ff9d 	bl	100017b0 <sleep_until>
10001876:	b003      	add	sp, #12
10001878:	bd00      	pop	{pc}

1000187a <sleep_ms>:
1000187a:	b510      	push	{r4, lr}
1000187c:	22fa      	movs	r2, #250	@ 0xfa
1000187e:	0092      	lsls	r2, r2, #2
10001880:	2300      	movs	r3, #0
10001882:	2100      	movs	r1, #0
10001884:	f002 fd98 	bl	100043b8 <__wrap___aeabi_lmul>
10001888:	f7ff ffea 	bl	10001860 <sleep_us>
1000188c:	bd10      	pop	{r4, pc}
	...

10001890 <best_effort_wfe_or_timeout>:
10001890:	b530      	push	{r4, r5, lr}
10001892:	b083      	sub	sp, #12
10001894:	0005      	movs	r5, r0
10001896:	000c      	movs	r4, r1
10001898:	f3ef 8305 	mrs	r3, IPSR
1000189c:	2b00      	cmp	r3, #0
1000189e:	d10f      	bne.n	100018c0 <best_effort_wfe_or_timeout+0x30>
100018a0:	4a0b      	ldr	r2, [pc, #44]	@ (100018d0 <best_effort_wfe_or_timeout+0x40>)
100018a2:	2300      	movs	r3, #0
100018a4:	9300      	str	r3, [sp, #0]
100018a6:	f7ff ff0d 	bl	100016c4 <add_alarm_at>
100018aa:	2800      	cmp	r0, #0
100018ac:	dd0b      	ble.n	100018c6 <best_effort_wfe_or_timeout+0x36>
100018ae:	bf20      	wfe
100018b0:	f7ff ff74 	bl	1000179c <cancel_alarm>
100018b4:	0028      	movs	r0, r5
100018b6:	0021      	movs	r1, r4
100018b8:	f7ff fb28 	bl	10000f0c <time_reached>
100018bc:	b003      	add	sp, #12
100018be:	bd30      	pop	{r4, r5, pc}
100018c0:	f7ff fb24 	bl	10000f0c <time_reached>
100018c4:	e7fa      	b.n	100018bc <best_effort_wfe_or_timeout+0x2c>
100018c6:	0028      	movs	r0, r5
100018c8:	0021      	movs	r1, r4
100018ca:	f7ff fb1f 	bl	10000f0c <time_reached>
100018ce:	e7f5      	b.n	100018bc <best_effort_wfe_or_timeout+0x2c>
100018d0:	10001221 	.word	0x10001221

100018d4 <update_us_since_boot>:
100018d4:	b510      	push	{r4, lr}
100018d6:	2b00      	cmp	r3, #0
100018d8:	db02      	blt.n	100018e0 <update_us_since_boot+0xc>
100018da:	6002      	str	r2, [r0, #0]
100018dc:	6043      	str	r3, [r0, #4]
100018de:	bd10      	pop	{r4, pc}
100018e0:	4b02      	ldr	r3, [pc, #8]	@ (100018ec <update_us_since_boot+0x18>)
100018e2:	4a03      	ldr	r2, [pc, #12]	@ (100018f0 <update_us_since_boot+0x1c>)
100018e4:	4803      	ldr	r0, [pc, #12]	@ (100018f4 <update_us_since_boot+0x20>)
100018e6:	213f      	movs	r1, #63	@ 0x3f
100018e8:	f000 fd24 	bl	10002334 <__assert_func>
100018ec:	10007a20 	.word	0x10007a20
100018f0:	10008c44 	.word	0x10008c44
100018f4:	10007a3c 	.word	0x10007a3c

100018f8 <hardware_alarm_irq_handler>:
100018f8:	b570      	push	{r4, r5, r6, lr}
100018fa:	f3ef 8005 	mrs	r0, IPSR
100018fe:	3810      	subs	r0, #16
10001900:	f3ef 8c10 	mrs	ip, PRIMASK
10001904:	b672      	cpsid	i
10001906:	4b19      	ldr	r3, [pc, #100]	@ (1000196c <hardware_alarm_irq_handler+0x74>)
10001908:	681b      	ldr	r3, [r3, #0]
1000190a:	2b00      	cmp	r3, #0
1000190c:	d0fb      	beq.n	10001906 <hardware_alarm_irq_handler+0xe>
1000190e:	f3bf 8f5f 	dmb	sy
10001912:	2201      	movs	r2, #1
10001914:	0013      	movs	r3, r2
10001916:	4083      	lsls	r3, r0
10001918:	4915      	ldr	r1, [pc, #84]	@ (10001970 <hardware_alarm_irq_handler+0x78>)
1000191a:	634b      	str	r3, [r1, #52]	@ 0x34
1000191c:	4915      	ldr	r1, [pc, #84]	@ (10001974 <hardware_alarm_irq_handler+0x7c>)
1000191e:	600b      	str	r3, [r1, #0]
10001920:	4915      	ldr	r1, [pc, #84]	@ (10001978 <hardware_alarm_irq_handler+0x80>)
10001922:	7809      	ldrb	r1, [r1, #0]
10001924:	000c      	movs	r4, r1
10001926:	40c4      	lsrs	r4, r0
10001928:	4222      	tst	r2, r4
1000192a:	d013      	beq.n	10001954 <hardware_alarm_irq_handler+0x5c>
1000192c:	4a10      	ldr	r2, [pc, #64]	@ (10001970 <hardware_alarm_irq_handler+0x78>)
1000192e:	6a54      	ldr	r4, [r2, #36]	@ 0x24
10001930:	4a12      	ldr	r2, [pc, #72]	@ (1000197c <hardware_alarm_irq_handler+0x84>)
10001932:	0085      	lsls	r5, r0, #2
10001934:	58aa      	ldr	r2, [r5, r2]
10001936:	4294      	cmp	r4, r2
10001938:	d305      	bcc.n	10001946 <hardware_alarm_irq_handler+0x4e>
1000193a:	4a11      	ldr	r2, [pc, #68]	@ (10001980 <hardware_alarm_irq_handler+0x88>)
1000193c:	58aa      	ldr	r2, [r5, r2]
1000193e:	4c0e      	ldr	r4, [pc, #56]	@ (10001978 <hardware_alarm_irq_handler+0x80>)
10001940:	4399      	bics	r1, r3
10001942:	7021      	strb	r1, [r4, #0]
10001944:	e007      	b.n	10001956 <hardware_alarm_irq_handler+0x5e>
10001946:	4a0a      	ldr	r2, [pc, #40]	@ (10001970 <hardware_alarm_irq_handler+0x78>)
10001948:	1d03      	adds	r3, r0, #4
1000194a:	009b      	lsls	r3, r3, #2
1000194c:	5899      	ldr	r1, [r3, r2]
1000194e:	5099      	str	r1, [r3, r2]
10001950:	2200      	movs	r2, #0
10001952:	e000      	b.n	10001956 <hardware_alarm_irq_handler+0x5e>
10001954:	2200      	movs	r2, #0
10001956:	f3bf 8f5f 	dmb	sy
1000195a:	4b04      	ldr	r3, [pc, #16]	@ (1000196c <hardware_alarm_irq_handler+0x74>)
1000195c:	2100      	movs	r1, #0
1000195e:	6019      	str	r1, [r3, #0]
10001960:	f38c 8810 	msr	PRIMASK, ip
10001964:	2a00      	cmp	r2, #0
10001966:	d000      	beq.n	1000196a <hardware_alarm_irq_handler+0x72>
10001968:	4790      	blx	r2
1000196a:	bd70      	pop	{r4, r5, r6, pc}
1000196c:	d0000128 	.word	0xd0000128
10001970:	40054000 	.word	0x40054000
10001974:	4005703c 	.word	0x4005703c
10001978:	20002068 	.word	0x20002068
1000197c:	2000203c 	.word	0x2000203c
10001980:	2000181c 	.word	0x2000181c

10001984 <hardware_alarm_claim>:
10001984:	b510      	push	{r4, lr}
10001986:	0001      	movs	r1, r0
10001988:	4a02      	ldr	r2, [pc, #8]	@ (10001994 <hardware_alarm_claim+0x10>)
1000198a:	4b03      	ldr	r3, [pc, #12]	@ (10001998 <hardware_alarm_claim+0x14>)
1000198c:	0018      	movs	r0, r3
1000198e:	f7fe fe75 	bl	1000067c <hw_claim_or_assert>
10001992:	bd10      	pop	{r4, pc}
10001994:	10008014 	.word	0x10008014
10001998:	20002060 	.word	0x20002060

1000199c <time_us_64>:
1000199c:	4b04      	ldr	r3, [pc, #16]	@ (100019b0 <time_us_64+0x14>)
1000199e:	6a5b      	ldr	r3, [r3, #36]	@ 0x24
100019a0:	4a03      	ldr	r2, [pc, #12]	@ (100019b0 <time_us_64+0x14>)
100019a2:	6a90      	ldr	r0, [r2, #40]	@ 0x28
100019a4:	0019      	movs	r1, r3
100019a6:	6a53      	ldr	r3, [r2, #36]	@ 0x24
100019a8:	4299      	cmp	r1, r3
100019aa:	d1f9      	bne.n	100019a0 <time_us_64+0x4>
100019ac:	4770      	bx	lr
100019ae:	46c0      	nop			@ (mov r8, r8)
100019b0:	40054000 	.word	0x40054000

100019b4 <busy_wait_until>:
100019b4:	4b08      	ldr	r3, [pc, #32]	@ (100019d8 <busy_wait_until+0x24>)
100019b6:	6a5b      	ldr	r3, [r3, #36]	@ 0x24
100019b8:	e001      	b.n	100019be <busy_wait_until+0xa>
100019ba:	4b07      	ldr	r3, [pc, #28]	@ (100019d8 <busy_wait_until+0x24>)
100019bc:	6a5b      	ldr	r3, [r3, #36]	@ 0x24
100019be:	428b      	cmp	r3, r1
100019c0:	d3fb      	bcc.n	100019ba <busy_wait_until+0x6>
100019c2:	e001      	b.n	100019c8 <busy_wait_until+0x14>
100019c4:	4b04      	ldr	r3, [pc, #16]	@ (100019d8 <busy_wait_until+0x24>)
100019c6:	6a5b      	ldr	r3, [r3, #36]	@ 0x24
100019c8:	428b      	cmp	r3, r1
100019ca:	d103      	bne.n	100019d4 <busy_wait_until+0x20>
100019cc:	4b02      	ldr	r3, [pc, #8]	@ (100019d8 <busy_wait_until+0x24>)
100019ce:	6a9b      	ldr	r3, [r3, #40]	@ 0x28
100019d0:	4283      	cmp	r3, r0
100019d2:	d3f7      	bcc.n	100019c4 <busy_wait_until+0x10>
100019d4:	4770      	bx	lr
100019d6:	46c0      	nop			@ (mov r8, r8)
100019d8:	40054000 	.word	0x40054000

100019dc <busy_wait_us>:
100019dc:	b5f0      	push	{r4, r5, r6, r7, lr}
100019de:	b083      	sub	sp, #12
100019e0:	0004      	movs	r4, r0
100019e2:	000d      	movs	r5, r1
100019e4:	f7ff ffda 	bl	1000199c <time_us_64>
100019e8:	0006      	movs	r6, r0
100019ea:	000f      	movs	r7, r1
100019ec:	0022      	movs	r2, r4
100019ee:	002b      	movs	r3, r5
100019f0:	1992      	adds	r2, r2, r6
100019f2:	417b      	adcs	r3, r7
100019f4:	4299      	cmp	r1, r3
100019f6:	d802      	bhi.n	100019fe <busy_wait_us+0x22>
100019f8:	d104      	bne.n	10001a04 <busy_wait_us+0x28>
100019fa:	4290      	cmp	r0, r2
100019fc:	d902      	bls.n	10001a04 <busy_wait_us+0x28>
100019fe:	2201      	movs	r2, #1
10001a00:	4252      	negs	r2, r2
10001a02:	17d3      	asrs	r3, r2, #31
10001a04:	4668      	mov	r0, sp
10001a06:	f7ff ff65 	bl	100018d4 <update_us_since_boot>
10001a0a:	9800      	ldr	r0, [sp, #0]
10001a0c:	9901      	ldr	r1, [sp, #4]
10001a0e:	f7ff ffd1 	bl	100019b4 <busy_wait_until>
10001a12:	b003      	add	sp, #12
10001a14:	bdf0      	pop	{r4, r5, r6, r7, pc}
	...

10001a18 <hardware_alarm_set_callback>:
10001a18:	b570      	push	{r4, r5, r6, lr}
10001a1a:	0004      	movs	r4, r0
10001a1c:	000e      	movs	r6, r1
10001a1e:	f3ef 8510 	mrs	r5, PRIMASK
10001a22:	b672      	cpsid	i
10001a24:	4b1b      	ldr	r3, [pc, #108]	@ (10001a94 <hardware_alarm_set_callback+0x7c>)
10001a26:	681b      	ldr	r3, [r3, #0]
10001a28:	2b00      	cmp	r3, #0
10001a2a:	d0fb      	beq.n	10001a24 <hardware_alarm_set_callback+0xc>
10001a2c:	f3bf 8f5f 	dmb	sy
10001a30:	2e00      	cmp	r6, #0
10001a32:	d01c      	beq.n	10001a6e <hardware_alarm_set_callback+0x56>
10001a34:	0020      	movs	r0, r4
10001a36:	f7fe ff2f 	bl	10000898 <irq_get_vtable_handler>
10001a3a:	4b17      	ldr	r3, [pc, #92]	@ (10001a98 <hardware_alarm_set_callback+0x80>)
10001a3c:	4283      	cmp	r3, r0
10001a3e:	d00b      	beq.n	10001a58 <hardware_alarm_set_callback+0x40>
10001a40:	0019      	movs	r1, r3
10001a42:	0020      	movs	r0, r4
10001a44:	f7fe ff42 	bl	100008cc <irq_set_exclusive_handler>
10001a48:	2101      	movs	r1, #1
10001a4a:	0020      	movs	r0, r4
10001a4c:	f7fe ff14 	bl	10000878 <irq_set_enabled>
10001a50:	2301      	movs	r3, #1
10001a52:	40a3      	lsls	r3, r4
10001a54:	4a11      	ldr	r2, [pc, #68]	@ (10001a9c <hardware_alarm_set_callback+0x84>)
10001a56:	6013      	str	r3, [r2, #0]
10001a58:	4b11      	ldr	r3, [pc, #68]	@ (10001aa0 <hardware_alarm_set_callback+0x88>)
10001a5a:	00a4      	lsls	r4, r4, #2
10001a5c:	50e6      	str	r6, [r4, r3]
10001a5e:	f3bf 8f5f 	dmb	sy
10001a62:	4b0c      	ldr	r3, [pc, #48]	@ (10001a94 <hardware_alarm_set_callback+0x7c>)
10001a64:	2200      	movs	r2, #0
10001a66:	601a      	str	r2, [r3, #0]
10001a68:	f385 8810 	msr	PRIMASK, r5
10001a6c:	bd70      	pop	{r4, r5, r6, pc}
10001a6e:	4b0c      	ldr	r3, [pc, #48]	@ (10001aa0 <hardware_alarm_set_callback+0x88>)
10001a70:	00a2      	lsls	r2, r4, #2
10001a72:	2100      	movs	r1, #0
10001a74:	50d1      	str	r1, [r2, r3]
10001a76:	2201      	movs	r2, #1
10001a78:	40a2      	lsls	r2, r4
10001a7a:	490a      	ldr	r1, [pc, #40]	@ (10001aa4 <hardware_alarm_set_callback+0x8c>)
10001a7c:	780b      	ldrb	r3, [r1, #0]
10001a7e:	4393      	bics	r3, r2
10001a80:	700b      	strb	r3, [r1, #0]
10001a82:	4905      	ldr	r1, [pc, #20]	@ (10001a98 <hardware_alarm_set_callback+0x80>)
10001a84:	0020      	movs	r0, r4
10001a86:	f7ff f853 	bl	10000b30 <irq_remove_handler>
10001a8a:	2100      	movs	r1, #0
10001a8c:	0020      	movs	r0, r4
10001a8e:	f7fe fef3 	bl	10000878 <irq_set_enabled>
10001a92:	e7e4      	b.n	10001a5e <hardware_alarm_set_callback+0x46>
10001a94:	d0000128 	.word	0xd0000128
10001a98:	100018f9 	.word	0x100018f9
10001a9c:	40056038 	.word	0x40056038
10001aa0:	2000181c 	.word	0x2000181c
10001aa4:	20002068 	.word	0x20002068

10001aa8 <hardware_alarm_set_target>:
10001aa8:	b5f0      	push	{r4, r5, r6, r7, lr}
10001aaa:	46de      	mov	lr, fp
10001aac:	b500      	push	{lr}
10001aae:	b084      	sub	sp, #16
10001ab0:	0004      	movs	r4, r0
10001ab2:	0015      	movs	r5, r2
10001ab4:	9201      	str	r2, [sp, #4]
10001ab6:	001e      	movs	r6, r3
10001ab8:	9302      	str	r3, [sp, #8]
10001aba:	f7ff ff6f 	bl	1000199c <time_us_64>
10001abe:	9503      	str	r5, [sp, #12]
10001ac0:	428e      	cmp	r6, r1
10001ac2:	d802      	bhi.n	10001aca <hardware_alarm_set_target+0x22>
10001ac4:	d14e      	bne.n	10001b64 <hardware_alarm_set_target+0xbc>
10001ac6:	4285      	cmp	r5, r0
10001ac8:	d94c      	bls.n	10001b64 <hardware_alarm_set_target+0xbc>
10001aca:	f3ef 8b10 	mrs	fp, PRIMASK
10001ace:	b672      	cpsid	i
10001ad0:	4b27      	ldr	r3, [pc, #156]	@ (10001b70 <hardware_alarm_set_target+0xc8>)
10001ad2:	681b      	ldr	r3, [r3, #0]
10001ad4:	2b00      	cmp	r3, #0
10001ad6:	d0fb      	beq.n	10001ad0 <hardware_alarm_set_target+0x28>
10001ad8:	f3bf 8f5f 	dmb	sy
10001adc:	4a25      	ldr	r2, [pc, #148]	@ (10001b74 <hardware_alarm_set_target+0xcc>)
10001ade:	7817      	ldrb	r7, [r2, #0]
10001ae0:	2501      	movs	r5, #1
10001ae2:	40a5      	lsls	r5, r4
10001ae4:	b2eb      	uxtb	r3, r5
10001ae6:	433b      	orrs	r3, r7
10001ae8:	7013      	strb	r3, [r2, #0]
10001aea:	4b23      	ldr	r3, [pc, #140]	@ (10001b78 <hardware_alarm_set_target+0xd0>)
10001aec:	635d      	str	r5, [r3, #52]	@ 0x34
10001aee:	1d22      	adds	r2, r4, #4
10001af0:	0092      	lsls	r2, r2, #2
10001af2:	9901      	ldr	r1, [sp, #4]
10001af4:	50d1      	str	r1, [r2, r3]
10001af6:	4a21      	ldr	r2, [pc, #132]	@ (10001b7c <hardware_alarm_set_target+0xd4>)
10001af8:	00a1      	lsls	r1, r4, #2
10001afa:	9802      	ldr	r0, [sp, #8]
10001afc:	5088      	str	r0, [r1, r2]
10001afe:	6a1b      	ldr	r3, [r3, #32]
10001b00:	422b      	tst	r3, r5
10001b02:	d112      	bne.n	10001b2a <hardware_alarm_set_target+0x82>
10001b04:	4b1c      	ldr	r3, [pc, #112]	@ (10001b78 <hardware_alarm_set_target+0xd0>)
10001b06:	6c1b      	ldr	r3, [r3, #64]	@ 0x40
10001b08:	422b      	tst	r3, r5
10001b0a:	d008      	beq.n	10001b1e <hardware_alarm_set_target+0x76>
10001b0c:	2000      	movs	r0, #0
10001b0e:	f3bf 8f5f 	dmb	sy
10001b12:	4b17      	ldr	r3, [pc, #92]	@ (10001b70 <hardware_alarm_set_target+0xc8>)
10001b14:	2200      	movs	r2, #0
10001b16:	601a      	str	r2, [r3, #0]
10001b18:	f38b 8810 	msr	PRIMASK, fp
10001b1c:	e023      	b.n	10001b66 <hardware_alarm_set_target+0xbe>
10001b1e:	4b18      	ldr	r3, [pc, #96]	@ (10001b80 <hardware_alarm_set_target+0xd8>)
10001b20:	4a18      	ldr	r2, [pc, #96]	@ (10001b84 <hardware_alarm_set_target+0xdc>)
10001b22:	4819      	ldr	r0, [pc, #100]	@ (10001b88 <hardware_alarm_set_target+0xe0>)
10001b24:	21c5      	movs	r1, #197	@ 0xc5
10001b26:	f000 fc05 	bl	10002334 <__assert_func>
10001b2a:	f7ff ff37 	bl	1000199c <time_us_64>
10001b2e:	428e      	cmp	r6, r1
10001b30:	d814      	bhi.n	10001b5c <hardware_alarm_set_target+0xb4>
10001b32:	d102      	bne.n	10001b3a <hardware_alarm_set_target+0x92>
10001b34:	9b03      	ldr	r3, [sp, #12]
10001b36:	4283      	cmp	r3, r0
10001b38:	d810      	bhi.n	10001b5c <hardware_alarm_set_target+0xb4>
10001b3a:	4b0e      	ldr	r3, [pc, #56]	@ (10001b74 <hardware_alarm_set_target+0xcc>)
10001b3c:	781b      	ldrb	r3, [r3, #0]
10001b3e:	42bb      	cmp	r3, r7
10001b40:	d00e      	beq.n	10001b60 <hardware_alarm_set_target+0xb8>
10001b42:	4b0d      	ldr	r3, [pc, #52]	@ (10001b78 <hardware_alarm_set_target+0xd0>)
10001b44:	621d      	str	r5, [r3, #32]
10001b46:	635d      	str	r5, [r3, #52]	@ 0x34
10001b48:	221f      	movs	r2, #31
10001b4a:	4022      	ands	r2, r4
10001b4c:	2301      	movs	r3, #1
10001b4e:	4093      	lsls	r3, r2
10001b50:	4a0e      	ldr	r2, [pc, #56]	@ (10001b8c <hardware_alarm_set_target+0xe4>)
10001b52:	6013      	str	r3, [r2, #0]
10001b54:	4b07      	ldr	r3, [pc, #28]	@ (10001b74 <hardware_alarm_set_target+0xcc>)
10001b56:	701f      	strb	r7, [r3, #0]
10001b58:	2001      	movs	r0, #1
10001b5a:	e7d8      	b.n	10001b0e <hardware_alarm_set_target+0x66>
10001b5c:	2000      	movs	r0, #0
10001b5e:	e7d6      	b.n	10001b0e <hardware_alarm_set_target+0x66>
10001b60:	2001      	movs	r0, #1
10001b62:	e7d4      	b.n	10001b0e <hardware_alarm_set_target+0x66>
10001b64:	2001      	movs	r0, #1
10001b66:	b004      	add	sp, #16
10001b68:	bc80      	pop	{r7}
10001b6a:	46bb      	mov	fp, r7
10001b6c:	bdf0      	pop	{r4, r5, r6, r7, pc}
10001b6e:	46c0      	nop			@ (mov r8, r8)
10001b70:	d0000128 	.word	0xd0000128
10001b74:	20002068 	.word	0x20002068
10001b78:	40054000 	.word	0x40054000
10001b7c:	2000203c 	.word	0x2000203c
10001b80:	10008038 	.word	0x10008038
10001b84:	10008c28 	.word	0x10008c28
10001b88:	1000805c 	.word	0x1000805c
10001b8c:	e000e280 	.word	0xe000e280

10001b90 <hardware_alarm_cancel>:
10001b90:	f3ef 8c10 	mrs	ip, PRIMASK
10001b94:	b672      	cpsid	i
10001b96:	4b0b      	ldr	r3, [pc, #44]	@ (10001bc4 <hardware_alarm_cancel+0x34>)
10001b98:	681b      	ldr	r3, [r3, #0]
10001b9a:	2b00      	cmp	r3, #0
10001b9c:	d0fb      	beq.n	10001b96 <hardware_alarm_cancel+0x6>
10001b9e:	f3bf 8f5f 	dmb	sy
10001ba2:	2301      	movs	r3, #1
10001ba4:	4083      	lsls	r3, r0
10001ba6:	4a08      	ldr	r2, [pc, #32]	@ (10001bc8 <hardware_alarm_cancel+0x38>)
10001ba8:	6213      	str	r3, [r2, #32]
10001baa:	4908      	ldr	r1, [pc, #32]	@ (10001bcc <hardware_alarm_cancel+0x3c>)
10001bac:	780a      	ldrb	r2, [r1, #0]
10001bae:	439a      	bics	r2, r3
10001bb0:	700a      	strb	r2, [r1, #0]
10001bb2:	f3bf 8f5f 	dmb	sy
10001bb6:	4b03      	ldr	r3, [pc, #12]	@ (10001bc4 <hardware_alarm_cancel+0x34>)
10001bb8:	2200      	movs	r2, #0
10001bba:	601a      	str	r2, [r3, #0]
10001bbc:	f38c 8810 	msr	PRIMASK, ip
10001bc0:	4770      	bx	lr
10001bc2:	46c0      	nop			@ (mov r8, r8)
10001bc4:	d0000128 	.word	0xd0000128
10001bc8:	40054000 	.word	0x40054000
10001bcc:	20002068 	.word	0x20002068

10001bd0 <ph_get_node>:
10001bd0:	b510      	push	{r4, lr}
10001bd2:	2900      	cmp	r1, #0
10001bd4:	d008      	beq.n	10001be8 <ph_get_node+0x18>
10001bd6:	7b03      	ldrb	r3, [r0, #12]
10001bd8:	428b      	cmp	r3, r1
10001bda:	d305      	bcc.n	10001be8 <ph_get_node+0x18>
10001bdc:	6800      	ldr	r0, [r0, #0]
10001bde:	004b      	lsls	r3, r1, #1
10001be0:	185b      	adds	r3, r3, r1
10001be2:	3b03      	subs	r3, #3
10001be4:	18c0      	adds	r0, r0, r3
10001be6:	bd10      	pop	{r4, pc}
10001be8:	4b02      	ldr	r3, [pc, #8]	@ (10001bf4 <ph_get_node+0x24>)
10001bea:	4a03      	ldr	r2, [pc, #12]	@ (10001bf8 <ph_get_node+0x28>)
10001bec:	4803      	ldr	r0, [pc, #12]	@ (10001bfc <ph_get_node+0x2c>)
10001bee:	2168      	movs	r1, #104	@ 0x68
10001bf0:	f000 fba0 	bl	10002334 <__assert_func>
10001bf4:	10007e10 	.word	0x10007e10
10001bf8:	10008c9c 	.word	0x10008c9c
10001bfc:	10007e2c 	.word	0x10007e2c

10001c00 <ph_add_child_node>:
10001c00:	b5f8      	push	{r3, r4, r5, r6, r7, lr}
10001c02:	0006      	movs	r6, r0
10001c04:	000c      	movs	r4, r1
10001c06:	0015      	movs	r5, r2
10001c08:	f7ff ffe2 	bl	10001bd0 <ph_get_node>
10001c0c:	0007      	movs	r7, r0
10001c0e:	2c00      	cmp	r4, #0
10001c10:	d00d      	beq.n	10001c2e <ph_add_child_node+0x2e>
10001c12:	2d00      	cmp	r5, #0
10001c14:	d011      	beq.n	10001c3a <ph_add_child_node+0x3a>
10001c16:	42ac      	cmp	r4, r5
10001c18:	d015      	beq.n	10001c46 <ph_add_child_node+0x46>
10001c1a:	0029      	movs	r1, r5
10001c1c:	0030      	movs	r0, r6
10001c1e:	f7ff ffd7 	bl	10001bd0 <ph_get_node>
10001c22:	7084      	strb	r4, [r0, #2]
10001c24:	783b      	ldrb	r3, [r7, #0]
10001c26:	2b00      	cmp	r3, #0
10001c28:	d113      	bne.n	10001c52 <ph_add_child_node+0x52>
10001c2a:	703d      	strb	r5, [r7, #0]
10001c2c:	bdf8      	pop	{r3, r4, r5, r6, r7, pc}
10001c2e:	4b0a      	ldr	r3, [pc, #40]	@ (10001c58 <ph_add_child_node+0x58>)
10001c30:	4a0a      	ldr	r2, [pc, #40]	@ (10001c5c <ph_add_child_node+0x5c>)
10001c32:	480b      	ldr	r0, [pc, #44]	@ (10001c60 <ph_add_child_node+0x60>)
10001c34:	216f      	movs	r1, #111	@ 0x6f
10001c36:	f000 fb7d 	bl	10002334 <__assert_func>
10001c3a:	4b0a      	ldr	r3, [pc, #40]	@ (10001c64 <ph_add_child_node+0x64>)
10001c3c:	4a07      	ldr	r2, [pc, #28]	@ (10001c5c <ph_add_child_node+0x5c>)
10001c3e:	4808      	ldr	r0, [pc, #32]	@ (10001c60 <ph_add_child_node+0x60>)
10001c40:	2170      	movs	r1, #112	@ 0x70
10001c42:	f000 fb77 	bl	10002334 <__assert_func>
10001c46:	4b08      	ldr	r3, [pc, #32]	@ (10001c68 <ph_add_child_node+0x68>)
10001c48:	4a04      	ldr	r2, [pc, #16]	@ (10001c5c <ph_add_child_node+0x5c>)
10001c4a:	4805      	ldr	r0, [pc, #20]	@ (10001c60 <ph_add_child_node+0x60>)
10001c4c:	2171      	movs	r1, #113	@ 0x71
10001c4e:	f000 fb71 	bl	10002334 <__assert_func>
10001c52:	7043      	strb	r3, [r0, #1]
10001c54:	703d      	strb	r5, [r7, #0]
10001c56:	e7e9      	b.n	10001c2c <ph_add_child_node+0x2c>
10001c58:	10007e84 	.word	0x10007e84
10001c5c:	10008c88 	.word	0x10008c88
10001c60:	10007e2c 	.word	0x10007e2c
10001c64:	10007e90 	.word	0x10007e90
10001c68:	10007e9c 	.word	0x10007e9c

10001c6c <ph_merge_nodes>:
10001c6c:	b570      	push	{r4, r5, r6, lr}
10001c6e:	0006      	movs	r6, r0
10001c70:	000d      	movs	r5, r1
10001c72:	0014      	movs	r4, r2
10001c74:	2900      	cmp	r1, #0
10001c76:	d014      	beq.n	10001ca2 <ph_merge_nodes+0x36>
10001c78:	2a00      	cmp	r2, #0
10001c7a:	d014      	beq.n	10001ca6 <ph_merge_nodes+0x3a>
10001c7c:	6843      	ldr	r3, [r0, #4]
10001c7e:	6880      	ldr	r0, [r0, #8]
10001c80:	4798      	blx	r3
10001c82:	2800      	cmp	r0, #0
10001c84:	d006      	beq.n	10001c94 <ph_merge_nodes+0x28>
10001c86:	0022      	movs	r2, r4
10001c88:	0029      	movs	r1, r5
10001c8a:	0030      	movs	r0, r6
10001c8c:	f7ff ffb8 	bl	10001c00 <ph_add_child_node>
10001c90:	0028      	movs	r0, r5
10001c92:	e007      	b.n	10001ca4 <ph_merge_nodes+0x38>
10001c94:	002a      	movs	r2, r5
10001c96:	0021      	movs	r1, r4
10001c98:	0030      	movs	r0, r6
10001c9a:	f7ff ffb1 	bl	10001c00 <ph_add_child_node>
10001c9e:	0020      	movs	r0, r4
10001ca0:	e000      	b.n	10001ca4 <ph_merge_nodes+0x38>
10001ca2:	0010      	movs	r0, r2
10001ca4:	bd70      	pop	{r4, r5, r6, pc}
10001ca6:	0008      	movs	r0, r1
10001ca8:	e7fc      	b.n	10001ca4 <ph_merge_nodes+0x38>

10001caa <ph_clear>:
10001caa:	b570      	push	{r4, r5, r6, lr}
10001cac:	0005      	movs	r5, r0
10001cae:	2300      	movs	r3, #0
10001cb0:	7343      	strb	r3, [r0, #13]
10001cb2:	3301      	adds	r3, #1
10001cb4:	7383      	strb	r3, [r0, #14]
10001cb6:	7b03      	ldrb	r3, [r0, #12]
10001cb8:	73c3      	strb	r3, [r0, #15]
10001cba:	2401      	movs	r4, #1
10001cbc:	e006      	b.n	10001ccc <ph_clear+0x22>
10001cbe:	0021      	movs	r1, r4
10001cc0:	0028      	movs	r0, r5
10001cc2:	f7ff ff85 	bl	10001bd0 <ph_get_node>
10001cc6:	3401      	adds	r4, #1
10001cc8:	b2e4      	uxtb	r4, r4
10001cca:	7044      	strb	r4, [r0, #1]
10001ccc:	7b29      	ldrb	r1, [r5, #12]
10001cce:	42a1      	cmp	r1, r4
10001cd0:	d8f5      	bhi.n	10001cbe <ph_clear+0x14>
10001cd2:	0028      	movs	r0, r5
10001cd4:	f7ff ff7c 	bl	10001bd0 <ph_get_node>
10001cd8:	2300      	movs	r3, #0
10001cda:	7043      	strb	r3, [r0, #1]
10001cdc:	bd70      	pop	{r4, r5, r6, pc}

10001cde <ph_post_alloc_init>:
10001cde:	b510      	push	{r4, lr}
10001ce0:	7301      	strb	r1, [r0, #12]
10001ce2:	6042      	str	r2, [r0, #4]
10001ce4:	6083      	str	r3, [r0, #8]
10001ce6:	f7ff ffe0 	bl	10001caa <ph_clear>
10001cea:	bd10      	pop	{r4, pc}

10001cec <ph_merge_two_pass>:
10001cec:	b5f0      	push	{r4, r5, r6, r7, lr}
10001cee:	46c6      	mov	lr, r8
10001cf0:	b500      	push	{lr}
10001cf2:	0005      	movs	r5, r0
10001cf4:	1e0c      	subs	r4, r1, #0
10001cf6:	d103      	bne.n	10001d00 <ph_merge_two_pass+0x14>
10001cf8:	0020      	movs	r0, r4
10001cfa:	bc80      	pop	{r7}
10001cfc:	46b8      	mov	r8, r7
10001cfe:	bdf0      	pop	{r4, r5, r6, r7, pc}
10001d00:	f7ff ff66 	bl	10001bd0 <ph_get_node>
10001d04:	7846      	ldrb	r6, [r0, #1]
10001d06:	2e00      	cmp	r6, #0
10001d08:	d0f6      	beq.n	10001cf8 <ph_merge_two_pass+0xc>
10001d0a:	0031      	movs	r1, r6
10001d0c:	0028      	movs	r0, r5
10001d0e:	f7ff ff5f 	bl	10001bd0 <ph_get_node>
10001d12:	7847      	ldrb	r7, [r0, #1]
10001d14:	2300      	movs	r3, #0
10001d16:	4698      	mov	r8, r3
10001d18:	7043      	strb	r3, [r0, #1]
10001d1a:	0021      	movs	r1, r4
10001d1c:	0028      	movs	r0, r5
10001d1e:	f7ff ff57 	bl	10001bd0 <ph_get_node>
10001d22:	4643      	mov	r3, r8
10001d24:	7043      	strb	r3, [r0, #1]
10001d26:	0032      	movs	r2, r6
10001d28:	0021      	movs	r1, r4
10001d2a:	0028      	movs	r0, r5
10001d2c:	f7ff ff9e 	bl	10001c6c <ph_merge_nodes>
10001d30:	0004      	movs	r4, r0
10001d32:	0039      	movs	r1, r7
10001d34:	0028      	movs	r0, r5
10001d36:	f7ff ffd9 	bl	10001cec <ph_merge_two_pass>
10001d3a:	0002      	movs	r2, r0
10001d3c:	0021      	movs	r1, r4
10001d3e:	0028      	movs	r0, r5
10001d40:	f7ff ff94 	bl	10001c6c <ph_merge_nodes>
10001d44:	0004      	movs	r4, r0
10001d46:	e7d7      	b.n	10001cf8 <ph_merge_two_pass+0xc>

10001d48 <ph_remove_any_head>:
10001d48:	b5f0      	push	{r4, r5, r6, r7, lr}
10001d4a:	46c6      	mov	lr, r8
10001d4c:	b500      	push	{lr}
10001d4e:	0004      	movs	r4, r0
10001d50:	000d      	movs	r5, r1
10001d52:	0017      	movs	r7, r2
10001d54:	2900      	cmp	r1, #0
10001d56:	d027      	beq.n	10001da8 <ph_remove_any_head+0x60>
10001d58:	f7ff ff3a 	bl	10001bd0 <ph_get_node>
10001d5c:	7843      	ldrb	r3, [r0, #1]
10001d5e:	2b00      	cmp	r3, #0
10001d60:	d128      	bne.n	10001db4 <ph_remove_any_head+0x6c>
10001d62:	7883      	ldrb	r3, [r0, #2]
10001d64:	2b00      	cmp	r3, #0
10001d66:	d12b      	bne.n	10001dc0 <ph_remove_any_head+0x78>
10001d68:	7801      	ldrb	r1, [r0, #0]
10001d6a:	0020      	movs	r0, r4
10001d6c:	f7ff ffbe 	bl	10001cec <ph_merge_two_pass>
10001d70:	0006      	movs	r6, r0
10001d72:	4680      	mov	r8, r0
10001d74:	2f00      	cmp	r7, #0
10001d76:	d00a      	beq.n	10001d8e <ph_remove_any_head+0x46>
10001d78:	7be1      	ldrb	r1, [r4, #15]
10001d7a:	2900      	cmp	r1, #0
10001d7c:	d126      	bne.n	10001dcc <ph_remove_any_head+0x84>
10001d7e:	7ba3      	ldrb	r3, [r4, #14]
10001d80:	2b00      	cmp	r3, #0
10001d82:	d103      	bne.n	10001d8c <ph_remove_any_head+0x44>
10001d84:	7be3      	ldrb	r3, [r4, #15]
10001d86:	2b00      	cmp	r3, #0
10001d88:	d125      	bne.n	10001dd6 <ph_remove_any_head+0x8e>
10001d8a:	73a5      	strb	r5, [r4, #14]
10001d8c:	73e5      	strb	r5, [r4, #15]
10001d8e:	4643      	mov	r3, r8
10001d90:	2b00      	cmp	r3, #0
10001d92:	d126      	bne.n	10001de2 <ph_remove_any_head+0x9a>
10001d94:	0029      	movs	r1, r5
10001d96:	0020      	movs	r0, r4
10001d98:	f7ff ff1a 	bl	10001bd0 <ph_get_node>
10001d9c:	2300      	movs	r3, #0
10001d9e:	7043      	strb	r3, [r0, #1]
10001da0:	0030      	movs	r0, r6
10001da2:	bc80      	pop	{r7}
10001da4:	46b8      	mov	r8, r7
10001da6:	bdf0      	pop	{r4, r5, r6, r7, pc}
10001da8:	4b11      	ldr	r3, [pc, #68]	@ (10001df0 <ph_remove_any_head+0xa8>)
10001daa:	4a12      	ldr	r2, [pc, #72]	@ (10001df4 <ph_remove_any_head+0xac>)
10001dac:	4812      	ldr	r0, [pc, #72]	@ (10001df8 <ph_remove_any_head+0xb0>)
10001dae:	2138      	movs	r1, #56	@ 0x38
10001db0:	f000 fac0 	bl	10002334 <__assert_func>
10001db4:	4b11      	ldr	r3, [pc, #68]	@ (10001dfc <ph_remove_any_head+0xb4>)
10001db6:	4a0f      	ldr	r2, [pc, #60]	@ (10001df4 <ph_remove_any_head+0xac>)
10001db8:	480f      	ldr	r0, [pc, #60]	@ (10001df8 <ph_remove_any_head+0xb0>)
10001dba:	213a      	movs	r1, #58	@ 0x3a
10001dbc:	f000 faba 	bl	10002334 <__assert_func>
10001dc0:	4b0f      	ldr	r3, [pc, #60]	@ (10001e00 <ph_remove_any_head+0xb8>)
10001dc2:	4a0c      	ldr	r2, [pc, #48]	@ (10001df4 <ph_remove_any_head+0xac>)
10001dc4:	480c      	ldr	r0, [pc, #48]	@ (10001df8 <ph_remove_any_head+0xb0>)
10001dc6:	213b      	movs	r1, #59	@ 0x3b
10001dc8:	f000 fab4 	bl	10002334 <__assert_func>
10001dcc:	0020      	movs	r0, r4
10001dce:	f7ff feff 	bl	10001bd0 <ph_get_node>
10001dd2:	7045      	strb	r5, [r0, #1]
10001dd4:	e7d3      	b.n	10001d7e <ph_remove_any_head+0x36>
10001dd6:	4b0b      	ldr	r3, [pc, #44]	@ (10001e04 <ph_remove_any_head+0xbc>)
10001dd8:	4a06      	ldr	r2, [pc, #24]	@ (10001df4 <ph_remove_any_head+0xac>)
10001dda:	4807      	ldr	r0, [pc, #28]	@ (10001df8 <ph_remove_any_head+0xb0>)
10001ddc:	2142      	movs	r1, #66	@ 0x42
10001dde:	f000 faa9 	bl	10002334 <__assert_func>
10001de2:	0031      	movs	r1, r6
10001de4:	0020      	movs	r0, r4
10001de6:	f7ff fef3 	bl	10001bd0 <ph_get_node>
10001dea:	2300      	movs	r3, #0
10001dec:	7083      	strb	r3, [r0, #2]
10001dee:	e7d1      	b.n	10001d94 <ph_remove_any_head+0x4c>
10001df0:	100080bc 	.word	0x100080bc
10001df4:	10008c74 	.word	0x10008c74
10001df8:	100080c4 	.word	0x100080c4
10001dfc:	10008118 	.word	0x10008118
10001e00:	10008140 	.word	0x10008140
10001e04:	10007edc 	.word	0x10007edc

10001e08 <ph_remove_head>:
10001e08:	b570      	push	{r4, r5, r6, lr}
10001e0a:	0004      	movs	r4, r0
10001e0c:	000a      	movs	r2, r1
10001e0e:	7b45      	ldrb	r5, [r0, #13]
10001e10:	0029      	movs	r1, r5
10001e12:	f7ff ff99 	bl	10001d48 <ph_remove_any_head>
10001e16:	7360      	strb	r0, [r4, #13]
10001e18:	0028      	movs	r0, r5
10001e1a:	bd70      	pop	{r4, r5, r6, pc}

10001e1c <ph_remove_and_free_node>:
10001e1c:	b570      	push	{r4, r5, r6, lr}
10001e1e:	0006      	movs	r6, r0
10001e20:	1e0c      	subs	r4, r1, #0
10001e22:	d040      	beq.n	10001ea6 <ph_remove_and_free_node+0x8a>
10001e24:	7b43      	ldrb	r3, [r0, #13]
10001e26:	428b      	cmp	r3, r1
10001e28:	d007      	beq.n	10001e3a <ph_remove_and_free_node+0x1e>
10001e2a:	f7ff fed1 	bl	10001bd0 <ph_get_node>
10001e2e:	0005      	movs	r5, r0
10001e30:	7881      	ldrb	r1, [r0, #2]
10001e32:	2900      	cmp	r1, #0
10001e34:	d106      	bne.n	10001e44 <ph_remove_and_free_node+0x28>
10001e36:	2000      	movs	r0, #0
10001e38:	e036      	b.n	10001ea8 <ph_remove_and_free_node+0x8c>
10001e3a:	2101      	movs	r1, #1
10001e3c:	f7ff ffe4 	bl	10001e08 <ph_remove_head>
10001e40:	2001      	movs	r0, #1
10001e42:	e031      	b.n	10001ea8 <ph_remove_and_free_node+0x8c>
10001e44:	0030      	movs	r0, r6
10001e46:	f7ff fec3 	bl	10001bd0 <ph_get_node>
10001e4a:	7801      	ldrb	r1, [r0, #0]
10001e4c:	42a1      	cmp	r1, r4
10001e4e:	d00d      	beq.n	10001e6c <ph_remove_and_free_node+0x50>
10001e50:	0030      	movs	r0, r6
10001e52:	f7ff febd 	bl	10001bd0 <ph_get_node>
10001e56:	7841      	ldrb	r1, [r0, #1]
10001e58:	42a1      	cmp	r1, r4
10001e5a:	d00a      	beq.n	10001e72 <ph_remove_and_free_node+0x56>
10001e5c:	2900      	cmp	r1, #0
10001e5e:	d1f7      	bne.n	10001e50 <ph_remove_and_free_node+0x34>
10001e60:	4b12      	ldr	r3, [pc, #72]	@ (10001eac <ph_remove_and_free_node+0x90>)
10001e62:	4a13      	ldr	r2, [pc, #76]	@ (10001eb0 <ph_remove_and_free_node+0x94>)
10001e64:	4813      	ldr	r0, [pc, #76]	@ (10001eb4 <ph_remove_and_free_node+0x98>)
10001e66:	316b      	adds	r1, #107	@ 0x6b
10001e68:	f000 fa64 	bl	10002334 <__assert_func>
10001e6c:	786b      	ldrb	r3, [r5, #1]
10001e6e:	7003      	strb	r3, [r0, #0]
10001e70:	e001      	b.n	10001e76 <ph_remove_and_free_node+0x5a>
10001e72:	786b      	ldrb	r3, [r5, #1]
10001e74:	7043      	strb	r3, [r0, #1]
10001e76:	2300      	movs	r3, #0
10001e78:	70ab      	strb	r3, [r5, #2]
10001e7a:	706b      	strb	r3, [r5, #1]
10001e7c:	2201      	movs	r2, #1
10001e7e:	0021      	movs	r1, r4
10001e80:	0030      	movs	r0, r6
10001e82:	f7ff ff61 	bl	10001d48 <ph_remove_any_head>
10001e86:	0002      	movs	r2, r0
10001e88:	7b71      	ldrb	r1, [r6, #13]
10001e8a:	4281      	cmp	r1, r0
10001e8c:	d005      	beq.n	10001e9a <ph_remove_and_free_node+0x7e>
10001e8e:	0030      	movs	r0, r6
10001e90:	f7ff feec 	bl	10001c6c <ph_merge_nodes>
10001e94:	7370      	strb	r0, [r6, #13]
10001e96:	2001      	movs	r0, #1
10001e98:	e006      	b.n	10001ea8 <ph_remove_and_free_node+0x8c>
10001e9a:	4b07      	ldr	r3, [pc, #28]	@ (10001eb8 <ph_remove_and_free_node+0x9c>)
10001e9c:	4a04      	ldr	r2, [pc, #16]	@ (10001eb0 <ph_remove_and_free_node+0x94>)
10001e9e:	4805      	ldr	r0, [pc, #20]	@ (10001eb4 <ph_remove_and_free_node+0x98>)
10001ea0:	2171      	movs	r1, #113	@ 0x71
10001ea2:	f000 fa47 	bl	10002334 <__assert_func>
10001ea6:	2000      	movs	r0, #0
10001ea8:	bd70      	pop	{r4, r5, r6, pc}
10001eaa:	46c0      	nop			@ (mov r8, r8)
10001eac:	10007ccc 	.word	0x10007ccc
10001eb0:	10008c5c 	.word	0x10008c5c
10001eb4:	100080c4 	.word	0x100080c4
10001eb8:	10008164 	.word	0x10008164

10001ebc <clock_configure>:
10001ebc:	b5f8      	push	{r3, r4, r5, r6, r7, lr}
10001ebe:	46de      	mov	lr, fp
10001ec0:	4657      	mov	r7, sl
10001ec2:	464e      	mov	r6, r9
10001ec4:	4645      	mov	r5, r8
10001ec6:	b5e0      	push	{r5, r6, r7, lr}
10001ec8:	0006      	movs	r6, r0
10001eca:	000f      	movs	r7, r1
10001ecc:	0015      	movs	r5, r2
10001ece:	9a0a      	ldr	r2, [sp, #40]	@ 0x28
10001ed0:	4293      	cmp	r3, r2
10001ed2:	d350      	bcc.n	10001f76 <clock_configure+0xba>
10001ed4:	0e1a      	lsrs	r2, r3, #24
10001ed6:	4692      	mov	sl, r2
10001ed8:	021b      	lsls	r3, r3, #8
10001eda:	4698      	mov	r8, r3
10001edc:	9a0a      	ldr	r2, [sp, #40]	@ 0x28
10001ede:	2300      	movs	r3, #0
10001ee0:	4640      	mov	r0, r8
10001ee2:	4651      	mov	r1, sl
10001ee4:	f001 fc68 	bl	100037b8 <__wrap___aeabi_uldivmod>
10001ee8:	4681      	mov	r9, r0
10001eea:	0074      	lsls	r4, r6, #1
10001eec:	19a4      	adds	r4, r4, r6
10001eee:	00a4      	lsls	r4, r4, #2
10001ef0:	4b2f      	ldr	r3, [pc, #188]	@ (10001fb0 <clock_configure+0xf4>)
10001ef2:	469c      	mov	ip, r3
10001ef4:	4464      	add	r4, ip
10001ef6:	6863      	ldr	r3, [r4, #4]
10001ef8:	4283      	cmp	r3, r0
10001efa:	d200      	bcs.n	10001efe <clock_configure+0x42>
10001efc:	6060      	str	r0, [r4, #4]
10001efe:	1f33      	subs	r3, r6, #4
10001f00:	b2db      	uxtb	r3, r3
10001f02:	469b      	mov	fp, r3
10001f04:	2b01      	cmp	r3, #1
10001f06:	d93c      	bls.n	10001f82 <clock_configure+0xc6>
10001f08:	23c0      	movs	r3, #192	@ 0xc0
10001f0a:	019b      	lsls	r3, r3, #6
10001f0c:	4323      	orrs	r3, r4
10001f0e:	2280      	movs	r2, #128	@ 0x80
10001f10:	0112      	lsls	r2, r2, #4
10001f12:	601a      	str	r2, [r3, #0]
10001f14:	4b27      	ldr	r3, [pc, #156]	@ (10001fb4 <clock_configure+0xf8>)
10001f16:	00b2      	lsls	r2, r6, #2
10001f18:	58d1      	ldr	r1, [r2, r3]
10001f1a:	2900      	cmp	r1, #0
10001f1c:	d007      	beq.n	10001f2e <clock_configure+0x72>
10001f1e:	6958      	ldr	r0, [r3, #20]
10001f20:	f001 fc0c 	bl	1000373c <__wrap___aeabi_uidiv>
10001f24:	3001      	adds	r0, #1
10001f26:	0043      	lsls	r3, r0, #1
10001f28:	181b      	adds	r3, r3, r0
10001f2a:	3b03      	subs	r3, #3
10001f2c:	d2fd      	bcs.n	10001f2a <clock_configure+0x6e>
10001f2e:	016d      	lsls	r5, r5, #5
10001f30:	6823      	ldr	r3, [r4, #0]
10001f32:	405d      	eors	r5, r3
10001f34:	22e0      	movs	r2, #224	@ 0xe0
10001f36:	402a      	ands	r2, r5
10001f38:	2380      	movs	r3, #128	@ 0x80
10001f3a:	015b      	lsls	r3, r3, #5
10001f3c:	4323      	orrs	r3, r4
10001f3e:	601a      	str	r2, [r3, #0]
10001f40:	465a      	mov	r2, fp
10001f42:	2a01      	cmp	r2, #1
10001f44:	d928      	bls.n	10001f98 <clock_configure+0xdc>
10001f46:	2380      	movs	r3, #128	@ 0x80
10001f48:	019b      	lsls	r3, r3, #6
10001f4a:	4323      	orrs	r3, r4
10001f4c:	2280      	movs	r2, #128	@ 0x80
10001f4e:	0112      	lsls	r2, r2, #4
10001f50:	601a      	str	r2, [r3, #0]
10001f52:	464b      	mov	r3, r9
10001f54:	6063      	str	r3, [r4, #4]
10001f56:	464a      	mov	r2, r9
10001f58:	2300      	movs	r3, #0
10001f5a:	4640      	mov	r0, r8
10001f5c:	4651      	mov	r1, sl
10001f5e:	f001 fc2b 	bl	100037b8 <__wrap___aeabi_uldivmod>
10001f62:	4b14      	ldr	r3, [pc, #80]	@ (10001fb4 <clock_configure+0xf8>)
10001f64:	00b6      	lsls	r6, r6, #2
10001f66:	5198      	str	r0, [r3, r6]
10001f68:	2001      	movs	r0, #1
10001f6a:	bcf0      	pop	{r4, r5, r6, r7}
10001f6c:	46bb      	mov	fp, r7
10001f6e:	46b2      	mov	sl, r6
10001f70:	46a9      	mov	r9, r5
10001f72:	46a0      	mov	r8, r4
10001f74:	bdf8      	pop	{r3, r4, r5, r6, r7, pc}
10001f76:	4b10      	ldr	r3, [pc, #64]	@ (10001fb8 <clock_configure+0xfc>)
10001f78:	4a10      	ldr	r2, [pc, #64]	@ (10001fbc <clock_configure+0x100>)
10001f7a:	4811      	ldr	r0, [pc, #68]	@ (10001fc0 <clock_configure+0x104>)
10001f7c:	2133      	movs	r1, #51	@ 0x33
10001f7e:	f000 f9d9 	bl	10002334 <__assert_func>
10001f82:	2f01      	cmp	r7, #1
10001f84:	d1c0      	bne.n	10001f08 <clock_configure+0x4c>
10001f86:	23c0      	movs	r3, #192	@ 0xc0
10001f88:	019b      	lsls	r3, r3, #6
10001f8a:	4323      	orrs	r3, r4
10001f8c:	2203      	movs	r2, #3
10001f8e:	601a      	str	r2, [r3, #0]
10001f90:	68a3      	ldr	r3, [r4, #8]
10001f92:	07db      	lsls	r3, r3, #31
10001f94:	d5fc      	bpl.n	10001f90 <clock_configure+0xd4>
10001f96:	e7ca      	b.n	10001f2e <clock_configure+0x72>
10001f98:	6821      	ldr	r1, [r4, #0]
10001f9a:	4079      	eors	r1, r7
10001f9c:	2203      	movs	r2, #3
10001f9e:	400a      	ands	r2, r1
10001fa0:	601a      	str	r2, [r3, #0]
10001fa2:	68a3      	ldr	r3, [r4, #8]
10001fa4:	2501      	movs	r5, #1
10001fa6:	40bd      	lsls	r5, r7
10001fa8:	421d      	tst	r5, r3
10001faa:	d0fa      	beq.n	10001fa2 <clock_configure+0xe6>
10001fac:	e7cb      	b.n	10001f46 <clock_configure+0x8a>
10001fae:	46c0      	nop			@ (mov r8, r8)
10001fb0:	40008000 	.word	0x40008000
10001fb4:	20001938 	.word	0x20001938
10001fb8:	10008184 	.word	0x10008184
10001fbc:	10008ca8 	.word	0x10008ca8
10001fc0:	10008198 	.word	0x10008198

10001fc4 <clocks_init>:
10001fc4:	b530      	push	{r4, r5, lr}
10001fc6:	b083      	sub	sp, #12
10001fc8:	200c      	movs	r0, #12
10001fca:	f000 f90b 	bl	100021e4 <watchdog_start_tick>
10001fce:	f7fe fb35 	bl	1000063c <running_on_fpga>
10001fd2:	2800      	cmp	r0, #0
10001fd4:	d00d      	beq.n	10001ff2 <clocks_init+0x2e>
10001fd6:	2300      	movs	r3, #0
10001fd8:	e004      	b.n	10001fe4 <clocks_init+0x20>
10001fda:	4a2e      	ldr	r2, [pc, #184]	@ (10002094 <clocks_init+0xd0>)
10001fdc:	0099      	lsls	r1, r3, #2
10001fde:	482e      	ldr	r0, [pc, #184]	@ (10002098 <clocks_init+0xd4>)
10001fe0:	5088      	str	r0, [r1, r2]
10001fe2:	3301      	adds	r3, #1
10001fe4:	2b09      	cmp	r3, #9
10001fe6:	d9f8      	bls.n	10001fda <clocks_init+0x16>
10001fe8:	4b2a      	ldr	r3, [pc, #168]	@ (10002094 <clocks_init+0xd0>)
10001fea:	4a2c      	ldr	r2, [pc, #176]	@ (1000209c <clocks_init+0xd8>)
10001fec:	625a      	str	r2, [r3, #36]	@ 0x24
10001fee:	b003      	add	sp, #12
10001ff0:	bd30      	pop	{r4, r5, pc}
10001ff2:	4b2b      	ldr	r3, [pc, #172]	@ (100020a0 <clocks_init+0xdc>)
10001ff4:	2200      	movs	r2, #0
10001ff6:	679a      	str	r2, [r3, #120]	@ 0x78
10001ff8:	f000 f966 	bl	100022c8 <xosc_init>
10001ffc:	4b29      	ldr	r3, [pc, #164]	@ (100020a4 <clocks_init+0xe0>)
10001ffe:	2201      	movs	r2, #1
10002000:	601a      	str	r2, [r3, #0]
10002002:	4b27      	ldr	r3, [pc, #156]	@ (100020a0 <clocks_init+0xdc>)
10002004:	6c5b      	ldr	r3, [r3, #68]	@ 0x44
10002006:	2b01      	cmp	r3, #1
10002008:	d1fb      	bne.n	10002002 <clocks_init+0x3e>
1000200a:	4b27      	ldr	r3, [pc, #156]	@ (100020a8 <clocks_init+0xe4>)
1000200c:	2203      	movs	r2, #3
1000200e:	601a      	str	r2, [r3, #0]
10002010:	4b23      	ldr	r3, [pc, #140]	@ (100020a0 <clocks_init+0xdc>)
10002012:	6b9b      	ldr	r3, [r3, #56]	@ 0x38
10002014:	2b01      	cmp	r3, #1
10002016:	d1fb      	bne.n	10002010 <clocks_init+0x4c>
10002018:	3301      	adds	r3, #1
1000201a:	9300      	str	r3, [sp, #0]
1000201c:	3304      	adds	r3, #4
1000201e:	4a23      	ldr	r2, [pc, #140]	@ (100020ac <clocks_init+0xe8>)
10002020:	2101      	movs	r1, #1
10002022:	4823      	ldr	r0, [pc, #140]	@ (100020b0 <clocks_init+0xec>)
10002024:	f000 f84e 	bl	100020c4 <pll_init>
10002028:	2305      	movs	r3, #5
1000202a:	9300      	str	r3, [sp, #0]
1000202c:	4a21      	ldr	r2, [pc, #132]	@ (100020b4 <clocks_init+0xf0>)
1000202e:	2101      	movs	r1, #1
10002030:	4821      	ldr	r0, [pc, #132]	@ (100020b8 <clocks_init+0xf4>)
10002032:	f000 f847 	bl	100020c4 <pll_init>
10002036:	4b21      	ldr	r3, [pc, #132]	@ (100020bc <clocks_init+0xf8>)
10002038:	9300      	str	r3, [sp, #0]
1000203a:	2200      	movs	r2, #0
1000203c:	2102      	movs	r1, #2
1000203e:	2004      	movs	r0, #4
10002040:	f7ff ff3c 	bl	10001ebc <clock_configure>
10002044:	4d1e      	ldr	r5, [pc, #120]	@ (100020c0 <clocks_init+0xfc>)
10002046:	9500      	str	r5, [sp, #0]
10002048:	002b      	movs	r3, r5
1000204a:	2200      	movs	r2, #0
1000204c:	2101      	movs	r1, #1
1000204e:	2005      	movs	r0, #5
10002050:	f7ff ff34 	bl	10001ebc <clock_configure>
10002054:	4c10      	ldr	r4, [pc, #64]	@ (10002098 <clocks_init+0xd4>)
10002056:	9400      	str	r4, [sp, #0]
10002058:	0023      	movs	r3, r4
1000205a:	2200      	movs	r2, #0
1000205c:	2100      	movs	r1, #0
1000205e:	2007      	movs	r0, #7
10002060:	f7ff ff2c 	bl	10001ebc <clock_configure>
10002064:	9400      	str	r4, [sp, #0]
10002066:	0023      	movs	r3, r4
10002068:	2200      	movs	r2, #0
1000206a:	2100      	movs	r1, #0
1000206c:	2008      	movs	r0, #8
1000206e:	f7ff ff25 	bl	10001ebc <clock_configure>
10002072:	4b0a      	ldr	r3, [pc, #40]	@ (1000209c <clocks_init+0xd8>)
10002074:	9300      	str	r3, [sp, #0]
10002076:	0023      	movs	r3, r4
10002078:	2200      	movs	r2, #0
1000207a:	2100      	movs	r1, #0
1000207c:	2009      	movs	r0, #9
1000207e:	f7ff ff1d 	bl	10001ebc <clock_configure>
10002082:	9500      	str	r5, [sp, #0]
10002084:	002b      	movs	r3, r5
10002086:	2200      	movs	r2, #0
10002088:	2100      	movs	r1, #0
1000208a:	2006      	movs	r0, #6
1000208c:	f7ff ff16 	bl	10001ebc <clock_configure>
10002090:	e7ad      	b.n	10001fee <clocks_init+0x2a>
10002092:	46c0      	nop			@ (mov r8, r8)
10002094:	20001938 	.word	0x20001938
10002098:	02dc6c00 	.word	0x02dc6c00
1000209c:	0000b71b 	.word	0x0000b71b
100020a0:	40008000 	.word	0x40008000
100020a4:	4000b03c 	.word	0x4000b03c
100020a8:	4000b030 	.word	0x4000b030
100020ac:	59682f00 	.word	0x59682f00
100020b0:	40028000 	.word	0x40028000
100020b4:	47868c00 	.word	0x47868c00
100020b8:	4002c000 	.word	0x4002c000
100020bc:	00b71b00 	.word	0x00b71b00
100020c0:	07735940 	.word	0x07735940

100020c4 <pll_init>:
100020c4:	b5f0      	push	{r4, r5, r6, r7, lr}
100020c6:	46c6      	mov	lr, r8
100020c8:	b500      	push	{lr}
100020ca:	0004      	movs	r4, r0
100020cc:	000e      	movs	r6, r1
100020ce:	0017      	movs	r7, r2
100020d0:	001d      	movs	r5, r3
100020d2:	4837      	ldr	r0, [pc, #220]	@ (100021b0 <pll_init+0xec>)
100020d4:	f001 fb32 	bl	1000373c <__wrap___aeabi_uidiv>
100020d8:	4680      	mov	r8, r0
100020da:	4b36      	ldr	r3, [pc, #216]	@ (100021b4 <pll_init+0xf0>)
100020dc:	18fa      	adds	r2, r7, r3
100020de:	4b36      	ldr	r3, [pc, #216]	@ (100021b8 <pll_init+0xf4>)
100020e0:	429a      	cmp	r2, r3
100020e2:	d839      	bhi.n	10002158 <pll_init+0x94>
100020e4:	0001      	movs	r1, r0
100020e6:	0038      	movs	r0, r7
100020e8:	f001 fb28 	bl	1000373c <__wrap___aeabi_uidiv>
100020ec:	0002      	movs	r2, r0
100020ee:	3a10      	subs	r2, #16
100020f0:	2398      	movs	r3, #152	@ 0x98
100020f2:	005b      	lsls	r3, r3, #1
100020f4:	429a      	cmp	r2, r3
100020f6:	d835      	bhi.n	10002164 <pll_init+0xa0>
100020f8:	1e6b      	subs	r3, r5, #1
100020fa:	2b06      	cmp	r3, #6
100020fc:	d838      	bhi.n	10002170 <pll_init+0xac>
100020fe:	9b06      	ldr	r3, [sp, #24]
10002100:	3b01      	subs	r3, #1
10002102:	2b06      	cmp	r3, #6
10002104:	d834      	bhi.n	10002170 <pll_init+0xac>
10002106:	093f      	lsrs	r7, r7, #4
10002108:	4547      	cmp	r7, r8
1000210a:	d337      	bcc.n	1000217c <pll_init+0xb8>
1000210c:	042d      	lsls	r5, r5, #16
1000210e:	9b06      	ldr	r3, [sp, #24]
10002110:	031b      	lsls	r3, r3, #12
10002112:	431d      	orrs	r5, r3
10002114:	6823      	ldr	r3, [r4, #0]
10002116:	2b00      	cmp	r3, #0
10002118:	db36      	blt.n	10002188 <pll_init+0xc4>
1000211a:	4b28      	ldr	r3, [pc, #160]	@ (100021bc <pll_init+0xf8>)
1000211c:	429c      	cmp	r4, r3
1000211e:	d044      	beq.n	100021aa <pll_init+0xe6>
10002120:	2380      	movs	r3, #128	@ 0x80
10002122:	015b      	lsls	r3, r3, #5
10002124:	4a26      	ldr	r2, [pc, #152]	@ (100021c0 <pll_init+0xfc>)
10002126:	6013      	str	r3, [r2, #0]
10002128:	4a26      	ldr	r2, [pc, #152]	@ (100021c4 <pll_init+0x100>)
1000212a:	6013      	str	r3, [r2, #0]
1000212c:	4a26      	ldr	r2, [pc, #152]	@ (100021c8 <pll_init+0x104>)
1000212e:	6892      	ldr	r2, [r2, #8]
10002130:	0019      	movs	r1, r3
10002132:	4391      	bics	r1, r2
10002134:	d1fa      	bne.n	1000212c <pll_init+0x68>
10002136:	6026      	str	r6, [r4, #0]
10002138:	60a0      	str	r0, [r4, #8]
1000213a:	1d22      	adds	r2, r4, #4
1000213c:	23c0      	movs	r3, #192	@ 0xc0
1000213e:	019b      	lsls	r3, r3, #6
10002140:	4313      	orrs	r3, r2
10002142:	2221      	movs	r2, #33	@ 0x21
10002144:	601a      	str	r2, [r3, #0]
10002146:	6822      	ldr	r2, [r4, #0]
10002148:	2a00      	cmp	r2, #0
1000214a:	dafc      	bge.n	10002146 <pll_init+0x82>
1000214c:	60e5      	str	r5, [r4, #12]
1000214e:	2208      	movs	r2, #8
10002150:	601a      	str	r2, [r3, #0]
10002152:	bc80      	pop	{r7}
10002154:	46b8      	mov	r8, r7
10002156:	bdf0      	pop	{r4, r5, r6, r7, pc}
10002158:	4b1c      	ldr	r3, [pc, #112]	@ (100021cc <pll_init+0x108>)
1000215a:	4a1d      	ldr	r2, [pc, #116]	@ (100021d0 <pll_init+0x10c>)
1000215c:	481d      	ldr	r0, [pc, #116]	@ (100021d4 <pll_init+0x110>)
1000215e:	2111      	movs	r1, #17
10002160:	f000 f8e8 	bl	10002334 <__assert_func>
10002164:	4b1c      	ldr	r3, [pc, #112]	@ (100021d8 <pll_init+0x114>)
10002166:	4a1a      	ldr	r2, [pc, #104]	@ (100021d0 <pll_init+0x10c>)
10002168:	481a      	ldr	r0, [pc, #104]	@ (100021d4 <pll_init+0x110>)
1000216a:	2119      	movs	r1, #25
1000216c:	f000 f8e2 	bl	10002334 <__assert_func>
10002170:	4b1a      	ldr	r3, [pc, #104]	@ (100021dc <pll_init+0x118>)
10002172:	4a17      	ldr	r2, [pc, #92]	@ (100021d0 <pll_init+0x10c>)
10002174:	4817      	ldr	r0, [pc, #92]	@ (100021d4 <pll_init+0x110>)
10002176:	211c      	movs	r1, #28
10002178:	f000 f8dc 	bl	10002334 <__assert_func>
1000217c:	4b18      	ldr	r3, [pc, #96]	@ (100021e0 <pll_init+0x11c>)
1000217e:	4a14      	ldr	r2, [pc, #80]	@ (100021d0 <pll_init+0x10c>)
10002180:	4814      	ldr	r0, [pc, #80]	@ (100021d4 <pll_init+0x110>)
10002182:	2123      	movs	r1, #35	@ 0x23
10002184:	f000 f8d6 	bl	10002334 <__assert_func>
10002188:	6822      	ldr	r2, [r4, #0]
1000218a:	233f      	movs	r3, #63	@ 0x3f
1000218c:	4013      	ands	r3, r2
1000218e:	42b3      	cmp	r3, r6
10002190:	d1c3      	bne.n	1000211a <pll_init+0x56>
10002192:	68a3      	ldr	r3, [r4, #8]
10002194:	051b      	lsls	r3, r3, #20
10002196:	0d1b      	lsrs	r3, r3, #20
10002198:	4283      	cmp	r3, r0
1000219a:	d1be      	bne.n	1000211a <pll_init+0x56>
1000219c:	68e3      	ldr	r3, [r4, #12]
1000219e:	22ee      	movs	r2, #238	@ 0xee
100021a0:	02d2      	lsls	r2, r2, #11
100021a2:	4013      	ands	r3, r2
100021a4:	42ab      	cmp	r3, r5
100021a6:	d1b8      	bne.n	1000211a <pll_init+0x56>
100021a8:	e7d3      	b.n	10002152 <pll_init+0x8e>
100021aa:	2380      	movs	r3, #128	@ 0x80
100021ac:	019b      	lsls	r3, r3, #6
100021ae:	e7b9      	b.n	10002124 <pll_init+0x60>
100021b0:	00b71b00 	.word	0x00b71b00
100021b4:	d34be880 	.word	0xd34be880
100021b8:	32a9f880 	.word	0x32a9f880
100021bc:	4002c000 	.word	0x4002c000
100021c0:	4000e000 	.word	0x4000e000
100021c4:	4000f000 	.word	0x4000f000
100021c8:	4000c000 	.word	0x4000c000
100021cc:	100081f8 	.word	0x100081f8
100021d0:	10008cb8 	.word	0x10008cb8
100021d4:	10008258 	.word	0x10008258
100021d8:	100082b4 	.word	0x100082b4
100021dc:	100082d0 	.word	0x100082d0
100021e0:	1000831c 	.word	0x1000831c

100021e4 <watchdog_start_tick>:
100021e4:	2380      	movs	r3, #128	@ 0x80
100021e6:	009b      	lsls	r3, r3, #2
100021e8:	4303      	orrs	r3, r0
100021ea:	4a01      	ldr	r2, [pc, #4]	@ (100021f0 <watchdog_start_tick+0xc>)
100021ec:	62d3      	str	r3, [r2, #44]	@ 0x2c
100021ee:	4770      	bx	lr
100021f0:	40058000 	.word	0x40058000

100021f4 <watchdog_update>:
100021f4:	4b02      	ldr	r3, [pc, #8]	@ (10002200 <watchdog_update+0xc>)
100021f6:	681a      	ldr	r2, [r3, #0]
100021f8:	4b02      	ldr	r3, [pc, #8]	@ (10002204 <watchdog_update+0x10>)
100021fa:	605a      	str	r2, [r3, #4]
100021fc:	4770      	bx	lr
100021fe:	46c0      	nop			@ (mov r8, r8)
10002200:	20001de8 	.word	0x20001de8
10002204:	40058000 	.word	0x40058000

10002208 <_watchdog_enable>:
10002208:	b510      	push	{r4, lr}
1000220a:	4b17      	ldr	r3, [pc, #92]	@ (10002268 <_watchdog_enable+0x60>)
1000220c:	2280      	movs	r2, #128	@ 0x80
1000220e:	05d2      	lsls	r2, r2, #23
10002210:	601a      	str	r2, [r3, #0]
10002212:	4b16      	ldr	r3, [pc, #88]	@ (1000226c <_watchdog_enable+0x64>)
10002214:	4a16      	ldr	r2, [pc, #88]	@ (10002270 <_watchdog_enable+0x68>)
10002216:	601a      	str	r2, [r3, #0]
10002218:	2900      	cmp	r1, #0
1000221a:	d00a      	beq.n	10002232 <_watchdog_enable+0x2a>
1000221c:	4b15      	ldr	r3, [pc, #84]	@ (10002274 <_watchdog_enable+0x6c>)
1000221e:	22e0      	movs	r2, #224	@ 0xe0
10002220:	04d2      	lsls	r2, r2, #19
10002222:	601a      	str	r2, [r3, #0]
10002224:	2800      	cmp	r0, #0
10002226:	d109      	bne.n	1000223c <_watchdog_enable+0x34>
10002228:	4b12      	ldr	r3, [pc, #72]	@ (10002274 <_watchdog_enable+0x6c>)
1000222a:	2280      	movs	r2, #128	@ 0x80
1000222c:	0612      	lsls	r2, r2, #24
1000222e:	601a      	str	r2, [r3, #0]
10002230:	bd10      	pop	{r4, pc}
10002232:	4b0d      	ldr	r3, [pc, #52]	@ (10002268 <_watchdog_enable+0x60>)
10002234:	22e0      	movs	r2, #224	@ 0xe0
10002236:	04d2      	lsls	r2, r2, #19
10002238:	601a      	str	r2, [r3, #0]
1000223a:	e7f3      	b.n	10002224 <_watchdog_enable+0x1c>
1000223c:	0143      	lsls	r3, r0, #5
1000223e:	1a1b      	subs	r3, r3, r0
10002240:	009b      	lsls	r3, r3, #2
10002242:	1818      	adds	r0, r3, r0
10002244:	0100      	lsls	r0, r0, #4
10002246:	4b0c      	ldr	r3, [pc, #48]	@ (10002278 <_watchdog_enable+0x70>)
10002248:	6018      	str	r0, [r3, #0]
1000224a:	2380      	movs	r3, #128	@ 0x80
1000224c:	045b      	lsls	r3, r3, #17
1000224e:	4298      	cmp	r0, r3
10002250:	d302      	bcc.n	10002258 <_watchdog_enable+0x50>
10002252:	4b09      	ldr	r3, [pc, #36]	@ (10002278 <_watchdog_enable+0x70>)
10002254:	4a09      	ldr	r2, [pc, #36]	@ (1000227c <_watchdog_enable+0x74>)
10002256:	601a      	str	r2, [r3, #0]
10002258:	f7ff ffcc 	bl	100021f4 <watchdog_update>
1000225c:	4b05      	ldr	r3, [pc, #20]	@ (10002274 <_watchdog_enable+0x6c>)
1000225e:	2280      	movs	r2, #128	@ 0x80
10002260:	05d2      	lsls	r2, r2, #23
10002262:	601a      	str	r2, [r3, #0]
10002264:	e7e4      	b.n	10002230 <_watchdog_enable+0x28>
10002266:	46c0      	nop			@ (mov r8, r8)
10002268:	4005b000 	.word	0x4005b000
1000226c:	40012008 	.word	0x40012008
10002270:	0001fffc 	.word	0x0001fffc
10002274:	4005a000 	.word	0x4005a000
10002278:	20001de8 	.word	0x20001de8
1000227c:	00ffffff 	.word	0x00ffffff

10002280 <watchdog_reboot>:
10002280:	b510      	push	{r4, lr}
10002282:	0003      	movs	r3, r0
10002284:	0010      	movs	r0, r2
10002286:	4a0c      	ldr	r2, [pc, #48]	@ (100022b8 <watchdog_reboot+0x38>)
10002288:	2480      	movs	r4, #128	@ 0x80
1000228a:	05e4      	lsls	r4, r4, #23
1000228c:	6014      	str	r4, [r2, #0]
1000228e:	2b00      	cmp	r3, #0
10002290:	d00d      	beq.n	100022ae <watchdog_reboot+0x2e>
10002292:	2201      	movs	r2, #1
10002294:	4313      	orrs	r3, r2
10002296:	4a09      	ldr	r2, [pc, #36]	@ (100022bc <watchdog_reboot+0x3c>)
10002298:	4c09      	ldr	r4, [pc, #36]	@ (100022c0 <watchdog_reboot+0x40>)
1000229a:	61d4      	str	r4, [r2, #28]
1000229c:	4c09      	ldr	r4, [pc, #36]	@ (100022c4 <watchdog_reboot+0x44>)
1000229e:	405c      	eors	r4, r3
100022a0:	6214      	str	r4, [r2, #32]
100022a2:	6251      	str	r1, [r2, #36]	@ 0x24
100022a4:	6293      	str	r3, [r2, #40]	@ 0x28
100022a6:	2100      	movs	r1, #0
100022a8:	f7ff ffae 	bl	10002208 <_watchdog_enable>
100022ac:	bd10      	pop	{r4, pc}
100022ae:	4b03      	ldr	r3, [pc, #12]	@ (100022bc <watchdog_reboot+0x3c>)
100022b0:	2200      	movs	r2, #0
100022b2:	61da      	str	r2, [r3, #28]
100022b4:	e7f7      	b.n	100022a6 <watchdog_reboot+0x26>
100022b6:	46c0      	nop			@ (mov r8, r8)
100022b8:	4005b000 	.word	0x4005b000
100022bc:	40058000 	.word	0x40058000
100022c0:	b007c0d3 	.word	0xb007c0d3
100022c4:	4ff83f2d 	.word	0x4ff83f2d

100022c8 <xosc_init>:
100022c8:	4b06      	ldr	r3, [pc, #24]	@ (100022e4 <xosc_init+0x1c>)
100022ca:	22aa      	movs	r2, #170	@ 0xaa
100022cc:	0112      	lsls	r2, r2, #4
100022ce:	601a      	str	r2, [r3, #0]
100022d0:	222f      	movs	r2, #47	@ 0x2f
100022d2:	60da      	str	r2, [r3, #12]
100022d4:	4b04      	ldr	r3, [pc, #16]	@ (100022e8 <xosc_init+0x20>)
100022d6:	4a05      	ldr	r2, [pc, #20]	@ (100022ec <xosc_init+0x24>)
100022d8:	601a      	str	r2, [r3, #0]
100022da:	4b02      	ldr	r3, [pc, #8]	@ (100022e4 <xosc_init+0x1c>)
100022dc:	685b      	ldr	r3, [r3, #4]
100022de:	2b00      	cmp	r3, #0
100022e0:	dafb      	bge.n	100022da <xosc_init+0x12>
100022e2:	4770      	bx	lr
100022e4:	40024000 	.word	0x40024000
100022e8:	40026000 	.word	0x40026000
100022ec:	00fab000 	.word	0x00fab000

100022f0 <_exit>:
100022f0:	be00      	bkpt	0x0000
100022f2:	e7fd      	b.n	100022f0 <_exit>

100022f4 <_sbrk>:
100022f4:	0003      	movs	r3, r0
100022f6:	4a0a      	ldr	r2, [pc, #40]	@ (10002320 <_sbrk+0x2c>)
100022f8:	6812      	ldr	r2, [r2, #0]
100022fa:	2a00      	cmp	r2, #0
100022fc:	d008      	beq.n	10002310 <_sbrk+0x1c>
100022fe:	4a08      	ldr	r2, [pc, #32]	@ (10002320 <_sbrk+0x2c>)
10002300:	6810      	ldr	r0, [r2, #0]
10002302:	18c3      	adds	r3, r0, r3
10002304:	4a07      	ldr	r2, [pc, #28]	@ (10002324 <_sbrk+0x30>)
10002306:	429a      	cmp	r2, r3
10002308:	d306      	bcc.n	10002318 <_sbrk+0x24>
1000230a:	4a05      	ldr	r2, [pc, #20]	@ (10002320 <_sbrk+0x2c>)
1000230c:	6013      	str	r3, [r2, #0]
1000230e:	4770      	bx	lr
10002310:	4a03      	ldr	r2, [pc, #12]	@ (10002320 <_sbrk+0x2c>)
10002312:	4905      	ldr	r1, [pc, #20]	@ (10002328 <_sbrk+0x34>)
10002314:	6011      	str	r1, [r2, #0]
10002316:	e7f2      	b.n	100022fe <_sbrk+0xa>
10002318:	2001      	movs	r0, #1
1000231a:	4240      	negs	r0, r0
1000231c:	e7f7      	b.n	1000230e <_sbrk+0x1a>
1000231e:	46c0      	nop			@ (mov r8, r8)
10002320:	200019dc 	.word	0x200019dc
10002324:	20040000 	.word	0x20040000
10002328:	2000206c 	.word	0x2000206c

1000232c <exit>:
1000232c:	b510      	push	{r4, lr}
1000232e:	f7ff ffdf 	bl	100022f0 <_exit>
	...

10002334 <__assert_func>:
10002334:	b530      	push	{r4, r5, lr}
10002336:	b083      	sub	sp, #12
10002338:	000d      	movs	r5, r1
1000233a:	0019      	movs	r1, r3
1000233c:	2a00      	cmp	r2, #0
1000233e:	d00b      	beq.n	10002358 <__assert_func+0x24>
10002340:	4b07      	ldr	r3, [pc, #28]	@ (10002360 <__assert_func+0x2c>)
10002342:	4c08      	ldr	r4, [pc, #32]	@ (10002364 <__assert_func+0x30>)
10002344:	9201      	str	r2, [sp, #4]
10002346:	9300      	str	r3, [sp, #0]
10002348:	002b      	movs	r3, r5
1000234a:	0002      	movs	r2, r0
1000234c:	0020      	movs	r0, r4
1000234e:	f002 fb03 	bl	10004958 <__wrap_printf>
10002352:	2001      	movs	r0, #1
10002354:	f7ff ffcc 	bl	100022f0 <_exit>
10002358:	4b03      	ldr	r3, [pc, #12]	@ (10002368 <__assert_func+0x34>)
1000235a:	001a      	movs	r2, r3
1000235c:	e7f1      	b.n	10002342 <__assert_func+0xe>
1000235e:	46c0      	nop			@ (mov r8, r8)
10002360:	10008338 	.word	0x10008338
10002364:	10008348 	.word	0x10008348
10002368:	10008344 	.word	0x10008344

1000236c <runtime_init>:
1000236c:	b570      	push	{r4, r5, r6, lr}
1000236e:	4b2b      	ldr	r3, [pc, #172]	@ (1000241c <runtime_init+0xb0>)
10002370:	4a2b      	ldr	r2, [pc, #172]	@ (10002420 <runtime_init+0xb4>)
10002372:	601a      	str	r2, [r3, #0]
10002374:	4b2b      	ldr	r3, [pc, #172]	@ (10002424 <runtime_init+0xb8>)
10002376:	4a2c      	ldr	r2, [pc, #176]	@ (10002428 <runtime_init+0xbc>)
10002378:	601a      	str	r2, [r3, #0]
1000237a:	4b2c      	ldr	r3, [pc, #176]	@ (1000242c <runtime_init+0xc0>)
1000237c:	689a      	ldr	r2, [r3, #8]
1000237e:	4b2a      	ldr	r3, [pc, #168]	@ (10002428 <runtime_init+0xbc>)
10002380:	4393      	bics	r3, r2
10002382:	d1fa      	bne.n	1000237a <runtime_init+0xe>
10002384:	4c2a      	ldr	r4, [pc, #168]	@ (10002430 <runtime_init+0xc4>)
10002386:	e001      	b.n	1000238c <runtime_init+0x20>
10002388:	cc08      	ldmia	r4!, {r3}
1000238a:	4798      	blx	r3
1000238c:	4b29      	ldr	r3, [pc, #164]	@ (10002434 <runtime_init+0xc8>)
1000238e:	429c      	cmp	r4, r3
10002390:	d3fa      	bcc.n	10002388 <runtime_init+0x1c>
10002392:	f7ff fe17 	bl	10001fc4 <clocks_init>
10002396:	4b23      	ldr	r3, [pc, #140]	@ (10002424 <runtime_init+0xb8>)
10002398:	4a27      	ldr	r2, [pc, #156]	@ (10002438 <runtime_init+0xcc>)
1000239a:	601a      	str	r2, [r3, #0]
1000239c:	4b23      	ldr	r3, [pc, #140]	@ (1000242c <runtime_init+0xc0>)
1000239e:	689b      	ldr	r3, [r3, #8]
100023a0:	43db      	mvns	r3, r3
100023a2:	01db      	lsls	r3, r3, #7
100023a4:	d1fa      	bne.n	1000239c <runtime_init+0x30>
100023a6:	4b25      	ldr	r3, [pc, #148]	@ (1000243c <runtime_init+0xd0>)
100023a8:	2240      	movs	r2, #64	@ 0x40
100023aa:	679a      	str	r2, [r3, #120]	@ 0x78
100023ac:	675a      	str	r2, [r3, #116]	@ 0x74
100023ae:	671a      	str	r2, [r3, #112]	@ 0x70
100023b0:	66da      	str	r2, [r3, #108]	@ 0x6c
100023b2:	4c23      	ldr	r4, [pc, #140]	@ (10002440 <runtime_init+0xd4>)
100023b4:	e009      	b.n	100023ca <runtime_init+0x5e>
100023b6:	4b23      	ldr	r3, [pc, #140]	@ (10002444 <runtime_init+0xd8>)
100023b8:	4a23      	ldr	r2, [pc, #140]	@ (10002448 <runtime_init+0xdc>)
100023ba:	4824      	ldr	r0, [pc, #144]	@ (1000244c <runtime_init+0xe0>)
100023bc:	2187      	movs	r1, #135	@ 0x87
100023be:	f7ff ffb9 	bl	10002334 <__assert_func>
100023c2:	0020      	movs	r0, r4
100023c4:	f7fe fd71 	bl	10000eaa <mutex_init>
100023c8:	3408      	adds	r4, #8
100023ca:	4b21      	ldr	r3, [pc, #132]	@ (10002450 <runtime_init+0xe4>)
100023cc:	429c      	cmp	r4, r3
100023ce:	d209      	bcs.n	100023e4 <runtime_init+0x78>
100023d0:	6823      	ldr	r3, [r4, #0]
100023d2:	2b00      	cmp	r3, #0
100023d4:	d0f5      	beq.n	100023c2 <runtime_init+0x56>
100023d6:	2b01      	cmp	r3, #1
100023d8:	d1ed      	bne.n	100023b6 <runtime_init+0x4a>
100023da:	0020      	movs	r0, r4
100023dc:	f7fe fd72 	bl	10000ec4 <recursive_mutex_init>
100023e0:	3408      	adds	r4, #8
100023e2:	e7f2      	b.n	100023ca <runtime_init+0x5e>
100023e4:	4d1b      	ldr	r5, [pc, #108]	@ (10002454 <runtime_init+0xe8>)
100023e6:	68a9      	ldr	r1, [r5, #8]
100023e8:	4c1b      	ldr	r4, [pc, #108]	@ (10002458 <runtime_init+0xec>)
100023ea:	22c0      	movs	r2, #192	@ 0xc0
100023ec:	0020      	movs	r0, r4
100023ee:	f002 f8a3 	bl	10004538 <__wrap___aeabi_memcpy>
100023f2:	60ac      	str	r4, [r5, #8]
100023f4:	f3ef 8305 	mrs	r3, IPSR
100023f8:	2b00      	cmp	r3, #0
100023fa:	d000      	beq.n	100023fe <runtime_init+0x92>
100023fc:	be00      	bkpt	0x0000
100023fe:	f7fe f97f 	bl	10000700 <spin_locks_reset>
10002402:	f7fe fcd1 	bl	10000da8 <irq_init_priorities>
10002406:	f7ff f899 	bl	1000153c <alarm_pool_init_default>
1000240a:	4c14      	ldr	r4, [pc, #80]	@ (1000245c <runtime_init+0xf0>)
1000240c:	e001      	b.n	10002412 <runtime_init+0xa6>
1000240e:	cc08      	ldmia	r4!, {r3}
10002410:	4798      	blx	r3
10002412:	4b13      	ldr	r3, [pc, #76]	@ (10002460 <runtime_init+0xf4>)
10002414:	429c      	cmp	r4, r3
10002416:	d3fa      	bcc.n	1000240e <runtime_init+0xa2>
10002418:	bd70      	pop	{r4, r5, r6, pc}
1000241a:	46c0      	nop			@ (mov r8, r8)
1000241c:	4000e000 	.word	0x4000e000
10002420:	fefbcdbf 	.word	0xfefbcdbf
10002424:	4000f000 	.word	0x4000f000
10002428:	003c7ffe 	.word	0x003c7ffe
1000242c:	4000c000 	.word	0x4000c000
10002430:	20001148 	.word	0x20001148
10002434:	20001158 	.word	0x20001158
10002438:	01ffffff 	.word	0x01ffffff
1000243c:	4001f000 	.word	0x4001f000
10002440:	20001140 	.word	0x20001140
10002444:	10008378 	.word	0x10008378
10002448:	10008cc4 	.word	0x10008cc4
1000244c:	10008398 	.word	0x10008398
10002450:	20001148 	.word	0x20001148
10002454:	e000ed00 	.word	0xe000ed00
10002458:	20000000 	.word	0x20000000
1000245c:	20001158 	.word	0x20001158
10002460:	20001160 	.word	0x20001160

10002464 <panic>:
10002464:	b40f      	push	{r0, r1, r2, r3}
10002466:	b500      	push	{lr}
10002468:	b083      	sub	sp, #12
1000246a:	4808      	ldr	r0, [pc, #32]	@ (1000248c <panic+0x28>)
1000246c:	f002 fa44 	bl	100048f8 <__wrap_puts>
10002470:	9b04      	ldr	r3, [sp, #16]
10002472:	2b00      	cmp	r3, #0
10002474:	d007      	beq.n	10002486 <panic+0x22>
10002476:	a905      	add	r1, sp, #20
10002478:	9101      	str	r1, [sp, #4]
1000247a:	0018      	movs	r0, r3
1000247c:	f002 fa4c 	bl	10004918 <__wrap_vprintf>
10002480:	4803      	ldr	r0, [pc, #12]	@ (10002490 <panic+0x2c>)
10002482:	f002 fa39 	bl	100048f8 <__wrap_puts>
10002486:	2001      	movs	r0, #1
10002488:	f7ff ff32 	bl	100022f0 <_exit>
1000248c:	100083f8 	.word	0x100083f8
10002490:	10008408 	.word	0x10008408

10002494 <_out_null>:
10002494:	4770      	bx	lr

10002496 <_out_fct>:
10002496:	b510      	push	{r4, lr}
10002498:	2800      	cmp	r0, #0
1000249a:	d002      	beq.n	100024a2 <_out_fct+0xc>
1000249c:	680b      	ldr	r3, [r1, #0]
1000249e:	6849      	ldr	r1, [r1, #4]
100024a0:	4798      	blx	r3
100024a2:	bd10      	pop	{r4, pc}

100024a4 <_atoi>:
100024a4:	0001      	movs	r1, r0
100024a6:	2000      	movs	r0, #0
100024a8:	e007      	b.n	100024ba <_atoi+0x16>
100024aa:	0083      	lsls	r3, r0, #2
100024ac:	181b      	adds	r3, r3, r0
100024ae:	005b      	lsls	r3, r3, #1
100024b0:	1c50      	adds	r0, r2, #1
100024b2:	6008      	str	r0, [r1, #0]
100024b4:	7810      	ldrb	r0, [r2, #0]
100024b6:	18c0      	adds	r0, r0, r3
100024b8:	3830      	subs	r0, #48	@ 0x30
100024ba:	680a      	ldr	r2, [r1, #0]
100024bc:	7813      	ldrb	r3, [r2, #0]
100024be:	3b30      	subs	r3, #48	@ 0x30
100024c0:	b2db      	uxtb	r3, r3
100024c2:	2b09      	cmp	r3, #9
100024c4:	d9f1      	bls.n	100024aa <_atoi+0x6>
100024c6:	4770      	bx	lr

100024c8 <_out_rev>:
100024c8:	b5f0      	push	{r4, r5, r6, r7, lr}
100024ca:	46de      	mov	lr, fp
100024cc:	4657      	mov	r7, sl
100024ce:	464e      	mov	r6, r9
100024d0:	4645      	mov	r5, r8
100024d2:	b5e0      	push	{r5, r6, r7, lr}
100024d4:	b083      	sub	sp, #12
100024d6:	4693      	mov	fp, r2
100024d8:	001f      	movs	r7, r3
100024da:	9b0c      	ldr	r3, [sp, #48]	@ 0x30
100024dc:	469a      	mov	sl, r3
100024de:	9c0d      	ldr	r4, [sp, #52]	@ 0x34
100024e0:	9b0e      	ldr	r3, [sp, #56]	@ 0x38
100024e2:	4699      	mov	r9, r3
100024e4:	9b0f      	ldr	r3, [sp, #60]	@ 0x3c
100024e6:	079b      	lsls	r3, r3, #30
100024e8:	d017      	beq.n	1000251a <_out_rev+0x52>
100024ea:	46b8      	mov	r8, r7
100024ec:	000f      	movs	r7, r1
100024ee:	0006      	movs	r6, r0
100024f0:	e022      	b.n	10002538 <_out_rev+0x70>
100024f2:	1c55      	adds	r5, r2, #1
100024f4:	464b      	mov	r3, r9
100024f6:	4641      	mov	r1, r8
100024f8:	2020      	movs	r0, #32
100024fa:	47b8      	blx	r7
100024fc:	3401      	adds	r4, #1
100024fe:	002a      	movs	r2, r5
10002500:	42b4      	cmp	r4, r6
10002502:	d3f6      	bcc.n	100024f2 <_out_rev+0x2a>
10002504:	003d      	movs	r5, r7
10002506:	464f      	mov	r7, r9
10002508:	465c      	mov	r4, fp
1000250a:	9b01      	ldr	r3, [sp, #4]
1000250c:	469b      	mov	fp, r3
1000250e:	46b1      	mov	r9, r6
10002510:	4646      	mov	r6, r8
10002512:	46b8      	mov	r8, r7
10002514:	0037      	movs	r7, r6
10002516:	002e      	movs	r6, r5
10002518:	e00e      	b.n	10002538 <_out_rev+0x70>
1000251a:	9201      	str	r2, [sp, #4]
1000251c:	46a3      	mov	fp, r4
1000251e:	4688      	mov	r8, r1
10002520:	464e      	mov	r6, r9
10002522:	46b9      	mov	r9, r7
10002524:	0007      	movs	r7, r0
10002526:	e7eb      	b.n	10002500 <_out_rev+0x38>
10002528:	3c01      	subs	r4, #1
1000252a:	1c55      	adds	r5, r2, #1
1000252c:	4653      	mov	r3, sl
1000252e:	5d18      	ldrb	r0, [r3, r4]
10002530:	4643      	mov	r3, r8
10002532:	0039      	movs	r1, r7
10002534:	47b0      	blx	r6
10002536:	002a      	movs	r2, r5
10002538:	2c00      	cmp	r4, #0
1000253a:	d1f5      	bne.n	10002528 <_out_rev+0x60>
1000253c:	0035      	movs	r5, r6
1000253e:	003e      	movs	r6, r7
10002540:	4647      	mov	r7, r8
10002542:	9b0f      	ldr	r3, [sp, #60]	@ 0x3c
10002544:	079b      	lsls	r3, r3, #30
10002546:	d411      	bmi.n	1000256c <_out_rev+0xa4>
10002548:	0010      	movs	r0, r2
1000254a:	b003      	add	sp, #12
1000254c:	bcf0      	pop	{r4, r5, r6, r7}
1000254e:	46bb      	mov	fp, r7
10002550:	46b2      	mov	sl, r6
10002552:	46a9      	mov	r9, r5
10002554:	46a0      	mov	r8, r4
10002556:	bdf0      	pop	{r4, r5, r6, r7, pc}
10002558:	1c54      	adds	r4, r2, #1
1000255a:	464b      	mov	r3, r9
1000255c:	4641      	mov	r1, r8
1000255e:	2020      	movs	r0, #32
10002560:	47b8      	blx	r7
10002562:	0022      	movs	r2, r4
10002564:	1b53      	subs	r3, r2, r5
10002566:	42b3      	cmp	r3, r6
10002568:	d3f6      	bcc.n	10002558 <_out_rev+0x90>
1000256a:	e7ed      	b.n	10002548 <_out_rev+0x80>
1000256c:	46b0      	mov	r8, r6
1000256e:	464e      	mov	r6, r9
10002570:	46b9      	mov	r9, r7
10002572:	002f      	movs	r7, r5
10002574:	465d      	mov	r5, fp
10002576:	e7f5      	b.n	10002564 <_out_rev+0x9c>

10002578 <_ntoa_format>:
10002578:	b5f0      	push	{r4, r5, r6, r7, lr}
1000257a:	46ce      	mov	lr, r9
1000257c:	4647      	mov	r7, r8
1000257e:	b580      	push	{r7, lr}
10002580:	b085      	sub	sp, #20
10002582:	4694      	mov	ip, r2
10002584:	4698      	mov	r8, r3
10002586:	9d0c      	ldr	r5, [sp, #48]	@ 0x30
10002588:	9c0d      	ldr	r4, [sp, #52]	@ 0x34
1000258a:	ab0e      	add	r3, sp, #56	@ 0x38
1000258c:	781b      	ldrb	r3, [r3, #0]
1000258e:	4699      	mov	r9, r3
10002590:	9a10      	ldr	r2, [sp, #64]	@ 0x40
10002592:	9b11      	ldr	r3, [sp, #68]	@ 0x44
10002594:	9e12      	ldr	r6, [sp, #72]	@ 0x48
10002596:	07b7      	lsls	r7, r6, #30
10002598:	d41c      	bmi.n	100025d4 <_ntoa_format+0x5c>
1000259a:	2b00      	cmp	r3, #0
1000259c:	d00c      	beq.n	100025b8 <_ntoa_format+0x40>
1000259e:	07f7      	lsls	r7, r6, #31
100025a0:	d50a      	bpl.n	100025b8 <_ntoa_format+0x40>
100025a2:	464f      	mov	r7, r9
100025a4:	2f00      	cmp	r7, #0
100025a6:	d102      	bne.n	100025ae <_ntoa_format+0x36>
100025a8:	370c      	adds	r7, #12
100025aa:	4237      	tst	r7, r6
100025ac:	d004      	beq.n	100025b8 <_ntoa_format+0x40>
100025ae:	3b01      	subs	r3, #1
100025b0:	e002      	b.n	100025b8 <_ntoa_format+0x40>
100025b2:	2730      	movs	r7, #48	@ 0x30
100025b4:	552f      	strb	r7, [r5, r4]
100025b6:	3401      	adds	r4, #1
100025b8:	4294      	cmp	r4, r2
100025ba:	d201      	bcs.n	100025c0 <_ntoa_format+0x48>
100025bc:	2c1f      	cmp	r4, #31
100025be:	d9f8      	bls.n	100025b2 <_ntoa_format+0x3a>
100025c0:	07f7      	lsls	r7, r6, #31
100025c2:	d507      	bpl.n	100025d4 <_ntoa_format+0x5c>
100025c4:	429c      	cmp	r4, r3
100025c6:	d205      	bcs.n	100025d4 <_ntoa_format+0x5c>
100025c8:	2c1f      	cmp	r4, #31
100025ca:	d803      	bhi.n	100025d4 <_ntoa_format+0x5c>
100025cc:	2730      	movs	r7, #48	@ 0x30
100025ce:	552f      	strb	r7, [r5, r4]
100025d0:	3401      	adds	r4, #1
100025d2:	e7f5      	b.n	100025c0 <_ntoa_format+0x48>
100025d4:	06f7      	lsls	r7, r6, #27
100025d6:	d512      	bpl.n	100025fe <_ntoa_format+0x86>
100025d8:	0577      	lsls	r7, r6, #21
100025da:	d405      	bmi.n	100025e8 <_ntoa_format+0x70>
100025dc:	2c00      	cmp	r4, #0
100025de:	d003      	beq.n	100025e8 <_ntoa_format+0x70>
100025e0:	4294      	cmp	r4, r2
100025e2:	d021      	beq.n	10002628 <_ntoa_format+0xb0>
100025e4:	429c      	cmp	r4, r3
100025e6:	d01f      	beq.n	10002628 <_ntoa_format+0xb0>
100025e8:	9a0f      	ldr	r2, [sp, #60]	@ 0x3c
100025ea:	2a10      	cmp	r2, #16
100025ec:	d02f      	beq.n	1000264e <_ntoa_format+0xd6>
100025ee:	9a0f      	ldr	r2, [sp, #60]	@ 0x3c
100025f0:	2a02      	cmp	r2, #2
100025f2:	d036      	beq.n	10002662 <_ntoa_format+0xea>
100025f4:	2c1f      	cmp	r4, #31
100025f6:	d80a      	bhi.n	1000260e <_ntoa_format+0x96>
100025f8:	2230      	movs	r2, #48	@ 0x30
100025fa:	552a      	strb	r2, [r5, r4]
100025fc:	3401      	adds	r4, #1
100025fe:	2c1f      	cmp	r4, #31
10002600:	d805      	bhi.n	1000260e <_ntoa_format+0x96>
10002602:	464a      	mov	r2, r9
10002604:	2a00      	cmp	r2, #0
10002606:	d032      	beq.n	1000266e <_ntoa_format+0xf6>
10002608:	222d      	movs	r2, #45	@ 0x2d
1000260a:	552a      	strb	r2, [r5, r4]
1000260c:	3401      	adds	r4, #1
1000260e:	9603      	str	r6, [sp, #12]
10002610:	9302      	str	r3, [sp, #8]
10002612:	9401      	str	r4, [sp, #4]
10002614:	9500      	str	r5, [sp, #0]
10002616:	4643      	mov	r3, r8
10002618:	4662      	mov	r2, ip
1000261a:	f7ff ff55 	bl	100024c8 <_out_rev>
1000261e:	b005      	add	sp, #20
10002620:	bcc0      	pop	{r6, r7}
10002622:	46b9      	mov	r9, r7
10002624:	46b0      	mov	r8, r6
10002626:	bdf0      	pop	{r4, r5, r6, r7, pc}
10002628:	1e62      	subs	r2, r4, #1
1000262a:	2c01      	cmp	r4, #1
1000262c:	d017      	beq.n	1000265e <_ntoa_format+0xe6>
1000262e:	9f0f      	ldr	r7, [sp, #60]	@ 0x3c
10002630:	2f10      	cmp	r7, #16
10002632:	d00b      	beq.n	1000264c <_ntoa_format+0xd4>
10002634:	0014      	movs	r4, r2
10002636:	9a0f      	ldr	r2, [sp, #60]	@ 0x3c
10002638:	2a10      	cmp	r2, #16
1000263a:	d1d8      	bne.n	100025ee <_ntoa_format+0x76>
1000263c:	06b2      	lsls	r2, r6, #26
1000263e:	d5d6      	bpl.n	100025ee <_ntoa_format+0x76>
10002640:	2c1f      	cmp	r4, #31
10002642:	d8d4      	bhi.n	100025ee <_ntoa_format+0x76>
10002644:	2258      	movs	r2, #88	@ 0x58
10002646:	552a      	strb	r2, [r5, r4]
10002648:	3401      	adds	r4, #1
1000264a:	e7d3      	b.n	100025f4 <_ntoa_format+0x7c>
1000264c:	3c02      	subs	r4, #2
1000264e:	06b2      	lsls	r2, r6, #26
10002650:	d4f1      	bmi.n	10002636 <_ntoa_format+0xbe>
10002652:	2c1f      	cmp	r4, #31
10002654:	d8ef      	bhi.n	10002636 <_ntoa_format+0xbe>
10002656:	2278      	movs	r2, #120	@ 0x78
10002658:	552a      	strb	r2, [r5, r4]
1000265a:	3401      	adds	r4, #1
1000265c:	e7ca      	b.n	100025f4 <_ntoa_format+0x7c>
1000265e:	0014      	movs	r4, r2
10002660:	e7c2      	b.n	100025e8 <_ntoa_format+0x70>
10002662:	2c1f      	cmp	r4, #31
10002664:	d8d3      	bhi.n	1000260e <_ntoa_format+0x96>
10002666:	3260      	adds	r2, #96	@ 0x60
10002668:	552a      	strb	r2, [r5, r4]
1000266a:	3401      	adds	r4, #1
1000266c:	e7c2      	b.n	100025f4 <_ntoa_format+0x7c>
1000266e:	0772      	lsls	r2, r6, #29
10002670:	d503      	bpl.n	1000267a <_ntoa_format+0x102>
10002672:	222b      	movs	r2, #43	@ 0x2b
10002674:	552a      	strb	r2, [r5, r4]
10002676:	3401      	adds	r4, #1
10002678:	e7c9      	b.n	1000260e <_ntoa_format+0x96>
1000267a:	0732      	lsls	r2, r6, #28
1000267c:	d5c7      	bpl.n	1000260e <_ntoa_format+0x96>
1000267e:	2220      	movs	r2, #32
10002680:	552a      	strb	r2, [r5, r4]
10002682:	3401      	adds	r4, #1
10002684:	e7c3      	b.n	1000260e <_ntoa_format+0x96>

10002686 <_ntoa_long>:
10002686:	b5f0      	push	{r4, r5, r6, r7, lr}
10002688:	46de      	mov	lr, fp
1000268a:	4657      	mov	r7, sl
1000268c:	464e      	mov	r6, r9
1000268e:	4645      	mov	r5, r8
10002690:	b5e0      	push	{r5, r6, r7, lr}
10002692:	b093      	sub	sp, #76	@ 0x4c
10002694:	4681      	mov	r9, r0
10002696:	468a      	mov	sl, r1
10002698:	9208      	str	r2, [sp, #32]
1000269a:	9309      	str	r3, [sp, #36]	@ 0x24
1000269c:	ab1c      	add	r3, sp, #112	@ 0x70
1000269e:	cb10      	ldmia	r3!, {r4}
100026a0:	781b      	ldrb	r3, [r3, #0]
100026a2:	469b      	mov	fp, r3
100026a4:	9d1e      	ldr	r5, [sp, #120]	@ 0x78
100026a6:	9b21      	ldr	r3, [sp, #132]	@ 0x84
100026a8:	4698      	mov	r8, r3
100026aa:	2c00      	cmp	r4, #0
100026ac:	d103      	bne.n	100026b6 <_ntoa_long+0x30>
100026ae:	2310      	movs	r3, #16
100026b0:	4642      	mov	r2, r8
100026b2:	439a      	bics	r2, r3
100026b4:	4690      	mov	r8, r2
100026b6:	2380      	movs	r3, #128	@ 0x80
100026b8:	00db      	lsls	r3, r3, #3
100026ba:	4646      	mov	r6, r8
100026bc:	401e      	ands	r6, r3
100026be:	4642      	mov	r2, r8
100026c0:	421a      	tst	r2, r3
100026c2:	d018      	beq.n	100026f6 <_ntoa_long+0x70>
100026c4:	2c00      	cmp	r4, #0
100026c6:	d022      	beq.n	1000270e <_ntoa_long+0x88>
100026c8:	2600      	movs	r6, #0
100026ca:	e014      	b.n	100026f6 <_ntoa_long+0x70>
100026cc:	4642      	mov	r2, r8
100026ce:	0692      	lsls	r2, r2, #26
100026d0:	d51b      	bpl.n	1000270a <_ntoa_long+0x84>
100026d2:	2141      	movs	r1, #65	@ 0x41
100026d4:	18c9      	adds	r1, r1, r3
100026d6:	b2c9      	uxtb	r1, r1
100026d8:	390a      	subs	r1, #10
100026da:	b2c9      	uxtb	r1, r1
100026dc:	1c77      	adds	r7, r6, #1
100026de:	ab0a      	add	r3, sp, #40	@ 0x28
100026e0:	5599      	strb	r1, [r3, r6]
100026e2:	0029      	movs	r1, r5
100026e4:	0020      	movs	r0, r4
100026e6:	f001 f829 	bl	1000373c <__wrap___aeabi_uidiv>
100026ea:	42ac      	cmp	r4, r5
100026ec:	d310      	bcc.n	10002710 <_ntoa_long+0x8a>
100026ee:	2f1f      	cmp	r7, #31
100026f0:	d80e      	bhi.n	10002710 <_ntoa_long+0x8a>
100026f2:	003e      	movs	r6, r7
100026f4:	0004      	movs	r4, r0
100026f6:	0029      	movs	r1, r5
100026f8:	0020      	movs	r0, r4
100026fa:	f001 f81f 	bl	1000373c <__wrap___aeabi_uidiv>
100026fe:	b2cb      	uxtb	r3, r1
10002700:	2b09      	cmp	r3, #9
10002702:	d8e3      	bhi.n	100026cc <_ntoa_long+0x46>
10002704:	3330      	adds	r3, #48	@ 0x30
10002706:	b2d9      	uxtb	r1, r3
10002708:	e7e8      	b.n	100026dc <_ntoa_long+0x56>
1000270a:	2161      	movs	r1, #97	@ 0x61
1000270c:	e7e2      	b.n	100026d4 <_ntoa_long+0x4e>
1000270e:	0027      	movs	r7, r4
10002710:	4643      	mov	r3, r8
10002712:	9306      	str	r3, [sp, #24]
10002714:	9b20      	ldr	r3, [sp, #128]	@ 0x80
10002716:	9305      	str	r3, [sp, #20]
10002718:	9b1f      	ldr	r3, [sp, #124]	@ 0x7c
1000271a:	9304      	str	r3, [sp, #16]
1000271c:	9503      	str	r5, [sp, #12]
1000271e:	465b      	mov	r3, fp
10002720:	9302      	str	r3, [sp, #8]
10002722:	9701      	str	r7, [sp, #4]
10002724:	ab0a      	add	r3, sp, #40	@ 0x28
10002726:	9300      	str	r3, [sp, #0]
10002728:	9b09      	ldr	r3, [sp, #36]	@ 0x24
1000272a:	9a08      	ldr	r2, [sp, #32]
1000272c:	4651      	mov	r1, sl
1000272e:	4648      	mov	r0, r9
10002730:	f7ff ff22 	bl	10002578 <_ntoa_format>
10002734:	b013      	add	sp, #76	@ 0x4c
10002736:	bcf0      	pop	{r4, r5, r6, r7}
10002738:	46bb      	mov	fp, r7
1000273a:	46b2      	mov	sl, r6
1000273c:	46a9      	mov	r9, r5
1000273e:	46a0      	mov	r8, r4
10002740:	bdf0      	pop	{r4, r5, r6, r7, pc}

10002742 <_ntoa_long_long>:
10002742:	b5f0      	push	{r4, r5, r6, r7, lr}
10002744:	46de      	mov	lr, fp
10002746:	4657      	mov	r7, sl
10002748:	464e      	mov	r6, r9
1000274a:	4645      	mov	r5, r8
1000274c:	b5e0      	push	{r5, r6, r7, lr}
1000274e:	b097      	sub	sp, #92	@ 0x5c
10002750:	900a      	str	r0, [sp, #40]	@ 0x28
10002752:	910b      	str	r1, [sp, #44]	@ 0x2c
10002754:	920c      	str	r2, [sp, #48]	@ 0x30
10002756:	469a      	mov	sl, r3
10002758:	9b20      	ldr	r3, [sp, #128]	@ 0x80
1000275a:	4699      	mov	r9, r3
1000275c:	9f21      	ldr	r7, [sp, #132]	@ 0x84
1000275e:	aa22      	add	r2, sp, #136	@ 0x88
10002760:	7813      	ldrb	r3, [r2, #0]
10002762:	469b      	mov	fp, r3
10002764:	9b24      	ldr	r3, [sp, #144]	@ 0x90
10002766:	9309      	str	r3, [sp, #36]	@ 0x24
10002768:	9c25      	ldr	r4, [sp, #148]	@ 0x94
1000276a:	9b28      	ldr	r3, [sp, #160]	@ 0xa0
1000276c:	4698      	mov	r8, r3
1000276e:	464a      	mov	r2, r9
10002770:	433a      	orrs	r2, r7
10002772:	d102      	bne.n	1000277a <_ntoa_long_long+0x38>
10002774:	3210      	adds	r2, #16
10002776:	4393      	bics	r3, r2
10002778:	4698      	mov	r8, r3
1000277a:	2280      	movs	r2, #128	@ 0x80
1000277c:	00d2      	lsls	r2, r2, #3
1000277e:	4645      	mov	r5, r8
10002780:	4015      	ands	r5, r2
10002782:	4643      	mov	r3, r8
10002784:	4213      	tst	r3, r2
10002786:	d00a      	beq.n	1000279e <_ntoa_long_long+0x5c>
10002788:	464a      	mov	r2, r9
1000278a:	433a      	orrs	r2, r7
1000278c:	d041      	beq.n	10002812 <_ntoa_long_long+0xd0>
1000278e:	2500      	movs	r5, #0
10002790:	002e      	movs	r6, r5
10002792:	4653      	mov	r3, sl
10002794:	930d      	str	r3, [sp, #52]	@ 0x34
10002796:	464d      	mov	r5, r9
10002798:	9b09      	ldr	r3, [sp, #36]	@ 0x24
1000279a:	469a      	mov	sl, r3
1000279c:	e021      	b.n	100027e2 <_ntoa_long_long+0xa0>
1000279e:	002e      	movs	r6, r5
100027a0:	4653      	mov	r3, sl
100027a2:	930d      	str	r3, [sp, #52]	@ 0x34
100027a4:	464d      	mov	r5, r9
100027a6:	9b09      	ldr	r3, [sp, #36]	@ 0x24
100027a8:	469a      	mov	sl, r3
100027aa:	e01a      	b.n	100027e2 <_ntoa_long_long+0xa0>
100027ac:	4642      	mov	r2, r8
100027ae:	0692      	lsls	r2, r2, #26
100027b0:	d523      	bpl.n	100027fa <_ntoa_long_long+0xb8>
100027b2:	2241      	movs	r2, #65	@ 0x41
100027b4:	18d2      	adds	r2, r2, r3
100027b6:	b2d2      	uxtb	r2, r2
100027b8:	3a0a      	subs	r2, #10
100027ba:	b2d2      	uxtb	r2, r2
100027bc:	1c73      	adds	r3, r6, #1
100027be:	4699      	mov	r9, r3
100027c0:	ab0e      	add	r3, sp, #56	@ 0x38
100027c2:	559a      	strb	r2, [r3, r6]
100027c4:	4652      	mov	r2, sl
100027c6:	0023      	movs	r3, r4
100027c8:	0028      	movs	r0, r5
100027ca:	0039      	movs	r1, r7
100027cc:	f000 fff4 	bl	100037b8 <__wrap___aeabi_uldivmod>
100027d0:	42bc      	cmp	r4, r7
100027d2:	d820      	bhi.n	10002816 <_ntoa_long_long+0xd4>
100027d4:	d013      	beq.n	100027fe <_ntoa_long_long+0xbc>
100027d6:	464b      	mov	r3, r9
100027d8:	2b1f      	cmp	r3, #31
100027da:	d816      	bhi.n	1000280a <_ntoa_long_long+0xc8>
100027dc:	464e      	mov	r6, r9
100027de:	0005      	movs	r5, r0
100027e0:	000f      	movs	r7, r1
100027e2:	4652      	mov	r2, sl
100027e4:	0023      	movs	r3, r4
100027e6:	0028      	movs	r0, r5
100027e8:	0039      	movs	r1, r7
100027ea:	f000 ffe5 	bl	100037b8 <__wrap___aeabi_uldivmod>
100027ee:	b2d3      	uxtb	r3, r2
100027f0:	2b09      	cmp	r3, #9
100027f2:	d8db      	bhi.n	100027ac <_ntoa_long_long+0x6a>
100027f4:	3330      	adds	r3, #48	@ 0x30
100027f6:	b2da      	uxtb	r2, r3
100027f8:	e7e0      	b.n	100027bc <_ntoa_long_long+0x7a>
100027fa:	2261      	movs	r2, #97	@ 0x61
100027fc:	e7da      	b.n	100027b4 <_ntoa_long_long+0x72>
100027fe:	45aa      	cmp	sl, r5
10002800:	d9e9      	bls.n	100027d6 <_ntoa_long_long+0x94>
10002802:	464e      	mov	r6, r9
10002804:	9b0d      	ldr	r3, [sp, #52]	@ 0x34
10002806:	469a      	mov	sl, r3
10002808:	e008      	b.n	1000281c <_ntoa_long_long+0xda>
1000280a:	464e      	mov	r6, r9
1000280c:	9b0d      	ldr	r3, [sp, #52]	@ 0x34
1000280e:	469a      	mov	sl, r3
10002810:	e004      	b.n	1000281c <_ntoa_long_long+0xda>
10002812:	2600      	movs	r6, #0
10002814:	e002      	b.n	1000281c <_ntoa_long_long+0xda>
10002816:	464e      	mov	r6, r9
10002818:	9b0d      	ldr	r3, [sp, #52]	@ 0x34
1000281a:	469a      	mov	sl, r3
1000281c:	4643      	mov	r3, r8
1000281e:	9306      	str	r3, [sp, #24]
10002820:	9b27      	ldr	r3, [sp, #156]	@ 0x9c
10002822:	9305      	str	r3, [sp, #20]
10002824:	9b26      	ldr	r3, [sp, #152]	@ 0x98
10002826:	9304      	str	r3, [sp, #16]
10002828:	9b09      	ldr	r3, [sp, #36]	@ 0x24
1000282a:	9303      	str	r3, [sp, #12]
1000282c:	465b      	mov	r3, fp
1000282e:	9302      	str	r3, [sp, #8]
10002830:	9601      	str	r6, [sp, #4]
10002832:	ab0e      	add	r3, sp, #56	@ 0x38
10002834:	9300      	str	r3, [sp, #0]
10002836:	4653      	mov	r3, sl
10002838:	9a0c      	ldr	r2, [sp, #48]	@ 0x30
1000283a:	990b      	ldr	r1, [sp, #44]	@ 0x2c
1000283c:	980a      	ldr	r0, [sp, #40]	@ 0x28
1000283e:	f7ff fe9b 	bl	10002578 <_ntoa_format>
10002842:	b017      	add	sp, #92	@ 0x5c
10002844:	bcf0      	pop	{r4, r5, r6, r7}
10002846:	46bb      	mov	fp, r7
10002848:	46b2      	mov	sl, r6
1000284a:	46a9      	mov	r9, r5
1000284c:	46a0      	mov	r8, r4
1000284e:	bdf0      	pop	{r4, r5, r6, r7, pc}

10002850 <_etoa>:
10002850:	b5f0      	push	{r4, r5, r6, r7, lr}
10002852:	46de      	mov	lr, fp
10002854:	4657      	mov	r7, sl
10002856:	464e      	mov	r6, r9
10002858:	4645      	mov	r5, r8
1000285a:	b5e0      	push	{r5, r6, r7, lr}
1000285c:	b091      	sub	sp, #68	@ 0x44
1000285e:	4680      	mov	r8, r0
10002860:	4689      	mov	r9, r1
10002862:	920c      	str	r2, [sp, #48]	@ 0x30
10002864:	469a      	mov	sl, r3
10002866:	9c1a      	ldr	r4, [sp, #104]	@ 0x68
10002868:	9d1b      	ldr	r5, [sp, #108]	@ 0x6c
1000286a:	0022      	movs	r2, r4
1000286c:	002b      	movs	r3, r5
1000286e:	0020      	movs	r0, r4
10002870:	0029      	movs	r1, r5
10002872:	f001 fa2c 	bl	10003cce <__wrap___aeabi_dcmpun>
10002876:	2800      	cmp	r0, #0
10002878:	d000      	beq.n	1000287c <_etoa+0x2c>
1000287a:	e0f2      	b.n	10002a62 <_etoa+0x212>
1000287c:	2201      	movs	r2, #1
1000287e:	4252      	negs	r2, r2
10002880:	4bd5      	ldr	r3, [pc, #852]	@ (10002bd8 <_etoa+0x388>)
10002882:	0020      	movs	r0, r4
10002884:	0029      	movs	r1, r5
10002886:	f001 fa1d 	bl	10003cc4 <__wrap___aeabi_dcmpgt>
1000288a:	2800      	cmp	r0, #0
1000288c:	d000      	beq.n	10002890 <_etoa+0x40>
1000288e:	e0e8      	b.n	10002a62 <_etoa+0x212>
10002890:	2201      	movs	r2, #1
10002892:	4252      	negs	r2, r2
10002894:	4bd1      	ldr	r3, [pc, #836]	@ (10002bdc <_etoa+0x38c>)
10002896:	0020      	movs	r0, r4
10002898:	0029      	movs	r1, r5
1000289a:	f001 f9fd 	bl	10003c98 <__wrap___aeabi_dcmplt>
1000289e:	2800      	cmp	r0, #0
100028a0:	d000      	beq.n	100028a4 <_etoa+0x54>
100028a2:	e0de      	b.n	10002a62 <_etoa+0x212>
100028a4:	2200      	movs	r2, #0
100028a6:	2300      	movs	r3, #0
100028a8:	0020      	movs	r0, r4
100028aa:	0029      	movs	r1, r5
100028ac:	f001 f9f4 	bl	10003c98 <__wrap___aeabi_dcmplt>
100028b0:	2800      	cmp	r0, #0
100028b2:	d000      	beq.n	100028b6 <_etoa+0x66>
100028b4:	e0ea      	b.n	10002a8c <_etoa+0x23c>
100028b6:	9406      	str	r4, [sp, #24]
100028b8:	9507      	str	r5, [sp, #28]
100028ba:	2380      	movs	r3, #128	@ 0x80
100028bc:	00db      	lsls	r3, r3, #3
100028be:	9a1e      	ldr	r2, [sp, #120]	@ 0x78
100028c0:	401a      	ands	r2, r3
100028c2:	920d      	str	r2, [sp, #52]	@ 0x34
100028c4:	9a1e      	ldr	r2, [sp, #120]	@ 0x78
100028c6:	421a      	tst	r2, r3
100028c8:	d101      	bne.n	100028ce <_etoa+0x7e>
100028ca:	2306      	movs	r3, #6
100028cc:	931c      	str	r3, [sp, #112]	@ 0x70
100028ce:	9806      	ldr	r0, [sp, #24]
100028d0:	9907      	ldr	r1, [sp, #28]
100028d2:	0002      	movs	r2, r0
100028d4:	000b      	movs	r3, r1
100028d6:	9208      	str	r2, [sp, #32]
100028d8:	9309      	str	r3, [sp, #36]	@ 0x24
100028da:	0003      	movs	r3, r0
100028dc:	000a      	movs	r2, r1
100028de:	4302      	orrs	r2, r0
100028e0:	d100      	bne.n	100028e4 <_etoa+0x94>
100028e2:	e0df      	b.n	10002aa4 <_etoa+0x254>
100028e4:	0d08      	lsrs	r0, r1, #20
100028e6:	0540      	lsls	r0, r0, #21
100028e8:	0d40      	lsrs	r0, r0, #21
100028ea:	4ebd      	ldr	r6, [pc, #756]	@ (10002be0 <_etoa+0x390>)
100028ec:	46b4      	mov	ip, r6
100028ee:	4460      	add	r0, ip
100028f0:	9e07      	ldr	r6, [sp, #28]
100028f2:	0332      	lsls	r2, r6, #12
100028f4:	0b12      	lsrs	r2, r2, #12
100028f6:	001e      	movs	r6, r3
100028f8:	4bba      	ldr	r3, [pc, #744]	@ (10002be4 <_etoa+0x394>)
100028fa:	4313      	orrs	r3, r2
100028fc:	001f      	movs	r7, r3
100028fe:	f001 f9f9 	bl	10003cf4 <__wrap___aeabi_i2d>
10002902:	4ab9      	ldr	r2, [pc, #740]	@ (10002be8 <_etoa+0x398>)
10002904:	4bb9      	ldr	r3, [pc, #740]	@ (10002bec <_etoa+0x39c>)
10002906:	f001 f984 	bl	10003c12 <__wrap___aeabi_dmul>
1000290a:	4ab9      	ldr	r2, [pc, #740]	@ (10002bf0 <_etoa+0x3a0>)
1000290c:	4bb9      	ldr	r3, [pc, #740]	@ (10002bf4 <_etoa+0x3a4>)
1000290e:	f001 f959 	bl	10003bc4 <__wrap___aeabi_dadd>
10002912:	9008      	str	r0, [sp, #32]
10002914:	9109      	str	r1, [sp, #36]	@ 0x24
10002916:	2200      	movs	r2, #0
10002918:	4bb7      	ldr	r3, [pc, #732]	@ (10002bf8 <_etoa+0x3a8>)
1000291a:	0030      	movs	r0, r6
1000291c:	0039      	movs	r1, r7
1000291e:	f001 f948 	bl	10003bb2 <__wrap___aeabi_dsub>
10002922:	4ab6      	ldr	r2, [pc, #728]	@ (10002bfc <_etoa+0x3ac>)
10002924:	4bb6      	ldr	r3, [pc, #728]	@ (10002c00 <_etoa+0x3b0>)
10002926:	f001 f974 	bl	10003c12 <__wrap___aeabi_dmul>
1000292a:	0002      	movs	r2, r0
1000292c:	000b      	movs	r3, r1
1000292e:	9808      	ldr	r0, [sp, #32]
10002930:	9909      	ldr	r1, [sp, #36]	@ 0x24
10002932:	f001 f947 	bl	10003bc4 <__wrap___aeabi_dadd>
10002936:	f001 f9f5 	bl	10003d24 <__wrap___aeabi_d2iz>
1000293a:	4683      	mov	fp, r0
1000293c:	f001 f9da 	bl	10003cf4 <__wrap___aeabi_i2d>
10002940:	0006      	movs	r6, r0
10002942:	000f      	movs	r7, r1
10002944:	4aaf      	ldr	r2, [pc, #700]	@ (10002c04 <_etoa+0x3b4>)
10002946:	4bb0      	ldr	r3, [pc, #704]	@ (10002c08 <_etoa+0x3b8>)
10002948:	f001 f963 	bl	10003c12 <__wrap___aeabi_dmul>
1000294c:	2200      	movs	r2, #0
1000294e:	4baf      	ldr	r3, [pc, #700]	@ (10002c0c <_etoa+0x3bc>)
10002950:	f001 f938 	bl	10003bc4 <__wrap___aeabi_dadd>
10002954:	f001 f9e6 	bl	10003d24 <__wrap___aeabi_d2iz>
10002958:	9008      	str	r0, [sp, #32]
1000295a:	4aad      	ldr	r2, [pc, #692]	@ (10002c10 <_etoa+0x3c0>)
1000295c:	4bad      	ldr	r3, [pc, #692]	@ (10002c14 <_etoa+0x3c4>)
1000295e:	0030      	movs	r0, r6
10002960:	0039      	movs	r1, r7
10002962:	f001 f956 	bl	10003c12 <__wrap___aeabi_dmul>
10002966:	0006      	movs	r6, r0
10002968:	000f      	movs	r7, r1
1000296a:	9808      	ldr	r0, [sp, #32]
1000296c:	f001 f9c2 	bl	10003cf4 <__wrap___aeabi_i2d>
10002970:	4aa9      	ldr	r2, [pc, #676]	@ (10002c18 <_etoa+0x3c8>)
10002972:	4baa      	ldr	r3, [pc, #680]	@ (10002c1c <_etoa+0x3cc>)
10002974:	f001 f94d 	bl	10003c12 <__wrap___aeabi_dmul>
10002978:	0002      	movs	r2, r0
1000297a:	000b      	movs	r3, r1
1000297c:	0030      	movs	r0, r6
1000297e:	0039      	movs	r1, r7
10002980:	f001 f917 	bl	10003bb2 <__wrap___aeabi_dsub>
10002984:	0006      	movs	r6, r0
10002986:	000f      	movs	r7, r1
10002988:	0002      	movs	r2, r0
1000298a:	000b      	movs	r3, r1
1000298c:	f001 f941 	bl	10003c12 <__wrap___aeabi_dmul>
10002990:	900a      	str	r0, [sp, #40]	@ 0x28
10002992:	910b      	str	r1, [sp, #44]	@ 0x2c
10002994:	9b08      	ldr	r3, [sp, #32]
10002996:	4aa2      	ldr	r2, [pc, #648]	@ (10002c20 <_etoa+0x3d0>)
10002998:	4694      	mov	ip, r2
1000299a:	4463      	add	r3, ip
1000299c:	2100      	movs	r1, #0
1000299e:	2200      	movs	r2, #0
100029a0:	9108      	str	r1, [sp, #32]
100029a2:	9209      	str	r2, [sp, #36]	@ 0x24
100029a4:	051b      	lsls	r3, r3, #20
100029a6:	9309      	str	r3, [sp, #36]	@ 0x24
100029a8:	2300      	movs	r3, #0
100029aa:	9308      	str	r3, [sp, #32]
100029ac:	0032      	movs	r2, r6
100029ae:	003b      	movs	r3, r7
100029b0:	0030      	movs	r0, r6
100029b2:	0039      	movs	r1, r7
100029b4:	f001 f906 	bl	10003bc4 <__wrap___aeabi_dadd>
100029b8:	900e      	str	r0, [sp, #56]	@ 0x38
100029ba:	910f      	str	r1, [sp, #60]	@ 0x3c
100029bc:	0032      	movs	r2, r6
100029be:	003b      	movs	r3, r7
100029c0:	2000      	movs	r0, #0
100029c2:	2180      	movs	r1, #128	@ 0x80
100029c4:	05c9      	lsls	r1, r1, #23
100029c6:	f001 f8f4 	bl	10003bb2 <__wrap___aeabi_dsub>
100029ca:	0006      	movs	r6, r0
100029cc:	000f      	movs	r7, r1
100029ce:	2200      	movs	r2, #0
100029d0:	4b94      	ldr	r3, [pc, #592]	@ (10002c24 <_etoa+0x3d4>)
100029d2:	980a      	ldr	r0, [sp, #40]	@ 0x28
100029d4:	990b      	ldr	r1, [sp, #44]	@ 0x2c
100029d6:	f001 f8fe 	bl	10003bd6 <__wrap___aeabi_ddiv>
100029da:	2200      	movs	r2, #0
100029dc:	4b92      	ldr	r3, [pc, #584]	@ (10002c28 <_etoa+0x3d8>)
100029de:	f001 f8f1 	bl	10003bc4 <__wrap___aeabi_dadd>
100029e2:	0002      	movs	r2, r0
100029e4:	000b      	movs	r3, r1
100029e6:	980a      	ldr	r0, [sp, #40]	@ 0x28
100029e8:	990b      	ldr	r1, [sp, #44]	@ 0x2c
100029ea:	f001 f8f4 	bl	10003bd6 <__wrap___aeabi_ddiv>
100029ee:	2200      	movs	r2, #0
100029f0:	4b8e      	ldr	r3, [pc, #568]	@ (10002c2c <_etoa+0x3dc>)
100029f2:	f001 f8e7 	bl	10003bc4 <__wrap___aeabi_dadd>
100029f6:	0002      	movs	r2, r0
100029f8:	000b      	movs	r3, r1
100029fa:	980a      	ldr	r0, [sp, #40]	@ 0x28
100029fc:	990b      	ldr	r1, [sp, #44]	@ 0x2c
100029fe:	f001 f8ea 	bl	10003bd6 <__wrap___aeabi_ddiv>
10002a02:	0002      	movs	r2, r0
10002a04:	000b      	movs	r3, r1
10002a06:	0030      	movs	r0, r6
10002a08:	0039      	movs	r1, r7
10002a0a:	f001 f8db 	bl	10003bc4 <__wrap___aeabi_dadd>
10002a0e:	0002      	movs	r2, r0
10002a10:	000b      	movs	r3, r1
10002a12:	980e      	ldr	r0, [sp, #56]	@ 0x38
10002a14:	990f      	ldr	r1, [sp, #60]	@ 0x3c
10002a16:	f001 f8de 	bl	10003bd6 <__wrap___aeabi_ddiv>
10002a1a:	2200      	movs	r2, #0
10002a1c:	4b71      	ldr	r3, [pc, #452]	@ (10002be4 <_etoa+0x394>)
10002a1e:	f001 f8d1 	bl	10003bc4 <__wrap___aeabi_dadd>
10002a22:	9a08      	ldr	r2, [sp, #32]
10002a24:	9b09      	ldr	r3, [sp, #36]	@ 0x24
10002a26:	f001 f8f4 	bl	10003c12 <__wrap___aeabi_dmul>
10002a2a:	0006      	movs	r6, r0
10002a2c:	000f      	movs	r7, r1
10002a2e:	9608      	str	r6, [sp, #32]
10002a30:	9709      	str	r7, [sp, #36]	@ 0x24
10002a32:	9a06      	ldr	r2, [sp, #24]
10002a34:	9b07      	ldr	r3, [sp, #28]
10002a36:	f001 f945 	bl	10003cc4 <__wrap___aeabi_dcmpgt>
10002a3a:	2800      	cmp	r0, #0
10002a3c:	d00b      	beq.n	10002a56 <_etoa+0x206>
10002a3e:	2301      	movs	r3, #1
10002a40:	425b      	negs	r3, r3
10002a42:	469c      	mov	ip, r3
10002a44:	44e3      	add	fp, ip
10002a46:	2200      	movs	r2, #0
10002a48:	4b77      	ldr	r3, [pc, #476]	@ (10002c28 <_etoa+0x3d8>)
10002a4a:	0030      	movs	r0, r6
10002a4c:	0039      	movs	r1, r7
10002a4e:	f001 f8c2 	bl	10003bd6 <__wrap___aeabi_ddiv>
10002a52:	9008      	str	r0, [sp, #32]
10002a54:	9109      	str	r1, [sp, #36]	@ 0x24
10002a56:	465b      	mov	r3, fp
10002a58:	3363      	adds	r3, #99	@ 0x63
10002a5a:	2bc6      	cmp	r3, #198	@ 0xc6
10002a5c:	d845      	bhi.n	10002aea <_etoa+0x29a>
10002a5e:	2604      	movs	r6, #4
10002a60:	e023      	b.n	10002aaa <_etoa+0x25a>
10002a62:	9b1e      	ldr	r3, [sp, #120]	@ 0x78
10002a64:	9304      	str	r3, [sp, #16]
10002a66:	9b1d      	ldr	r3, [sp, #116]	@ 0x74
10002a68:	9303      	str	r3, [sp, #12]
10002a6a:	9b1c      	ldr	r3, [sp, #112]	@ 0x70
10002a6c:	9302      	str	r3, [sp, #8]
10002a6e:	9400      	str	r4, [sp, #0]
10002a70:	9501      	str	r5, [sp, #4]
10002a72:	4653      	mov	r3, sl
10002a74:	9a0c      	ldr	r2, [sp, #48]	@ 0x30
10002a76:	4649      	mov	r1, r9
10002a78:	4640      	mov	r0, r8
10002a7a:	f000 f8fb 	bl	10002c74 <_ftoa>
10002a7e:	b011      	add	sp, #68	@ 0x44
10002a80:	bcf0      	pop	{r4, r5, r6, r7}
10002a82:	46bb      	mov	fp, r7
10002a84:	46b2      	mov	sl, r6
10002a86:	46a9      	mov	r9, r5
10002a88:	46a0      	mov	r8, r4
10002a8a:	bdf0      	pop	{r4, r5, r6, r7, pc}
10002a8c:	2100      	movs	r1, #0
10002a8e:	2200      	movs	r2, #0
10002a90:	9106      	str	r1, [sp, #24]
10002a92:	9207      	str	r2, [sp, #28]
10002a94:	9406      	str	r4, [sp, #24]
10002a96:	2380      	movs	r3, #128	@ 0x80
10002a98:	061b      	lsls	r3, r3, #24
10002a9a:	469c      	mov	ip, r3
10002a9c:	44ac      	add	ip, r5
10002a9e:	4663      	mov	r3, ip
10002aa0:	9307      	str	r3, [sp, #28]
10002aa2:	e70a      	b.n	100028ba <_etoa+0x6a>
10002aa4:	2300      	movs	r3, #0
10002aa6:	469b      	mov	fp, r3
10002aa8:	2604      	movs	r6, #4
10002aaa:	9b1e      	ldr	r3, [sp, #120]	@ 0x78
10002aac:	051b      	lsls	r3, r3, #20
10002aae:	d528      	bpl.n	10002b02 <_etoa+0x2b2>
10002ab0:	9a08      	ldr	r2, [sp, #32]
10002ab2:	9b09      	ldr	r3, [sp, #36]	@ 0x24
10002ab4:	0019      	movs	r1, r3
10002ab6:	4311      	orrs	r1, r2
10002ab8:	d00f      	beq.n	10002ada <_etoa+0x28a>
10002aba:	4a5d      	ldr	r2, [pc, #372]	@ (10002c30 <_etoa+0x3e0>)
10002abc:	4b5d      	ldr	r3, [pc, #372]	@ (10002c34 <_etoa+0x3e4>)
10002abe:	9806      	ldr	r0, [sp, #24]
10002ac0:	9907      	ldr	r1, [sp, #28]
10002ac2:	f001 f8f7 	bl	10003cb4 <__wrap___aeabi_dcmpge>
10002ac6:	2800      	cmp	r0, #0
10002ac8:	d07a      	beq.n	10002bc0 <_etoa+0x370>
10002aca:	2200      	movs	r2, #0
10002acc:	4b5a      	ldr	r3, [pc, #360]	@ (10002c38 <_etoa+0x3e8>)
10002ace:	9806      	ldr	r0, [sp, #24]
10002ad0:	9907      	ldr	r1, [sp, #28]
10002ad2:	f001 f8e1 	bl	10003c98 <__wrap___aeabi_dcmplt>
10002ad6:	2800      	cmp	r0, #0
10002ad8:	d072      	beq.n	10002bc0 <_etoa+0x370>
10002ada:	9b1c      	ldr	r3, [sp, #112]	@ 0x70
10002adc:	455b      	cmp	r3, fp
10002ade:	dd06      	ble.n	10002aee <_etoa+0x29e>
10002ae0:	465a      	mov	r2, fp
10002ae2:	1a9b      	subs	r3, r3, r2
10002ae4:	3b01      	subs	r3, #1
10002ae6:	931c      	str	r3, [sp, #112]	@ 0x70
10002ae8:	e003      	b.n	10002af2 <_etoa+0x2a2>
10002aea:	2605      	movs	r6, #5
10002aec:	e7dd      	b.n	10002aaa <_etoa+0x25a>
10002aee:	2300      	movs	r3, #0
10002af0:	931c      	str	r3, [sp, #112]	@ 0x70
10002af2:	2380      	movs	r3, #128	@ 0x80
10002af4:	00db      	lsls	r3, r3, #3
10002af6:	9a1e      	ldr	r2, [sp, #120]	@ 0x78
10002af8:	431a      	orrs	r2, r3
10002afa:	921e      	str	r2, [sp, #120]	@ 0x78
10002afc:	2600      	movs	r6, #0
10002afe:	2300      	movs	r3, #0
10002b00:	469b      	mov	fp, r3
10002b02:	9b1d      	ldr	r3, [sp, #116]	@ 0x74
10002b04:	429e      	cmp	r6, r3
10002b06:	d265      	bcs.n	10002bd4 <_etoa+0x384>
10002b08:	1b9f      	subs	r7, r3, r6
10002b0a:	2302      	movs	r3, #2
10002b0c:	9a1e      	ldr	r2, [sp, #120]	@ 0x78
10002b0e:	401a      	ands	r2, r3
10002b10:	920a      	str	r2, [sp, #40]	@ 0x28
10002b12:	9a1e      	ldr	r2, [sp, #120]	@ 0x78
10002b14:	4213      	tst	r3, r2
10002b16:	d002      	beq.n	10002b1e <_etoa+0x2ce>
10002b18:	2e00      	cmp	r6, #0
10002b1a:	d000      	beq.n	10002b1e <_etoa+0x2ce>
10002b1c:	2700      	movs	r7, #0
10002b1e:	465b      	mov	r3, fp
10002b20:	2b00      	cmp	r3, #0
10002b22:	d007      	beq.n	10002b34 <_etoa+0x2e4>
10002b24:	9a08      	ldr	r2, [sp, #32]
10002b26:	9b09      	ldr	r3, [sp, #36]	@ 0x24
10002b28:	9806      	ldr	r0, [sp, #24]
10002b2a:	9907      	ldr	r1, [sp, #28]
10002b2c:	f001 f853 	bl	10003bd6 <__wrap___aeabi_ddiv>
10002b30:	9006      	str	r0, [sp, #24]
10002b32:	9107      	str	r1, [sp, #28]
10002b34:	2200      	movs	r2, #0
10002b36:	2300      	movs	r3, #0
10002b38:	0020      	movs	r0, r4
10002b3a:	0029      	movs	r1, r5
10002b3c:	f001 f8ac 	bl	10003c98 <__wrap___aeabi_dcmplt>
10002b40:	2800      	cmp	r0, #0
10002b42:	d000      	beq.n	10002b46 <_etoa+0x2f6>
10002b44:	e07c      	b.n	10002c40 <_etoa+0x3f0>
10002b46:	4b3d      	ldr	r3, [pc, #244]	@ (10002c3c <_etoa+0x3ec>)
10002b48:	9a1e      	ldr	r2, [sp, #120]	@ 0x78
10002b4a:	4013      	ands	r3, r2
10002b4c:	9304      	str	r3, [sp, #16]
10002b4e:	9703      	str	r7, [sp, #12]
10002b50:	9b1c      	ldr	r3, [sp, #112]	@ 0x70
10002b52:	9302      	str	r3, [sp, #8]
10002b54:	9b06      	ldr	r3, [sp, #24]
10002b56:	9c07      	ldr	r4, [sp, #28]
10002b58:	9300      	str	r3, [sp, #0]
10002b5a:	9401      	str	r4, [sp, #4]
10002b5c:	4653      	mov	r3, sl
10002b5e:	9a0c      	ldr	r2, [sp, #48]	@ 0x30
10002b60:	4649      	mov	r1, r9
10002b62:	4640      	mov	r0, r8
10002b64:	f000 f886 	bl	10002c74 <_ftoa>
10002b68:	2e00      	cmp	r6, #0
10002b6a:	d100      	bne.n	10002b6e <_etoa+0x31e>
10002b6c:	e787      	b.n	10002a7e <_etoa+0x22e>
10002b6e:	9b1e      	ldr	r3, [sp, #120]	@ 0x78
10002b70:	069b      	lsls	r3, r3, #26
10002b72:	d571      	bpl.n	10002c58 <_etoa+0x408>
10002b74:	2545      	movs	r5, #69	@ 0x45
10002b76:	1c44      	adds	r4, r0, #1
10002b78:	4653      	mov	r3, sl
10002b7a:	0002      	movs	r2, r0
10002b7c:	4649      	mov	r1, r9
10002b7e:	0028      	movs	r0, r5
10002b80:	47c0      	blx	r8
10002b82:	465a      	mov	r2, fp
10002b84:	17d3      	asrs	r3, r2, #31
10002b86:	18d2      	adds	r2, r2, r3
10002b88:	405a      	eors	r2, r3
10002b8a:	2305      	movs	r3, #5
10002b8c:	9305      	str	r3, [sp, #20]
10002b8e:	3e01      	subs	r6, #1
10002b90:	9604      	str	r6, [sp, #16]
10002b92:	2300      	movs	r3, #0
10002b94:	9303      	str	r3, [sp, #12]
10002b96:	330a      	adds	r3, #10
10002b98:	9302      	str	r3, [sp, #8]
10002b9a:	465b      	mov	r3, fp
10002b9c:	0fdb      	lsrs	r3, r3, #31
10002b9e:	9301      	str	r3, [sp, #4]
10002ba0:	9200      	str	r2, [sp, #0]
10002ba2:	4653      	mov	r3, sl
10002ba4:	0022      	movs	r2, r4
10002ba6:	4649      	mov	r1, r9
10002ba8:	4640      	mov	r0, r8
10002baa:	f7ff fd6c 	bl	10002686 <_ntoa_long>
10002bae:	9b0a      	ldr	r3, [sp, #40]	@ 0x28
10002bb0:	2b00      	cmp	r3, #0
10002bb2:	d100      	bne.n	10002bb6 <_etoa+0x366>
10002bb4:	e763      	b.n	10002a7e <_etoa+0x22e>
10002bb6:	0002      	movs	r2, r0
10002bb8:	4647      	mov	r7, r8
10002bba:	9e0c      	ldr	r6, [sp, #48]	@ 0x30
10002bbc:	9d1d      	ldr	r5, [sp, #116]	@ 0x74
10002bbe:	e053      	b.n	10002c68 <_etoa+0x418>
10002bc0:	9b1c      	ldr	r3, [sp, #112]	@ 0x70
10002bc2:	2b00      	cmp	r3, #0
10002bc4:	d09d      	beq.n	10002b02 <_etoa+0x2b2>
10002bc6:	9b0d      	ldr	r3, [sp, #52]	@ 0x34
10002bc8:	2b00      	cmp	r3, #0
10002bca:	d09a      	beq.n	10002b02 <_etoa+0x2b2>
10002bcc:	9b1c      	ldr	r3, [sp, #112]	@ 0x70
10002bce:	3b01      	subs	r3, #1
10002bd0:	931c      	str	r3, [sp, #112]	@ 0x70
10002bd2:	e796      	b.n	10002b02 <_etoa+0x2b2>
10002bd4:	2700      	movs	r7, #0
10002bd6:	e798      	b.n	10002b0a <_etoa+0x2ba>
10002bd8:	7fefffff 	.word	0x7fefffff
10002bdc:	ffefffff 	.word	0xffefffff
10002be0:	fffffc01 	.word	0xfffffc01
10002be4:	3ff00000 	.word	0x3ff00000
10002be8:	509f79fb 	.word	0x509f79fb
10002bec:	3fd34413 	.word	0x3fd34413
10002bf0:	8b60c8b3 	.word	0x8b60c8b3
10002bf4:	3fc68a28 	.word	0x3fc68a28
10002bf8:	3ff80000 	.word	0x3ff80000
10002bfc:	636f4361 	.word	0x636f4361
10002c00:	3fd287a7 	.word	0x3fd287a7
10002c04:	0979a371 	.word	0x0979a371
10002c08:	400a934f 	.word	0x400a934f
10002c0c:	3fe00000 	.word	0x3fe00000
10002c10:	bbb55516 	.word	0xbbb55516
10002c14:	40026bb1 	.word	0x40026bb1
10002c18:	fefa39ef 	.word	0xfefa39ef
10002c1c:	3fe62e42 	.word	0x3fe62e42
10002c20:	000003ff 	.word	0x000003ff
10002c24:	402c0000 	.word	0x402c0000
10002c28:	40240000 	.word	0x40240000
10002c2c:	40180000 	.word	0x40180000
10002c30:	eb1c432d 	.word	0xeb1c432d
10002c34:	3f1a36e2 	.word	0x3f1a36e2
10002c38:	412e8480 	.word	0x412e8480
10002c3c:	fffff7ff 	.word	0xfffff7ff
10002c40:	9c06      	ldr	r4, [sp, #24]
10002c42:	9d07      	ldr	r5, [sp, #28]
10002c44:	0022      	movs	r2, r4
10002c46:	0029      	movs	r1, r5
10002c48:	2080      	movs	r0, #128	@ 0x80
10002c4a:	0600      	lsls	r0, r0, #24
10002c4c:	4684      	mov	ip, r0
10002c4e:	4461      	add	r1, ip
10002c50:	000b      	movs	r3, r1
10002c52:	9206      	str	r2, [sp, #24]
10002c54:	9307      	str	r3, [sp, #28]
10002c56:	e776      	b.n	10002b46 <_etoa+0x2f6>
10002c58:	2565      	movs	r5, #101	@ 0x65
10002c5a:	e78c      	b.n	10002b76 <_etoa+0x326>
10002c5c:	1c54      	adds	r4, r2, #1
10002c5e:	4653      	mov	r3, sl
10002c60:	4649      	mov	r1, r9
10002c62:	2020      	movs	r0, #32
10002c64:	47b8      	blx	r7
10002c66:	0022      	movs	r2, r4
10002c68:	1b93      	subs	r3, r2, r6
10002c6a:	42ab      	cmp	r3, r5
10002c6c:	d3f6      	bcc.n	10002c5c <_etoa+0x40c>
10002c6e:	0010      	movs	r0, r2
10002c70:	e705      	b.n	10002a7e <_etoa+0x22e>
10002c72:	46c0      	nop			@ (mov r8, r8)

10002c74 <_ftoa>:
10002c74:	b5f0      	push	{r4, r5, r6, r7, lr}
10002c76:	46de      	mov	lr, fp
10002c78:	4657      	mov	r7, sl
10002c7a:	464e      	mov	r6, r9
10002c7c:	4645      	mov	r5, r8
10002c7e:	b5e0      	push	{r5, r6, r7, lr}
10002c80:	b095      	sub	sp, #84	@ 0x54
10002c82:	9006      	str	r0, [sp, #24]
10002c84:	9107      	str	r1, [sp, #28]
10002c86:	4693      	mov	fp, r2
10002c88:	4699      	mov	r9, r3
10002c8a:	9f20      	ldr	r7, [sp, #128]	@ 0x80
10002c8c:	9a1e      	ldr	r2, [sp, #120]	@ 0x78
10002c8e:	9b1f      	ldr	r3, [sp, #124]	@ 0x7c
10002c90:	0010      	movs	r0, r2
10002c92:	0019      	movs	r1, r3
10002c94:	f001 f81b 	bl	10003cce <__wrap___aeabi_dcmpun>
10002c98:	2800      	cmp	r0, #0
10002c9a:	d131      	bne.n	10002d00 <_ftoa+0x8c>
10002c9c:	2201      	movs	r2, #1
10002c9e:	4252      	negs	r2, r2
10002ca0:	4bbc      	ldr	r3, [pc, #752]	@ (10002f94 <_ftoa+0x320>)
10002ca2:	981e      	ldr	r0, [sp, #120]	@ 0x78
10002ca4:	991f      	ldr	r1, [sp, #124]	@ 0x7c
10002ca6:	f000 fff7 	bl	10003c98 <__wrap___aeabi_dcmplt>
10002caa:	2800      	cmp	r0, #0
10002cac:	d137      	bne.n	10002d1e <_ftoa+0xaa>
10002cae:	2201      	movs	r2, #1
10002cb0:	4252      	negs	r2, r2
10002cb2:	4bb9      	ldr	r3, [pc, #740]	@ (10002f98 <_ftoa+0x324>)
10002cb4:	981e      	ldr	r0, [sp, #120]	@ 0x78
10002cb6:	991f      	ldr	r1, [sp, #124]	@ 0x7c
10002cb8:	f001 f804 	bl	10003cc4 <__wrap___aeabi_dcmpgt>
10002cbc:	2800      	cmp	r0, #0
10002cbe:	d13d      	bne.n	10002d3c <_ftoa+0xc8>
10002cc0:	2200      	movs	r2, #0
10002cc2:	4bb6      	ldr	r3, [pc, #728]	@ (10002f9c <_ftoa+0x328>)
10002cc4:	981e      	ldr	r0, [sp, #120]	@ 0x78
10002cc6:	991f      	ldr	r1, [sp, #124]	@ 0x7c
10002cc8:	f000 fffc 	bl	10003cc4 <__wrap___aeabi_dcmpgt>
10002ccc:	2800      	cmp	r0, #0
10002cce:	d14a      	bne.n	10002d66 <_ftoa+0xf2>
10002cd0:	2200      	movs	r2, #0
10002cd2:	4bb3      	ldr	r3, [pc, #716]	@ (10002fa0 <_ftoa+0x32c>)
10002cd4:	981e      	ldr	r0, [sp, #120]	@ 0x78
10002cd6:	991f      	ldr	r1, [sp, #124]	@ 0x7c
10002cd8:	f000 ffde 	bl	10003c98 <__wrap___aeabi_dcmplt>
10002cdc:	2800      	cmp	r0, #0
10002cde:	d142      	bne.n	10002d66 <_ftoa+0xf2>
10002ce0:	2200      	movs	r2, #0
10002ce2:	2300      	movs	r3, #0
10002ce4:	981e      	ldr	r0, [sp, #120]	@ 0x78
10002ce6:	991f      	ldr	r1, [sp, #124]	@ 0x7c
10002ce8:	f000 ffd6 	bl	10003c98 <__wrap___aeabi_dcmplt>
10002cec:	2800      	cmp	r0, #0
10002cee:	d14a      	bne.n	10002d86 <_ftoa+0x112>
10002cf0:	2300      	movs	r3, #0
10002cf2:	4698      	mov	r8, r3
10002cf4:	9b22      	ldr	r3, [sp, #136]	@ 0x88
10002cf6:	055b      	lsls	r3, r3, #21
10002cf8:	d400      	bmi.n	10002cfc <_ftoa+0x88>
10002cfa:	e0b0      	b.n	10002e5e <_ftoa+0x1ea>
10002cfc:	2400      	movs	r4, #0
10002cfe:	e052      	b.n	10002da6 <_ftoa+0x132>
10002d00:	9b22      	ldr	r3, [sp, #136]	@ 0x88
10002d02:	9303      	str	r3, [sp, #12]
10002d04:	9b21      	ldr	r3, [sp, #132]	@ 0x84
10002d06:	9302      	str	r3, [sp, #8]
10002d08:	2303      	movs	r3, #3
10002d0a:	9301      	str	r3, [sp, #4]
10002d0c:	4ba5      	ldr	r3, [pc, #660]	@ (10002fa4 <_ftoa+0x330>)
10002d0e:	9300      	str	r3, [sp, #0]
10002d10:	464b      	mov	r3, r9
10002d12:	465a      	mov	r2, fp
10002d14:	9907      	ldr	r1, [sp, #28]
10002d16:	9806      	ldr	r0, [sp, #24]
10002d18:	f7ff fbd6 	bl	100024c8 <_out_rev>
10002d1c:	e108      	b.n	10002f30 <_ftoa+0x2bc>
10002d1e:	9b22      	ldr	r3, [sp, #136]	@ 0x88
10002d20:	9303      	str	r3, [sp, #12]
10002d22:	9b21      	ldr	r3, [sp, #132]	@ 0x84
10002d24:	9302      	str	r3, [sp, #8]
10002d26:	2304      	movs	r3, #4
10002d28:	9301      	str	r3, [sp, #4]
10002d2a:	4b9f      	ldr	r3, [pc, #636]	@ (10002fa8 <_ftoa+0x334>)
10002d2c:	9300      	str	r3, [sp, #0]
10002d2e:	464b      	mov	r3, r9
10002d30:	465a      	mov	r2, fp
10002d32:	9907      	ldr	r1, [sp, #28]
10002d34:	9806      	ldr	r0, [sp, #24]
10002d36:	f7ff fbc7 	bl	100024c8 <_out_rev>
10002d3a:	e0f9      	b.n	10002f30 <_ftoa+0x2bc>
10002d3c:	9b22      	ldr	r3, [sp, #136]	@ 0x88
10002d3e:	075b      	lsls	r3, r3, #29
10002d40:	d50e      	bpl.n	10002d60 <_ftoa+0xec>
10002d42:	4b9a      	ldr	r3, [pc, #616]	@ (10002fac <_ftoa+0x338>)
10002d44:	2204      	movs	r2, #4
10002d46:	9922      	ldr	r1, [sp, #136]	@ 0x88
10002d48:	9103      	str	r1, [sp, #12]
10002d4a:	9921      	ldr	r1, [sp, #132]	@ 0x84
10002d4c:	9102      	str	r1, [sp, #8]
10002d4e:	9201      	str	r2, [sp, #4]
10002d50:	9300      	str	r3, [sp, #0]
10002d52:	464b      	mov	r3, r9
10002d54:	465a      	mov	r2, fp
10002d56:	9907      	ldr	r1, [sp, #28]
10002d58:	9806      	ldr	r0, [sp, #24]
10002d5a:	f7ff fbb5 	bl	100024c8 <_out_rev>
10002d5e:	e0e7      	b.n	10002f30 <_ftoa+0x2bc>
10002d60:	4b93      	ldr	r3, [pc, #588]	@ (10002fb0 <_ftoa+0x33c>)
10002d62:	2203      	movs	r2, #3
10002d64:	e7ef      	b.n	10002d46 <_ftoa+0xd2>
10002d66:	9b22      	ldr	r3, [sp, #136]	@ 0x88
10002d68:	9304      	str	r3, [sp, #16]
10002d6a:	9b21      	ldr	r3, [sp, #132]	@ 0x84
10002d6c:	9303      	str	r3, [sp, #12]
10002d6e:	9702      	str	r7, [sp, #8]
10002d70:	9b1e      	ldr	r3, [sp, #120]	@ 0x78
10002d72:	9c1f      	ldr	r4, [sp, #124]	@ 0x7c
10002d74:	9300      	str	r3, [sp, #0]
10002d76:	9401      	str	r4, [sp, #4]
10002d78:	464b      	mov	r3, r9
10002d7a:	465a      	mov	r2, fp
10002d7c:	9907      	ldr	r1, [sp, #28]
10002d7e:	9806      	ldr	r0, [sp, #24]
10002d80:	f7ff fd66 	bl	10002850 <_etoa>
10002d84:	e0d4      	b.n	10002f30 <_ftoa+0x2bc>
10002d86:	9a1e      	ldr	r2, [sp, #120]	@ 0x78
10002d88:	9b1f      	ldr	r3, [sp, #124]	@ 0x7c
10002d8a:	2000      	movs	r0, #0
10002d8c:	2100      	movs	r1, #0
10002d8e:	f000 ff10 	bl	10003bb2 <__wrap___aeabi_dsub>
10002d92:	901e      	str	r0, [sp, #120]	@ 0x78
10002d94:	911f      	str	r1, [sp, #124]	@ 0x7c
10002d96:	2301      	movs	r3, #1
10002d98:	4698      	mov	r8, r3
10002d9a:	e7ab      	b.n	10002cf4 <_ftoa+0x80>
10002d9c:	ab0c      	add	r3, sp, #48	@ 0x30
10002d9e:	2230      	movs	r2, #48	@ 0x30
10002da0:	551a      	strb	r2, [r3, r4]
10002da2:	3f01      	subs	r7, #1
10002da4:	3401      	adds	r4, #1
10002da6:	2c1f      	cmp	r4, #31
10002da8:	d801      	bhi.n	10002dae <_ftoa+0x13a>
10002daa:	2f09      	cmp	r7, #9
10002dac:	d8f6      	bhi.n	10002d9c <_ftoa+0x128>
10002dae:	981e      	ldr	r0, [sp, #120]	@ 0x78
10002db0:	991f      	ldr	r1, [sp, #124]	@ 0x7c
10002db2:	f000 ffb7 	bl	10003d24 <__wrap___aeabi_d2iz>
10002db6:	0005      	movs	r5, r0
10002db8:	f000 ff9c 	bl	10003cf4 <__wrap___aeabi_i2d>
10002dbc:	0002      	movs	r2, r0
10002dbe:	000b      	movs	r3, r1
10002dc0:	981e      	ldr	r0, [sp, #120]	@ 0x78
10002dc2:	991f      	ldr	r1, [sp, #124]	@ 0x7c
10002dc4:	f000 fef5 	bl	10003bb2 <__wrap___aeabi_dsub>
10002dc8:	4b7a      	ldr	r3, [pc, #488]	@ (10002fb4 <_ftoa+0x340>)
10002dca:	00fa      	lsls	r2, r7, #3
10002dcc:	189b      	adds	r3, r3, r2
10002dce:	681a      	ldr	r2, [r3, #0]
10002dd0:	685b      	ldr	r3, [r3, #4]
10002dd2:	920a      	str	r2, [sp, #40]	@ 0x28
10002dd4:	930b      	str	r3, [sp, #44]	@ 0x2c
10002dd6:	f000 ff1c 	bl	10003c12 <__wrap___aeabi_dmul>
10002dda:	9008      	str	r0, [sp, #32]
10002ddc:	9109      	str	r1, [sp, #36]	@ 0x24
10002dde:	f000 ffc5 	bl	10003d6c <__wrap___aeabi_d2uiz>
10002de2:	0006      	movs	r6, r0
10002de4:	f000 ff82 	bl	10003cec <__wrap___aeabi_ui2d>
10002de8:	0002      	movs	r2, r0
10002dea:	000b      	movs	r3, r1
10002dec:	9808      	ldr	r0, [sp, #32]
10002dee:	9909      	ldr	r1, [sp, #36]	@ 0x24
10002df0:	f000 fedf 	bl	10003bb2 <__wrap___aeabi_dsub>
10002df4:	9008      	str	r0, [sp, #32]
10002df6:	9109      	str	r1, [sp, #36]	@ 0x24
10002df8:	2200      	movs	r2, #0
10002dfa:	4b6f      	ldr	r3, [pc, #444]	@ (10002fb8 <_ftoa+0x344>)
10002dfc:	f000 ff62 	bl	10003cc4 <__wrap___aeabi_dcmpgt>
10002e00:	2800      	cmp	r0, #0
10002e02:	d02e      	beq.n	10002e62 <_ftoa+0x1ee>
10002e04:	3601      	adds	r6, #1
10002e06:	0030      	movs	r0, r6
10002e08:	f000 ff70 	bl	10003cec <__wrap___aeabi_ui2d>
10002e0c:	0002      	movs	r2, r0
10002e0e:	000b      	movs	r3, r1
10002e10:	980a      	ldr	r0, [sp, #40]	@ 0x28
10002e12:	990b      	ldr	r1, [sp, #44]	@ 0x2c
10002e14:	f000 ff46 	bl	10003ca4 <__wrap___aeabi_dcmple>
10002e18:	2800      	cmp	r0, #0
10002e1a:	d001      	beq.n	10002e20 <_ftoa+0x1ac>
10002e1c:	3501      	adds	r5, #1
10002e1e:	2600      	movs	r6, #0
10002e20:	2f00      	cmp	r7, #0
10002e22:	d12c      	bne.n	10002e7e <_ftoa+0x20a>
10002e24:	0028      	movs	r0, r5
10002e26:	f000 ff65 	bl	10003cf4 <__wrap___aeabi_i2d>
10002e2a:	0002      	movs	r2, r0
10002e2c:	000b      	movs	r3, r1
10002e2e:	981e      	ldr	r0, [sp, #120]	@ 0x78
10002e30:	991f      	ldr	r1, [sp, #124]	@ 0x7c
10002e32:	f000 febe 	bl	10003bb2 <__wrap___aeabi_dsub>
10002e36:	0006      	movs	r6, r0
10002e38:	000f      	movs	r7, r1
10002e3a:	2200      	movs	r2, #0
10002e3c:	4b5e      	ldr	r3, [pc, #376]	@ (10002fb8 <_ftoa+0x344>)
10002e3e:	f000 ff2b 	bl	10003c98 <__wrap___aeabi_dcmplt>
10002e42:	2800      	cmp	r0, #0
10002e44:	d146      	bne.n	10002ed4 <_ftoa+0x260>
10002e46:	2200      	movs	r2, #0
10002e48:	4b5b      	ldr	r3, [pc, #364]	@ (10002fb8 <_ftoa+0x344>)
10002e4a:	0030      	movs	r0, r6
10002e4c:	0039      	movs	r1, r7
10002e4e:	f000 ff39 	bl	10003cc4 <__wrap___aeabi_dcmpgt>
10002e52:	2800      	cmp	r0, #0
10002e54:	d13e      	bne.n	10002ed4 <_ftoa+0x260>
10002e56:	07eb      	lsls	r3, r5, #31
10002e58:	d53c      	bpl.n	10002ed4 <_ftoa+0x260>
10002e5a:	3501      	adds	r5, #1
10002e5c:	e03a      	b.n	10002ed4 <_ftoa+0x260>
10002e5e:	2706      	movs	r7, #6
10002e60:	e74c      	b.n	10002cfc <_ftoa+0x88>
10002e62:	2200      	movs	r2, #0
10002e64:	4b54      	ldr	r3, [pc, #336]	@ (10002fb8 <_ftoa+0x344>)
10002e66:	9808      	ldr	r0, [sp, #32]
10002e68:	9909      	ldr	r1, [sp, #36]	@ 0x24
10002e6a:	f000 ff15 	bl	10003c98 <__wrap___aeabi_dcmplt>
10002e6e:	2800      	cmp	r0, #0
10002e70:	d1d6      	bne.n	10002e20 <_ftoa+0x1ac>
10002e72:	2e00      	cmp	r6, #0
10002e74:	d001      	beq.n	10002e7a <_ftoa+0x206>
10002e76:	07f3      	lsls	r3, r6, #31
10002e78:	d5d2      	bpl.n	10002e20 <_ftoa+0x1ac>
10002e7a:	3601      	adds	r6, #1
10002e7c:	e7d0      	b.n	10002e20 <_ftoa+0x1ac>
10002e7e:	46aa      	mov	sl, r5
10002e80:	2c1f      	cmp	r4, #31
10002e82:	d811      	bhi.n	10002ea8 <_ftoa+0x234>
10002e84:	3f01      	subs	r7, #1
10002e86:	210a      	movs	r1, #10
10002e88:	0030      	movs	r0, r6
10002e8a:	f000 fc57 	bl	1000373c <__wrap___aeabi_uidiv>
10002e8e:	1c65      	adds	r5, r4, #1
10002e90:	3130      	adds	r1, #48	@ 0x30
10002e92:	ab0c      	add	r3, sp, #48	@ 0x30
10002e94:	5519      	strb	r1, [r3, r4]
10002e96:	210a      	movs	r1, #10
10002e98:	0030      	movs	r0, r6
10002e9a:	f000 fc4f 	bl	1000373c <__wrap___aeabi_uidiv>
10002e9e:	2e09      	cmp	r6, #9
10002ea0:	d90e      	bls.n	10002ec0 <_ftoa+0x24c>
10002ea2:	0006      	movs	r6, r0
10002ea4:	002c      	movs	r4, r5
10002ea6:	e7eb      	b.n	10002e80 <_ftoa+0x20c>
10002ea8:	4655      	mov	r5, sl
10002eaa:	2c1f      	cmp	r4, #31
10002eac:	d80c      	bhi.n	10002ec8 <_ftoa+0x254>
10002eae:	1e7b      	subs	r3, r7, #1
10002eb0:	2f00      	cmp	r7, #0
10002eb2:	d009      	beq.n	10002ec8 <_ftoa+0x254>
10002eb4:	aa0c      	add	r2, sp, #48	@ 0x30
10002eb6:	2130      	movs	r1, #48	@ 0x30
10002eb8:	5511      	strb	r1, [r2, r4]
10002eba:	001f      	movs	r7, r3
10002ebc:	3401      	adds	r4, #1
10002ebe:	e7f4      	b.n	10002eaa <_ftoa+0x236>
10002ec0:	002b      	movs	r3, r5
10002ec2:	4655      	mov	r5, sl
10002ec4:	001c      	movs	r4, r3
10002ec6:	e7f0      	b.n	10002eaa <_ftoa+0x236>
10002ec8:	2c1f      	cmp	r4, #31
10002eca:	d803      	bhi.n	10002ed4 <_ftoa+0x260>
10002ecc:	ab0c      	add	r3, sp, #48	@ 0x30
10002ece:	222e      	movs	r2, #46	@ 0x2e
10002ed0:	551a      	strb	r2, [r3, r4]
10002ed2:	3401      	adds	r4, #1
10002ed4:	2c1f      	cmp	r4, #31
10002ed6:	d810      	bhi.n	10002efa <_ftoa+0x286>
10002ed8:	210a      	movs	r1, #10
10002eda:	0028      	movs	r0, r5
10002edc:	f000 fc06 	bl	100036ec <__wrap___aeabi_idiv>
10002ee0:	1c66      	adds	r6, r4, #1
10002ee2:	3130      	adds	r1, #48	@ 0x30
10002ee4:	ab0c      	add	r3, sp, #48	@ 0x30
10002ee6:	5519      	strb	r1, [r3, r4]
10002ee8:	210a      	movs	r1, #10
10002eea:	0028      	movs	r0, r5
10002eec:	f000 fbfe 	bl	100036ec <__wrap___aeabi_idiv>
10002ef0:	1e05      	subs	r5, r0, #0
10002ef2:	d001      	beq.n	10002ef8 <_ftoa+0x284>
10002ef4:	0034      	movs	r4, r6
10002ef6:	e7ed      	b.n	10002ed4 <_ftoa+0x260>
10002ef8:	0034      	movs	r4, r6
10002efa:	2303      	movs	r3, #3
10002efc:	9a22      	ldr	r2, [sp, #136]	@ 0x88
10002efe:	4013      	ands	r3, r2
10002f00:	2b01      	cmp	r3, #1
10002f02:	d01c      	beq.n	10002f3e <_ftoa+0x2ca>
10002f04:	2c1f      	cmp	r4, #31
10002f06:	d806      	bhi.n	10002f16 <_ftoa+0x2a2>
10002f08:	4643      	mov	r3, r8
10002f0a:	2b00      	cmp	r3, #0
10002f0c:	d032      	beq.n	10002f74 <_ftoa+0x300>
10002f0e:	ab0c      	add	r3, sp, #48	@ 0x30
10002f10:	222d      	movs	r2, #45	@ 0x2d
10002f12:	551a      	strb	r2, [r3, r4]
10002f14:	3401      	adds	r4, #1
10002f16:	9b22      	ldr	r3, [sp, #136]	@ 0x88
10002f18:	9303      	str	r3, [sp, #12]
10002f1a:	9b21      	ldr	r3, [sp, #132]	@ 0x84
10002f1c:	9302      	str	r3, [sp, #8]
10002f1e:	9401      	str	r4, [sp, #4]
10002f20:	ab0c      	add	r3, sp, #48	@ 0x30
10002f22:	9300      	str	r3, [sp, #0]
10002f24:	464b      	mov	r3, r9
10002f26:	465a      	mov	r2, fp
10002f28:	9907      	ldr	r1, [sp, #28]
10002f2a:	9806      	ldr	r0, [sp, #24]
10002f2c:	f7ff facc 	bl	100024c8 <_out_rev>
10002f30:	b015      	add	sp, #84	@ 0x54
10002f32:	bcf0      	pop	{r4, r5, r6, r7}
10002f34:	46bb      	mov	fp, r7
10002f36:	46b2      	mov	sl, r6
10002f38:	46a9      	mov	r9, r5
10002f3a:	46a0      	mov	r8, r4
10002f3c:	bdf0      	pop	{r4, r5, r6, r7, pc}
10002f3e:	9b21      	ldr	r3, [sp, #132]	@ 0x84
10002f40:	2b00      	cmp	r3, #0
10002f42:	d013      	beq.n	10002f6c <_ftoa+0x2f8>
10002f44:	4643      	mov	r3, r8
10002f46:	2b00      	cmp	r3, #0
10002f48:	d102      	bne.n	10002f50 <_ftoa+0x2dc>
10002f4a:	330c      	adds	r3, #12
10002f4c:	4213      	tst	r3, r2
10002f4e:	d00f      	beq.n	10002f70 <_ftoa+0x2fc>
10002f50:	9b21      	ldr	r3, [sp, #132]	@ 0x84
10002f52:	3b01      	subs	r3, #1
10002f54:	9321      	str	r3, [sp, #132]	@ 0x84
10002f56:	0019      	movs	r1, r3
10002f58:	e003      	b.n	10002f62 <_ftoa+0x2ee>
10002f5a:	ab0c      	add	r3, sp, #48	@ 0x30
10002f5c:	2230      	movs	r2, #48	@ 0x30
10002f5e:	551a      	strb	r2, [r3, r4]
10002f60:	3401      	adds	r4, #1
10002f62:	428c      	cmp	r4, r1
10002f64:	d2ce      	bcs.n	10002f04 <_ftoa+0x290>
10002f66:	2c1f      	cmp	r4, #31
10002f68:	d9f7      	bls.n	10002f5a <_ftoa+0x2e6>
10002f6a:	e7cb      	b.n	10002f04 <_ftoa+0x290>
10002f6c:	9921      	ldr	r1, [sp, #132]	@ 0x84
10002f6e:	e7f8      	b.n	10002f62 <_ftoa+0x2ee>
10002f70:	9921      	ldr	r1, [sp, #132]	@ 0x84
10002f72:	e7f6      	b.n	10002f62 <_ftoa+0x2ee>
10002f74:	9b22      	ldr	r3, [sp, #136]	@ 0x88
10002f76:	075b      	lsls	r3, r3, #29
10002f78:	d504      	bpl.n	10002f84 <_ftoa+0x310>
10002f7a:	ab0c      	add	r3, sp, #48	@ 0x30
10002f7c:	222b      	movs	r2, #43	@ 0x2b
10002f7e:	551a      	strb	r2, [r3, r4]
10002f80:	3401      	adds	r4, #1
10002f82:	e7c8      	b.n	10002f16 <_ftoa+0x2a2>
10002f84:	9b22      	ldr	r3, [sp, #136]	@ 0x88
10002f86:	071b      	lsls	r3, r3, #28
10002f88:	d5c5      	bpl.n	10002f16 <_ftoa+0x2a2>
10002f8a:	ab0c      	add	r3, sp, #48	@ 0x30
10002f8c:	2220      	movs	r2, #32
10002f8e:	551a      	strb	r2, [r3, r4]
10002f90:	3401      	adds	r4, #1
10002f92:	e7c0      	b.n	10002f16 <_ftoa+0x2a2>
10002f94:	ffefffff 	.word	0xffefffff
10002f98:	7fefffff 	.word	0x7fefffff
10002f9c:	41cdcd65 	.word	0x41cdcd65
10002fa0:	c1cdcd65 	.word	0xc1cdcd65
10002fa4:	10008418 	.word	0x10008418
10002fa8:	1000841c 	.word	0x1000841c
10002fac:	1000840c 	.word	0x1000840c
10002fb0:	10008414 	.word	0x10008414
10002fb4:	10008e70 	.word	0x10008e70
10002fb8:	3fe00000 	.word	0x3fe00000

10002fbc <_vsnprintf>:
10002fbc:	b5f0      	push	{r4, r5, r6, r7, lr}
10002fbe:	46de      	mov	lr, fp
10002fc0:	4657      	mov	r7, sl
10002fc2:	464e      	mov	r6, r9
10002fc4:	4645      	mov	r5, r8
10002fc6:	b5e0      	push	{r5, r6, r7, lr}
10002fc8:	b093      	sub	sp, #76	@ 0x4c
10002fca:	0007      	movs	r7, r0
10002fcc:	468a      	mov	sl, r1
10002fce:	4693      	mov	fp, r2
10002fd0:	9311      	str	r3, [sp, #68]	@ 0x44
10002fd2:	2900      	cmp	r1, #0
10002fd4:	d100      	bne.n	10002fd8 <_vsnprintf+0x1c>
10002fd6:	e32c      	b.n	10003632 <_vsnprintf+0x676>
10002fd8:	2500      	movs	r5, #0
10002fda:	e008      	b.n	10002fee <_vsnprintf+0x32>
10002fdc:	1c6c      	adds	r4, r5, #1
10002fde:	465b      	mov	r3, fp
10002fe0:	002a      	movs	r2, r5
10002fe2:	4651      	mov	r1, sl
10002fe4:	47b8      	blx	r7
10002fe6:	9b11      	ldr	r3, [sp, #68]	@ 0x44
10002fe8:	3301      	adds	r3, #1
10002fea:	9311      	str	r3, [sp, #68]	@ 0x44
10002fec:	0025      	movs	r5, r4
10002fee:	9b11      	ldr	r3, [sp, #68]	@ 0x44
10002ff0:	7818      	ldrb	r0, [r3, #0]
10002ff2:	2800      	cmp	r0, #0
10002ff4:	d100      	bne.n	10002ff8 <_vsnprintf+0x3c>
10002ff6:	e31e      	b.n	10003636 <_vsnprintf+0x67a>
10002ff8:	2825      	cmp	r0, #37	@ 0x25
10002ffa:	d1ef      	bne.n	10002fdc <_vsnprintf+0x20>
10002ffc:	3301      	adds	r3, #1
10002ffe:	9311      	str	r3, [sp, #68]	@ 0x44
10003000:	2300      	movs	r3, #0
10003002:	0018      	movs	r0, r3
10003004:	e020      	b.n	10003048 <_vsnprintf+0x8c>
10003006:	2301      	movs	r3, #1
10003008:	4318      	orrs	r0, r3
1000300a:	3201      	adds	r2, #1
1000300c:	9211      	str	r2, [sp, #68]	@ 0x44
1000300e:	2401      	movs	r4, #1
10003010:	e018      	b.n	10003044 <_vsnprintf+0x88>
10003012:	2302      	movs	r3, #2
10003014:	4318      	orrs	r0, r3
10003016:	3201      	adds	r2, #1
10003018:	9211      	str	r2, [sp, #68]	@ 0x44
1000301a:	2401      	movs	r4, #1
1000301c:	e012      	b.n	10003044 <_vsnprintf+0x88>
1000301e:	2304      	movs	r3, #4
10003020:	4318      	orrs	r0, r3
10003022:	3201      	adds	r2, #1
10003024:	9211      	str	r2, [sp, #68]	@ 0x44
10003026:	2401      	movs	r4, #1
10003028:	e00c      	b.n	10003044 <_vsnprintf+0x88>
1000302a:	2308      	movs	r3, #8
1000302c:	4318      	orrs	r0, r3
1000302e:	3201      	adds	r2, #1
10003030:	9211      	str	r2, [sp, #68]	@ 0x44
10003032:	2401      	movs	r4, #1
10003034:	e006      	b.n	10003044 <_vsnprintf+0x88>
10003036:	2310      	movs	r3, #16
10003038:	4318      	orrs	r0, r3
1000303a:	3201      	adds	r2, #1
1000303c:	9211      	str	r2, [sp, #68]	@ 0x44
1000303e:	2401      	movs	r4, #1
10003040:	e000      	b.n	10003044 <_vsnprintf+0x88>
10003042:	2400      	movs	r4, #0
10003044:	2c00      	cmp	r4, #0
10003046:	d009      	beq.n	1000305c <_vsnprintf+0xa0>
10003048:	9a11      	ldr	r2, [sp, #68]	@ 0x44
1000304a:	7813      	ldrb	r3, [r2, #0]
1000304c:	3b20      	subs	r3, #32
1000304e:	b2d9      	uxtb	r1, r3
10003050:	2910      	cmp	r1, #16
10003052:	d8f6      	bhi.n	10003042 <_vsnprintf+0x86>
10003054:	008b      	lsls	r3, r1, #2
10003056:	49c4      	ldr	r1, [pc, #784]	@ (10003368 <_vsnprintf+0x3ac>)
10003058:	58cb      	ldr	r3, [r1, r3]
1000305a:	469f      	mov	pc, r3
1000305c:	4681      	mov	r9, r0
1000305e:	9b11      	ldr	r3, [sp, #68]	@ 0x44
10003060:	781a      	ldrb	r2, [r3, #0]
10003062:	0013      	movs	r3, r2
10003064:	3b30      	subs	r3, #48	@ 0x30
10003066:	b2db      	uxtb	r3, r3
10003068:	2b09      	cmp	r3, #9
1000306a:	d910      	bls.n	1000308e <_vsnprintf+0xd2>
1000306c:	2a2a      	cmp	r2, #42	@ 0x2a
1000306e:	d013      	beq.n	10003098 <_vsnprintf+0xdc>
10003070:	940b      	str	r4, [sp, #44]	@ 0x2c
10003072:	9b11      	ldr	r3, [sp, #68]	@ 0x44
10003074:	781a      	ldrb	r2, [r3, #0]
10003076:	2a2e      	cmp	r2, #46	@ 0x2e
10003078:	d020      	beq.n	100030bc <_vsnprintf+0x100>
1000307a:	9a11      	ldr	r2, [sp, #68]	@ 0x44
1000307c:	7813      	ldrb	r3, [r2, #0]
1000307e:	3b68      	subs	r3, #104	@ 0x68
10003080:	b2d9      	uxtb	r1, r3
10003082:	2912      	cmp	r1, #18
10003084:	d865      	bhi.n	10003152 <_vsnprintf+0x196>
10003086:	008b      	lsls	r3, r1, #2
10003088:	49b8      	ldr	r1, [pc, #736]	@ (1000336c <_vsnprintf+0x3b0>)
1000308a:	58cb      	ldr	r3, [r1, r3]
1000308c:	469f      	mov	pc, r3
1000308e:	a811      	add	r0, sp, #68	@ 0x44
10003090:	f7ff fa08 	bl	100024a4 <_atoi>
10003094:	900b      	str	r0, [sp, #44]	@ 0x2c
10003096:	e7ec      	b.n	10003072 <_vsnprintf+0xb6>
10003098:	9b1c      	ldr	r3, [sp, #112]	@ 0x70
1000309a:	1d1a      	adds	r2, r3, #4
1000309c:	921c      	str	r2, [sp, #112]	@ 0x70
1000309e:	681b      	ldr	r3, [r3, #0]
100030a0:	2b00      	cmp	r3, #0
100030a2:	db04      	blt.n	100030ae <_vsnprintf+0xf2>
100030a4:	930b      	str	r3, [sp, #44]	@ 0x2c
100030a6:	9b11      	ldr	r3, [sp, #68]	@ 0x44
100030a8:	3301      	adds	r3, #1
100030aa:	9311      	str	r3, [sp, #68]	@ 0x44
100030ac:	e7e1      	b.n	10003072 <_vsnprintf+0xb6>
100030ae:	2202      	movs	r2, #2
100030b0:	0001      	movs	r1, r0
100030b2:	4311      	orrs	r1, r2
100030b4:	4689      	mov	r9, r1
100030b6:	425b      	negs	r3, r3
100030b8:	930b      	str	r3, [sp, #44]	@ 0x2c
100030ba:	e7f4      	b.n	100030a6 <_vsnprintf+0xea>
100030bc:	2280      	movs	r2, #128	@ 0x80
100030be:	00d2      	lsls	r2, r2, #3
100030c0:	4649      	mov	r1, r9
100030c2:	4311      	orrs	r1, r2
100030c4:	4689      	mov	r9, r1
100030c6:	1c5a      	adds	r2, r3, #1
100030c8:	9211      	str	r2, [sp, #68]	@ 0x44
100030ca:	785a      	ldrb	r2, [r3, #1]
100030cc:	0013      	movs	r3, r2
100030ce:	3b30      	subs	r3, #48	@ 0x30
100030d0:	b2db      	uxtb	r3, r3
100030d2:	2b09      	cmp	r3, #9
100030d4:	d90b      	bls.n	100030ee <_vsnprintf+0x132>
100030d6:	2a2a      	cmp	r2, #42	@ 0x2a
100030d8:	d1cf      	bne.n	1000307a <_vsnprintf+0xbe>
100030da:	9b1c      	ldr	r3, [sp, #112]	@ 0x70
100030dc:	1d1a      	adds	r2, r3, #4
100030de:	921c      	str	r2, [sp, #112]	@ 0x70
100030e0:	681c      	ldr	r4, [r3, #0]
100030e2:	2c00      	cmp	r4, #0
100030e4:	db08      	blt.n	100030f8 <_vsnprintf+0x13c>
100030e6:	9b11      	ldr	r3, [sp, #68]	@ 0x44
100030e8:	3301      	adds	r3, #1
100030ea:	9311      	str	r3, [sp, #68]	@ 0x44
100030ec:	e7c5      	b.n	1000307a <_vsnprintf+0xbe>
100030ee:	a811      	add	r0, sp, #68	@ 0x44
100030f0:	f7ff f9d8 	bl	100024a4 <_atoi>
100030f4:	0004      	movs	r4, r0
100030f6:	e7c0      	b.n	1000307a <_vsnprintf+0xbe>
100030f8:	2400      	movs	r4, #0
100030fa:	e7f4      	b.n	100030e6 <_vsnprintf+0x12a>
100030fc:	2380      	movs	r3, #128	@ 0x80
100030fe:	005b      	lsls	r3, r3, #1
10003100:	4649      	mov	r1, r9
10003102:	430b      	orrs	r3, r1
10003104:	1c51      	adds	r1, r2, #1
10003106:	9111      	str	r1, [sp, #68]	@ 0x44
10003108:	7851      	ldrb	r1, [r2, #1]
1000310a:	296c      	cmp	r1, #108	@ 0x6c
1000310c:	d001      	beq.n	10003112 <_vsnprintf+0x156>
1000310e:	4699      	mov	r9, r3
10003110:	e01f      	b.n	10003152 <_vsnprintf+0x196>
10003112:	23c0      	movs	r3, #192	@ 0xc0
10003114:	009b      	lsls	r3, r3, #2
10003116:	4649      	mov	r1, r9
10003118:	4319      	orrs	r1, r3
1000311a:	4689      	mov	r9, r1
1000311c:	3202      	adds	r2, #2
1000311e:	9211      	str	r2, [sp, #68]	@ 0x44
10003120:	e017      	b.n	10003152 <_vsnprintf+0x196>
10003122:	2380      	movs	r3, #128	@ 0x80
10003124:	4649      	mov	r1, r9
10003126:	430b      	orrs	r3, r1
10003128:	1c51      	adds	r1, r2, #1
1000312a:	9111      	str	r1, [sp, #68]	@ 0x44
1000312c:	7851      	ldrb	r1, [r2, #1]
1000312e:	2968      	cmp	r1, #104	@ 0x68
10003130:	d001      	beq.n	10003136 <_vsnprintf+0x17a>
10003132:	4699      	mov	r9, r3
10003134:	e00d      	b.n	10003152 <_vsnprintf+0x196>
10003136:	23c0      	movs	r3, #192	@ 0xc0
10003138:	4649      	mov	r1, r9
1000313a:	4319      	orrs	r1, r3
1000313c:	4689      	mov	r9, r1
1000313e:	3202      	adds	r2, #2
10003140:	9211      	str	r2, [sp, #68]	@ 0x44
10003142:	e006      	b.n	10003152 <_vsnprintf+0x196>
10003144:	2380      	movs	r3, #128	@ 0x80
10003146:	005b      	lsls	r3, r3, #1
10003148:	4649      	mov	r1, r9
1000314a:	4319      	orrs	r1, r3
1000314c:	4689      	mov	r9, r1
1000314e:	3201      	adds	r2, #1
10003150:	9211      	str	r2, [sp, #68]	@ 0x44
10003152:	9b11      	ldr	r3, [sp, #68]	@ 0x44
10003154:	7818      	ldrb	r0, [r3, #0]
10003156:	2867      	cmp	r0, #103	@ 0x67
10003158:	d81c      	bhi.n	10003194 <_vsnprintf+0x1d8>
1000315a:	2825      	cmp	r0, #37	@ 0x25
1000315c:	d200      	bcs.n	10003160 <_vsnprintf+0x1a4>
1000315e:	e25e      	b.n	1000361e <_vsnprintf+0x662>
10003160:	0003      	movs	r3, r0
10003162:	3b25      	subs	r3, #37	@ 0x25
10003164:	b2da      	uxtb	r2, r3
10003166:	2a42      	cmp	r2, #66	@ 0x42
10003168:	d900      	bls.n	1000316c <_vsnprintf+0x1b0>
1000316a:	e258      	b.n	1000361e <_vsnprintf+0x662>
1000316c:	0093      	lsls	r3, r2, #2
1000316e:	4a80      	ldr	r2, [pc, #512]	@ (10003370 <_vsnprintf+0x3b4>)
10003170:	58d3      	ldr	r3, [r2, r3]
10003172:	469f      	mov	pc, r3
10003174:	2380      	movs	r3, #128	@ 0x80
10003176:	009b      	lsls	r3, r3, #2
10003178:	4649      	mov	r1, r9
1000317a:	4319      	orrs	r1, r3
1000317c:	4689      	mov	r9, r1
1000317e:	3201      	adds	r2, #1
10003180:	9211      	str	r2, [sp, #68]	@ 0x44
10003182:	e7e6      	b.n	10003152 <_vsnprintf+0x196>
10003184:	2380      	movs	r3, #128	@ 0x80
10003186:	005b      	lsls	r3, r3, #1
10003188:	4649      	mov	r1, r9
1000318a:	4319      	orrs	r1, r3
1000318c:	4689      	mov	r9, r1
1000318e:	3201      	adds	r2, #1
10003190:	9211      	str	r2, [sp, #68]	@ 0x44
10003192:	e7de      	b.n	10003152 <_vsnprintf+0x196>
10003194:	2878      	cmp	r0, #120	@ 0x78
10003196:	d900      	bls.n	1000319a <_vsnprintf+0x1de>
10003198:	e241      	b.n	1000361e <_vsnprintf+0x662>
1000319a:	2869      	cmp	r0, #105	@ 0x69
1000319c:	d200      	bcs.n	100031a0 <_vsnprintf+0x1e4>
1000319e:	e23e      	b.n	1000361e <_vsnprintf+0x662>
100031a0:	0002      	movs	r2, r0
100031a2:	3a69      	subs	r2, #105	@ 0x69
100031a4:	b2d2      	uxtb	r2, r2
100031a6:	2301      	movs	r3, #1
100031a8:	4093      	lsls	r3, r2
100031aa:	4a72      	ldr	r2, [pc, #456]	@ (10003374 <_vsnprintf+0x3b8>)
100031ac:	4213      	tst	r3, r2
100031ae:	d110      	bne.n	100031d2 <_vsnprintf+0x216>
100031b0:	061a      	lsls	r2, r3, #24
100031b2:	d500      	bpl.n	100031b6 <_vsnprintf+0x1fa>
100031b4:	e20c      	b.n	100035d0 <_vsnprintf+0x614>
100031b6:	055b      	lsls	r3, r3, #21
100031b8:	d400      	bmi.n	100031bc <_vsnprintf+0x200>
100031ba:	e230      	b.n	1000361e <_vsnprintf+0x662>
100031bc:	9b1c      	ldr	r3, [sp, #112]	@ 0x70
100031be:	1d1a      	adds	r2, r3, #4
100031c0:	921c      	str	r2, [sp, #112]	@ 0x70
100031c2:	681e      	ldr	r6, [r3, #0]
100031c4:	2c00      	cmp	r4, #0
100031c6:	d000      	beq.n	100031ca <_vsnprintf+0x20e>
100031c8:	e1ba      	b.n	10003540 <_vsnprintf+0x584>
100031ca:	2201      	movs	r2, #1
100031cc:	4252      	negs	r2, r2
100031ce:	0033      	movs	r3, r6
100031d0:	e196      	b.n	10003500 <_vsnprintf+0x544>
100031d2:	286f      	cmp	r0, #111	@ 0x6f
100031d4:	d042      	beq.n	1000325c <_vsnprintf+0x2a0>
100031d6:	d805      	bhi.n	100031e4 <_vsnprintf+0x228>
100031d8:	2858      	cmp	r0, #88	@ 0x58
100031da:	d041      	beq.n	10003260 <_vsnprintf+0x2a4>
100031dc:	2862      	cmp	r0, #98	@ 0x62
100031de:	d103      	bne.n	100031e8 <_vsnprintf+0x22c>
100031e0:	2602      	movs	r6, #2
100031e2:	e006      	b.n	100031f2 <_vsnprintf+0x236>
100031e4:	2878      	cmp	r0, #120	@ 0x78
100031e6:	d03d      	beq.n	10003264 <_vsnprintf+0x2a8>
100031e8:	2310      	movs	r3, #16
100031ea:	464a      	mov	r2, r9
100031ec:	439a      	bics	r2, r3
100031ee:	4691      	mov	r9, r2
100031f0:	260a      	movs	r6, #10
100031f2:	2858      	cmp	r0, #88	@ 0x58
100031f4:	d038      	beq.n	10003268 <_vsnprintf+0x2ac>
100031f6:	2869      	cmp	r0, #105	@ 0x69
100031f8:	d005      	beq.n	10003206 <_vsnprintf+0x24a>
100031fa:	2864      	cmp	r0, #100	@ 0x64
100031fc:	d003      	beq.n	10003206 <_vsnprintf+0x24a>
100031fe:	220c      	movs	r2, #12
10003200:	464b      	mov	r3, r9
10003202:	4393      	bics	r3, r2
10003204:	4699      	mov	r9, r3
10003206:	464b      	mov	r3, r9
10003208:	055a      	lsls	r2, r3, #21
1000320a:	d502      	bpl.n	10003212 <_vsnprintf+0x256>
1000320c:	2201      	movs	r2, #1
1000320e:	4393      	bics	r3, r2
10003210:	4699      	mov	r9, r3
10003212:	2869      	cmp	r0, #105	@ 0x69
10003214:	d02d      	beq.n	10003272 <_vsnprintf+0x2b6>
10003216:	2864      	cmp	r0, #100	@ 0x64
10003218:	d02b      	beq.n	10003272 <_vsnprintf+0x2b6>
1000321a:	464b      	mov	r3, r9
1000321c:	059a      	lsls	r2, r3, #22
1000321e:	d500      	bpl.n	10003222 <_vsnprintf+0x266>
10003220:	e0aa      	b.n	10003378 <_vsnprintf+0x3bc>
10003222:	05da      	lsls	r2, r3, #23
10003224:	d500      	bpl.n	10003228 <_vsnprintf+0x26c>
10003226:	e0c2      	b.n	100033ae <_vsnprintf+0x3f2>
10003228:	065a      	lsls	r2, r3, #25
1000322a:	d400      	bmi.n	1000322e <_vsnprintf+0x272>
1000322c:	e0d3      	b.n	100033d6 <_vsnprintf+0x41a>
1000322e:	9a1c      	ldr	r2, [sp, #112]	@ 0x70
10003230:	1d11      	adds	r1, r2, #4
10003232:	911c      	str	r1, [sp, #112]	@ 0x70
10003234:	6811      	ldr	r1, [r2, #0]
10003236:	22ff      	movs	r2, #255	@ 0xff
10003238:	400a      	ands	r2, r1
1000323a:	464b      	mov	r3, r9
1000323c:	9305      	str	r3, [sp, #20]
1000323e:	9b0b      	ldr	r3, [sp, #44]	@ 0x2c
10003240:	9304      	str	r3, [sp, #16]
10003242:	9403      	str	r4, [sp, #12]
10003244:	9602      	str	r6, [sp, #8]
10003246:	2300      	movs	r3, #0
10003248:	9301      	str	r3, [sp, #4]
1000324a:	9200      	str	r2, [sp, #0]
1000324c:	465b      	mov	r3, fp
1000324e:	002a      	movs	r2, r5
10003250:	4651      	mov	r1, sl
10003252:	0038      	movs	r0, r7
10003254:	f7ff fa17 	bl	10002686 <_ntoa_long>
10003258:	0005      	movs	r5, r0
1000325a:	e02a      	b.n	100032b2 <_vsnprintf+0x2f6>
1000325c:	2608      	movs	r6, #8
1000325e:	e7c8      	b.n	100031f2 <_vsnprintf+0x236>
10003260:	2610      	movs	r6, #16
10003262:	e7c6      	b.n	100031f2 <_vsnprintf+0x236>
10003264:	2610      	movs	r6, #16
10003266:	e7c4      	b.n	100031f2 <_vsnprintf+0x236>
10003268:	2220      	movs	r2, #32
1000326a:	464b      	mov	r3, r9
1000326c:	4313      	orrs	r3, r2
1000326e:	4699      	mov	r9, r3
10003270:	e7c1      	b.n	100031f6 <_vsnprintf+0x23a>
10003272:	464b      	mov	r3, r9
10003274:	059a      	lsls	r2, r3, #22
10003276:	d420      	bmi.n	100032ba <_vsnprintf+0x2fe>
10003278:	05da      	lsls	r2, r3, #23
1000327a:	d451      	bmi.n	10003320 <_vsnprintf+0x364>
1000327c:	065a      	lsls	r2, r3, #25
1000327e:	d566      	bpl.n	1000334e <_vsnprintf+0x392>
10003280:	9a1c      	ldr	r2, [sp, #112]	@ 0x70
10003282:	1d11      	adds	r1, r2, #4
10003284:	911c      	str	r1, [sp, #112]	@ 0x70
10003286:	6811      	ldr	r1, [r2, #0]
10003288:	22ff      	movs	r2, #255	@ 0xff
1000328a:	400a      	ands	r2, r1
1000328c:	17d0      	asrs	r0, r2, #31
1000328e:	1811      	adds	r1, r2, r0
10003290:	4041      	eors	r1, r0
10003292:	464b      	mov	r3, r9
10003294:	9305      	str	r3, [sp, #20]
10003296:	9b0b      	ldr	r3, [sp, #44]	@ 0x2c
10003298:	9304      	str	r3, [sp, #16]
1000329a:	9403      	str	r4, [sp, #12]
1000329c:	9602      	str	r6, [sp, #8]
1000329e:	0fd2      	lsrs	r2, r2, #31
100032a0:	9201      	str	r2, [sp, #4]
100032a2:	9100      	str	r1, [sp, #0]
100032a4:	465b      	mov	r3, fp
100032a6:	002a      	movs	r2, r5
100032a8:	4651      	mov	r1, sl
100032aa:	0038      	movs	r0, r7
100032ac:	f7ff f9eb 	bl	10002686 <_ntoa_long>
100032b0:	0005      	movs	r5, r0
100032b2:	9b11      	ldr	r3, [sp, #68]	@ 0x44
100032b4:	3301      	adds	r3, #1
100032b6:	9311      	str	r3, [sp, #68]	@ 0x44
100032b8:	e699      	b.n	10002fee <_vsnprintf+0x32>
100032ba:	9a1c      	ldr	r2, [sp, #112]	@ 0x70
100032bc:	3207      	adds	r2, #7
100032be:	2107      	movs	r1, #7
100032c0:	438a      	bics	r2, r1
100032c2:	0011      	movs	r1, r2
100032c4:	3108      	adds	r1, #8
100032c6:	911c      	str	r1, [sp, #112]	@ 0x70
100032c8:	6811      	ldr	r1, [r2, #0]
100032ca:	6853      	ldr	r3, [r2, #4]
100032cc:	469c      	mov	ip, r3
100032ce:	17db      	asrs	r3, r3, #31
100032d0:	930c      	str	r3, [sp, #48]	@ 0x30
100032d2:	930d      	str	r3, [sp, #52]	@ 0x34
100032d4:	9a0c      	ldr	r2, [sp, #48]	@ 0x30
100032d6:	9b0d      	ldr	r3, [sp, #52]	@ 0x34
100032d8:	0010      	movs	r0, r2
100032da:	4048      	eors	r0, r1
100032dc:	900e      	str	r0, [sp, #56]	@ 0x38
100032de:	9b0d      	ldr	r3, [sp, #52]	@ 0x34
100032e0:	4661      	mov	r1, ip
100032e2:	404b      	eors	r3, r1
100032e4:	930f      	str	r3, [sp, #60]	@ 0x3c
100032e6:	980e      	ldr	r0, [sp, #56]	@ 0x38
100032e8:	990f      	ldr	r1, [sp, #60]	@ 0x3c
100032ea:	9a0c      	ldr	r2, [sp, #48]	@ 0x30
100032ec:	9b0d      	ldr	r3, [sp, #52]	@ 0x34
100032ee:	1a80      	subs	r0, r0, r2
100032f0:	4199      	sbcs	r1, r3
100032f2:	900e      	str	r0, [sp, #56]	@ 0x38
100032f4:	910f      	str	r1, [sp, #60]	@ 0x3c
100032f6:	464b      	mov	r3, r9
100032f8:	9308      	str	r3, [sp, #32]
100032fa:	9b0b      	ldr	r3, [sp, #44]	@ 0x2c
100032fc:	9307      	str	r3, [sp, #28]
100032fe:	9406      	str	r4, [sp, #24]
10003300:	9604      	str	r6, [sp, #16]
10003302:	2300      	movs	r3, #0
10003304:	9305      	str	r3, [sp, #20]
10003306:	4663      	mov	r3, ip
10003308:	0fda      	lsrs	r2, r3, #31
1000330a:	9202      	str	r2, [sp, #8]
1000330c:	9000      	str	r0, [sp, #0]
1000330e:	9101      	str	r1, [sp, #4]
10003310:	465b      	mov	r3, fp
10003312:	002a      	movs	r2, r5
10003314:	4651      	mov	r1, sl
10003316:	0038      	movs	r0, r7
10003318:	f7ff fa13 	bl	10002742 <_ntoa_long_long>
1000331c:	0005      	movs	r5, r0
1000331e:	e7c8      	b.n	100032b2 <_vsnprintf+0x2f6>
10003320:	9a1c      	ldr	r2, [sp, #112]	@ 0x70
10003322:	1d11      	adds	r1, r2, #4
10003324:	911c      	str	r1, [sp, #112]	@ 0x70
10003326:	6812      	ldr	r2, [r2, #0]
10003328:	17d0      	asrs	r0, r2, #31
1000332a:	1811      	adds	r1, r2, r0
1000332c:	4041      	eors	r1, r0
1000332e:	9305      	str	r3, [sp, #20]
10003330:	9b0b      	ldr	r3, [sp, #44]	@ 0x2c
10003332:	9304      	str	r3, [sp, #16]
10003334:	9403      	str	r4, [sp, #12]
10003336:	9602      	str	r6, [sp, #8]
10003338:	0fd2      	lsrs	r2, r2, #31
1000333a:	9201      	str	r2, [sp, #4]
1000333c:	9100      	str	r1, [sp, #0]
1000333e:	465b      	mov	r3, fp
10003340:	002a      	movs	r2, r5
10003342:	4651      	mov	r1, sl
10003344:	0038      	movs	r0, r7
10003346:	f7ff f99e 	bl	10002686 <_ntoa_long>
1000334a:	0005      	movs	r5, r0
1000334c:	e7b1      	b.n	100032b2 <_vsnprintf+0x2f6>
1000334e:	061a      	lsls	r2, r3, #24
10003350:	d505      	bpl.n	1000335e <_vsnprintf+0x3a2>
10003352:	9a1c      	ldr	r2, [sp, #112]	@ 0x70
10003354:	1d11      	adds	r1, r2, #4
10003356:	911c      	str	r1, [sp, #112]	@ 0x70
10003358:	2300      	movs	r3, #0
1000335a:	5ed2      	ldrsh	r2, [r2, r3]
1000335c:	e796      	b.n	1000328c <_vsnprintf+0x2d0>
1000335e:	9a1c      	ldr	r2, [sp, #112]	@ 0x70
10003360:	1d11      	adds	r1, r2, #4
10003362:	911c      	str	r1, [sp, #112]	@ 0x70
10003364:	6812      	ldr	r2, [r2, #0]
10003366:	e791      	b.n	1000328c <_vsnprintf+0x2d0>
10003368:	10008cd4 	.word	0x10008cd4
1000336c:	10008d18 	.word	0x10008d18
10003370:	10008d64 	.word	0x10008d64
10003374:	00009041 	.word	0x00009041
10003378:	9a1c      	ldr	r2, [sp, #112]	@ 0x70
1000337a:	3207      	adds	r2, #7
1000337c:	2107      	movs	r1, #7
1000337e:	438a      	bics	r2, r1
10003380:	0011      	movs	r1, r2
10003382:	3108      	adds	r1, #8
10003384:	911c      	str	r1, [sp, #112]	@ 0x70
10003386:	9308      	str	r3, [sp, #32]
10003388:	9b0b      	ldr	r3, [sp, #44]	@ 0x2c
1000338a:	9307      	str	r3, [sp, #28]
1000338c:	9406      	str	r4, [sp, #24]
1000338e:	9604      	str	r6, [sp, #16]
10003390:	2300      	movs	r3, #0
10003392:	9305      	str	r3, [sp, #20]
10003394:	9302      	str	r3, [sp, #8]
10003396:	6853      	ldr	r3, [r2, #4]
10003398:	6812      	ldr	r2, [r2, #0]
1000339a:	9200      	str	r2, [sp, #0]
1000339c:	9301      	str	r3, [sp, #4]
1000339e:	465b      	mov	r3, fp
100033a0:	002a      	movs	r2, r5
100033a2:	4651      	mov	r1, sl
100033a4:	0038      	movs	r0, r7
100033a6:	f7ff f9cc 	bl	10002742 <_ntoa_long_long>
100033aa:	0005      	movs	r5, r0
100033ac:	e781      	b.n	100032b2 <_vsnprintf+0x2f6>
100033ae:	9a1c      	ldr	r2, [sp, #112]	@ 0x70
100033b0:	1d11      	adds	r1, r2, #4
100033b2:	911c      	str	r1, [sp, #112]	@ 0x70
100033b4:	9305      	str	r3, [sp, #20]
100033b6:	9b0b      	ldr	r3, [sp, #44]	@ 0x2c
100033b8:	9304      	str	r3, [sp, #16]
100033ba:	9403      	str	r4, [sp, #12]
100033bc:	9602      	str	r6, [sp, #8]
100033be:	2300      	movs	r3, #0
100033c0:	9301      	str	r3, [sp, #4]
100033c2:	6813      	ldr	r3, [r2, #0]
100033c4:	9300      	str	r3, [sp, #0]
100033c6:	465b      	mov	r3, fp
100033c8:	002a      	movs	r2, r5
100033ca:	4651      	mov	r1, sl
100033cc:	0038      	movs	r0, r7
100033ce:	f7ff f95a 	bl	10002686 <_ntoa_long>
100033d2:	0005      	movs	r5, r0
100033d4:	e76d      	b.n	100032b2 <_vsnprintf+0x2f6>
100033d6:	061a      	lsls	r2, r3, #24
100033d8:	d506      	bpl.n	100033e8 <_vsnprintf+0x42c>
100033da:	9a1c      	ldr	r2, [sp, #112]	@ 0x70
100033dc:	1d11      	adds	r1, r2, #4
100033de:	911c      	str	r1, [sp, #112]	@ 0x70
100033e0:	6812      	ldr	r2, [r2, #0]
100033e2:	0412      	lsls	r2, r2, #16
100033e4:	0c12      	lsrs	r2, r2, #16
100033e6:	e728      	b.n	1000323a <_vsnprintf+0x27e>
100033e8:	9a1c      	ldr	r2, [sp, #112]	@ 0x70
100033ea:	1d11      	adds	r1, r2, #4
100033ec:	911c      	str	r1, [sp, #112]	@ 0x70
100033ee:	6812      	ldr	r2, [r2, #0]
100033f0:	e723      	b.n	1000323a <_vsnprintf+0x27e>
100033f2:	2846      	cmp	r0, #70	@ 0x46
100033f4:	d01a      	beq.n	1000342c <_vsnprintf+0x470>
100033f6:	9b1c      	ldr	r3, [sp, #112]	@ 0x70
100033f8:	3307      	adds	r3, #7
100033fa:	2207      	movs	r2, #7
100033fc:	4393      	bics	r3, r2
100033fe:	001a      	movs	r2, r3
10003400:	3208      	adds	r2, #8
10003402:	921c      	str	r2, [sp, #112]	@ 0x70
10003404:	464a      	mov	r2, r9
10003406:	9204      	str	r2, [sp, #16]
10003408:	9a0b      	ldr	r2, [sp, #44]	@ 0x2c
1000340a:	9203      	str	r2, [sp, #12]
1000340c:	9402      	str	r4, [sp, #8]
1000340e:	681a      	ldr	r2, [r3, #0]
10003410:	685b      	ldr	r3, [r3, #4]
10003412:	9200      	str	r2, [sp, #0]
10003414:	9301      	str	r3, [sp, #4]
10003416:	465b      	mov	r3, fp
10003418:	002a      	movs	r2, r5
1000341a:	4651      	mov	r1, sl
1000341c:	0038      	movs	r0, r7
1000341e:	f7ff fc29 	bl	10002c74 <_ftoa>
10003422:	0005      	movs	r5, r0
10003424:	9b11      	ldr	r3, [sp, #68]	@ 0x44
10003426:	3301      	adds	r3, #1
10003428:	9311      	str	r3, [sp, #68]	@ 0x44
1000342a:	e5e0      	b.n	10002fee <_vsnprintf+0x32>
1000342c:	2320      	movs	r3, #32
1000342e:	464a      	mov	r2, r9
10003430:	431a      	orrs	r2, r3
10003432:	4691      	mov	r9, r2
10003434:	e7df      	b.n	100033f6 <_vsnprintf+0x43a>
10003436:	2867      	cmp	r0, #103	@ 0x67
10003438:	d001      	beq.n	1000343e <_vsnprintf+0x482>
1000343a:	2847      	cmp	r0, #71	@ 0x47
1000343c:	d104      	bne.n	10003448 <_vsnprintf+0x48c>
1000343e:	2380      	movs	r3, #128	@ 0x80
10003440:	011b      	lsls	r3, r3, #4
10003442:	464a      	mov	r2, r9
10003444:	431a      	orrs	r2, r3
10003446:	4691      	mov	r9, r2
10003448:	2845      	cmp	r0, #69	@ 0x45
1000344a:	d001      	beq.n	10003450 <_vsnprintf+0x494>
1000344c:	2847      	cmp	r0, #71	@ 0x47
1000344e:	d103      	bne.n	10003458 <_vsnprintf+0x49c>
10003450:	2320      	movs	r3, #32
10003452:	464a      	mov	r2, r9
10003454:	431a      	orrs	r2, r3
10003456:	4691      	mov	r9, r2
10003458:	9b1c      	ldr	r3, [sp, #112]	@ 0x70
1000345a:	3307      	adds	r3, #7
1000345c:	2207      	movs	r2, #7
1000345e:	4393      	bics	r3, r2
10003460:	001a      	movs	r2, r3
10003462:	3208      	adds	r2, #8
10003464:	921c      	str	r2, [sp, #112]	@ 0x70
10003466:	464a      	mov	r2, r9
10003468:	9204      	str	r2, [sp, #16]
1000346a:	9a0b      	ldr	r2, [sp, #44]	@ 0x2c
1000346c:	9203      	str	r2, [sp, #12]
1000346e:	9402      	str	r4, [sp, #8]
10003470:	681a      	ldr	r2, [r3, #0]
10003472:	685b      	ldr	r3, [r3, #4]
10003474:	9200      	str	r2, [sp, #0]
10003476:	9301      	str	r3, [sp, #4]
10003478:	465b      	mov	r3, fp
1000347a:	002a      	movs	r2, r5
1000347c:	4651      	mov	r1, sl
1000347e:	0038      	movs	r0, r7
10003480:	f7ff f9e6 	bl	10002850 <_etoa>
10003484:	0005      	movs	r5, r0
10003486:	9b11      	ldr	r3, [sp, #68]	@ 0x44
10003488:	3301      	adds	r3, #1
1000348a:	9311      	str	r3, [sp, #68]	@ 0x44
1000348c:	e5af      	b.n	10002fee <_vsnprintf+0x32>
1000348e:	2302      	movs	r3, #2
10003490:	464e      	mov	r6, r9
10003492:	401e      	ands	r6, r3
10003494:	464a      	mov	r2, r9
10003496:	4213      	tst	r3, r2
10003498:	d01e      	beq.n	100034d8 <_vsnprintf+0x51c>
1000349a:	2401      	movs	r4, #1
1000349c:	9b1c      	ldr	r3, [sp, #112]	@ 0x70
1000349e:	1d1a      	adds	r2, r3, #4
100034a0:	921c      	str	r2, [sp, #112]	@ 0x70
100034a2:	1c6a      	adds	r2, r5, #1
100034a4:	4690      	mov	r8, r2
100034a6:	7818      	ldrb	r0, [r3, #0]
100034a8:	465b      	mov	r3, fp
100034aa:	002a      	movs	r2, r5
100034ac:	4651      	mov	r1, sl
100034ae:	47b8      	blx	r7
100034b0:	2e00      	cmp	r6, #0
100034b2:	d114      	bne.n	100034de <_vsnprintf+0x522>
100034b4:	9b11      	ldr	r3, [sp, #68]	@ 0x44
100034b6:	3301      	adds	r3, #1
100034b8:	9311      	str	r3, [sp, #68]	@ 0x44
100034ba:	4645      	mov	r5, r8
100034bc:	e597      	b.n	10002fee <_vsnprintf+0x32>
100034be:	1c55      	adds	r5, r2, #1
100034c0:	465b      	mov	r3, fp
100034c2:	4651      	mov	r1, sl
100034c4:	2020      	movs	r0, #32
100034c6:	47b8      	blx	r7
100034c8:	0023      	movs	r3, r4
100034ca:	002a      	movs	r2, r5
100034cc:	1c5c      	adds	r4, r3, #1
100034ce:	990b      	ldr	r1, [sp, #44]	@ 0x2c
100034d0:	4299      	cmp	r1, r3
100034d2:	d8f4      	bhi.n	100034be <_vsnprintf+0x502>
100034d4:	0015      	movs	r5, r2
100034d6:	e7e1      	b.n	1000349c <_vsnprintf+0x4e0>
100034d8:	2301      	movs	r3, #1
100034da:	002a      	movs	r2, r5
100034dc:	e7f6      	b.n	100034cc <_vsnprintf+0x510>
100034de:	4642      	mov	r2, r8
100034e0:	e006      	b.n	100034f0 <_vsnprintf+0x534>
100034e2:	1c56      	adds	r6, r2, #1
100034e4:	465b      	mov	r3, fp
100034e6:	4651      	mov	r1, sl
100034e8:	2020      	movs	r0, #32
100034ea:	47b8      	blx	r7
100034ec:	002c      	movs	r4, r5
100034ee:	0032      	movs	r2, r6
100034f0:	1c65      	adds	r5, r4, #1
100034f2:	9b0b      	ldr	r3, [sp, #44]	@ 0x2c
100034f4:	42a3      	cmp	r3, r4
100034f6:	d8f4      	bhi.n	100034e2 <_vsnprintf+0x526>
100034f8:	4690      	mov	r8, r2
100034fa:	e7db      	b.n	100034b4 <_vsnprintf+0x4f8>
100034fc:	3301      	adds	r3, #1
100034fe:	000a      	movs	r2, r1
10003500:	7819      	ldrb	r1, [r3, #0]
10003502:	2900      	cmp	r1, #0
10003504:	d002      	beq.n	1000350c <_vsnprintf+0x550>
10003506:	1e51      	subs	r1, r2, #1
10003508:	2a00      	cmp	r2, #0
1000350a:	d1f7      	bne.n	100034fc <_vsnprintf+0x540>
1000350c:	1b9b      	subs	r3, r3, r6
1000350e:	2280      	movs	r2, #128	@ 0x80
10003510:	00d2      	lsls	r2, r2, #3
10003512:	4649      	mov	r1, r9
10003514:	4011      	ands	r1, r2
10003516:	4688      	mov	r8, r1
10003518:	4649      	mov	r1, r9
1000351a:	4211      	tst	r1, r2
1000351c:	d002      	beq.n	10003524 <_vsnprintf+0x568>
1000351e:	42a3      	cmp	r3, r4
10003520:	d900      	bls.n	10003524 <_vsnprintf+0x568>
10003522:	0023      	movs	r3, r4
10003524:	2202      	movs	r2, #2
10003526:	4649      	mov	r1, r9
10003528:	4011      	ands	r1, r2
1000352a:	9110      	str	r1, [sp, #64]	@ 0x40
1000352c:	4649      	mov	r1, r9
1000352e:	420a      	tst	r2, r1
10003530:	d008      	beq.n	10003544 <_vsnprintf+0x588>
10003532:	002a      	movs	r2, r5
10003534:	0025      	movs	r5, r4
10003536:	4699      	mov	r9, r3
10003538:	003b      	movs	r3, r7
1000353a:	4647      	mov	r7, r8
1000353c:	4698      	mov	r8, r3
1000353e:	e026      	b.n	1000358e <_vsnprintf+0x5d2>
10003540:	0022      	movs	r2, r4
10003542:	e644      	b.n	100031ce <_vsnprintf+0x212>
10003544:	46a1      	mov	r9, r4
10003546:	002a      	movs	r2, r5
10003548:	4651      	mov	r1, sl
1000354a:	46b2      	mov	sl, r6
1000354c:	000e      	movs	r6, r1
1000354e:	e006      	b.n	1000355e <_vsnprintf+0x5a2>
10003550:	1c55      	adds	r5, r2, #1
10003552:	465b      	mov	r3, fp
10003554:	0031      	movs	r1, r6
10003556:	2020      	movs	r0, #32
10003558:	47b8      	blx	r7
1000355a:	0023      	movs	r3, r4
1000355c:	002a      	movs	r2, r5
1000355e:	1c5c      	adds	r4, r3, #1
10003560:	990b      	ldr	r1, [sp, #44]	@ 0x2c
10003562:	4299      	cmp	r1, r3
10003564:	d8f4      	bhi.n	10003550 <_vsnprintf+0x594>
10003566:	0015      	movs	r5, r2
10003568:	0022      	movs	r2, r4
1000356a:	464c      	mov	r4, r9
1000356c:	0033      	movs	r3, r6
1000356e:	4656      	mov	r6, sl
10003570:	469a      	mov	sl, r3
10003572:	4691      	mov	r9, r2
10003574:	002a      	movs	r2, r5
10003576:	0025      	movs	r5, r4
10003578:	003b      	movs	r3, r7
1000357a:	4647      	mov	r7, r8
1000357c:	4698      	mov	r8, r3
1000357e:	e006      	b.n	1000358e <_vsnprintf+0x5d2>
10003580:	001d      	movs	r5, r3
10003582:	3601      	adds	r6, #1
10003584:	1c54      	adds	r4, r2, #1
10003586:	465b      	mov	r3, fp
10003588:	4651      	mov	r1, sl
1000358a:	47c0      	blx	r8
1000358c:	0022      	movs	r2, r4
1000358e:	7830      	ldrb	r0, [r6, #0]
10003590:	2800      	cmp	r0, #0
10003592:	d004      	beq.n	1000359e <_vsnprintf+0x5e2>
10003594:	2f00      	cmp	r7, #0
10003596:	d0f4      	beq.n	10003582 <_vsnprintf+0x5c6>
10003598:	1e6b      	subs	r3, r5, #1
1000359a:	2d00      	cmp	r5, #0
1000359c:	d1f0      	bne.n	10003580 <_vsnprintf+0x5c4>
1000359e:	0015      	movs	r5, r2
100035a0:	464b      	mov	r3, r9
100035a2:	4647      	mov	r7, r8
100035a4:	9a10      	ldr	r2, [sp, #64]	@ 0x40
100035a6:	2a00      	cmp	r2, #0
100035a8:	d103      	bne.n	100035b2 <_vsnprintf+0x5f6>
100035aa:	9b11      	ldr	r3, [sp, #68]	@ 0x44
100035ac:	3301      	adds	r3, #1
100035ae:	9311      	str	r3, [sp, #68]	@ 0x44
100035b0:	e51d      	b.n	10002fee <_vsnprintf+0x32>
100035b2:	9e0b      	ldr	r6, [sp, #44]	@ 0x2c
100035b4:	002a      	movs	r2, r5
100035b6:	e006      	b.n	100035c6 <_vsnprintf+0x60a>
100035b8:	1c55      	adds	r5, r2, #1
100035ba:	465b      	mov	r3, fp
100035bc:	4651      	mov	r1, sl
100035be:	2020      	movs	r0, #32
100035c0:	47b8      	blx	r7
100035c2:	0023      	movs	r3, r4
100035c4:	002a      	movs	r2, r5
100035c6:	1c5c      	adds	r4, r3, #1
100035c8:	429e      	cmp	r6, r3
100035ca:	d8f5      	bhi.n	100035b8 <_vsnprintf+0x5fc>
100035cc:	0015      	movs	r5, r2
100035ce:	e7ec      	b.n	100035aa <_vsnprintf+0x5ee>
100035d0:	2321      	movs	r3, #33	@ 0x21
100035d2:	464a      	mov	r2, r9
100035d4:	431a      	orrs	r2, r3
100035d6:	0013      	movs	r3, r2
100035d8:	9a1c      	ldr	r2, [sp, #112]	@ 0x70
100035da:	1d11      	adds	r1, r2, #4
100035dc:	911c      	str	r1, [sp, #112]	@ 0x70
100035de:	6812      	ldr	r2, [r2, #0]
100035e0:	9305      	str	r3, [sp, #20]
100035e2:	2308      	movs	r3, #8
100035e4:	9304      	str	r3, [sp, #16]
100035e6:	9403      	str	r4, [sp, #12]
100035e8:	3308      	adds	r3, #8
100035ea:	9302      	str	r3, [sp, #8]
100035ec:	2300      	movs	r3, #0
100035ee:	9301      	str	r3, [sp, #4]
100035f0:	9200      	str	r2, [sp, #0]
100035f2:	465b      	mov	r3, fp
100035f4:	002a      	movs	r2, r5
100035f6:	4651      	mov	r1, sl
100035f8:	0038      	movs	r0, r7
100035fa:	f7ff f844 	bl	10002686 <_ntoa_long>
100035fe:	0005      	movs	r5, r0
10003600:	9b11      	ldr	r3, [sp, #68]	@ 0x44
10003602:	3301      	adds	r3, #1
10003604:	9311      	str	r3, [sp, #68]	@ 0x44
10003606:	e4f2      	b.n	10002fee <_vsnprintf+0x32>
10003608:	1c6c      	adds	r4, r5, #1
1000360a:	465b      	mov	r3, fp
1000360c:	002a      	movs	r2, r5
1000360e:	4651      	mov	r1, sl
10003610:	2025      	movs	r0, #37	@ 0x25
10003612:	47b8      	blx	r7
10003614:	9b11      	ldr	r3, [sp, #68]	@ 0x44
10003616:	3301      	adds	r3, #1
10003618:	9311      	str	r3, [sp, #68]	@ 0x44
1000361a:	0025      	movs	r5, r4
1000361c:	e4e7      	b.n	10002fee <_vsnprintf+0x32>
1000361e:	1c6c      	adds	r4, r5, #1
10003620:	465b      	mov	r3, fp
10003622:	002a      	movs	r2, r5
10003624:	4651      	mov	r1, sl
10003626:	47b8      	blx	r7
10003628:	9b11      	ldr	r3, [sp, #68]	@ 0x44
1000362a:	3301      	adds	r3, #1
1000362c:	9311      	str	r3, [sp, #68]	@ 0x44
1000362e:	0025      	movs	r5, r4
10003630:	e4dd      	b.n	10002fee <_vsnprintf+0x32>
10003632:	4f0a      	ldr	r7, [pc, #40]	@ (1000365c <_vsnprintf+0x6a0>)
10003634:	e4d0      	b.n	10002fd8 <_vsnprintf+0x1c>
10003636:	455d      	cmp	r5, fp
10003638:	d30d      	bcc.n	10003656 <_vsnprintf+0x69a>
1000363a:	465b      	mov	r3, fp
1000363c:	1e5a      	subs	r2, r3, #1
1000363e:	465b      	mov	r3, fp
10003640:	4651      	mov	r1, sl
10003642:	2000      	movs	r0, #0
10003644:	47b8      	blx	r7
10003646:	0028      	movs	r0, r5
10003648:	b013      	add	sp, #76	@ 0x4c
1000364a:	bcf0      	pop	{r4, r5, r6, r7}
1000364c:	46bb      	mov	fp, r7
1000364e:	46b2      	mov	sl, r6
10003650:	46a9      	mov	r9, r5
10003652:	46a0      	mov	r8, r4
10003654:	bdf0      	pop	{r4, r5, r6, r7, pc}
10003656:	002a      	movs	r2, r5
10003658:	e7f1      	b.n	1000363e <_vsnprintf+0x682>
1000365a:	46c0      	nop			@ (mov r8, r8)
1000365c:	10002495 	.word	0x10002495

10003660 <vfctprintf>:
10003660:	b510      	push	{r4, lr}
10003662:	b084      	sub	sp, #16
10003664:	000c      	movs	r4, r1
10003666:	a902      	add	r1, sp, #8
10003668:	9002      	str	r0, [sp, #8]
1000366a:	604c      	str	r4, [r1, #4]
1000366c:	2401      	movs	r4, #1
1000366e:	4804      	ldr	r0, [pc, #16]	@ (10003680 <vfctprintf+0x20>)
10003670:	9300      	str	r3, [sp, #0]
10003672:	0013      	movs	r3, r2
10003674:	4262      	negs	r2, r4
10003676:	f7ff fca1 	bl	10002fbc <_vsnprintf>
1000367a:	b004      	add	sp, #16
1000367c:	bd10      	pop	{r4, pc}
1000367e:	46c0      	nop			@ (mov r8, r8)
10003680:	10002497 	.word	0x10002497

10003684 <__aeabi_bits_init>:
10003684:	4801      	ldr	r0, [pc, #4]	@ (1000368c <__aeabi_bits_init+0x8>)
10003686:	2104      	movs	r1, #4
10003688:	4b01      	ldr	r3, [pc, #4]	@ (10003690 <__aeabi_bits_init+0xc>)
1000368a:	4718      	bx	r3
1000368c:	20000b80 	.word	0x20000b80
10003690:	100036b5 	.word	0x100036b5

10003694 <rom_func_lookup>:
10003694:	b510      	push	{r4, lr}
10003696:	0001      	movs	r1, r0
10003698:	2318      	movs	r3, #24
1000369a:	881b      	ldrh	r3, [r3, #0]
1000369c:	2214      	movs	r2, #20
1000369e:	8810      	ldrh	r0, [r2, #0]
100036a0:	4798      	blx	r3
100036a2:	bd10      	pop	{r4, pc}

100036a4 <rom_data_lookup>:
100036a4:	b510      	push	{r4, lr}
100036a6:	0001      	movs	r1, r0
100036a8:	2318      	movs	r3, #24
100036aa:	881b      	ldrh	r3, [r3, #0]
100036ac:	2216      	movs	r2, #22
100036ae:	8810      	ldrh	r0, [r2, #0]
100036b0:	4798      	blx	r3
100036b2:	bd10      	pop	{r4, pc}

100036b4 <rom_funcs_lookup>:
100036b4:	b5f0      	push	{r4, r5, r6, r7, lr}
100036b6:	46c6      	mov	lr, r8
100036b8:	b500      	push	{lr}
100036ba:	0007      	movs	r7, r0
100036bc:	000e      	movs	r6, r1
100036be:	2500      	movs	r5, #0
100036c0:	2301      	movs	r3, #1
100036c2:	4698      	mov	r8, r3
100036c4:	e000      	b.n	100036c8 <rom_funcs_lookup+0x14>
100036c6:	3501      	adds	r5, #1
100036c8:	42b5      	cmp	r5, r6
100036ca:	d20a      	bcs.n	100036e2 <rom_funcs_lookup+0x2e>
100036cc:	00ac      	lsls	r4, r5, #2
100036ce:	193c      	adds	r4, r7, r4
100036d0:	6820      	ldr	r0, [r4, #0]
100036d2:	f7ff ffdf 	bl	10003694 <rom_func_lookup>
100036d6:	6020      	str	r0, [r4, #0]
100036d8:	2800      	cmp	r0, #0
100036da:	d1f4      	bne.n	100036c6 <rom_funcs_lookup+0x12>
100036dc:	2300      	movs	r3, #0
100036de:	4698      	mov	r8, r3
100036e0:	e7f1      	b.n	100036c6 <rom_funcs_lookup+0x12>
100036e2:	4640      	mov	r0, r8
100036e4:	bc80      	pop	{r7}
100036e6:	46b8      	mov	r8, r7
100036e8:	bdf0      	pop	{r4, r5, r6, r7, pc}
	...

100036ec <__wrap___aeabi_idiv>:
100036ec:	4a12      	ldr	r2, [pc, #72]	@ (10003738 <divmod_s32s32_savestate+0x18>)
100036ee:	6f93      	ldr	r3, [r2, #120]	@ 0x78
100036f0:	089b      	lsrs	r3, r3, #2
100036f2:	d215      	bcs.n	10003720 <divmod_s32s32_savestate>

100036f4 <divmod_s32s32_unsafe>:
100036f4:	6690      	str	r0, [r2, #104]	@ 0x68
100036f6:	66d1      	str	r1, [r2, #108]	@ 0x6c
100036f8:	2900      	cmp	r1, #0
100036fa:	d005      	beq.n	10003708 <divmod_s32s32_unsafe+0x14>
100036fc:	e7ff      	b.n	100036fe <divmod_s32s32_unsafe+0xa>
100036fe:	e7ff      	b.n	10003700 <divmod_s32s32_unsafe+0xc>
10003700:	e7ff      	b.n	10003702 <divmod_s32s32_unsafe+0xe>
10003702:	6f51      	ldr	r1, [r2, #116]	@ 0x74
10003704:	6f10      	ldr	r0, [r2, #112]	@ 0x70
10003706:	4770      	bx	lr
10003708:	b504      	push	{r2, lr}
1000370a:	2180      	movs	r1, #128	@ 0x80
1000370c:	0609      	lsls	r1, r1, #24
1000370e:	17c2      	asrs	r2, r0, #31
10003710:	4051      	eors	r1, r2
10003712:	2800      	cmp	r0, #0
10003714:	d000      	beq.n	10003718 <divmod_s32s32_unsafe+0x24>
10003716:	43c8      	mvns	r0, r1
10003718:	f004 f932 	bl	10007980 <____aeabi_idiv0_veneer>
1000371c:	2100      	movs	r1, #0
1000371e:	bd04      	pop	{r2, pc}

10003720 <divmod_s32s32_savestate>:
10003720:	b5f0      	push	{r4, r5, r6, r7, lr}
10003722:	6e14      	ldr	r4, [r2, #96]	@ 0x60
10003724:	6e55      	ldr	r5, [r2, #100]	@ 0x64
10003726:	6f57      	ldr	r7, [r2, #116]	@ 0x74
10003728:	6f16      	ldr	r6, [r2, #112]	@ 0x70
1000372a:	f7ff ffe3 	bl	100036f4 <divmod_s32s32_unsafe>
1000372e:	6614      	str	r4, [r2, #96]	@ 0x60
10003730:	6655      	str	r5, [r2, #100]	@ 0x64
10003732:	6757      	str	r7, [r2, #116]	@ 0x74
10003734:	6716      	str	r6, [r2, #112]	@ 0x70
10003736:	bdf0      	pop	{r4, r5, r6, r7, pc}
10003738:	d0000000 	.word	0xd0000000

1000373c <__wrap___aeabi_uidiv>:
1000373c:	4a11      	ldr	r2, [pc, #68]	@ (10003784 <divmod_u32u32_savestate+0x18>)
1000373e:	6f93      	ldr	r3, [r2, #120]	@ 0x78
10003740:	089b      	lsrs	r3, r3, #2
10003742:	d213      	bcs.n	1000376c <divmod_u32u32_savestate>

10003744 <divmod_u32u32_unsafe>:
10003744:	6610      	str	r0, [r2, #96]	@ 0x60
10003746:	6651      	str	r1, [r2, #100]	@ 0x64
10003748:	2900      	cmp	r1, #0
1000374a:	d005      	beq.n	10003758 <divmod_u32u32_unsafe+0x14>
1000374c:	e7ff      	b.n	1000374e <divmod_u32u32_unsafe+0xa>
1000374e:	e7ff      	b.n	10003750 <divmod_u32u32_unsafe+0xc>
10003750:	e7ff      	b.n	10003752 <divmod_u32u32_unsafe+0xe>
10003752:	6f51      	ldr	r1, [r2, #116]	@ 0x74
10003754:	6f10      	ldr	r0, [r2, #112]	@ 0x70
10003756:	4770      	bx	lr
10003758:	b504      	push	{r2, lr}
1000375a:	2800      	cmp	r0, #0
1000375c:	d001      	beq.n	10003762 <divmod_u32u32_unsafe+0x1e>
1000375e:	2000      	movs	r0, #0
10003760:	43c0      	mvns	r0, r0
10003762:	f004 f90d 	bl	10007980 <____aeabi_idiv0_veneer>
10003766:	2100      	movs	r1, #0
10003768:	bd04      	pop	{r2, pc}
1000376a:	46c0      	nop			@ (mov r8, r8)

1000376c <divmod_u32u32_savestate>:
1000376c:	b5f0      	push	{r4, r5, r6, r7, lr}
1000376e:	6e14      	ldr	r4, [r2, #96]	@ 0x60
10003770:	6e55      	ldr	r5, [r2, #100]	@ 0x64
10003772:	6f57      	ldr	r7, [r2, #116]	@ 0x74
10003774:	6f16      	ldr	r6, [r2, #112]	@ 0x70
10003776:	f7ff ffe5 	bl	10003744 <divmod_u32u32_unsafe>
1000377a:	6614      	str	r4, [r2, #96]	@ 0x60
1000377c:	6655      	str	r5, [r2, #100]	@ 0x64
1000377e:	6757      	str	r7, [r2, #116]	@ 0x74
10003780:	6716      	str	r6, [r2, #112]	@ 0x70
10003782:	bdf0      	pop	{r4, r5, r6, r7, pc}
10003784:	d0000000 	.word	0xd0000000

10003788 <__wrap___aeabi_ldivmod>:
10003788:	4694      	mov	ip, r2
1000378a:	4a4a      	ldr	r2, [pc, #296]	@ (100038b4 <udiv0+0x1a>)
1000378c:	6f92      	ldr	r2, [r2, #120]	@ 0x78
1000378e:	0892      	lsrs	r2, r2, #2
10003790:	4662      	mov	r2, ip
10003792:	d201      	bcs.n	10003798 <divmod_s64s64_savestate>
10003794:	e028      	b.n	100037e8 <divmod_s64s64_unsafe>
10003796:	46c0      	nop			@ (mov r8, r8)

10003798 <divmod_s64s64_savestate>:
10003798:	b5f0      	push	{r4, r5, r6, r7, lr}
1000379a:	4e46      	ldr	r6, [pc, #280]	@ (100038b4 <udiv0+0x1a>)
1000379c:	6e34      	ldr	r4, [r6, #96]	@ 0x60
1000379e:	6e75      	ldr	r5, [r6, #100]	@ 0x64
100037a0:	6f77      	ldr	r7, [r6, #116]	@ 0x74
100037a2:	6f36      	ldr	r6, [r6, #112]	@ 0x70
100037a4:	f000 f820 	bl	100037e8 <divmod_s64s64_unsafe>
100037a8:	4694      	mov	ip, r2
100037aa:	4a42      	ldr	r2, [pc, #264]	@ (100038b4 <udiv0+0x1a>)
100037ac:	6614      	str	r4, [r2, #96]	@ 0x60
100037ae:	6655      	str	r5, [r2, #100]	@ 0x64
100037b0:	6757      	str	r7, [r2, #116]	@ 0x74
100037b2:	6716      	str	r6, [r2, #112]	@ 0x70
100037b4:	4662      	mov	r2, ip
100037b6:	bdf0      	pop	{r4, r5, r6, r7, pc}

100037b8 <__wrap___aeabi_uldivmod>:
100037b8:	4694      	mov	ip, r2
100037ba:	4a3e      	ldr	r2, [pc, #248]	@ (100038b4 <udiv0+0x1a>)
100037bc:	6f92      	ldr	r2, [r2, #120]	@ 0x78
100037be:	0892      	lsrs	r2, r2, #2
100037c0:	4662      	mov	r2, ip
100037c2:	d201      	bcs.n	100037c8 <divmod_u64u64_savestate>
100037c4:	e054      	b.n	10003870 <divmod_u64u64_unsafe>
100037c6:	46c0      	nop			@ (mov r8, r8)

100037c8 <divmod_u64u64_savestate>:
100037c8:	b5f0      	push	{r4, r5, r6, r7, lr}
100037ca:	4e3a      	ldr	r6, [pc, #232]	@ (100038b4 <udiv0+0x1a>)
100037cc:	6e34      	ldr	r4, [r6, #96]	@ 0x60
100037ce:	6e75      	ldr	r5, [r6, #100]	@ 0x64
100037d0:	6f77      	ldr	r7, [r6, #116]	@ 0x74
100037d2:	6f36      	ldr	r6, [r6, #112]	@ 0x70
100037d4:	f000 f84c 	bl	10003870 <divmod_u64u64_unsafe>
100037d8:	4694      	mov	ip, r2
100037da:	4a36      	ldr	r2, [pc, #216]	@ (100038b4 <udiv0+0x1a>)
100037dc:	6614      	str	r4, [r2, #96]	@ 0x60
100037de:	6655      	str	r5, [r2, #100]	@ 0x64
100037e0:	6757      	str	r7, [r2, #116]	@ 0x74
100037e2:	6716      	str	r6, [r2, #112]	@ 0x70
100037e4:	4662      	mov	r2, ip
100037e6:	bdf0      	pop	{r4, r5, r6, r7, pc}

100037e8 <divmod_s64s64_unsafe>:
100037e8:	2b00      	cmp	r3, #0
100037ea:	db24      	blt.n	10003836 <l42_1+0x26>
100037ec:	d011      	beq.n	10003812 <l42_1+0x2>
100037ee:	2900      	cmp	r1, #0
100037f0:	da3e      	bge.n	10003870 <divmod_u64u64_unsafe>
100037f2:	b500      	push	{lr}
100037f4:	43c9      	mvns	r1, r1
100037f6:	4240      	negs	r0, r0
100037f8:	d100      	bne.n	100037fc <l40_1>
100037fa:	3101      	adds	r1, #1

100037fc <l40_1>:
100037fc:	f000 f838 	bl	10003870 <divmod_u64u64_unsafe>
10003800:	43c9      	mvns	r1, r1
10003802:	4240      	negs	r0, r0
10003804:	d100      	bne.n	10003808 <l41_1>
10003806:	3101      	adds	r1, #1

10003808 <l41_1>:
10003808:	43db      	mvns	r3, r3
1000380a:	4252      	negs	r2, r2
1000380c:	d100      	bne.n	10003810 <l42_1>
1000380e:	3301      	adds	r3, #1

10003810 <l42_1>:
10003810:	bd00      	pop	{pc}
10003812:	2a00      	cmp	r2, #0
10003814:	d1eb      	bne.n	100037ee <divmod_s64s64_unsafe+0x6>
10003816:	2800      	cmp	r0, #0
10003818:	d101      	bne.n	1000381e <l42_1+0xe>
1000381a:	2900      	cmp	r1, #0
1000381c:	d005      	beq.n	1000382a <l42_1+0x1a>
1000381e:	2000      	movs	r0, #0
10003820:	0fc9      	lsrs	r1, r1, #31
10003822:	07c9      	lsls	r1, r1, #31
10003824:	d101      	bne.n	1000382a <l42_1+0x1a>
10003826:	43c0      	mvns	r0, r0
10003828:	0841      	lsrs	r1, r0, #1
1000382a:	b500      	push	{lr}
1000382c:	f004 f8a0 	bl	10007970 <____aeabi_ldiv0_veneer>
10003830:	2200      	movs	r2, #0
10003832:	2300      	movs	r3, #0
10003834:	bd00      	pop	{pc}
10003836:	b500      	push	{lr}
10003838:	2900      	cmp	r1, #0
1000383a:	db0a      	blt.n	10003852 <l44_1+0x2>
1000383c:	43db      	mvns	r3, r3
1000383e:	4252      	negs	r2, r2
10003840:	d100      	bne.n	10003844 <l43_1>
10003842:	3301      	adds	r3, #1

10003844 <l43_1>:
10003844:	f000 f814 	bl	10003870 <divmod_u64u64_unsafe>
10003848:	43c9      	mvns	r1, r1
1000384a:	4240      	negs	r0, r0
1000384c:	d100      	bne.n	10003850 <l44_1>
1000384e:	3101      	adds	r1, #1

10003850 <l44_1>:
10003850:	bd00      	pop	{pc}
10003852:	43c9      	mvns	r1, r1
10003854:	4240      	negs	r0, r0
10003856:	d100      	bne.n	1000385a <l45_1>
10003858:	3101      	adds	r1, #1

1000385a <l45_1>:
1000385a:	43db      	mvns	r3, r3
1000385c:	4252      	negs	r2, r2
1000385e:	d100      	bne.n	10003862 <l46_1>
10003860:	3301      	adds	r3, #1

10003862 <l46_1>:
10003862:	f000 f805 	bl	10003870 <divmod_u64u64_unsafe>
10003866:	43db      	mvns	r3, r3
10003868:	4252      	negs	r2, r2
1000386a:	d100      	bne.n	1000386e <l47_1>
1000386c:	3301      	adds	r3, #1

1000386e <l47_1>:
1000386e:	bd00      	pop	{pc}

10003870 <divmod_u64u64_unsafe>:
10003870:	2900      	cmp	r1, #0
10003872:	d123      	bne.n	100038bc <y64>
10003874:	2b00      	cmp	r3, #0
10003876:	d118      	bne.n	100038aa <udiv0+0x10>
10003878:	2a00      	cmp	r2, #0
1000387a:	d00c      	beq.n	10003896 <divmod_u64u64_unsafe+0x26>
1000387c:	46bc      	mov	ip, r7
1000387e:	4f0d      	ldr	r7, [pc, #52]	@ (100038b4 <udiv0+0x1a>)
10003880:	6638      	str	r0, [r7, #96]	@ 0x60
10003882:	667a      	str	r2, [r7, #100]	@ 0x64
10003884:	2100      	movs	r1, #0
10003886:	2300      	movs	r3, #0
10003888:	e7ff      	b.n	1000388a <divmod_u64u64_unsafe+0x1a>
1000388a:	e7ff      	b.n	1000388c <divmod_u64u64_unsafe+0x1c>
1000388c:	e7ff      	b.n	1000388e <divmod_u64u64_unsafe+0x1e>
1000388e:	6f7a      	ldr	r2, [r7, #116]	@ 0x74
10003890:	6f38      	ldr	r0, [r7, #112]	@ 0x70
10003892:	4667      	mov	r7, ip
10003894:	4770      	bx	lr
10003896:	2800      	cmp	r0, #0
10003898:	d001      	beq.n	1000389e <udiv0+0x4>

1000389a <udiv0>:
1000389a:	4807      	ldr	r0, [pc, #28]	@ (100038b8 <udiv0+0x1e>)
1000389c:	0001      	movs	r1, r0
1000389e:	b500      	push	{lr}
100038a0:	f004 f866 	bl	10007970 <____aeabi_ldiv0_veneer>
100038a4:	2200      	movs	r2, #0
100038a6:	2300      	movs	r3, #0
100038a8:	bd00      	pop	{pc}
100038aa:	0002      	movs	r2, r0
100038ac:	000b      	movs	r3, r1
100038ae:	2000      	movs	r0, #0
100038b0:	2100      	movs	r1, #0
100038b2:	4770      	bx	lr
100038b4:	d0000000 	.word	0xd0000000
100038b8:	ffffffff 	.word	0xffffffff

100038bc <y64>:
100038bc:	2b00      	cmp	r3, #0
100038be:	d000      	beq.n	100038c2 <y64+0x6>
100038c0:	e0bf      	b.n	10003a42 <y64_x48>
100038c2:	0c13      	lsrs	r3, r2, #16
100038c4:	d128      	bne.n	10003918 <y64_x32>
100038c6:	2a00      	cmp	r2, #0
100038c8:	d0e7      	beq.n	1000389a <udiv0>
100038ca:	b480      	push	{r7}
100038cc:	4f11      	ldr	r7, [pc, #68]	@ (10003914 <y64+0x58>)
100038ce:	6639      	str	r1, [r7, #96]	@ 0x60
100038d0:	667a      	str	r2, [r7, #100]	@ 0x64
100038d2:	e7ff      	b.n	100038d4 <y64+0x18>
100038d4:	e7ff      	b.n	100038d6 <y64+0x1a>
100038d6:	b430      	push	{r4, r5}
100038d8:	0c04      	lsrs	r4, r0, #16
100038da:	6f7b      	ldr	r3, [r7, #116]	@ 0x74
100038dc:	6f39      	ldr	r1, [r7, #112]	@ 0x70
100038de:	041b      	lsls	r3, r3, #16
100038e0:	4323      	orrs	r3, r4
100038e2:	663b      	str	r3, [r7, #96]	@ 0x60
100038e4:	667a      	str	r2, [r7, #100]	@ 0x64
100038e6:	e7ff      	b.n	100038e8 <y64+0x2c>
100038e8:	e7ff      	b.n	100038ea <y64+0x2e>
100038ea:	e7ff      	b.n	100038ec <y64+0x30>
100038ec:	46c0      	nop			@ (mov r8, r8)
100038ee:	b284      	uxth	r4, r0
100038f0:	6f7b      	ldr	r3, [r7, #116]	@ 0x74
100038f2:	6f3d      	ldr	r5, [r7, #112]	@ 0x70
100038f4:	041b      	lsls	r3, r3, #16
100038f6:	4323      	orrs	r3, r4
100038f8:	663b      	str	r3, [r7, #96]	@ 0x60
100038fa:	667a      	str	r2, [r7, #100]	@ 0x64
100038fc:	e7ff      	b.n	100038fe <y64+0x42>
100038fe:	e7ff      	b.n	10003900 <y64+0x44>
10003900:	46c0      	nop			@ (mov r8, r8)
10003902:	2300      	movs	r3, #0
10003904:	042c      	lsls	r4, r5, #16
10003906:	0c2d      	lsrs	r5, r5, #16
10003908:	6f7a      	ldr	r2, [r7, #116]	@ 0x74
1000390a:	6f38      	ldr	r0, [r7, #112]	@ 0x70
1000390c:	1900      	adds	r0, r0, r4
1000390e:	4169      	adcs	r1, r5
10003910:	bcb0      	pop	{r4, r5, r7}
10003912:	4770      	bx	lr
10003914:	d0000000 	.word	0xd0000000

10003918 <y64_x32>:
10003918:	b5f0      	push	{r4, r5, r6, r7, lr}
1000391a:	4694      	mov	ip, r2
1000391c:	2500      	movs	r5, #0
1000391e:	0e14      	lsrs	r4, r2, #24
10003920:	d101      	bne.n	10003926 <y64_x32+0xe>
10003922:	0212      	lsls	r2, r2, #8
10003924:	3508      	adds	r5, #8
10003926:	0f14      	lsrs	r4, r2, #28
10003928:	d101      	bne.n	1000392e <y64_x32+0x16>
1000392a:	0112      	lsls	r2, r2, #4
1000392c:	3504      	adds	r5, #4
1000392e:	0f94      	lsrs	r4, r2, #30
10003930:	d101      	bne.n	10003936 <y64_x32+0x1e>
10003932:	0092      	lsls	r2, r2, #2
10003934:	3502      	adds	r5, #2
10003936:	0fd4      	lsrs	r4, r2, #31
10003938:	d101      	bne.n	1000393e <y64_x32+0x26>
1000393a:	0052      	lsls	r2, r2, #1
1000393c:	3501      	adds	r5, #1
1000393e:	0bd4      	lsrs	r4, r2, #15
10003940:	3401      	adds	r4, #1
10003942:	4f25      	ldr	r7, [pc, #148]	@ (100039d8 <y64_x32+0xc0>)
10003944:	667c      	str	r4, [r7, #100]	@ 0x64
10003946:	4c25      	ldr	r4, [pc, #148]	@ (100039dc <y64_x32+0xc4>)
10003948:	663c      	str	r4, [r7, #96]	@ 0x60
1000394a:	0c0e      	lsrs	r6, r1, #16
1000394c:	b293      	uxth	r3, r2
1000394e:	e7ff      	b.n	10003950 <y64_x32+0x38>
10003950:	e7ff      	b.n	10003952 <y64_x32+0x3a>
10003952:	e7ff      	b.n	10003954 <y64_x32+0x3c>
10003954:	6f3c      	ldr	r4, [r7, #112]	@ 0x70
10003956:	4366      	muls	r6, r4
10003958:	0c36      	lsrs	r6, r6, #16
1000395a:	0377      	lsls	r7, r6, #13
1000395c:	46be      	mov	lr, r7
1000395e:	4373      	muls	r3, r6
10003960:	0bdf      	lsrs	r7, r3, #15
10003962:	045b      	lsls	r3, r3, #17
10003964:	1ac0      	subs	r0, r0, r3
10003966:	41b9      	sbcs	r1, r7
10003968:	0c13      	lsrs	r3, r2, #16
1000396a:	4373      	muls	r3, r6
1000396c:	18db      	adds	r3, r3, r3
1000396e:	1ac9      	subs	r1, r1, r3
10003970:	08ce      	lsrs	r6, r1, #3
10003972:	4366      	muls	r6, r4
10003974:	0c36      	lsrs	r6, r6, #16
10003976:	44b6      	add	lr, r6
10003978:	b293      	uxth	r3, r2
1000397a:	4373      	muls	r3, r6
1000397c:	0f1f      	lsrs	r7, r3, #28
1000397e:	011b      	lsls	r3, r3, #4
10003980:	1ac0      	subs	r0, r0, r3
10003982:	41b9      	sbcs	r1, r7
10003984:	0c13      	lsrs	r3, r2, #16
10003986:	4373      	muls	r3, r6
10003988:	0b1f      	lsrs	r7, r3, #12
1000398a:	051b      	lsls	r3, r3, #20
1000398c:	1ac0      	subs	r0, r0, r3
1000398e:	41b9      	sbcs	r1, r7
10003990:	0d86      	lsrs	r6, r0, #22
10003992:	028f      	lsls	r7, r1, #10
10003994:	433e      	orrs	r6, r7
10003996:	4366      	muls	r6, r4
10003998:	0c36      	lsrs	r6, r6, #16
1000399a:	2d09      	cmp	r5, #9
1000399c:	db24      	blt.n	100039e8 <last0>
1000399e:	0a52      	lsrs	r2, r2, #9
100039a0:	4372      	muls	r2, r6
100039a2:	1a80      	subs	r0, r0, r2
100039a4:	0377      	lsls	r7, r6, #13
100039a6:	0a46      	lsrs	r6, r0, #9
100039a8:	4366      	muls	r6, r4
100039aa:	0c36      	lsrs	r6, r6, #16
100039ac:	2316      	movs	r3, #22
100039ae:	1b5b      	subs	r3, r3, r5
100039b0:	40de      	lsrs	r6, r3
100039b2:	40df      	lsrs	r7, r3
100039b4:	19bf      	adds	r7, r7, r6
100039b6:	4664      	mov	r4, ip
100039b8:	4366      	muls	r6, r4
100039ba:	1b82      	subs	r2, r0, r6
100039bc:	4670      	mov	r0, lr
100039be:	3504      	adds	r5, #4
100039c0:	3306      	adds	r3, #6
100039c2:	0001      	movs	r1, r0
100039c4:	40d9      	lsrs	r1, r3
100039c6:	40a8      	lsls	r0, r5
100039c8:	19c0      	adds	r0, r0, r7
100039ca:	d300      	bcc.n	100039ce <y64_x32+0xb6>
100039cc:	3101      	adds	r1, #1
100039ce:	42a2      	cmp	r2, r4
100039d0:	d206      	bcs.n	100039e0 <y64_x32+0xc8>
100039d2:	2300      	movs	r3, #0
100039d4:	bdf0      	pop	{r4, r5, r6, r7, pc}
100039d6:	0000      	.short	0x0000
100039d8:	d0000000 	.word	0xd0000000
100039dc:	ffffffff 	.word	0xffffffff
100039e0:	1b12      	subs	r2, r2, r4
100039e2:	3001      	adds	r0, #1
100039e4:	d3f3      	bcc.n	100039ce <y64_x32+0xb6>
100039e6:	e7f1      	b.n	100039cc <y64_x32+0xb4>

100039e8 <last0>:
100039e8:	2709      	movs	r7, #9
100039ea:	1b7f      	subs	r7, r7, r5
100039ec:	40fe      	lsrs	r6, r7
100039ee:	4664      	mov	r4, ip
100039f0:	b2a2      	uxth	r2, r4
100039f2:	4372      	muls	r2, r6
100039f4:	1a80      	subs	r0, r0, r2
100039f6:	d200      	bcs.n	100039fa <last0+0x12>
100039f8:	3901      	subs	r1, #1
100039fa:	0c22      	lsrs	r2, r4, #16
100039fc:	4372      	muls	r2, r6
100039fe:	0c13      	lsrs	r3, r2, #16
10003a00:	0412      	lsls	r2, r2, #16
10003a02:	1a82      	subs	r2, r0, r2
10003a04:	4199      	sbcs	r1, r3
10003a06:	000b      	movs	r3, r1
10003a08:	4670      	mov	r0, lr
10003a0a:	3504      	adds	r5, #4
10003a0c:	3713      	adds	r7, #19
10003a0e:	0001      	movs	r1, r0
10003a10:	40f9      	lsrs	r1, r7
10003a12:	40a8      	lsls	r0, r5
10003a14:	1980      	adds	r0, r0, r6
10003a16:	d300      	bcc.n	10003a1a <last0+0x32>
10003a18:	3101      	adds	r1, #1
10003a1a:	2b00      	cmp	r3, #0
10003a1c:	d102      	bne.n	10003a24 <last0+0x3c>
10003a1e:	42a2      	cmp	r2, r4
10003a20:	d20a      	bcs.n	10003a38 <last0+0x50>
10003a22:	bdf0      	pop	{r4, r5, r6, r7, pc}
10003a24:	3001      	adds	r0, #1
10003a26:	d300      	bcc.n	10003a2a <last0+0x42>
10003a28:	3101      	adds	r1, #1
10003a2a:	1b12      	subs	r2, r2, r4
10003a2c:	d2fa      	bcs.n	10003a24 <last0+0x3c>
10003a2e:	3b01      	subs	r3, #1
10003a30:	d1f8      	bne.n	10003a24 <last0+0x3c>
10003a32:	42a2      	cmp	r2, r4
10003a34:	d200      	bcs.n	10003a38 <last0+0x50>
10003a36:	bdf0      	pop	{r4, r5, r6, r7, pc}
10003a38:	3001      	adds	r0, #1
10003a3a:	d300      	bcc.n	10003a3e <last0+0x56>
10003a3c:	3101      	adds	r1, #1
10003a3e:	1b12      	subs	r2, r2, r4
10003a40:	e7f7      	b.n	10003a32 <last0+0x4a>

10003a42 <y64_x48>:
10003a42:	b5f0      	push	{r4, r5, r6, r7, lr}
10003a44:	0c1c      	lsrs	r4, r3, #16
10003a46:	d000      	beq.n	10003a4a <y64_x48+0x8>
10003a48:	e080      	b.n	10003b4c <y64_x64>
10003a4a:	b40c      	push	{r2, r3}
10003a4c:	2500      	movs	r5, #0
10003a4e:	0a1c      	lsrs	r4, r3, #8
10003a50:	d104      	bne.n	10003a5c <y64_x48+0x1a>
10003a52:	021b      	lsls	r3, r3, #8
10003a54:	0e16      	lsrs	r6, r2, #24
10003a56:	4333      	orrs	r3, r6
10003a58:	0212      	lsls	r2, r2, #8
10003a5a:	3508      	adds	r5, #8
10003a5c:	0b1c      	lsrs	r4, r3, #12
10003a5e:	d104      	bne.n	10003a6a <y64_x48+0x28>
10003a60:	011b      	lsls	r3, r3, #4
10003a62:	0f16      	lsrs	r6, r2, #28
10003a64:	4333      	orrs	r3, r6
10003a66:	0112      	lsls	r2, r2, #4
10003a68:	3504      	adds	r5, #4
10003a6a:	0b9c      	lsrs	r4, r3, #14
10003a6c:	d104      	bne.n	10003a78 <y64_x48+0x36>
10003a6e:	009b      	lsls	r3, r3, #2
10003a70:	0f96      	lsrs	r6, r2, #30
10003a72:	4333      	orrs	r3, r6
10003a74:	0092      	lsls	r2, r2, #2
10003a76:	3502      	adds	r5, #2
10003a78:	0bdc      	lsrs	r4, r3, #15
10003a7a:	d102      	bne.n	10003a82 <y64_x48+0x40>
10003a7c:	1892      	adds	r2, r2, r2
10003a7e:	415b      	adcs	r3, r3
10003a80:	3501      	adds	r5, #1
10003a82:	001c      	movs	r4, r3
10003a84:	1897      	adds	r7, r2, r2
10003a86:	4164      	adcs	r4, r4
10003a88:	3401      	adds	r4, #1
10003a8a:	4f46      	ldr	r7, [pc, #280]	@ (10003ba4 <y64_x64+0x58>)
10003a8c:	667c      	str	r4, [r7, #100]	@ 0x64
10003a8e:	4c46      	ldr	r4, [pc, #280]	@ (10003ba8 <y64_x64+0x5c>)
10003a90:	663c      	str	r4, [r7, #96]	@ 0x60
10003a92:	0c0e      	lsrs	r6, r1, #16
10003a94:	e7ff      	b.n	10003a96 <y64_x48+0x54>
10003a96:	e7ff      	b.n	10003a98 <y64_x48+0x56>
10003a98:	e7ff      	b.n	10003a9a <y64_x48+0x58>
10003a9a:	46c0      	nop			@ (mov r8, r8)
10003a9c:	6f3c      	ldr	r4, [r7, #112]	@ 0x70
10003a9e:	4366      	muls	r6, r4
10003aa0:	0c36      	lsrs	r6, r6, #16
10003aa2:	0377      	lsls	r7, r6, #13
10003aa4:	46be      	mov	lr, r7
10003aa6:	b297      	uxth	r7, r2
10003aa8:	4377      	muls	r7, r6
10003aaa:	1bc0      	subs	r0, r0, r7
10003aac:	d200      	bcs.n	10003ab0 <y64_x48+0x6e>
10003aae:	3901      	subs	r1, #1
10003ab0:	1bc0      	subs	r0, r0, r7
10003ab2:	d200      	bcs.n	10003ab6 <y64_x48+0x74>
10003ab4:	3901      	subs	r1, #1
10003ab6:	b29f      	uxth	r7, r3
10003ab8:	4377      	muls	r7, r6
10003aba:	1bc9      	subs	r1, r1, r7
10003abc:	1bc9      	subs	r1, r1, r7
10003abe:	0c17      	lsrs	r7, r2, #16
10003ac0:	4377      	muls	r7, r6
10003ac2:	047e      	lsls	r6, r7, #17
10003ac4:	0bff      	lsrs	r7, r7, #15
10003ac6:	1b80      	subs	r0, r0, r6
10003ac8:	41b9      	sbcs	r1, r7
10003aca:	08ce      	lsrs	r6, r1, #3
10003acc:	4366      	muls	r6, r4
10003ace:	0c36      	lsrs	r6, r6, #16
10003ad0:	2d0c      	cmp	r5, #12
10003ad2:	db33      	blt.n	10003b3c <last1>
10003ad4:	44b6      	add	lr, r6
10003ad6:	0b12      	lsrs	r2, r2, #12
10003ad8:	051f      	lsls	r7, r3, #20
10003ada:	433a      	orrs	r2, r7
10003adc:	0b1b      	lsrs	r3, r3, #12
10003ade:	b297      	uxth	r7, r2
10003ae0:	4377      	muls	r7, r6
10003ae2:	1bc0      	subs	r0, r0, r7
10003ae4:	d200      	bcs.n	10003ae8 <y64_x48+0xa6>
10003ae6:	3901      	subs	r1, #1
10003ae8:	b29f      	uxth	r7, r3
10003aea:	4377      	muls	r7, r6
10003aec:	1bc9      	subs	r1, r1, r7
10003aee:	0c17      	lsrs	r7, r2, #16
10003af0:	4377      	muls	r7, r6
10003af2:	043e      	lsls	r6, r7, #16
10003af4:	0c3f      	lsrs	r7, r7, #16
10003af6:	1b80      	subs	r0, r0, r6
10003af8:	41b9      	sbcs	r1, r7
10003afa:	0d86      	lsrs	r6, r0, #22
10003afc:	028f      	lsls	r7, r1, #10
10003afe:	433e      	orrs	r6, r7
10003b00:	4366      	muls	r6, r4
10003b02:	2729      	movs	r7, #41	@ 0x29
10003b04:	1b7f      	subs	r7, r7, r5
10003b06:	40fe      	lsrs	r6, r7
10003b08:	3d0c      	subs	r5, #12
10003b0a:	4677      	mov	r7, lr
10003b0c:	40af      	lsls	r7, r5
10003b0e:	19bf      	adds	r7, r7, r6
10003b10:	bc30      	pop	{r4, r5}
10003b12:	b2a2      	uxth	r2, r4
10003b14:	b2ab      	uxth	r3, r5
10003b16:	4372      	muls	r2, r6
10003b18:	4373      	muls	r3, r6
10003b1a:	1a80      	subs	r0, r0, r2
10003b1c:	4199      	sbcs	r1, r3
10003b1e:	0c22      	lsrs	r2, r4, #16
10003b20:	4372      	muls	r2, r6
10003b22:	0c13      	lsrs	r3, r2, #16
10003b24:	0412      	lsls	r2, r2, #16
10003b26:	1a80      	subs	r0, r0, r2
10003b28:	4199      	sbcs	r1, r3
10003b2a:	0002      	movs	r2, r0
10003b2c:	000b      	movs	r3, r1
10003b2e:	3701      	adds	r7, #1
10003b30:	1b00      	subs	r0, r0, r4
10003b32:	41a9      	sbcs	r1, r5
10003b34:	d2f9      	bcs.n	10003b2a <y64_x48+0xe8>
10003b36:	1e78      	subs	r0, r7, #1
10003b38:	2100      	movs	r1, #0
10003b3a:	bdf0      	pop	{r4, r5, r6, r7, pc}

10003b3c <last1>:
10003b3c:	270c      	movs	r7, #12
10003b3e:	1b7f      	subs	r7, r7, r5
10003b40:	40fe      	lsrs	r6, r7
10003b42:	4677      	mov	r7, lr
10003b44:	0b7f      	lsrs	r7, r7, #13
10003b46:	40af      	lsls	r7, r5
10003b48:	19ff      	adds	r7, r7, r7
10003b4a:	e7e0      	b.n	10003b0e <y64_x48+0xcc>

10003b4c <y64_x64>:
10003b4c:	2400      	movs	r4, #0
10003b4e:	1c5d      	adds	r5, r3, #1
10003b50:	d007      	beq.n	10003b62 <y64_x64+0x16>
10003b52:	4f14      	ldr	r7, [pc, #80]	@ (10003ba4 <y64_x64+0x58>)
10003b54:	667d      	str	r5, [r7, #100]	@ 0x64
10003b56:	6639      	str	r1, [r7, #96]	@ 0x60
10003b58:	e7ff      	b.n	10003b5a <y64_x64+0xe>
10003b5a:	e7ff      	b.n	10003b5c <y64_x64+0x10>
10003b5c:	e7ff      	b.n	10003b5e <y64_x64+0x12>
10003b5e:	e7ff      	b.n	10003b60 <y64_x64+0x14>
10003b60:	6f3c      	ldr	r4, [r7, #112]	@ 0x70
10003b62:	b295      	uxth	r5, r2
10003b64:	b29e      	uxth	r6, r3
10003b66:	4365      	muls	r5, r4
10003b68:	4366      	muls	r6, r4
10003b6a:	1b40      	subs	r0, r0, r5
10003b6c:	41b1      	sbcs	r1, r6
10003b6e:	0c15      	lsrs	r5, r2, #16
10003b70:	0c1e      	lsrs	r6, r3, #16
10003b72:	4365      	muls	r5, r4
10003b74:	4366      	muls	r6, r4
10003b76:	0436      	lsls	r6, r6, #16
10003b78:	0c2f      	lsrs	r7, r5, #16
10003b7a:	433e      	orrs	r6, r7
10003b7c:	042d      	lsls	r5, r5, #16
10003b7e:	1b40      	subs	r0, r0, r5
10003b80:	41b1      	sbcs	r1, r6
10003b82:	4299      	cmp	r1, r3
10003b84:	d204      	bcs.n	10003b90 <y64_x64+0x44>
10003b86:	0002      	movs	r2, r0
10003b88:	000b      	movs	r3, r1
10003b8a:	0020      	movs	r0, r4
10003b8c:	2100      	movs	r1, #0
10003b8e:	bdf0      	pop	{r4, r5, r6, r7, pc}
10003b90:	d101      	bne.n	10003b96 <y64_x64+0x4a>
10003b92:	4290      	cmp	r0, r2
10003b94:	d3f7      	bcc.n	10003b86 <y64_x64+0x3a>
10003b96:	1a80      	subs	r0, r0, r2
10003b98:	4199      	sbcs	r1, r3
10003b9a:	3401      	adds	r4, #1
10003b9c:	4299      	cmp	r1, r3
10003b9e:	d3f2      	bcc.n	10003b86 <y64_x64+0x3a>
10003ba0:	e7f6      	b.n	10003b90 <y64_x64+0x44>
10003ba2:	0000      	.short	0x0000
10003ba4:	d0000000 	.word	0xd0000000
10003ba8:	ffffffff 	.word	0xffffffff

10003bac <__wrap___aeabi_drsub>:
10003bac:	4048      	eors	r0, r1
10003bae:	4041      	eors	r1, r0
10003bb0:	4048      	eors	r0, r1

10003bb2 <__wrap___aeabi_dsub>:
10003bb2:	b418      	push	{r3, r4}
10003bb4:	4b1b      	ldr	r3, [pc, #108]	@ (10003c24 <__wrap___aeabi_dmul+0x12>)
10003bb6:	685b      	ldr	r3, [r3, #4]
10003bb8:	46fc      	mov	ip, pc
10003bba:	9301      	str	r3, [sp, #4]
10003bbc:	bd08      	pop	{r3, pc}
10003bbe:	df04      	.short	0xdf04
10003bc0:	10003e8b 	.word	0x10003e8b

10003bc4 <__wrap___aeabi_dadd>:
10003bc4:	b418      	push	{r3, r4}
10003bc6:	4b17      	ldr	r3, [pc, #92]	@ (10003c24 <__wrap___aeabi_dmul+0x12>)
10003bc8:	681b      	ldr	r3, [r3, #0]
10003bca:	46fc      	mov	ip, pc
10003bcc:	9301      	str	r3, [sp, #4]
10003bce:	bd08      	pop	{r3, pc}
10003bd0:	3e95df00 	.word	0x3e95df00
10003bd4:	1000      	.short	0x1000

10003bd6 <__wrap___aeabi_ddiv>:
10003bd6:	4694      	mov	ip, r2
10003bd8:	4a13      	ldr	r2, [pc, #76]	@ (10003c28 <__wrap___aeabi_dmul+0x16>)
10003bda:	6f92      	ldr	r2, [r2, #120]	@ 0x78
10003bdc:	0892      	lsrs	r2, r2, #2
10003bde:	d209      	bcs.n	10003bf4 <ddiv_save_state>
10003be0:	4662      	mov	r2, ip

10003be2 <ddiv_shim_call>:
10003be2:	b418      	push	{r3, r4}
10003be4:	4b0f      	ldr	r3, [pc, #60]	@ (10003c24 <__wrap___aeabi_dmul+0x12>)
10003be6:	68db      	ldr	r3, [r3, #12]
10003be8:	46fc      	mov	ip, pc
10003bea:	9301      	str	r3, [sp, #4]
10003bec:	bd08      	pop	{r3, pc}
10003bee:	df0c      	.short	0xdf0c
10003bf0:	1000414d 	.word	0x1000414d

10003bf4 <ddiv_save_state>:
10003bf4:	4a0c      	ldr	r2, [pc, #48]	@ (10003c28 <__wrap___aeabi_dmul+0x16>)
10003bf6:	b5f0      	push	{r4, r5, r6, r7, lr}
10003bf8:	6e14      	ldr	r4, [r2, #96]	@ 0x60
10003bfa:	6e55      	ldr	r5, [r2, #100]	@ 0x64
10003bfc:	6f57      	ldr	r7, [r2, #116]	@ 0x74
10003bfe:	6f16      	ldr	r6, [r2, #112]	@ 0x70
10003c00:	4662      	mov	r2, ip
10003c02:	f7ff ffee 	bl	10003be2 <ddiv_shim_call>
10003c06:	4a08      	ldr	r2, [pc, #32]	@ (10003c28 <__wrap___aeabi_dmul+0x16>)
10003c08:	6614      	str	r4, [r2, #96]	@ 0x60
10003c0a:	6655      	str	r5, [r2, #100]	@ 0x64
10003c0c:	6757      	str	r7, [r2, #116]	@ 0x74
10003c0e:	6716      	str	r6, [r2, #112]	@ 0x70
10003c10:	bdf0      	pop	{r4, r5, r6, r7, pc}

10003c12 <__wrap___aeabi_dmul>:
10003c12:	b418      	push	{r3, r4}
10003c14:	4b03      	ldr	r3, [pc, #12]	@ (10003c24 <__wrap___aeabi_dmul+0x12>)
10003c16:	689b      	ldr	r3, [r3, #8]
10003c18:	46fc      	mov	ip, pc
10003c1a:	9301      	str	r3, [sp, #4]
10003c1c:	bd08      	pop	{r3, pc}
10003c1e:	df08      	.short	0xdf08
10003c20:	10003ff1 	.word	0x10003ff1
10003c24:	20001e2c 	.word	0x20001e2c
10003c28:	d0000000 	.word	0xd0000000

10003c2c <__wrap___aeabi_cdrcmple>:
10003c2c:	b5ff      	push	{r0, r1, r2, r3, r4, r5, r6, r7, lr}
10003c2e:	4050      	eors	r0, r2
10003c30:	4042      	eors	r2, r0
10003c32:	4050      	eors	r0, r2
10003c34:	4059      	eors	r1, r3
10003c36:	404b      	eors	r3, r1
10003c38:	4059      	eors	r1, r3
10003c3a:	e000      	b.n	10003c3e <__aeabi_dfcmple_guts>

10003c3c <__wrap___aeabi_cdcmpeq>:
10003c3c:	b5ff      	push	{r0, r1, r2, r3, r4, r5, r6, r7, lr}

10003c3e <__aeabi_dfcmple_guts>:
10003c3e:	4f15      	ldr	r7, [pc, #84]	@ (10003c94 <__aeabi_dfcmple_guts+0x56>)
10003c40:	004c      	lsls	r4, r1, #1
10003c42:	0d64      	lsrs	r4, r4, #21
10003c44:	d003      	beq.n	10003c4e <__aeabi_dfcmple_guts+0x10>
10003c46:	42bc      	cmp	r4, r7
10003c48:	d104      	bne.n	10003c54 <__aeabi_dfcmple_guts+0x16>
10003c4a:	030c      	lsls	r4, r1, #12
10003c4c:	d814      	bhi.n	10003c78 <__aeabi_dfcmple_guts+0x3a>
10003c4e:	2000      	movs	r0, #0
10003c50:	0d09      	lsrs	r1, r1, #20
10003c52:	0509      	lsls	r1, r1, #20
10003c54:	005c      	lsls	r4, r3, #1
10003c56:	0d64      	lsrs	r4, r4, #21
10003c58:	d003      	beq.n	10003c62 <__aeabi_dfcmple_guts+0x24>
10003c5a:	42bc      	cmp	r4, r7
10003c5c:	d104      	bne.n	10003c68 <__aeabi_dfcmple_guts+0x2a>
10003c5e:	031c      	lsls	r4, r3, #12
10003c60:	d80a      	bhi.n	10003c78 <__aeabi_dfcmple_guts+0x3a>
10003c62:	2200      	movs	r2, #0
10003c64:	0d1b      	lsrs	r3, r3, #20
10003c66:	051b      	lsls	r3, r3, #20
10003c68:	2601      	movs	r6, #1
10003c6a:	404b      	eors	r3, r1
10003c6c:	d409      	bmi.n	10003c82 <__aeabi_dfcmple_guts+0x44>
10003c6e:	404b      	eors	r3, r1
10003c70:	d503      	bpl.n	10003c7a <__aeabi_dfcmple_guts+0x3c>
10003c72:	428b      	cmp	r3, r1
10003c74:	d100      	bne.n	10003c78 <__aeabi_dfcmple_guts+0x3a>
10003c76:	4282      	cmp	r2, r0
10003c78:	bdff      	pop	{r0, r1, r2, r3, r4, r5, r6, r7, pc}
10003c7a:	4299      	cmp	r1, r3
10003c7c:	d1fc      	bne.n	10003c78 <__aeabi_dfcmple_guts+0x3a>
10003c7e:	4290      	cmp	r0, r2
10003c80:	bdff      	pop	{r0, r1, r2, r3, r4, r5, r6, r7, pc}
10003c82:	430b      	orrs	r3, r1
10003c84:	18db      	adds	r3, r3, r3
10003c86:	4303      	orrs	r3, r0
10003c88:	4313      	orrs	r3, r2
10003c8a:	d0f5      	beq.n	10003c78 <__aeabi_dfcmple_guts+0x3a>
10003c8c:	43c9      	mvns	r1, r1
10003c8e:	1849      	adds	r1, r1, r1
10003c90:	bdff      	pop	{r0, r1, r2, r3, r4, r5, r6, r7, pc}
10003c92:	0000      	.short	0x0000
10003c94:	000007ff 	.word	0x000007ff

10003c98 <__wrap___aeabi_dcmplt>:
10003c98:	b500      	push	{lr}
10003c9a:	f7ff ffcf 	bl	10003c3c <__wrap___aeabi_cdcmpeq>
10003c9e:	4180      	sbcs	r0, r0
10003ca0:	bd00      	pop	{pc}
10003ca2:	46c0      	nop			@ (mov r8, r8)

10003ca4 <__wrap___aeabi_dcmple>:
10003ca4:	b500      	push	{lr}
10003ca6:	f7ff ffc9 	bl	10003c3c <__wrap___aeabi_cdcmpeq>
10003caa:	d901      	bls.n	10003cb0 <__wrap___aeabi_dcmple+0xc>
10003cac:	2000      	movs	r0, #0
10003cae:	bd00      	pop	{pc}
10003cb0:	2001      	movs	r0, #1
10003cb2:	bd00      	pop	{pc}

10003cb4 <__wrap___aeabi_dcmpge>:
10003cb4:	b500      	push	{lr}
10003cb6:	f7ff ffb9 	bl	10003c2c <__wrap___aeabi_cdrcmple>
10003cba:	d901      	bls.n	10003cc0 <__wrap___aeabi_dcmpge+0xc>
10003cbc:	2000      	movs	r0, #0
10003cbe:	bd00      	pop	{pc}
10003cc0:	2001      	movs	r0, #1
10003cc2:	bd00      	pop	{pc}

10003cc4 <__wrap___aeabi_dcmpgt>:
10003cc4:	b500      	push	{lr}
10003cc6:	f7ff ffb1 	bl	10003c2c <__wrap___aeabi_cdrcmple>
10003cca:	4180      	sbcs	r0, r0
10003ccc:	bd00      	pop	{pc}

10003cce <__wrap___aeabi_dcmpun>:
10003cce:	2001      	movs	r0, #1
10003cd0:	0540      	lsls	r0, r0, #21
10003cd2:	004a      	lsls	r2, r1, #1
10003cd4:	1812      	adds	r2, r2, r0
10003cd6:	d804      	bhi.n	10003ce2 <__wrap___aeabi_dcmpun+0x14>
10003cd8:	005a      	lsls	r2, r3, #1
10003cda:	1812      	adds	r2, r2, r0
10003cdc:	d801      	bhi.n	10003ce2 <__wrap___aeabi_dcmpun+0x14>
10003cde:	2000      	movs	r0, #0
10003ce0:	4770      	bx	lr
10003ce2:	2001      	movs	r0, #1
10003ce4:	4770      	bx	lr
10003ce6:	2000      	movs	r0, #0
10003ce8:	4770      	bx	lr
	...

10003cec <__wrap___aeabi_ui2d>:
10003cec:	2100      	movs	r1, #0
10003cee:	2800      	cmp	r0, #0
10003cf0:	d105      	bne.n	10003cfe <__wrap___aeabi_i2d+0xa>
10003cf2:	4770      	bx	lr

10003cf4 <__wrap___aeabi_i2d>:
10003cf4:	17c1      	asrs	r1, r0, #31
10003cf6:	4048      	eors	r0, r1
10003cf8:	1a40      	subs	r0, r0, r1
10003cfa:	d0fa      	beq.n	10003cf2 <__wrap___aeabi_ui2d+0x6>
10003cfc:	07c9      	lsls	r1, r1, #31
10003cfe:	b513      	push	{r0, r1, r4, lr}
10003d00:	4b06      	ldr	r3, [pc, #24]	@ (10003d1c <__wrap___aeabi_i2d+0x28>)
10003d02:	681b      	ldr	r3, [r3, #0]
10003d04:	4798      	blx	r3
10003d06:	bc0c      	pop	{r2, r3}
10003d08:	1c44      	adds	r4, r0, #1
10003d0a:	40a2      	lsls	r2, r4
10003d0c:	0510      	lsls	r0, r2, #20
10003d0e:	0b12      	lsrs	r2, r2, #12
10003d10:	4903      	ldr	r1, [pc, #12]	@ (10003d20 <__wrap___aeabi_i2d+0x2c>)
10003d12:	1b09      	subs	r1, r1, r4
10003d14:	0509      	lsls	r1, r1, #20
10003d16:	4319      	orrs	r1, r3
10003d18:	4311      	orrs	r1, r2
10003d1a:	bd10      	pop	{r4, pc}
10003d1c:	20001f2c 	.word	0x20001f2c
10003d20:	0000041f 	.word	0x0000041f

10003d24 <__wrap___aeabi_d2iz>:
10003d24:	b510      	push	{r4, lr}
10003d26:	004c      	lsls	r4, r1, #1
10003d28:	0d62      	lsrs	r2, r4, #21
10003d2a:	2380      	movs	r3, #128	@ 0x80
10003d2c:	18d2      	adds	r2, r2, r3
10003d2e:	00db      	lsls	r3, r3, #3
10003d30:	1ad2      	subs	r2, r2, r3
10003d32:	055b      	lsls	r3, r3, #21
10003d34:	2a7e      	cmp	r2, #126	@ 0x7e
10003d36:	dd10      	ble.n	10003d5a <__wrap___aeabi_d2iz+0x36>
10003d38:	3a9e      	subs	r2, #158	@ 0x9e
10003d3a:	da13      	bge.n	10003d64 <__wrap___aeabi_d2iz+0x40>
10003d3c:	17cc      	asrs	r4, r1, #31
10003d3e:	0309      	lsls	r1, r1, #12
10003d40:	0849      	lsrs	r1, r1, #1
10003d42:	4319      	orrs	r1, r3
10003d44:	4252      	negs	r2, r2
10003d46:	40d1      	lsrs	r1, r2
10003d48:	0064      	lsls	r4, r4, #1
10003d4a:	3401      	adds	r4, #1
10003d4c:	3215      	adds	r2, #21
10003d4e:	2a20      	cmp	r2, #32
10003d50:	da05      	bge.n	10003d5e <__wrap___aeabi_d2iz+0x3a>
10003d52:	40d0      	lsrs	r0, r2
10003d54:	4308      	orrs	r0, r1
10003d56:	4360      	muls	r0, r4
10003d58:	bd10      	pop	{r4, pc}
10003d5a:	2000      	movs	r0, #0
10003d5c:	bd10      	pop	{r4, pc}
10003d5e:	4608      	mov	r0, r1
10003d60:	4360      	muls	r0, r4
10003d62:	bd10      	pop	{r4, pc}
10003d64:	0fc8      	lsrs	r0, r1, #31
10003d66:	18c0      	adds	r0, r0, r3
10003d68:	3801      	subs	r0, #1
10003d6a:	bd10      	pop	{r4, pc}

10003d6c <__wrap___aeabi_d2uiz>:
10003d6c:	b418      	push	{r3, r4}
10003d6e:	4b04      	ldr	r3, [pc, #16]	@ (10003d80 <__wrap___aeabi_d2uiz+0x14>)
10003d70:	6a5b      	ldr	r3, [r3, #36]	@ 0x24
10003d72:	46fc      	mov	ip, pc
10003d74:	9301      	str	r3, [sp, #4]
10003d76:	bd08      	pop	{r3, pc}
10003d78:	42fddf24 	.word	0x42fddf24
10003d7c:	00001000 	.word	0x00001000
10003d80:	20001e2c 	.word	0x20001e2c

10003d84 <__aeabi_double_init>:
10003d84:	b570      	push	{r4, r5, r6, lr}
10003d86:	2313      	movs	r3, #19
10003d88:	781c      	ldrb	r4, [r3, #0]
10003d8a:	2c01      	cmp	r4, #1
10003d8c:	d012      	beq.n	10003db4 <__aeabi_double_init+0x30>
10003d8e:	2c01      	cmp	r4, #1
10003d90:	dc12      	bgt.n	10003db8 <__aeabi_double_init+0x34>
10003d92:	4b21      	ldr	r3, [pc, #132]	@ (10003e18 <__aeabi_double_init+0x94>)
10003d94:	4a21      	ldr	r2, [pc, #132]	@ (10003e1c <__aeabi_double_init+0x98>)
10003d96:	6493      	str	r3, [r2, #72]	@ 0x48
10003d98:	4821      	ldr	r0, [pc, #132]	@ (10003e20 <__aeabi_double_init+0x9c>)
10003d9a:	f7ff fc7b 	bl	10003694 <rom_func_lookup>
10003d9e:	4b21      	ldr	r3, [pc, #132]	@ (10003e24 <__aeabi_double_init+0xa0>)
10003da0:	6018      	str	r0, [r3, #0]
10003da2:	bd70      	pop	{r4, r5, r6, pc}
10003da4:	491c      	ldr	r1, [pc, #112]	@ (10003e18 <__aeabi_double_init+0x94>)
10003da6:	4a1d      	ldr	r2, [pc, #116]	@ (10003e1c <__aeabi_double_init+0x98>)
10003da8:	0098      	lsls	r0, r3, #2
10003daa:	5081      	str	r1, [r0, r2]
10003dac:	3301      	adds	r3, #1
10003dae:	2b1f      	cmp	r3, #31
10003db0:	d9f8      	bls.n	10003da4 <__aeabi_double_init+0x20>
10003db2:	e7ec      	b.n	10003d8e <__aeabi_double_init+0xa>
10003db4:	2300      	movs	r3, #0
10003db6:	e7fa      	b.n	10003dae <__aeabi_double_init+0x2a>
10003db8:	481b      	ldr	r0, [pc, #108]	@ (10003e28 <__aeabi_double_init+0xa4>)
10003dba:	f7ff fc73 	bl	100036a4 <rom_data_lookup>
10003dbe:	0005      	movs	r5, r0
10003dc0:	481a      	ldr	r0, [pc, #104]	@ (10003e2c <__aeabi_double_init+0xa8>)
10003dc2:	f7ff fc6f 	bl	100036a4 <rom_data_lookup>
10003dc6:	3802      	subs	r0, #2
10003dc8:	7803      	ldrb	r3, [r0, #0]
10003dca:	009b      	lsls	r3, r3, #2
10003dcc:	2b7f      	cmp	r3, #127	@ 0x7f
10003dce:	dd09      	ble.n	10003de4 <__aeabi_double_init+0x60>
10003dd0:	4812      	ldr	r0, [pc, #72]	@ (10003e1c <__aeabi_double_init+0x98>)
10003dd2:	2280      	movs	r2, #128	@ 0x80
10003dd4:	0029      	movs	r1, r5
10003dd6:	f000 fbaf 	bl	10004538 <__wrap___aeabi_memcpy>
10003dda:	2c02      	cmp	r4, #2
10003ddc:	d008      	beq.n	10003df0 <__aeabi_double_init+0x6c>
10003dde:	2c02      	cmp	r4, #2
10003de0:	dcda      	bgt.n	10003d98 <__aeabi_double_init+0x14>
10003de2:	e7d6      	b.n	10003d92 <__aeabi_double_init+0xe>
10003de4:	4b12      	ldr	r3, [pc, #72]	@ (10003e30 <__aeabi_double_init+0xac>)
10003de6:	4a13      	ldr	r2, [pc, #76]	@ (10003e34 <__aeabi_double_init+0xb0>)
10003de8:	4813      	ldr	r0, [pc, #76]	@ (10003e38 <__aeabi_double_init+0xb4>)
10003dea:	2132      	movs	r1, #50	@ 0x32
10003dec:	f7fe faa2 	bl	10002334 <__assert_func>
10003df0:	4b12      	ldr	r3, [pc, #72]	@ (10003e3c <__aeabi_double_init+0xb8>)
10003df2:	881a      	ldrh	r2, [r3, #0]
10003df4:	23b5      	movs	r3, #181	@ 0xb5
10003df6:	021b      	lsls	r3, r3, #8
10003df8:	429a      	cmp	r2, r3
10003dfa:	d109      	bne.n	10003e10 <__aeabi_double_init+0x8c>
10003dfc:	4b10      	ldr	r3, [pc, #64]	@ (10003e40 <__aeabi_double_init+0xbc>)
10003dfe:	881a      	ldrh	r2, [r3, #0]
10003e00:	4b10      	ldr	r3, [pc, #64]	@ (10003e44 <__aeabi_double_init+0xc0>)
10003e02:	429a      	cmp	r2, r3
10003e04:	d104      	bne.n	10003e10 <__aeabi_double_init+0x8c>
10003e06:	4b10      	ldr	r3, [pc, #64]	@ (10003e48 <__aeabi_double_init+0xc4>)
10003e08:	881a      	ldrh	r2, [r3, #0]
10003e0a:	4b10      	ldr	r3, [pc, #64]	@ (10003e4c <__aeabi_double_init+0xc8>)
10003e0c:	429a      	cmp	r2, r3
10003e0e:	d0e6      	beq.n	10003dde <__aeabi_double_init+0x5a>
10003e10:	2000      	movs	r0, #0
10003e12:	f7fe fb27 	bl	10002464 <panic>
10003e16:	46c0      	nop			@ (mov r8, r8)
10003e18:	10003e51 	.word	0x10003e51
10003e1c:	20001e2c 	.word	0x20001e2c
10003e20:	0000334c 	.word	0x0000334c
10003e24:	20001f2c 	.word	0x20001f2c
10003e28:	00004453 	.word	0x00004453
10003e2c:	00004653 	.word	0x00004653
10003e30:	10008424 	.word	0x10008424
10003e34:	10008ec0 	.word	0x10008ec0
10003e38:	10008478 	.word	0x10008478
10003e3c:	00003854 	.word	0x00003854
10003e40:	000038d8 	.word	0x000038d8
10003e44:	00004649 	.word	0x00004649
10003e48:	0000389c 	.word	0x0000389c
10003e4c:	00004659 	.word	0x00004659

10003e50 <double_table_shim_on_use_helper>:
10003e50:	b507      	push	{r0, r1, r2, lr}
10003e52:	4660      	mov	r0, ip
10003e54:	2800      	cmp	r0, #0
10003e56:	d100      	bne.n	10003e5a <double_table_shim_on_use_helper+0xa>
10003e58:	be00      	bkpt	0x0000
10003e5a:	8801      	ldrh	r1, [r0, #0]
10003e5c:	0a0a      	lsrs	r2, r1, #8
10003e5e:	3002      	adds	r0, #2
10003e60:	2adf      	cmp	r2, #223	@ 0xdf
10003e62:	d1fa      	bne.n	10003e5a <double_table_shim_on_use_helper+0xa>
10003e64:	b2c9      	uxtb	r1, r1
10003e66:	0882      	lsrs	r2, r0, #2
10003e68:	d304      	bcc.n	10003e74 <double_table_shim_on_use_helper+0x24>
10003e6a:	8802      	ldrh	r2, [r0, #0]
10003e6c:	8840      	ldrh	r0, [r0, #2]
10003e6e:	0400      	lsls	r0, r0, #16
10003e70:	4310      	orrs	r0, r2
10003e72:	e000      	b.n	10003e76 <double_table_shim_on_use_helper+0x26>
10003e74:	6800      	ldr	r0, [r0, #0]
10003e76:	4a02      	ldr	r2, [pc, #8]	@ (10003e80 <double_table_shim_on_use_helper+0x30>)
10003e78:	5050      	str	r0, [r2, r1]
10003e7a:	9003      	str	r0, [sp, #12]
10003e7c:	bd07      	pop	{r0, r1, r2, pc}
10003e7e:	0000      	.short	0x0000
10003e80:	20001e2c 	.word	0x20001e2c

10003e84 <drsub_shim>:
10003e84:	b40f      	push	{r0, r1, r2, r3}
10003e86:	bc03      	pop	{r0, r1}
10003e88:	bc0c      	pop	{r2, r3}

10003e8a <dsub_shim>:
10003e8a:	b5f0      	push	{r4, r5, r6, r7, lr}
10003e8c:	2401      	movs	r4, #1
10003e8e:	07e4      	lsls	r4, r4, #31
10003e90:	4063      	eors	r3, r4
10003e92:	e000      	b.n	10003e96 <da_entry>

10003e94 <dadd_shim>:
10003e94:	b5f0      	push	{r4, r5, r6, r7, lr}

10003e96 <da_entry>:
10003e96:	0d0c      	lsrs	r4, r1, #20
10003e98:	0fcf      	lsrs	r7, r1, #31
10003e9a:	1e66      	subs	r6, r4, #1
10003e9c:	0536      	lsls	r6, r6, #20
10003e9e:	1b89      	subs	r1, r1, r6
10003ea0:	0564      	lsls	r4, r4, #21
10003ea2:	d303      	bcc.n	10003eac <l8_1>
10003ea4:	43c9      	mvns	r1, r1
10003ea6:	4240      	negs	r0, r0
10003ea8:	d300      	bcc.n	10003eac <l8_1>
10003eaa:	3101      	adds	r1, #1

10003eac <l8_1>:
10003eac:	0d64      	lsrs	r4, r4, #21
10003eae:	d003      	beq.n	10003eb8 <l8_2>
10003eb0:	1c66      	adds	r6, r4, #1
10003eb2:	0af6      	lsrs	r6, r6, #11
10003eb4:	d007      	beq.n	10003ec6 <l8_3>
10003eb6:	1be4      	subs	r4, r4, r7

10003eb8 <l8_2>:
10003eb8:	2000      	movs	r0, #0
10003eba:	007f      	lsls	r7, r7, #1
10003ebc:	1c79      	adds	r1, r7, #1
10003ebe:	0789      	lsls	r1, r1, #30
10003ec0:	1289      	asrs	r1, r1, #10
10003ec2:	3c80      	subs	r4, #128	@ 0x80
10003ec4:	0324      	lsls	r4, r4, #12

10003ec6 <l8_3>:
10003ec6:	0d1d      	lsrs	r5, r3, #20
10003ec8:	0fdf      	lsrs	r7, r3, #31
10003eca:	1e6e      	subs	r6, r5, #1
10003ecc:	0536      	lsls	r6, r6, #20
10003ece:	1b9b      	subs	r3, r3, r6
10003ed0:	056d      	lsls	r5, r5, #21
10003ed2:	d303      	bcc.n	10003edc <l9_1>
10003ed4:	43db      	mvns	r3, r3
10003ed6:	4252      	negs	r2, r2
10003ed8:	d300      	bcc.n	10003edc <l9_1>
10003eda:	3301      	adds	r3, #1

10003edc <l9_1>:
10003edc:	0d6d      	lsrs	r5, r5, #21
10003ede:	d003      	beq.n	10003ee8 <l9_2>
10003ee0:	1c6e      	adds	r6, r5, #1
10003ee2:	0af6      	lsrs	r6, r6, #11
10003ee4:	d007      	beq.n	10003ef6 <l9_3>
10003ee6:	1bed      	subs	r5, r5, r7

10003ee8 <l9_2>:
10003ee8:	2200      	movs	r2, #0
10003eea:	007f      	lsls	r7, r7, #1
10003eec:	1c7b      	adds	r3, r7, #1
10003eee:	079b      	lsls	r3, r3, #30
10003ef0:	129b      	asrs	r3, r3, #10
10003ef2:	3d80      	subs	r5, #128	@ 0x80
10003ef4:	032d      	lsls	r5, r5, #12

10003ef6 <l9_3>:
10003ef6:	1b2f      	subs	r7, r5, r4
10003ef8:	1b66      	subs	r6, r4, r5
10003efa:	d458      	bmi.n	10003fae <da_ygtx>
10003efc:	46a4      	mov	ip, r4
10003efe:	2e20      	cmp	r6, #32
10003f00:	da46      	bge.n	10003f90 <da_xrgty>
10003f02:	3720      	adds	r7, #32
10003f04:	0014      	movs	r4, r2
10003f06:	40bc      	lsls	r4, r7

10003f08 <da_xgty0>:
10003f08:	001d      	movs	r5, r3
10003f0a:	40bd      	lsls	r5, r7
10003f0c:	40f2      	lsrs	r2, r6
10003f0e:	4133      	asrs	r3, r6
10003f10:	432a      	orrs	r2, r5

10003f12 <da_add>:
10003f12:	1880      	adds	r0, r0, r2
10003f14:	4159      	adcs	r1, r3

10003f16 <da_pack>:
10003f16:	0fcb      	lsrs	r3, r1, #31
10003f18:	d005      	beq.n	10003f26 <da_pack+0x10>
10003f1a:	43c9      	mvns	r1, r1
10003f1c:	43c0      	mvns	r0, r0
10003f1e:	2200      	movs	r2, #0
10003f20:	4264      	negs	r4, r4
10003f22:	4150      	adcs	r0, r2
10003f24:	4151      	adcs	r1, r2
10003f26:	4662      	mov	r2, ip
10003f28:	0d4d      	lsrs	r5, r1, #21
10003f2a:	d128      	bne.n	10003f7e <da_0>
10003f2c:	0d0d      	lsrs	r5, r1, #20
10003f2e:	d107      	bne.n	10003f40 <da_1>
10003f30:	2800      	cmp	r0, #0
10003f32:	d01f      	beq.n	10003f74 <da_5>

10003f34 <da_2>:
10003f34:	1924      	adds	r4, r4, r4
10003f36:	4140      	adcs	r0, r0
10003f38:	4149      	adcs	r1, r1
10003f3a:	3a01      	subs	r2, #1
10003f3c:	0d0d      	lsrs	r5, r1, #20
10003f3e:	d0f9      	beq.n	10003f34 <da_2>

10003f40 <da_1>:
10003f40:	0064      	lsls	r4, r4, #1
10003f42:	d306      	bcc.n	10003f52 <da_3>

10003f44 <da_4>:
10003f44:	3001      	adds	r0, #1
10003f46:	d300      	bcc.n	10003f4a <da_4+0x6>
10003f48:	3101      	adds	r1, #1
10003f4a:	2c00      	cmp	r4, #0
10003f4c:	d101      	bne.n	10003f52 <da_3>
10003f4e:	0840      	lsrs	r0, r0, #1
10003f50:	0040      	lsls	r0, r0, #1

10003f52 <da_3>:
10003f52:	3a01      	subs	r2, #1
10003f54:	d40b      	bmi.n	10003f6e <da_6>
10003f56:	1c94      	adds	r4, r2, #2
10003f58:	0ae4      	lsrs	r4, r4, #11
10003f5a:	d104      	bne.n	10003f66 <da_7>
10003f5c:	0512      	lsls	r2, r2, #20
10003f5e:	4411      	add	r1, r2
10003f60:	07db      	lsls	r3, r3, #31
10003f62:	4419      	add	r1, r3
10003f64:	bdf0      	pop	{r4, r5, r6, r7, pc}

10003f66 <da_7>:
10003f66:	07d9      	lsls	r1, r3, #31
10003f68:	4b20      	ldr	r3, [pc, #128]	@ (10003fec <da_xmgty+0x4>)
10003f6a:	4319      	orrs	r1, r3
10003f6c:	e000      	b.n	10003f70 <da_6+0x2>

10003f6e <da_6>:
10003f6e:	07d9      	lsls	r1, r3, #31
10003f70:	2000      	movs	r0, #0
10003f72:	bdf0      	pop	{r4, r5, r6, r7, pc}

10003f74 <da_5>:
10003f74:	2900      	cmp	r1, #0
10003f76:	d1dd      	bne.n	10003f34 <da_2>
10003f78:	2c00      	cmp	r4, #0
10003f7a:	d1db      	bne.n	10003f34 <da_2>
10003f7c:	bdf0      	pop	{r4, r5, r6, r7, pc}

10003f7e <da_0>:
10003f7e:	3201      	adds	r2, #1
10003f80:	07c6      	lsls	r6, r0, #31
10003f82:	0840      	lsrs	r0, r0, #1
10003f84:	07cd      	lsls	r5, r1, #31
10003f86:	4328      	orrs	r0, r5
10003f88:	0849      	lsrs	r1, r1, #1
10003f8a:	2e00      	cmp	r6, #0
10003f8c:	d0e1      	beq.n	10003f52 <da_3>
10003f8e:	e7d9      	b.n	10003f44 <da_4>

10003f90 <da_xrgty>:
10003f90:	2e3c      	cmp	r6, #60	@ 0x3c
10003f92:	da29      	bge.n	10003fe8 <da_xmgty>
10003f94:	3e20      	subs	r6, #32
10003f96:	3740      	adds	r7, #64	@ 0x40
10003f98:	0014      	movs	r4, r2
10003f9a:	40bc      	lsls	r4, r7
10003f9c:	d000      	beq.n	10003fa0 <da_xrgty+0x10>
10003f9e:	2401      	movs	r4, #1
10003fa0:	40f2      	lsrs	r2, r6
10003fa2:	4314      	orrs	r4, r2
10003fa4:	001a      	movs	r2, r3
10003fa6:	40bb      	lsls	r3, r7
10003fa8:	431c      	orrs	r4, r3
10003faa:	17d3      	asrs	r3, r2, #31
10003fac:	e7ac      	b.n	10003f08 <da_xgty0>

10003fae <da_ygtx>:
10003fae:	46ac      	mov	ip, r5
10003fb0:	2f20      	cmp	r7, #32
10003fb2:	da08      	bge.n	10003fc6 <da_yrgtx>
10003fb4:	3620      	adds	r6, #32
10003fb6:	0004      	movs	r4, r0
10003fb8:	40b4      	lsls	r4, r6

10003fba <da_ygtx0>:
10003fba:	000d      	movs	r5, r1
10003fbc:	40b5      	lsls	r5, r6
10003fbe:	40f8      	lsrs	r0, r7
10003fc0:	4139      	asrs	r1, r7
10003fc2:	4328      	orrs	r0, r5
10003fc4:	e7a5      	b.n	10003f12 <da_add>

10003fc6 <da_yrgtx>:
10003fc6:	2f3c      	cmp	r7, #60	@ 0x3c
10003fc8:	da0c      	bge.n	10003fe4 <da_ymgtx>
10003fca:	3f20      	subs	r7, #32
10003fcc:	3640      	adds	r6, #64	@ 0x40
10003fce:	0004      	movs	r4, r0
10003fd0:	40b4      	lsls	r4, r6
10003fd2:	d000      	beq.n	10003fd6 <da_yrgtx+0x10>
10003fd4:	2401      	movs	r4, #1
10003fd6:	40f8      	lsrs	r0, r7
10003fd8:	4304      	orrs	r4, r0
10003fda:	0008      	movs	r0, r1
10003fdc:	40b1      	lsls	r1, r6
10003fde:	430c      	orrs	r4, r1
10003fe0:	17c1      	asrs	r1, r0, #31
10003fe2:	e7ea      	b.n	10003fba <da_ygtx0>

10003fe4 <da_ymgtx>:
10003fe4:	0010      	movs	r0, r2
10003fe6:	0019      	movs	r1, r3

10003fe8 <da_xmgty>:
10003fe8:	2400      	movs	r4, #0
10003fea:	e794      	b.n	10003f16 <da_pack>
10003fec:	7ff00000 	.word	0x7ff00000

10003ff0 <dmul_shim>:
10003ff0:	b5f0      	push	{r4, r5, r6, r7, lr}
10003ff2:	0d0c      	lsrs	r4, r1, #20
10003ff4:	1e66      	subs	r6, r4, #1
10003ff6:	0536      	lsls	r6, r6, #20
10003ff8:	1b89      	subs	r1, r1, r6
10003ffa:	0ae6      	lsrs	r6, r4, #11
10003ffc:	0564      	lsls	r4, r4, #21
10003ffe:	0d64      	lsrs	r4, r4, #21
10004000:	d002      	beq.n	10004008 <l12_1>
10004002:	1c65      	adds	r5, r4, #1
10004004:	0aed      	lsrs	r5, r5, #11
10004006:	d004      	beq.n	10004012 <l12_2>

10004008 <l12_1>:
10004008:	2000      	movs	r0, #0
1000400a:	2101      	movs	r1, #1
1000400c:	0509      	lsls	r1, r1, #20
1000400e:	3c80      	subs	r4, #128	@ 0x80
10004010:	0324      	lsls	r4, r4, #12

10004012 <l12_2>:
10004012:	46a4      	mov	ip, r4
10004014:	0d1c      	lsrs	r4, r3, #20
10004016:	1e67      	subs	r7, r4, #1
10004018:	053f      	lsls	r7, r7, #20
1000401a:	1bdb      	subs	r3, r3, r7
1000401c:	0ae7      	lsrs	r7, r4, #11
1000401e:	0564      	lsls	r4, r4, #21
10004020:	0d64      	lsrs	r4, r4, #21
10004022:	d002      	beq.n	1000402a <l13_1>
10004024:	1c65      	adds	r5, r4, #1
10004026:	0aed      	lsrs	r5, r5, #11
10004028:	d004      	beq.n	10004034 <l13_2>

1000402a <l13_1>:
1000402a:	2200      	movs	r2, #0
1000402c:	2301      	movs	r3, #1
1000402e:	051b      	lsls	r3, r3, #20
10004030:	3c80      	subs	r4, #128	@ 0x80
10004032:	0324      	lsls	r4, r4, #12

10004034 <l13_2>:
10004034:	4077      	eors	r7, r6
10004036:	4464      	add	r4, ip
10004038:	b497      	push	{r0, r1, r2, r4, r7}
1000403a:	b284      	uxth	r4, r0
1000403c:	b296      	uxth	r6, r2
1000403e:	4374      	muls	r4, r6
10004040:	0c07      	lsrs	r7, r0, #16
10004042:	437e      	muls	r6, r7
10004044:	0c15      	lsrs	r5, r2, #16
10004046:	436f      	muls	r7, r5
10004048:	b280      	uxth	r0, r0
1000404a:	4368      	muls	r0, r5
1000404c:	1836      	adds	r6, r6, r0
1000404e:	d302      	bcc.n	10004056 <l14_1>
10004050:	2001      	movs	r0, #1
10004052:	0400      	lsls	r0, r0, #16
10004054:	183f      	adds	r7, r7, r0

10004056 <l14_1>:
10004056:	0430      	lsls	r0, r6, #16
10004058:	0c35      	lsrs	r5, r6, #16
1000405a:	1900      	adds	r0, r0, r4
1000405c:	417d      	adcs	r5, r7
1000405e:	4684      	mov	ip, r0
10004060:	b288      	uxth	r0, r1
10004062:	b29a      	uxth	r2, r3
10004064:	4350      	muls	r0, r2
10004066:	0c0c      	lsrs	r4, r1, #16
10004068:	4362      	muls	r2, r4
1000406a:	0c1f      	lsrs	r7, r3, #16
1000406c:	437c      	muls	r4, r7
1000406e:	b28e      	uxth	r6, r1
10004070:	437e      	muls	r6, r7
10004072:	1992      	adds	r2, r2, r6
10004074:	d302      	bcc.n	1000407c <l15_1>
10004076:	2601      	movs	r6, #1
10004078:	0436      	lsls	r6, r6, #16
1000407a:	19a4      	adds	r4, r4, r6

1000407c <l15_1>:
1000407c:	0416      	lsls	r6, r2, #16
1000407e:	0c17      	lsrs	r7, r2, #16
10004080:	1836      	adds	r6, r6, r0
10004082:	4167      	adcs	r7, r4
10004084:	bc01      	pop	{r0}
10004086:	b281      	uxth	r1, r0
10004088:	b29a      	uxth	r2, r3
1000408a:	4351      	muls	r1, r2
1000408c:	0c04      	lsrs	r4, r0, #16
1000408e:	4362      	muls	r2, r4
10004090:	0c1b      	lsrs	r3, r3, #16
10004092:	435c      	muls	r4, r3
10004094:	b280      	uxth	r0, r0
10004096:	4358      	muls	r0, r3
10004098:	1812      	adds	r2, r2, r0
1000409a:	d302      	bcc.n	100040a2 <l16_1>
1000409c:	2001      	movs	r0, #1
1000409e:	0400      	lsls	r0, r0, #16
100040a0:	1824      	adds	r4, r4, r0

100040a2 <l16_1>:
100040a2:	0410      	lsls	r0, r2, #16
100040a4:	0c13      	lsrs	r3, r2, #16
100040a6:	1840      	adds	r0, r0, r1
100040a8:	4163      	adcs	r3, r4
100040aa:	182d      	adds	r5, r5, r0
100040ac:	415e      	adcs	r6, r3
100040ae:	2000      	movs	r0, #0
100040b0:	4147      	adcs	r7, r0
100040b2:	bc06      	pop	{r1, r2}
100040b4:	b288      	uxth	r0, r1
100040b6:	b293      	uxth	r3, r2
100040b8:	4358      	muls	r0, r3
100040ba:	0c0c      	lsrs	r4, r1, #16
100040bc:	4363      	muls	r3, r4
100040be:	0c12      	lsrs	r2, r2, #16
100040c0:	4354      	muls	r4, r2
100040c2:	b289      	uxth	r1, r1
100040c4:	4351      	muls	r1, r2
100040c6:	185b      	adds	r3, r3, r1
100040c8:	d302      	bcc.n	100040d0 <l17_1>
100040ca:	2101      	movs	r1, #1
100040cc:	0409      	lsls	r1, r1, #16
100040ce:	1864      	adds	r4, r4, r1

100040d0 <l17_1>:
100040d0:	0419      	lsls	r1, r3, #16
100040d2:	0c1a      	lsrs	r2, r3, #16
100040d4:	1809      	adds	r1, r1, r0
100040d6:	4162      	adcs	r2, r4
100040d8:	186d      	adds	r5, r5, r1
100040da:	4156      	adcs	r6, r2
100040dc:	2000      	movs	r0, #0
100040de:	4147      	adcs	r7, r0
100040e0:	bc18      	pop	{r3, r4}
100040e2:	02f9      	lsls	r1, r7, #11
100040e4:	0d72      	lsrs	r2, r6, #21
100040e6:	4311      	orrs	r1, r2
100040e8:	02f0      	lsls	r0, r6, #11
100040ea:	0d6a      	lsrs	r2, r5, #21
100040ec:	4310      	orrs	r0, r2
100040ee:	02ed      	lsls	r5, r5, #11
100040f0:	0d0a      	lsrs	r2, r1, #20
100040f2:	d103      	bne.n	100040fc <l17_1+0x2c>
100040f4:	196d      	adds	r5, r5, r5
100040f6:	4140      	adcs	r0, r0
100040f8:	4149      	adcs	r1, r1
100040fa:	3b01      	subs	r3, #1
100040fc:	4e12      	ldr	r6, [pc, #72]	@ (10004148 <dm_1+0xa>)
100040fe:	1b9b      	subs	r3, r3, r6
10004100:	0076      	lsls	r6, r6, #1
10004102:	42b3      	cmp	r3, r6
10004104:	d20e      	bcs.n	10004124 <dm_0>
10004106:	006d      	lsls	r5, r5, #1
10004108:	d307      	bcc.n	1000411a <l17_1+0x4a>
1000410a:	3001      	adds	r0, #1
1000410c:	2600      	movs	r6, #0
1000410e:	4171      	adcs	r1, r6
10004110:	4666      	mov	r6, ip
10004112:	4335      	orrs	r5, r6
10004114:	d101      	bne.n	1000411a <l17_1+0x4a>
10004116:	0840      	lsrs	r0, r0, #1
10004118:	0040      	lsls	r0, r0, #1
1000411a:	051b      	lsls	r3, r3, #20
1000411c:	18c9      	adds	r1, r1, r3

1000411e <dm_2>:
1000411e:	07e4      	lsls	r4, r4, #31
10004120:	4421      	add	r1, r4
10004122:	bdf0      	pop	{r4, r5, r6, r7, pc}

10004124 <dm_0>:
10004124:	da0b      	bge.n	1000413e <dm_1>
10004126:	3301      	adds	r3, #1
10004128:	d106      	bne.n	10004138 <dm_0+0x14>
1000412a:	3001      	adds	r0, #1
1000412c:	d104      	bne.n	10004138 <dm_0+0x14>
1000412e:	3101      	adds	r1, #1
10004130:	0d4f      	lsrs	r7, r1, #21
10004132:	d001      	beq.n	10004138 <dm_0+0x14>
10004134:	0849      	lsrs	r1, r1, #1
10004136:	e7f2      	b.n	1000411e <dm_2>
10004138:	07e1      	lsls	r1, r4, #31
1000413a:	2000      	movs	r0, #0
1000413c:	bdf0      	pop	{r4, r5, r6, r7, pc}

1000413e <dm_1>:
1000413e:	3601      	adds	r6, #1
10004140:	0531      	lsls	r1, r6, #20
10004142:	2000      	movs	r0, #0
10004144:	e7eb      	b.n	1000411e <dm_2>
10004146:	0000      	.short	0x0000
10004148:	000003ff 	.word	0x000003ff

1000414c <ddiv_shim>:
1000414c:	b5f0      	push	{r4, r5, r6, r7, lr}

1000414e <ddiv0>:
1000414e:	0d1c      	lsrs	r4, r3, #20
10004150:	1e67      	subs	r7, r4, #1
10004152:	053f      	lsls	r7, r7, #20
10004154:	1bdb      	subs	r3, r3, r7
10004156:	0ae7      	lsrs	r7, r4, #11
10004158:	0564      	lsls	r4, r4, #21
1000415a:	0d64      	lsrs	r4, r4, #21
1000415c:	d002      	beq.n	10004164 <l20_1>
1000415e:	1c66      	adds	r6, r4, #1
10004160:	0af6      	lsrs	r6, r6, #11
10004162:	d004      	beq.n	1000416e <l20_2>

10004164 <l20_1>:
10004164:	2200      	movs	r2, #0
10004166:	2301      	movs	r3, #1
10004168:	051b      	lsls	r3, r3, #20
1000416a:	3c80      	subs	r4, #128	@ 0x80
1000416c:	0324      	lsls	r4, r4, #12

1000416e <l20_2>:
1000416e:	25d0      	movs	r5, #208	@ 0xd0
10004170:	062d      	lsls	r5, r5, #24
10004172:	2600      	movs	r6, #0
10004174:	43f6      	mvns	r6, r6
10004176:	662e      	str	r6, [r5, #96]	@ 0x60
10004178:	091e      	lsrs	r6, r3, #4
1000417a:	666e      	str	r6, [r5, #100]	@ 0x64
1000417c:	0fce      	lsrs	r6, r1, #31
1000417e:	19f6      	adds	r6, r6, r7
10004180:	46b4      	mov	ip, r6
10004182:	0049      	lsls	r1, r1, #1
10004184:	0d4f      	lsrs	r7, r1, #21
10004186:	d002      	beq.n	1000418e <l20_2+0x20>
10004188:	1c7e      	adds	r6, r7, #1
1000418a:	0af6      	lsrs	r6, r6, #11
1000418c:	d003      	beq.n	10004196 <l20_2+0x28>
1000418e:	2000      	movs	r0, #0
10004190:	2100      	movs	r1, #0
10004192:	3f40      	subs	r7, #64	@ 0x40
10004194:	033f      	lsls	r7, r7, #12
10004196:	1b3e      	subs	r6, r7, r4
10004198:	00b6      	lsls	r6, r6, #2
1000419a:	44b4      	add	ip, r6
1000419c:	3f01      	subs	r7, #1
1000419e:	057f      	lsls	r7, r7, #21
100041a0:	1bc9      	subs	r1, r1, r7
100041a2:	0849      	lsrs	r1, r1, #1
100041a4:	6f2e      	ldr	r6, [r5, #112]	@ 0x70
100041a6:	3601      	adds	r6, #1
100041a8:	0876      	lsrs	r6, r6, #1
100041aa:	029c      	lsls	r4, r3, #10
100041ac:	0d95      	lsrs	r5, r2, #22
100041ae:	4325      	orrs	r5, r4
100041b0:	4375      	muls	r5, r6
100041b2:	13ed      	asrs	r5, r5, #15
100041b4:	4375      	muls	r5, r6
100041b6:	13ad      	asrs	r5, r5, #14
100041b8:	3501      	adds	r5, #1
100041ba:	106d      	asrs	r5, r5, #1
100041bc:	03f6      	lsls	r6, r6, #15
100041be:	1b76      	subs	r6, r6, r5
100041c0:	b40c      	push	{r2, r3}
100041c2:	02cc      	lsls	r4, r1, #11
100041c4:	0d45      	lsrs	r5, r0, #21
100041c6:	432c      	orrs	r4, r5
100041c8:	b2a2      	uxth	r2, r4
100041ca:	b2b3      	uxth	r3, r6
100041cc:	435a      	muls	r2, r3
100041ce:	0c27      	lsrs	r7, r4, #16
100041d0:	437b      	muls	r3, r7
100041d2:	0c35      	lsrs	r5, r6, #16
100041d4:	436f      	muls	r7, r5
100041d6:	b2a4      	uxth	r4, r4
100041d8:	436c      	muls	r4, r5
100041da:	191b      	adds	r3, r3, r4
100041dc:	d302      	bcc.n	100041e4 <l21_1>
100041de:	2401      	movs	r4, #1
100041e0:	0424      	lsls	r4, r4, #16
100041e2:	193f      	adds	r7, r7, r4

100041e4 <l21_1>:
100041e4:	041c      	lsls	r4, r3, #16
100041e6:	0c1d      	lsrs	r5, r3, #16
100041e8:	18a4      	adds	r4, r4, r2
100041ea:	417d      	adcs	r5, r7
100041ec:	1924      	adds	r4, r4, r4
100041ee:	416d      	adcs	r5, r5
100041f0:	9a00      	ldr	r2, [sp, #0]
100041f2:	b291      	uxth	r1, r2
100041f4:	b2ac      	uxth	r4, r5
100041f6:	4361      	muls	r1, r4
100041f8:	0c17      	lsrs	r7, r2, #16
100041fa:	437c      	muls	r4, r7
100041fc:	0c2b      	lsrs	r3, r5, #16
100041fe:	435f      	muls	r7, r3
10004200:	b292      	uxth	r2, r2
10004202:	435a      	muls	r2, r3
10004204:	18a4      	adds	r4, r4, r2
10004206:	d302      	bcc.n	1000420e <l22_1>
10004208:	2201      	movs	r2, #1
1000420a:	0412      	lsls	r2, r2, #16
1000420c:	18bf      	adds	r7, r7, r2

1000420e <l22_1>:
1000420e:	0422      	lsls	r2, r4, #16
10004210:	0c23      	lsrs	r3, r4, #16
10004212:	1852      	adds	r2, r2, r1
10004214:	417b      	adcs	r3, r7
10004216:	9c01      	ldr	r4, [sp, #4]
10004218:	436c      	muls	r4, r5
1000421a:	191b      	adds	r3, r3, r4
1000421c:	0e52      	lsrs	r2, r2, #25
1000421e:	01d9      	lsls	r1, r3, #7
10004220:	430a      	orrs	r2, r1
10004222:	0144      	lsls	r4, r0, #5
10004224:	1aa0      	subs	r0, r4, r2
10004226:	b281      	uxth	r1, r0
10004228:	b2b2      	uxth	r2, r6
1000422a:	4351      	muls	r1, r2
1000422c:	1403      	asrs	r3, r0, #16
1000422e:	435a      	muls	r2, r3
10004230:	0c36      	lsrs	r6, r6, #16
10004232:	4373      	muls	r3, r6
10004234:	b287      	uxth	r7, r0
10004236:	4377      	muls	r7, r6
10004238:	17d6      	asrs	r6, r2, #31
1000423a:	19d2      	adds	r2, r2, r7
1000423c:	2700      	movs	r7, #0
1000423e:	417e      	adcs	r6, r7
10004240:	0436      	lsls	r6, r6, #16
10004242:	199b      	adds	r3, r3, r6
10004244:	0417      	lsls	r7, r2, #16
10004246:	0c16      	lsrs	r6, r2, #16
10004248:	187f      	adds	r7, r7, r1
1000424a:	415e      	adcs	r6, r3
1000424c:	1673      	asrs	r3, r6, #25
1000424e:	18ed      	adds	r5, r5, r3
10004250:	01f3      	lsls	r3, r6, #7
10004252:	2600      	movs	r6, #0
10004254:	3380      	adds	r3, #128	@ 0x80
10004256:	4175      	adcs	r5, r6
10004258:	0fa9      	lsrs	r1, r5, #30
1000425a:	d106      	bne.n	1000426a <dd_0>
1000425c:	0064      	lsls	r4, r4, #1
1000425e:	0a69      	lsrs	r1, r5, #9
10004260:	05e8      	lsls	r0, r5, #23
10004262:	0a5b      	lsrs	r3, r3, #9
10004264:	4318      	orrs	r0, r3
10004266:	d209      	bcs.n	1000427c <dd_1>
10004268:	e02f      	b.n	100042ca <dd_2>

1000426a <dd_0>:
1000426a:	2204      	movs	r2, #4
1000426c:	4494      	add	ip, r2
1000426e:	3380      	adds	r3, #128	@ 0x80
10004270:	4175      	adcs	r5, r6
10004272:	0aa9      	lsrs	r1, r5, #10
10004274:	05a8      	lsls	r0, r5, #22
10004276:	0a9b      	lsrs	r3, r3, #10
10004278:	4318      	orrs	r0, r3
1000427a:	d326      	bcc.n	100042ca <dd_2>

1000427c <dd_1>:
1000427c:	4140      	adcs	r0, r0
1000427e:	4149      	adcs	r1, r1
10004280:	0424      	lsls	r4, r4, #16
10004282:	9a00      	ldr	r2, [sp, #0]
10004284:	9b01      	ldr	r3, [sp, #4]
10004286:	000d      	movs	r5, r1
10004288:	4355      	muls	r5, r2
1000428a:	1b64      	subs	r4, r4, r5
1000428c:	4343      	muls	r3, r0
1000428e:	1ae4      	subs	r4, r4, r3
10004290:	b295      	uxth	r5, r2
10004292:	b286      	uxth	r6, r0
10004294:	4375      	muls	r5, r6
10004296:	0c17      	lsrs	r7, r2, #16
10004298:	437e      	muls	r6, r7
1000429a:	0c03      	lsrs	r3, r0, #16
1000429c:	435f      	muls	r7, r3
1000429e:	b292      	uxth	r2, r2
100042a0:	435a      	muls	r2, r3
100042a2:	18b6      	adds	r6, r6, r2
100042a4:	d302      	bcc.n	100042ac <l24_1>
100042a6:	2201      	movs	r2, #1
100042a8:	0412      	lsls	r2, r2, #16
100042aa:	18bf      	adds	r7, r7, r2

100042ac <l24_1>:
100042ac:	0432      	lsls	r2, r6, #16
100042ae:	0c33      	lsrs	r3, r6, #16
100042b0:	1952      	adds	r2, r2, r5
100042b2:	417b      	adcs	r3, r7
100042b4:	4252      	negs	r2, r2
100042b6:	419c      	sbcs	r4, r3
100042b8:	2c00      	cmp	r4, #0
100042ba:	d402      	bmi.n	100042c2 <l24_1+0x16>
100042bc:	2200      	movs	r2, #0
100042be:	3001      	adds	r0, #1
100042c0:	4151      	adcs	r1, r2
100042c2:	0840      	lsrs	r0, r0, #1
100042c4:	07ca      	lsls	r2, r1, #31
100042c6:	4310      	orrs	r0, r2
100042c8:	0849      	lsrs	r1, r1, #1

100042ca <dd_2>:
100042ca:	b002      	add	sp, #8
100042cc:	4662      	mov	r2, ip
100042ce:	07d7      	lsls	r7, r2, #31
100042d0:	1092      	asrs	r2, r2, #2
100042d2:	4b08      	ldr	r3, [pc, #32]	@ (100042f4 <dd_4+0x6>)
100042d4:	18d2      	adds	r2, r2, r3
100042d6:	4b08      	ldr	r3, [pc, #32]	@ (100042f8 <dd_4+0xa>)
100042d8:	429a      	cmp	r2, r3
100042da:	d203      	bcs.n	100042e4 <dd_3>
100042dc:	0512      	lsls	r2, r2, #20
100042de:	1889      	adds	r1, r1, r2

100042e0 <dd_5>:
100042e0:	19c9      	adds	r1, r1, r7
100042e2:	bdf0      	pop	{r4, r5, r6, r7, pc}

100042e4 <dd_3>:
100042e4:	2000      	movs	r0, #0
100042e6:	2a00      	cmp	r2, #0
100042e8:	dc01      	bgt.n	100042ee <dd_4>
100042ea:	0039      	movs	r1, r7
100042ec:	bdf0      	pop	{r4, r5, r6, r7, pc}

100042ee <dd_4>:
100042ee:	3301      	adds	r3, #1
100042f0:	0519      	lsls	r1, r3, #20
100042f2:	e7f5      	b.n	100042e0 <dd_5>
100042f4:	000003fd 	.word	0x000003fd
100042f8:	000007fe 	.word	0x000007fe

100042fc <double2uint_shim>:
100042fc:	2200      	movs	r2, #0

100042fe <double2ufix_shim>:
100042fe:	b500      	push	{lr}
10004300:	3220      	adds	r2, #32
10004302:	f000 f804 	bl	1000430e <double2ufix64_shim>
10004306:	0008      	movs	r0, r1
10004308:	bd00      	pop	{pc}
	...

1000430c <double2uint64_shim>:
1000430c:	2200      	movs	r2, #0

1000430e <double2ufix64_shim>:
1000430e:	150b      	asrs	r3, r1, #20
10004310:	d40a      	bmi.n	10004328 <ret_dzero>

10004312 <d2fix>:
10004312:	b510      	push	{r4, lr}
10004314:	4694      	mov	ip, r2
10004316:	f000 f831 	bl	1000437c <dunpacks>
1000431a:	1414      	asrs	r4, r2, #16
1000431c:	3401      	adds	r4, #1
1000431e:	da00      	bge.n	10004322 <d2fix+0x10>
10004320:	2100      	movs	r1, #0
10004322:	17cb      	asrs	r3, r1, #31
10004324:	4c14      	ldr	r4, [pc, #80]	@ (10004378 <d2fix_a+0x4a>)
10004326:	4720      	bx	r4

10004328 <ret_dzero>:
10004328:	2000      	movs	r0, #0
1000432a:	2100      	movs	r1, #0
1000432c:	4770      	bx	lr

1000432e <d2fix_a>:
1000432e:	4462      	add	r2, ip
10004330:	3a34      	subs	r2, #52	@ 0x34
10004332:	d40c      	bmi.n	1000434e <d2fix_a+0x20>
10004334:	2a0c      	cmp	r2, #12
10004336:	da07      	bge.n	10004348 <d2fix_a+0x1a>
10004338:	0004      	movs	r4, r0
1000433a:	4091      	lsls	r1, r2
1000433c:	4090      	lsls	r0, r2
1000433e:	4252      	negs	r2, r2
10004340:	3220      	adds	r2, #32
10004342:	40d4      	lsrs	r4, r2
10004344:	4321      	orrs	r1, r4
10004346:	bd10      	pop	{r4, pc}
10004348:	43d8      	mvns	r0, r3
1000434a:	43d9      	mvns	r1, r3
1000434c:	bd10      	pop	{r4, pc}
1000434e:	3220      	adds	r2, #32
10004350:	d407      	bmi.n	10004362 <d2fix_a+0x34>
10004352:	460c      	mov	r4, r1
10004354:	4094      	lsls	r4, r2
10004356:	4252      	negs	r2, r2
10004358:	3220      	adds	r2, #32
1000435a:	4111      	asrs	r1, r2
1000435c:	40d0      	lsrs	r0, r2
1000435e:	4320      	orrs	r0, r4
10004360:	bd10      	pop	{r4, pc}
10004362:	0008      	movs	r0, r1
10004364:	17c9      	asrs	r1, r1, #31
10004366:	3220      	adds	r2, #32
10004368:	d403      	bmi.n	10004372 <d2fix_a+0x44>
1000436a:	4252      	negs	r2, r2
1000436c:	3220      	adds	r2, #32
1000436e:	4110      	asrs	r0, r2
10004370:	bd10      	pop	{r4, pc}
10004372:	0018      	movs	r0, r3
10004374:	0019      	movs	r1, r3
10004376:	bd10      	pop	{r4, pc}
10004378:	1000432f 	.word	0x1000432f

1000437c <dunpacks>:
1000437c:	0d0a      	lsrs	r2, r1, #20
1000437e:	0fcc      	lsrs	r4, r1, #31
10004380:	1e53      	subs	r3, r2, #1
10004382:	051b      	lsls	r3, r3, #20
10004384:	1ac9      	subs	r1, r1, r3
10004386:	0552      	lsls	r2, r2, #21
10004388:	d303      	bcc.n	10004392 <l60_1>
1000438a:	43c9      	mvns	r1, r1
1000438c:	4240      	negs	r0, r0
1000438e:	d300      	bcc.n	10004392 <l60_1>
10004390:	3101      	adds	r1, #1

10004392 <l60_1>:
10004392:	0d52      	lsrs	r2, r2, #21
10004394:	d003      	beq.n	1000439e <l60_2>
10004396:	1c53      	adds	r3, r2, #1
10004398:	0adb      	lsrs	r3, r3, #11
1000439a:	d007      	beq.n	100043ac <l60_3>
1000439c:	1b12      	subs	r2, r2, r4

1000439e <l60_2>:
1000439e:	2000      	movs	r0, #0
100043a0:	0064      	lsls	r4, r4, #1
100043a2:	1c61      	adds	r1, r4, #1
100043a4:	0789      	lsls	r1, r1, #30
100043a6:	1289      	asrs	r1, r1, #10
100043a8:	3a80      	subs	r2, #128	@ 0x80
100043aa:	0312      	lsls	r2, r2, #12

100043ac <l60_3>:
100043ac:	4b01      	ldr	r3, [pc, #4]	@ (100043b4 <l60_3+0x8>)
100043ae:	1ad2      	subs	r2, r2, r3
100043b0:	4770      	bx	lr
100043b2:	0000      	.short	0x0000
100043b4:	000003ff 	.word	0x000003ff

100043b8 <__wrap___aeabi_lmul>:
100043b8:	4351      	muls	r1, r2
100043ba:	4343      	muls	r3, r0
100043bc:	18c9      	adds	r1, r1, r3
100043be:	468c      	mov	ip, r1
100043c0:	0c11      	lsrs	r1, r2, #16
100043c2:	b283      	uxth	r3, r0
100043c4:	434b      	muls	r3, r1
100043c6:	b410      	push	{r4}
100043c8:	0c04      	lsrs	r4, r0, #16
100043ca:	4361      	muls	r1, r4
100043cc:	b292      	uxth	r2, r2
100043ce:	b280      	uxth	r0, r0
100043d0:	4350      	muls	r0, r2
100043d2:	4362      	muls	r2, r4
100043d4:	041c      	lsls	r4, r3, #16
100043d6:	0c1b      	lsrs	r3, r3, #16
100043d8:	1900      	adds	r0, r0, r4
100043da:	bc10      	pop	{r4}
100043dc:	4159      	adcs	r1, r3
100043de:	0413      	lsls	r3, r2, #16
100043e0:	0c12      	lsrs	r2, r2, #16
100043e2:	18c0      	adds	r0, r0, r3
100043e4:	4151      	adcs	r1, r2
100043e6:	4461      	add	r1, ip
100043e8:	4770      	bx	lr
	...

100043ec <__aeabi_float_init>:
100043ec:	b570      	push	{r4, r5, r6, lr}
100043ee:	2313      	movs	r3, #19
100043f0:	781e      	ldrb	r6, [r3, #0]
100043f2:	482a      	ldr	r0, [pc, #168]	@ (1000449c <__aeabi_float_init+0xb0>)
100043f4:	f7ff f956 	bl	100036a4 <rom_data_lookup>
100043f8:	0005      	movs	r5, r0
100043fa:	2e01      	cmp	r6, #1
100043fc:	d011      	beq.n	10004422 <__aeabi_float_init+0x36>
100043fe:	2e01      	cmp	r6, #1
10004400:	dd09      	ble.n	10004416 <__aeabi_float_init+0x2a>
10004402:	1eab      	subs	r3, r5, #2
10004404:	781b      	ldrb	r3, [r3, #0]
10004406:	009b      	lsls	r3, r3, #2
10004408:	2b7f      	cmp	r3, #127	@ 0x7f
1000440a:	dd40      	ble.n	1000448e <__aeabi_float_init+0xa2>
1000440c:	4824      	ldr	r0, [pc, #144]	@ (100044a0 <__aeabi_float_init+0xb4>)
1000440e:	2280      	movs	r2, #128	@ 0x80
10004410:	0029      	movs	r1, r5
10004412:	f000 f891 	bl	10004538 <__wrap___aeabi_memcpy>
10004416:	4823      	ldr	r0, [pc, #140]	@ (100044a4 <__aeabi_float_init+0xb8>)
10004418:	f7ff f93c 	bl	10003694 <rom_func_lookup>
1000441c:	4b22      	ldr	r3, [pc, #136]	@ (100044a8 <__aeabi_float_init+0xbc>)
1000441e:	6018      	str	r0, [r3, #0]
10004420:	bd70      	pop	{r4, r5, r6, pc}
10004422:	481f      	ldr	r0, [pc, #124]	@ (100044a0 <__aeabi_float_init+0xb4>)
10004424:	2254      	movs	r2, #84	@ 0x54
10004426:	0029      	movs	r1, r5
10004428:	f000 f886 	bl	10004538 <__wrap___aeabi_memcpy>
1000442c:	4b1f      	ldr	r3, [pc, #124]	@ (100044ac <__aeabi_float_init+0xc0>)
1000442e:	881a      	ldrh	r2, [r3, #0]
10004430:	4b1f      	ldr	r3, [pc, #124]	@ (100044b0 <__aeabi_float_init+0xc4>)
10004432:	429a      	cmp	r2, r3
10004434:	d11c      	bne.n	10004470 <__aeabi_float_init+0x84>
10004436:	23a7      	movs	r3, #167	@ 0xa7
10004438:	019b      	lsls	r3, r3, #6
1000443a:	881a      	ldrh	r2, [r3, #0]
1000443c:	4b1d      	ldr	r3, [pc, #116]	@ (100044b4 <__aeabi_float_init+0xc8>)
1000443e:	429a      	cmp	r2, r3
10004440:	d116      	bne.n	10004470 <__aeabi_float_init+0x84>
10004442:	4b1d      	ldr	r3, [pc, #116]	@ (100044b8 <__aeabi_float_init+0xcc>)
10004444:	881a      	ldrh	r2, [r3, #0]
10004446:	4b1d      	ldr	r3, [pc, #116]	@ (100044bc <__aeabi_float_init+0xd0>)
10004448:	429a      	cmp	r2, r3
1000444a:	d111      	bne.n	10004470 <__aeabi_float_init+0x84>
1000444c:	4b1c      	ldr	r3, [pc, #112]	@ (100044c0 <__aeabi_float_init+0xd4>)
1000444e:	881a      	ldrh	r2, [r3, #0]
10004450:	2394      	movs	r3, #148	@ 0x94
10004452:	019b      	lsls	r3, r3, #6
10004454:	429a      	cmp	r2, r3
10004456:	d10b      	bne.n	10004470 <__aeabi_float_init+0x84>
10004458:	4b1a      	ldr	r3, [pc, #104]	@ (100044c4 <__aeabi_float_init+0xd8>)
1000445a:	881a      	ldrh	r2, [r3, #0]
1000445c:	4b1a      	ldr	r3, [pc, #104]	@ (100044c8 <__aeabi_float_init+0xdc>)
1000445e:	429a      	cmp	r2, r3
10004460:	d106      	bne.n	10004470 <__aeabi_float_init+0x84>
10004462:	4b1a      	ldr	r3, [pc, #104]	@ (100044cc <__aeabi_float_init+0xe0>)
10004464:	681a      	ldr	r2, [r3, #0]
10004466:	4b1a      	ldr	r3, [pc, #104]	@ (100044d0 <__aeabi_float_init+0xe4>)
10004468:	429a      	cmp	r2, r3
1000446a:	d101      	bne.n	10004470 <__aeabi_float_init+0x84>
1000446c:	2315      	movs	r3, #21
1000446e:	e007      	b.n	10004480 <__aeabi_float_init+0x94>
10004470:	4818      	ldr	r0, [pc, #96]	@ (100044d4 <__aeabi_float_init+0xe8>)
10004472:	f7fd fff7 	bl	10002464 <panic>
10004476:	4c18      	ldr	r4, [pc, #96]	@ (100044d8 <__aeabi_float_init+0xec>)
10004478:	4a09      	ldr	r2, [pc, #36]	@ (100044a0 <__aeabi_float_init+0xb4>)
1000447a:	0099      	lsls	r1, r3, #2
1000447c:	508c      	str	r4, [r1, r2]
1000447e:	3301      	adds	r3, #1
10004480:	2b1f      	cmp	r3, #31
10004482:	d9f8      	bls.n	10004476 <__aeabi_float_init+0x8a>
10004484:	4b14      	ldr	r3, [pc, #80]	@ (100044d8 <__aeabi_float_init+0xec>)
10004486:	4a06      	ldr	r2, [pc, #24]	@ (100044a0 <__aeabi_float_init+0xb4>)
10004488:	6213      	str	r3, [r2, #32]
1000448a:	61d3      	str	r3, [r2, #28]
1000448c:	e7b7      	b.n	100043fe <__aeabi_float_init+0x12>
1000448e:	4b13      	ldr	r3, [pc, #76]	@ (100044dc <__aeabi_float_init+0xf0>)
10004490:	4a13      	ldr	r2, [pc, #76]	@ (100044e0 <__aeabi_float_init+0xf4>)
10004492:	4814      	ldr	r0, [pc, #80]	@ (100044e4 <__aeabi_float_init+0xf8>)
10004494:	2142      	movs	r1, #66	@ 0x42
10004496:	f7fd ff4d 	bl	10002334 <__assert_func>
1000449a:	46c0      	nop			@ (mov r8, r8)
1000449c:	00004653 	.word	0x00004653
100044a0:	20001f30 	.word	0x20001f30
100044a4:	0000334c 	.word	0x0000334c
100044a8:	20001f2c 	.word	0x20001f2c
100044ac:	000029ee 	.word	0x000029ee
100044b0:	00000fc4 	.word	0x00000fc4
100044b4:	00000dc2 	.word	0x00000dc2
100044b8:	00002b96 	.word	0x00002b96
100044bc:	0000b5c0 	.word	0x0000b5c0
100044c0:	00002b18 	.word	0x00002b18
100044c4:	00002acc 	.word	0x00002acc
100044c8:	0000b510 	.word	0x0000b510
100044cc:	00002cfc 	.word	0x00002cfc
100044d0:	6487ed51 	.word	0x6487ed51
100044d4:	10008344 	.word	0x10008344
100044d8:	100044e9 	.word	0x100044e9
100044dc:	100084dc 	.word	0x100084dc
100044e0:	10008ed4 	.word	0x10008ed4
100044e4:	10008510 	.word	0x10008510

100044e8 <float_table_shim_on_use_helper>:
100044e8:	b507      	push	{r0, r1, r2, lr}
100044ea:	4660      	mov	r0, ip
100044ec:	2800      	cmp	r0, #0
100044ee:	d100      	bne.n	100044f2 <float_table_shim_on_use_helper+0xa>
100044f0:	be00      	bkpt	0x0000
100044f2:	8801      	ldrh	r1, [r0, #0]
100044f4:	0a0a      	lsrs	r2, r1, #8
100044f6:	3002      	adds	r0, #2
100044f8:	2adf      	cmp	r2, #223	@ 0xdf
100044fa:	d1fa      	bne.n	100044f2 <float_table_shim_on_use_helper+0xa>
100044fc:	b2c9      	uxtb	r1, r1
100044fe:	0882      	lsrs	r2, r0, #2
10004500:	d304      	bcc.n	1000450c <float_table_shim_on_use_helper+0x24>
10004502:	8802      	ldrh	r2, [r0, #0]
10004504:	8840      	ldrh	r0, [r0, #2]
10004506:	0400      	lsls	r0, r0, #16
10004508:	4310      	orrs	r0, r2
1000450a:	e000      	b.n	1000450e <float_table_shim_on_use_helper+0x26>
1000450c:	6800      	ldr	r0, [r0, #0]
1000450e:	4a02      	ldr	r2, [pc, #8]	@ (10004518 <float_table_shim_on_use_helper+0x30>)
10004510:	5050      	str	r0, [r2, r1]
10004512:	9003      	str	r0, [sp, #12]
10004514:	bd07      	pop	{r0, r1, r2, pc}
10004516:	0000      	.short	0x0000
10004518:	20001f30 	.word	0x20001f30

1000451c <__aeabi_mem_init>:
1000451c:	4801      	ldr	r0, [pc, #4]	@ (10004524 <__aeabi_mem_init+0x8>)
1000451e:	2104      	movs	r1, #4
10004520:	4b01      	ldr	r3, [pc, #4]	@ (10004528 <__aeabi_mem_init+0xc>)
10004522:	4718      	bx	r3
10004524:	20000b90 	.word	0x20000b90
10004528:	100036b5 	.word	0x100036b5

1000452c <__wrap_memset>:
1000452c:	4b01      	ldr	r3, [pc, #4]	@ (10004534 <__wrap_memset+0x8>)
1000452e:	681b      	ldr	r3, [r3, #0]
10004530:	4718      	bx	r3
10004532:	0000      	.short	0x0000
10004534:	20000b90 	.word	0x20000b90

10004538 <__wrap___aeabi_memcpy>:
10004538:	4b01      	ldr	r3, [pc, #4]	@ (10004540 <__wrap___aeabi_memcpy+0x8>)
1000453a:	685b      	ldr	r3, [r3, #4]
1000453c:	4718      	bx	r3
1000453e:	0000      	.short	0x0000
10004540:	20000b90 	.word	0x20000b90

10004544 <time_reached>:
10004544:	4b08      	ldr	r3, [pc, #32]	@ (10004568 <time_reached+0x24>)
10004546:	6a5b      	ldr	r3, [r3, #36]	@ 0x24
10004548:	4299      	cmp	r1, r3
1000454a:	d809      	bhi.n	10004560 <time_reached+0x1c>
1000454c:	4a06      	ldr	r2, [pc, #24]	@ (10004568 <time_reached+0x24>)
1000454e:	6a92      	ldr	r2, [r2, #40]	@ 0x28
10004550:	4282      	cmp	r2, r0
10004552:	d207      	bcs.n	10004564 <time_reached+0x20>
10004554:	4299      	cmp	r1, r3
10004556:	d001      	beq.n	1000455c <time_reached+0x18>
10004558:	2001      	movs	r0, #1
1000455a:	e002      	b.n	10004562 <time_reached+0x1e>
1000455c:	2000      	movs	r0, #0
1000455e:	e000      	b.n	10004562 <time_reached+0x1e>
10004560:	2000      	movs	r0, #0
10004562:	4770      	bx	lr
10004564:	2001      	movs	r0, #1
10004566:	e7fc      	b.n	10004562 <time_reached+0x1e>
10004568:	40054000 	.word	0x40054000

1000456c <stdio_out_chars_no_crlf>:
1000456c:	b510      	push	{r4, lr}
1000456e:	0003      	movs	r3, r0
10004570:	0008      	movs	r0, r1
10004572:	0011      	movs	r1, r2
10004574:	681b      	ldr	r3, [r3, #0]
10004576:	4798      	blx	r3
10004578:	bd10      	pop	{r4, pc}
	...

1000457c <stdio_out_chars_crlf>:
1000457c:	b5f8      	push	{r3, r4, r5, r6, r7, lr}
1000457e:	0007      	movs	r7, r0
10004580:	000d      	movs	r5, r1
10004582:	0016      	movs	r6, r2
10004584:	7d43      	ldrb	r3, [r0, #21]
10004586:	2b00      	cmp	r3, #0
10004588:	d002      	beq.n	10004590 <stdio_out_chars_crlf+0x14>
1000458a:	2400      	movs	r4, #0
1000458c:	2000      	movs	r0, #0
1000458e:	e00c      	b.n	100045aa <stdio_out_chars_crlf+0x2e>
10004590:	6803      	ldr	r3, [r0, #0]
10004592:	0011      	movs	r1, r2
10004594:	0028      	movs	r0, r5
10004596:	4798      	blx	r3
10004598:	e02d      	b.n	100045f6 <stdio_out_chars_crlf+0x7a>
1000459a:	7d3b      	ldrb	r3, [r7, #20]
1000459c:	e010      	b.n	100045c0 <stdio_out_chars_crlf+0x44>
1000459e:	683b      	ldr	r3, [r7, #0]
100045a0:	4815      	ldr	r0, [pc, #84]	@ (100045f8 <stdio_out_chars_crlf+0x7c>)
100045a2:	2102      	movs	r1, #2
100045a4:	4798      	blx	r3
100045a6:	1c60      	adds	r0, r4, #1
100045a8:	3401      	adds	r4, #1
100045aa:	42b4      	cmp	r4, r6
100045ac:	da14      	bge.n	100045d8 <stdio_out_chars_crlf+0x5c>
100045ae:	2c00      	cmp	r4, #0
100045b0:	ddf3      	ble.n	1000459a <stdio_out_chars_crlf+0x1e>
100045b2:	192b      	adds	r3, r5, r4
100045b4:	3b01      	subs	r3, #1
100045b6:	781b      	ldrb	r3, [r3, #0]
100045b8:	3b0d      	subs	r3, #13
100045ba:	425a      	negs	r2, r3
100045bc:	4153      	adcs	r3, r2
100045be:	b2db      	uxtb	r3, r3
100045c0:	5d2a      	ldrb	r2, [r5, r4]
100045c2:	2a0a      	cmp	r2, #10
100045c4:	d1f0      	bne.n	100045a8 <stdio_out_chars_crlf+0x2c>
100045c6:	2b00      	cmp	r3, #0
100045c8:	d1ee      	bne.n	100045a8 <stdio_out_chars_crlf+0x2c>
100045ca:	42a0      	cmp	r0, r4
100045cc:	dae7      	bge.n	1000459e <stdio_out_chars_crlf+0x22>
100045ce:	683b      	ldr	r3, [r7, #0]
100045d0:	1a21      	subs	r1, r4, r0
100045d2:	1828      	adds	r0, r5, r0
100045d4:	4798      	blx	r3
100045d6:	e7e2      	b.n	1000459e <stdio_out_chars_crlf+0x22>
100045d8:	42b0      	cmp	r0, r6
100045da:	da03      	bge.n	100045e4 <stdio_out_chars_crlf+0x68>
100045dc:	683b      	ldr	r3, [r7, #0]
100045de:	1a31      	subs	r1, r6, r0
100045e0:	1828      	adds	r0, r5, r0
100045e2:	4798      	blx	r3
100045e4:	2e00      	cmp	r6, #0
100045e6:	dd06      	ble.n	100045f6 <stdio_out_chars_crlf+0x7a>
100045e8:	19ad      	adds	r5, r5, r6
100045ea:	3d01      	subs	r5, #1
100045ec:	782b      	ldrb	r3, [r5, #0]
100045ee:	3b0d      	subs	r3, #13
100045f0:	425a      	negs	r2, r3
100045f2:	4153      	adcs	r3, r2
100045f4:	753b      	strb	r3, [r7, #20]
100045f6:	bdf8      	pop	{r3, r4, r5, r6, r7, pc}
100045f8:	10008f0c 	.word	0x10008f0c

100045fc <stdio_stack_buffer_flush>:
100045fc:	b570      	push	{r4, r5, r6, lr}
100045fe:	0005      	movs	r5, r0
10004600:	6803      	ldr	r3, [r0, #0]
10004602:	2b00      	cmp	r3, #0
10004604:	d016      	beq.n	10004634 <stdio_stack_buffer_flush+0x38>
10004606:	4b0c      	ldr	r3, [pc, #48]	@ (10004638 <stdio_stack_buffer_flush+0x3c>)
10004608:	681c      	ldr	r4, [r3, #0]
1000460a:	e005      	b.n	10004618 <stdio_stack_buffer_flush+0x1c>
1000460c:	0029      	movs	r1, r5
1000460e:	c904      	ldmia	r1!, {r2}
10004610:	0020      	movs	r0, r4
10004612:	f7ff ffb3 	bl	1000457c <stdio_out_chars_crlf>
10004616:	6924      	ldr	r4, [r4, #16]
10004618:	2c00      	cmp	r4, #0
1000461a:	d009      	beq.n	10004630 <stdio_stack_buffer_flush+0x34>
1000461c:	6823      	ldr	r3, [r4, #0]
1000461e:	2b00      	cmp	r3, #0
10004620:	d0f9      	beq.n	10004616 <stdio_stack_buffer_flush+0x1a>
10004622:	4b06      	ldr	r3, [pc, #24]	@ (1000463c <stdio_stack_buffer_flush+0x40>)
10004624:	681b      	ldr	r3, [r3, #0]
10004626:	2b00      	cmp	r3, #0
10004628:	d0f0      	beq.n	1000460c <stdio_stack_buffer_flush+0x10>
1000462a:	42a3      	cmp	r3, r4
1000462c:	d1f3      	bne.n	10004616 <stdio_stack_buffer_flush+0x1a>
1000462e:	e7ed      	b.n	1000460c <stdio_stack_buffer_flush+0x10>
10004630:	2300      	movs	r3, #0
10004632:	602b      	str	r3, [r5, #0]
10004634:	bd70      	pop	{r4, r5, r6, pc}
10004636:	46c0      	nop			@ (mov r8, r8)
10004638:	200019c8 	.word	0x200019c8
1000463c:	200019d4 	.word	0x200019d4

10004640 <stdio_buffered_printer>:
10004640:	b570      	push	{r4, r5, r6, lr}
10004642:	0005      	movs	r5, r0
10004644:	000c      	movs	r4, r1
10004646:	680b      	ldr	r3, [r1, #0]
10004648:	2b80      	cmp	r3, #128	@ 0x80
1000464a:	d005      	beq.n	10004658 <stdio_buffered_printer+0x18>
1000464c:	6823      	ldr	r3, [r4, #0]
1000464e:	1c5a      	adds	r2, r3, #1
10004650:	6022      	str	r2, [r4, #0]
10004652:	18e4      	adds	r4, r4, r3
10004654:	7125      	strb	r5, [r4, #4]
10004656:	bd70      	pop	{r4, r5, r6, pc}
10004658:	0008      	movs	r0, r1
1000465a:	f7ff ffcf 	bl	100045fc <stdio_stack_buffer_flush>
1000465e:	e7f5      	b.n	1000464c <stdio_buffered_printer+0xc>

10004660 <update_us_since_boot>:
10004660:	b510      	push	{r4, lr}
10004662:	2b00      	cmp	r3, #0
10004664:	db02      	blt.n	1000466c <update_us_since_boot+0xc>
10004666:	6002      	str	r2, [r0, #0]
10004668:	6043      	str	r3, [r0, #4]
1000466a:	bd10      	pop	{r4, pc}
1000466c:	4b02      	ldr	r3, [pc, #8]	@ (10004678 <update_us_since_boot+0x18>)
1000466e:	4a03      	ldr	r2, [pc, #12]	@ (1000467c <update_us_since_boot+0x1c>)
10004670:	4803      	ldr	r0, [pc, #12]	@ (10004680 <update_us_since_boot+0x20>)
10004672:	213f      	movs	r1, #63	@ 0x3f
10004674:	f7fd fe5e 	bl	10002334 <__assert_func>
10004678:	10007a20 	.word	0x10007a20
1000467c:	10008f10 	.word	0x10008f10
10004680:	10007a3c 	.word	0x10007a3c

10004684 <get_absolute_time>:
10004684:	b510      	push	{r4, lr}
10004686:	b082      	sub	sp, #8
10004688:	0004      	movs	r4, r0
1000468a:	f7fd f987 	bl	1000199c <time_us_64>
1000468e:	0002      	movs	r2, r0
10004690:	000b      	movs	r3, r1
10004692:	4668      	mov	r0, sp
10004694:	f7ff ffe4 	bl	10004660 <update_us_since_boot>
10004698:	9a00      	ldr	r2, [sp, #0]
1000469a:	9b01      	ldr	r3, [sp, #4]
1000469c:	6022      	str	r2, [r4, #0]
1000469e:	6063      	str	r3, [r4, #4]
100046a0:	0020      	movs	r0, r4
100046a2:	b002      	add	sp, #8
100046a4:	bd10      	pop	{r4, pc}
	...

100046a8 <delayed_by_ms>:
100046a8:	b570      	push	{r4, r5, r6, lr}
100046aa:	b082      	sub	sp, #8
100046ac:	0006      	movs	r6, r0
100046ae:	0014      	movs	r4, r2
100046b0:	001d      	movs	r5, r3
100046b2:	22fa      	movs	r2, #250	@ 0xfa
100046b4:	0092      	lsls	r2, r2, #2
100046b6:	2300      	movs	r3, #0
100046b8:	9806      	ldr	r0, [sp, #24]
100046ba:	2100      	movs	r1, #0
100046bc:	f7ff fe7c 	bl	100043b8 <__wrap___aeabi_lmul>
100046c0:	0002      	movs	r2, r0
100046c2:	000b      	movs	r3, r1
100046c4:	1912      	adds	r2, r2, r4
100046c6:	416b      	adcs	r3, r5
100046c8:	2b00      	cmp	r3, #0
100046ca:	db09      	blt.n	100046e0 <delayed_by_ms+0x38>
100046cc:	4668      	mov	r0, sp
100046ce:	f7ff ffc7 	bl	10004660 <update_us_since_boot>
100046d2:	9a00      	ldr	r2, [sp, #0]
100046d4:	9b01      	ldr	r3, [sp, #4]
100046d6:	6032      	str	r2, [r6, #0]
100046d8:	6073      	str	r3, [r6, #4]
100046da:	0030      	movs	r0, r6
100046dc:	b002      	add	sp, #8
100046de:	bd70      	pop	{r4, r5, r6, pc}
100046e0:	2201      	movs	r2, #1
100046e2:	4252      	negs	r2, r2
100046e4:	4b00      	ldr	r3, [pc, #0]	@ (100046e8 <delayed_by_ms+0x40>)
100046e6:	e7f1      	b.n	100046cc <delayed_by_ms+0x24>
100046e8:	7fffffff 	.word	0x7fffffff

100046ec <make_timeout_time_ms>:
100046ec:	b530      	push	{r4, r5, lr}
100046ee:	b085      	sub	sp, #20
100046f0:	0004      	movs	r4, r0
100046f2:	000d      	movs	r5, r1
100046f4:	a802      	add	r0, sp, #8
100046f6:	f7ff ffc5 	bl	10004684 <get_absolute_time>
100046fa:	9a02      	ldr	r2, [sp, #8]
100046fc:	9b03      	ldr	r3, [sp, #12]
100046fe:	9500      	str	r5, [sp, #0]
10004700:	0020      	movs	r0, r4
10004702:	f7ff ffd1 	bl	100046a8 <delayed_by_ms>
10004706:	0020      	movs	r0, r4
10004708:	b005      	add	sp, #20
1000470a:	bd30      	pop	{r4, r5, pc}

1000470c <stdio_get_until>:
1000470c:	b5f8      	push	{r3, r4, r5, r6, r7, lr}
1000470e:	46ce      	mov	lr, r9
10004710:	4647      	mov	r7, r8
10004712:	b580      	push	{r7, lr}
10004714:	0007      	movs	r7, r0
10004716:	000e      	movs	r6, r1
10004718:	4691      	mov	r9, r2
1000471a:	4698      	mov	r8, r3
1000471c:	e01b      	b.n	10004756 <stdio_get_until+0x4a>
1000471e:	68a3      	ldr	r3, [r4, #8]
10004720:	2b00      	cmp	r3, #0
10004722:	d004      	beq.n	1000472e <stdio_get_until+0x22>
10004724:	0031      	movs	r1, r6
10004726:	0038      	movs	r0, r7
10004728:	4798      	blx	r3
1000472a:	2800      	cmp	r0, #0
1000472c:	dc18      	bgt.n	10004760 <stdio_get_until+0x54>
1000472e:	6924      	ldr	r4, [r4, #16]
10004730:	2c00      	cmp	r4, #0
10004732:	d006      	beq.n	10004742 <stdio_get_until+0x36>
10004734:	4d0c      	ldr	r5, [pc, #48]	@ (10004768 <stdio_get_until+0x5c>)
10004736:	682d      	ldr	r5, [r5, #0]
10004738:	2d00      	cmp	r5, #0
1000473a:	d0f0      	beq.n	1000471e <stdio_get_until+0x12>
1000473c:	42a5      	cmp	r5, r4
1000473e:	d1f6      	bne.n	1000472e <stdio_get_until+0x22>
10004740:	e7ed      	b.n	1000471e <stdio_get_until+0x12>
10004742:	4648      	mov	r0, r9
10004744:	4641      	mov	r1, r8
10004746:	f7ff fefd 	bl	10004544 <time_reached>
1000474a:	2800      	cmp	r0, #0
1000474c:	d106      	bne.n	1000475c <stdio_get_until+0x50>
1000474e:	2001      	movs	r0, #1
10004750:	2100      	movs	r1, #0
10004752:	f7fd f943 	bl	100019dc <busy_wait_us>
10004756:	4b05      	ldr	r3, [pc, #20]	@ (1000476c <stdio_get_until+0x60>)
10004758:	681c      	ldr	r4, [r3, #0]
1000475a:	e7e9      	b.n	10004730 <stdio_get_until+0x24>
1000475c:	2001      	movs	r0, #1
1000475e:	4240      	negs	r0, r0
10004760:	bcc0      	pop	{r6, r7}
10004762:	46b9      	mov	r9, r7
10004764:	46b0      	mov	r8, r6
10004766:	bdf8      	pop	{r3, r4, r5, r6, r7, pc}
10004768:	200019d4 	.word	0x200019d4
1000476c:	200019c8 	.word	0x200019c8

10004770 <stdout_serialize_begin>:
10004770:	b500      	push	{lr}
10004772:	b083      	sub	sp, #12
10004774:	21fa      	movs	r1, #250	@ 0xfa
10004776:	0089      	lsls	r1, r1, #2
10004778:	4668      	mov	r0, sp
1000477a:	f7ff ffb7 	bl	100046ec <make_timeout_time_ms>
1000477e:	9a00      	ldr	r2, [sp, #0]
10004780:	9b01      	ldr	r3, [sp, #4]
10004782:	4802      	ldr	r0, [pc, #8]	@ (1000478c <stdout_serialize_begin+0x1c>)
10004784:	f003 f92c 	bl	100079e0 <__mutex_try_enter_block_until_veneer>
10004788:	b003      	add	sp, #12
1000478a:	bd00      	pop	{pc}
1000478c:	20001140 	.word	0x20001140

10004790 <stdout_serialize_end>:
10004790:	b510      	push	{r4, lr}
10004792:	4802      	ldr	r0, [pc, #8]	@ (1000479c <stdout_serialize_end+0xc>)
10004794:	f003 f8e4 	bl	10007960 <__mutex_exit_veneer>
10004798:	bd10      	pop	{r4, pc}
1000479a:	46c0      	nop			@ (mov r8, r8)
1000479c:	20001140 	.word	0x20001140

100047a0 <stdio_put_string>:
100047a0:	b5f0      	push	{r4, r5, r6, r7, lr}
100047a2:	46ce      	mov	lr, r9
100047a4:	4647      	mov	r7, r8
100047a6:	b580      	push	{r7, lr}
100047a8:	b083      	sub	sp, #12
100047aa:	0006      	movs	r6, r0
100047ac:	000d      	movs	r5, r1
100047ae:	4690      	mov	r8, r2
100047b0:	001c      	movs	r4, r3
100047b2:	f7ff ffdd 	bl	10004770 <stdout_serialize_begin>
100047b6:	4681      	mov	r9, r0
100047b8:	1c6b      	adds	r3, r5, #1
100047ba:	d005      	beq.n	100047c8 <stdio_put_string+0x28>
100047bc:	2c00      	cmp	r4, #0
100047be:	d008      	beq.n	100047d2 <stdio_put_string+0x32>
100047c0:	4f19      	ldr	r7, [pc, #100]	@ (10004828 <stdio_put_string+0x88>)
100047c2:	4b1a      	ldr	r3, [pc, #104]	@ (1000482c <stdio_put_string+0x8c>)
100047c4:	681c      	ldr	r4, [r3, #0]
100047c6:	e007      	b.n	100047d8 <stdio_put_string+0x38>
100047c8:	0030      	movs	r0, r6
100047ca:	f002 fecf 	bl	1000756c <strlen>
100047ce:	0005      	movs	r5, r0
100047d0:	e7f4      	b.n	100047bc <stdio_put_string+0x1c>
100047d2:	4f17      	ldr	r7, [pc, #92]	@ (10004830 <stdio_put_string+0x90>)
100047d4:	e7f5      	b.n	100047c2 <stdio_put_string+0x22>
100047d6:	6924      	ldr	r4, [r4, #16]
100047d8:	2c00      	cmp	r4, #0
100047da:	d017      	beq.n	1000480c <stdio_put_string+0x6c>
100047dc:	6823      	ldr	r3, [r4, #0]
100047de:	2b00      	cmp	r3, #0
100047e0:	d0f9      	beq.n	100047d6 <stdio_put_string+0x36>
100047e2:	4b14      	ldr	r3, [pc, #80]	@ (10004834 <stdio_put_string+0x94>)
100047e4:	681b      	ldr	r3, [r3, #0]
100047e6:	2b00      	cmp	r3, #0
100047e8:	d001      	beq.n	100047ee <stdio_put_string+0x4e>
100047ea:	42a3      	cmp	r3, r4
100047ec:	d1f3      	bne.n	100047d6 <stdio_put_string+0x36>
100047ee:	002a      	movs	r2, r5
100047f0:	0031      	movs	r1, r6
100047f2:	0020      	movs	r0, r4
100047f4:	47b8      	blx	r7
100047f6:	4643      	mov	r3, r8
100047f8:	2b00      	cmp	r3, #0
100047fa:	d0ec      	beq.n	100047d6 <stdio_put_string+0x36>
100047fc:	466b      	mov	r3, sp
100047fe:	1dd9      	adds	r1, r3, #7
10004800:	230a      	movs	r3, #10
10004802:	700b      	strb	r3, [r1, #0]
10004804:	2201      	movs	r2, #1
10004806:	0020      	movs	r0, r4
10004808:	47b8      	blx	r7
1000480a:	e7e4      	b.n	100047d6 <stdio_put_string+0x36>
1000480c:	464b      	mov	r3, r9
1000480e:	2b00      	cmp	r3, #0
10004810:	d107      	bne.n	10004822 <stdio_put_string+0x82>
10004812:	1e6b      	subs	r3, r5, #1
10004814:	419d      	sbcs	r5, r3
10004816:	b2e8      	uxtb	r0, r5
10004818:	b003      	add	sp, #12
1000481a:	bcc0      	pop	{r6, r7}
1000481c:	46b9      	mov	r9, r7
1000481e:	46b0      	mov	r8, r6
10004820:	bdf0      	pop	{r4, r5, r6, r7, pc}
10004822:	f7ff ffb5 	bl	10004790 <stdout_serialize_end>
10004826:	e7f4      	b.n	10004812 <stdio_put_string+0x72>
10004828:	1000456d 	.word	0x1000456d
1000482c:	200019c8 	.word	0x200019c8
10004830:	1000457d 	.word	0x1000457d
10004834:	200019d4 	.word	0x200019d4

10004838 <putchar_raw>:
10004838:	b510      	push	{r4, lr}
1000483a:	b082      	sub	sp, #8
1000483c:	0004      	movs	r4, r0
1000483e:	466b      	mov	r3, sp
10004840:	1dd8      	adds	r0, r3, #7
10004842:	7004      	strb	r4, [r0, #0]
10004844:	2301      	movs	r3, #1
10004846:	2200      	movs	r2, #0
10004848:	2101      	movs	r1, #1
1000484a:	f7ff ffa9 	bl	100047a0 <stdio_put_string>
1000484e:	0020      	movs	r0, r4
10004850:	b002      	add	sp, #8
10004852:	bd10      	pop	{r4, pc}

10004854 <_read>:
10004854:	b510      	push	{r4, lr}
10004856:	0003      	movs	r3, r0
10004858:	0008      	movs	r0, r1
1000485a:	0011      	movs	r1, r2
1000485c:	2b00      	cmp	r3, #0
1000485e:	d105      	bne.n	1000486c <_read+0x18>
10004860:	4b04      	ldr	r3, [pc, #16]	@ (10004874 <_read+0x20>)
10004862:	681a      	ldr	r2, [r3, #0]
10004864:	685b      	ldr	r3, [r3, #4]
10004866:	f7ff ff51 	bl	1000470c <stdio_get_until>
1000486a:	bd10      	pop	{r4, pc}
1000486c:	2001      	movs	r0, #1
1000486e:	4240      	negs	r0, r0
10004870:	e7fb      	b.n	1000486a <_read+0x16>
10004872:	46c0      	nop			@ (mov r8, r8)
10004874:	10008c20 	.word	0x10008c20

10004878 <_write>:
10004878:	b510      	push	{r4, lr}
1000487a:	0003      	movs	r3, r0
1000487c:	0008      	movs	r0, r1
1000487e:	0014      	movs	r4, r2
10004880:	3b01      	subs	r3, #1
10004882:	2b01      	cmp	r3, #1
10004884:	d806      	bhi.n	10004894 <_write+0x1c>
10004886:	2300      	movs	r3, #0
10004888:	2200      	movs	r2, #0
1000488a:	0021      	movs	r1, r4
1000488c:	f7ff ff88 	bl	100047a0 <stdio_put_string>
10004890:	0020      	movs	r0, r4
10004892:	bd10      	pop	{r4, pc}
10004894:	2001      	movs	r0, #1
10004896:	4240      	negs	r0, r0
10004898:	e7fb      	b.n	10004892 <_write+0x1a>

1000489a <_close>:
1000489a:	2001      	movs	r0, #1
1000489c:	4240      	negs	r0, r0
1000489e:	4770      	bx	lr

100048a0 <_lseek>:
100048a0:	2001      	movs	r0, #1
100048a2:	4240      	negs	r0, r0
100048a4:	4770      	bx	lr
	...

100048a8 <stdio_set_driver_enabled>:
100048a8:	4a0a      	ldr	r2, [pc, #40]	@ (100048d4 <stdio_set_driver_enabled+0x2c>)
100048aa:	6813      	ldr	r3, [r2, #0]
100048ac:	e002      	b.n	100048b4 <stdio_set_driver_enabled+0xc>
100048ae:	001a      	movs	r2, r3
100048b0:	3210      	adds	r2, #16
100048b2:	691b      	ldr	r3, [r3, #16]
100048b4:	2b00      	cmp	r3, #0
100048b6:	d009      	beq.n	100048cc <stdio_set_driver_enabled+0x24>
100048b8:	6813      	ldr	r3, [r2, #0]
100048ba:	4283      	cmp	r3, r0
100048bc:	d1f7      	bne.n	100048ae <stdio_set_driver_enabled+0x6>
100048be:	2900      	cmp	r1, #0
100048c0:	d107      	bne.n	100048d2 <stdio_set_driver_enabled+0x2a>
100048c2:	6903      	ldr	r3, [r0, #16]
100048c4:	6013      	str	r3, [r2, #0]
100048c6:	2300      	movs	r3, #0
100048c8:	6103      	str	r3, [r0, #16]
100048ca:	e002      	b.n	100048d2 <stdio_set_driver_enabled+0x2a>
100048cc:	2900      	cmp	r1, #0
100048ce:	d000      	beq.n	100048d2 <stdio_set_driver_enabled+0x2a>
100048d0:	6010      	str	r0, [r2, #0]
100048d2:	4770      	bx	lr
100048d4:	200019c8 	.word	0x200019c8

100048d8 <stdio_flush>:
100048d8:	b510      	push	{r4, lr}
100048da:	4b06      	ldr	r3, [pc, #24]	@ (100048f4 <stdio_flush+0x1c>)
100048dc:	681c      	ldr	r4, [r3, #0]
100048de:	e000      	b.n	100048e2 <stdio_flush+0xa>
100048e0:	6924      	ldr	r4, [r4, #16]
100048e2:	2c00      	cmp	r4, #0
100048e4:	d004      	beq.n	100048f0 <stdio_flush+0x18>
100048e6:	6863      	ldr	r3, [r4, #4]
100048e8:	2b00      	cmp	r3, #0
100048ea:	d0f9      	beq.n	100048e0 <stdio_flush+0x8>
100048ec:	4798      	blx	r3
100048ee:	e7f7      	b.n	100048e0 <stdio_flush+0x8>
100048f0:	bd10      	pop	{r4, pc}
100048f2:	46c0      	nop			@ (mov r8, r8)
100048f4:	200019c8 	.word	0x200019c8

100048f8 <__wrap_puts>:
100048f8:	b570      	push	{r4, r5, r6, lr}
100048fa:	0005      	movs	r5, r0
100048fc:	f002 fe36 	bl	1000756c <strlen>
10004900:	0004      	movs	r4, r0
10004902:	2300      	movs	r3, #0
10004904:	2201      	movs	r2, #1
10004906:	0001      	movs	r1, r0
10004908:	0028      	movs	r0, r5
1000490a:	f7ff ff49 	bl	100047a0 <stdio_put_string>
1000490e:	f7ff ffe3 	bl	100048d8 <stdio_flush>
10004912:	0020      	movs	r0, r4
10004914:	bd70      	pop	{r4, r5, r6, pc}
	...

10004918 <__wrap_vprintf>:
10004918:	b5f0      	push	{r4, r5, r6, r7, lr}
1000491a:	b0a3      	sub	sp, #140	@ 0x8c
1000491c:	0004      	movs	r4, r0
1000491e:	000e      	movs	r6, r1
10004920:	f7ff ff26 	bl	10004770 <stdout_serialize_begin>
10004924:	0005      	movs	r5, r0
10004926:	af01      	add	r7, sp, #4
10004928:	2300      	movs	r3, #0
1000492a:	9301      	str	r3, [sp, #4]
1000492c:	4809      	ldr	r0, [pc, #36]	@ (10004954 <__wrap_vprintf+0x3c>)
1000492e:	0033      	movs	r3, r6
10004930:	0022      	movs	r2, r4
10004932:	0039      	movs	r1, r7
10004934:	f7fe fe94 	bl	10003660 <vfctprintf>
10004938:	0004      	movs	r4, r0
1000493a:	0038      	movs	r0, r7
1000493c:	f7ff fe5e 	bl	100045fc <stdio_stack_buffer_flush>
10004940:	f7ff ffca 	bl	100048d8 <stdio_flush>
10004944:	2d00      	cmp	r5, #0
10004946:	d102      	bne.n	1000494e <__wrap_vprintf+0x36>
10004948:	0020      	movs	r0, r4
1000494a:	b023      	add	sp, #140	@ 0x8c
1000494c:	bdf0      	pop	{r4, r5, r6, r7, pc}
1000494e:	f7ff ff1f 	bl	10004790 <stdout_serialize_end>
10004952:	e7f9      	b.n	10004948 <__wrap_vprintf+0x30>
10004954:	10004641 	.word	0x10004641

10004958 <__wrap_printf>:
10004958:	b40f      	push	{r0, r1, r2, r3}
1000495a:	b500      	push	{lr}
1000495c:	b083      	sub	sp, #12
1000495e:	a904      	add	r1, sp, #16
10004960:	c901      	ldmia	r1!, {r0}
10004962:	9101      	str	r1, [sp, #4]
10004964:	f7ff ffd8 	bl	10004918 <__wrap_vprintf>
10004968:	b003      	add	sp, #12
1000496a:	bc08      	pop	{r3}
1000496c:	b004      	add	sp, #16
1000496e:	4718      	bx	r3

10004970 <stdio_init_all>:
10004970:	b510      	push	{r4, lr}
10004972:	f000 f9b3 	bl	10004cdc <stdio_usb_init>
10004976:	bd10      	pop	{r4, pc}

10004978 <resetd_init>:
10004978:	4770      	bx	lr
	...

1000497c <resetd_reset>:
1000497c:	4b01      	ldr	r3, [pc, #4]	@ (10004984 <resetd_reset+0x8>)
1000497e:	2200      	movs	r2, #0
10004980:	701a      	strb	r2, [r3, #0]
10004982:	4770      	bx	lr
10004984:	20002063 	.word	0x20002063

10004988 <resetd_open>:
10004988:	794b      	ldrb	r3, [r1, #5]
1000498a:	2bff      	cmp	r3, #255	@ 0xff
1000498c:	d10c      	bne.n	100049a8 <resetd_open+0x20>
1000498e:	798b      	ldrb	r3, [r1, #6]
10004990:	2b00      	cmp	r3, #0
10004992:	d10b      	bne.n	100049ac <resetd_open+0x24>
10004994:	79cb      	ldrb	r3, [r1, #7]
10004996:	2b01      	cmp	r3, #1
10004998:	d10a      	bne.n	100049b0 <resetd_open+0x28>
1000499a:	2a08      	cmp	r2, #8
1000499c:	d90a      	bls.n	100049b4 <resetd_open+0x2c>
1000499e:	788a      	ldrb	r2, [r1, #2]
100049a0:	4b05      	ldr	r3, [pc, #20]	@ (100049b8 <resetd_open+0x30>)
100049a2:	701a      	strb	r2, [r3, #0]
100049a4:	2009      	movs	r0, #9
100049a6:	e000      	b.n	100049aa <resetd_open+0x22>
100049a8:	2000      	movs	r0, #0
100049aa:	4770      	bx	lr
100049ac:	2000      	movs	r0, #0
100049ae:	e7fc      	b.n	100049aa <resetd_open+0x22>
100049b0:	2000      	movs	r0, #0
100049b2:	e7fa      	b.n	100049aa <resetd_open+0x22>
100049b4:	2000      	movs	r0, #0
100049b6:	e7f8      	b.n	100049aa <resetd_open+0x22>
100049b8:	20002063 	.word	0x20002063

100049bc <resetd_xfer_cb>:
100049bc:	2001      	movs	r0, #1
100049be:	4770      	bx	lr

100049c0 <reset_usb_boot>:
100049c0:	b570      	push	{r4, r5, r6, lr}
100049c2:	0004      	movs	r4, r0
100049c4:	000d      	movs	r5, r1
100049c6:	4803      	ldr	r0, [pc, #12]	@ (100049d4 <reset_usb_boot+0x14>)
100049c8:	f7fe fe64 	bl	10003694 <rom_func_lookup>
100049cc:	0003      	movs	r3, r0
100049ce:	0029      	movs	r1, r5
100049d0:	0020      	movs	r0, r4
100049d2:	4798      	blx	r3
100049d4:	00004255 	.word	0x00004255

100049d8 <resetd_control_xfer_cb>:
100049d8:	b510      	push	{r4, lr}
100049da:	2901      	cmp	r1, #1
100049dc:	d126      	bne.n	10004a2c <resetd_control_xfer_cb+0x54>
100049de:	7911      	ldrb	r1, [r2, #4]
100049e0:	7953      	ldrb	r3, [r2, #5]
100049e2:	021b      	lsls	r3, r3, #8
100049e4:	430b      	orrs	r3, r1
100049e6:	4912      	ldr	r1, [pc, #72]	@ (10004a30 <resetd_control_xfer_cb+0x58>)
100049e8:	7809      	ldrb	r1, [r1, #0]
100049ea:	428b      	cmp	r3, r1
100049ec:	d001      	beq.n	100049f2 <resetd_control_xfer_cb+0x1a>
100049ee:	2000      	movs	r0, #0
100049f0:	e01d      	b.n	10004a2e <resetd_control_xfer_cb+0x56>
100049f2:	7853      	ldrb	r3, [r2, #1]
100049f4:	2b01      	cmp	r3, #1
100049f6:	d003      	beq.n	10004a00 <resetd_control_xfer_cb+0x28>
100049f8:	2b02      	cmp	r3, #2
100049fa:	d010      	beq.n	10004a1e <resetd_control_xfer_cb+0x46>
100049fc:	2000      	movs	r0, #0
100049fe:	e016      	b.n	10004a2e <resetd_control_xfer_cb+0x56>
10004a00:	7891      	ldrb	r1, [r2, #2]
10004a02:	78d3      	ldrb	r3, [r2, #3]
10004a04:	021b      	lsls	r3, r3, #8
10004a06:	4319      	orrs	r1, r3
10004a08:	05db      	lsls	r3, r3, #23
10004a0a:	d506      	bpl.n	10004a1a <resetd_control_xfer_cb+0x42>
10004a0c:	0a4b      	lsrs	r3, r1, #9
10004a0e:	2001      	movs	r0, #1
10004a10:	4098      	lsls	r0, r3
10004a12:	237f      	movs	r3, #127	@ 0x7f
10004a14:	4019      	ands	r1, r3
10004a16:	f7ff ffd3 	bl	100049c0 <reset_usb_boot>
10004a1a:	2000      	movs	r0, #0
10004a1c:	e7f9      	b.n	10004a12 <resetd_control_xfer_cb+0x3a>
10004a1e:	2264      	movs	r2, #100	@ 0x64
10004a20:	2100      	movs	r1, #0
10004a22:	2000      	movs	r0, #0
10004a24:	f7fd fc2c 	bl	10002280 <watchdog_reboot>
10004a28:	2001      	movs	r0, #1
10004a2a:	e000      	b.n	10004a2e <resetd_control_xfer_cb+0x56>
10004a2c:	2001      	movs	r0, #1
10004a2e:	bd10      	pop	{r4, pc}
10004a30:	20002063 	.word	0x20002063

10004a34 <usbd_app_driver_get_cb>:
10004a34:	2301      	movs	r3, #1
10004a36:	7003      	strb	r3, [r0, #0]
10004a38:	4800      	ldr	r0, [pc, #0]	@ (10004a3c <usbd_app_driver_get_cb+0x8>)
10004a3a:	4770      	bx	lr
10004a3c:	10008f28 	.word	0x10008f28

10004a40 <tud_cdc_line_coding_cb>:
10004a40:	b510      	push	{r4, lr}
10004a42:	780a      	ldrb	r2, [r1, #0]
10004a44:	784b      	ldrb	r3, [r1, #1]
10004a46:	021b      	lsls	r3, r3, #8
10004a48:	4313      	orrs	r3, r2
10004a4a:	788a      	ldrb	r2, [r1, #2]
10004a4c:	0412      	lsls	r2, r2, #16
10004a4e:	431a      	orrs	r2, r3
10004a50:	78cb      	ldrb	r3, [r1, #3]
10004a52:	061b      	lsls	r3, r3, #24
10004a54:	4313      	orrs	r3, r2
10004a56:	2296      	movs	r2, #150	@ 0x96
10004a58:	00d2      	lsls	r2, r2, #3
10004a5a:	4293      	cmp	r3, r2
10004a5c:	d000      	beq.n	10004a60 <tud_cdc_line_coding_cb+0x20>
10004a5e:	bd10      	pop	{r4, pc}
10004a60:	2100      	movs	r1, #0
10004a62:	0008      	movs	r0, r1
10004a64:	f7ff ffac 	bl	100049c0 <reset_usb_boot>

10004a68 <stdio_usb_set_chars_available_callback>:
10004a68:	4b02      	ldr	r3, [pc, #8]	@ (10004a74 <stdio_usb_set_chars_available_callback+0xc>)
10004a6a:	6018      	str	r0, [r3, #0]
10004a6c:	4b02      	ldr	r3, [pc, #8]	@ (10004a78 <stdio_usb_set_chars_available_callback+0x10>)
10004a6e:	6019      	str	r1, [r3, #0]
10004a70:	4770      	bx	lr
10004a72:	46c0      	nop			@ (mov r8, r8)
10004a74:	2000192c 	.word	0x2000192c
10004a78:	20001930 	.word	0x20001930

10004a7c <update_us_since_boot>:
10004a7c:	b510      	push	{r4, lr}
10004a7e:	2b00      	cmp	r3, #0
10004a80:	db02      	blt.n	10004a88 <update_us_since_boot+0xc>
10004a82:	6002      	str	r2, [r0, #0]
10004a84:	6043      	str	r3, [r0, #4]
10004a86:	bd10      	pop	{r4, pc}
10004a88:	4b02      	ldr	r3, [pc, #8]	@ (10004a94 <update_us_since_boot+0x18>)
10004a8a:	4a03      	ldr	r2, [pc, #12]	@ (10004a98 <update_us_since_boot+0x1c>)
10004a8c:	4803      	ldr	r0, [pc, #12]	@ (10004a9c <update_us_since_boot+0x20>)
10004a8e:	213f      	movs	r1, #63	@ 0x3f
10004a90:	f7fd fc50 	bl	10002334 <__assert_func>
10004a94:	10007a20 	.word	0x10007a20
10004a98:	10008f5c 	.word	0x10008f5c
10004a9c:	10007a3c 	.word	0x10007a3c

10004aa0 <get_absolute_time>:
10004aa0:	b510      	push	{r4, lr}
10004aa2:	b082      	sub	sp, #8
10004aa4:	0004      	movs	r4, r0
10004aa6:	f7fc ff79 	bl	1000199c <time_us_64>
10004aaa:	0002      	movs	r2, r0
10004aac:	000b      	movs	r3, r1
10004aae:	4668      	mov	r0, sp
10004ab0:	f7ff ffe4 	bl	10004a7c <update_us_since_boot>
10004ab4:	9a00      	ldr	r2, [sp, #0]
10004ab6:	9b01      	ldr	r3, [sp, #4]
10004ab8:	6022      	str	r2, [r4, #0]
10004aba:	6063      	str	r3, [r4, #4]
10004abc:	0020      	movs	r0, r4
10004abe:	b002      	add	sp, #8
10004ac0:	bd10      	pop	{r4, pc}
	...

10004ac4 <delayed_by_ms>:
10004ac4:	b570      	push	{r4, r5, r6, lr}
10004ac6:	b082      	sub	sp, #8
10004ac8:	0006      	movs	r6, r0
10004aca:	0014      	movs	r4, r2
10004acc:	001d      	movs	r5, r3
10004ace:	22fa      	movs	r2, #250	@ 0xfa
10004ad0:	0092      	lsls	r2, r2, #2
10004ad2:	2300      	movs	r3, #0
10004ad4:	9806      	ldr	r0, [sp, #24]
10004ad6:	2100      	movs	r1, #0
10004ad8:	f7ff fc6e 	bl	100043b8 <__wrap___aeabi_lmul>
10004adc:	0002      	movs	r2, r0
10004ade:	000b      	movs	r3, r1
10004ae0:	1912      	adds	r2, r2, r4
10004ae2:	416b      	adcs	r3, r5
10004ae4:	2b00      	cmp	r3, #0
10004ae6:	db09      	blt.n	10004afc <delayed_by_ms+0x38>
10004ae8:	4668      	mov	r0, sp
10004aea:	f7ff ffc7 	bl	10004a7c <update_us_since_boot>
10004aee:	9a00      	ldr	r2, [sp, #0]
10004af0:	9b01      	ldr	r3, [sp, #4]
10004af2:	6032      	str	r2, [r6, #0]
10004af4:	6073      	str	r3, [r6, #4]
10004af6:	0030      	movs	r0, r6
10004af8:	b002      	add	sp, #8
10004afa:	bd70      	pop	{r4, r5, r6, pc}
10004afc:	2201      	movs	r2, #1
10004afe:	4252      	negs	r2, r2
10004b00:	4b00      	ldr	r3, [pc, #0]	@ (10004b04 <delayed_by_ms+0x40>)
10004b02:	e7f1      	b.n	10004ae8 <delayed_by_ms+0x24>
10004b04:	7fffffff 	.word	0x7fffffff

10004b08 <make_timeout_time_ms>:
10004b08:	b530      	push	{r4, r5, lr}
10004b0a:	b085      	sub	sp, #20
10004b0c:	0004      	movs	r4, r0
10004b0e:	000d      	movs	r5, r1
10004b10:	a802      	add	r0, sp, #8
10004b12:	f7ff ffc5 	bl	10004aa0 <get_absolute_time>
10004b16:	9a02      	ldr	r2, [sp, #8]
10004b18:	9b03      	ldr	r3, [sp, #12]
10004b1a:	9500      	str	r5, [sp, #0]
10004b1c:	0020      	movs	r0, r4
10004b1e:	f7ff ffd1 	bl	10004ac4 <delayed_by_ms>
10004b22:	0020      	movs	r0, r4
10004b24:	b005      	add	sp, #20
10004b26:	bd30      	pop	{r4, r5, pc}

10004b28 <delayed_by_us>:
10004b28:	b510      	push	{r4, lr}
10004b2a:	b082      	sub	sp, #8
10004b2c:	0004      	movs	r4, r0
10004b2e:	9804      	ldr	r0, [sp, #16]
10004b30:	9905      	ldr	r1, [sp, #20]
10004b32:	1812      	adds	r2, r2, r0
10004b34:	414b      	adcs	r3, r1
10004b36:	2b00      	cmp	r3, #0
10004b38:	db09      	blt.n	10004b4e <delayed_by_us+0x26>
10004b3a:	4668      	mov	r0, sp
10004b3c:	f7ff ff9e 	bl	10004a7c <update_us_since_boot>
10004b40:	9a00      	ldr	r2, [sp, #0]
10004b42:	9b01      	ldr	r3, [sp, #4]
10004b44:	6022      	str	r2, [r4, #0]
10004b46:	6063      	str	r3, [r4, #4]
10004b48:	0020      	movs	r0, r4
10004b4a:	b002      	add	sp, #8
10004b4c:	bd10      	pop	{r4, pc}
10004b4e:	2201      	movs	r2, #1
10004b50:	4252      	negs	r2, r2
10004b52:	4b01      	ldr	r3, [pc, #4]	@ (10004b58 <delayed_by_us+0x30>)
10004b54:	e7f1      	b.n	10004b3a <delayed_by_us+0x12>
10004b56:	46c0      	nop			@ (mov r8, r8)
10004b58:	7fffffff 	.word	0x7fffffff

10004b5c <usb_irq>:
10004b5c:	b510      	push	{r4, lr}
10004b5e:	4b02      	ldr	r3, [pc, #8]	@ (10004b68 <usb_irq+0xc>)
10004b60:	7818      	ldrb	r0, [r3, #0]
10004b62:	f7fb fe91 	bl	10000888 <irq_set_pending>
10004b66:	bd10      	pop	{r4, pc}
10004b68:	20002064 	.word	0x20002064

10004b6c <critical_section_enter_blocking>:
10004b6c:	6802      	ldr	r2, [r0, #0]
10004b6e:	f3ef 8110 	mrs	r1, PRIMASK
10004b72:	b672      	cpsid	i
10004b74:	6813      	ldr	r3, [r2, #0]
10004b76:	2b00      	cmp	r3, #0
10004b78:	d0fc      	beq.n	10004b74 <critical_section_enter_blocking+0x8>
10004b7a:	f3bf 8f5f 	dmb	sy
10004b7e:	6041      	str	r1, [r0, #4]
10004b80:	4770      	bx	lr
	...

10004b84 <timer_task>:
10004b84:	b570      	push	{r4, r5, r6, lr}
10004b86:	4b0f      	ldr	r3, [pc, #60]	@ (10004bc4 <timer_task+0x40>)
10004b88:	681b      	ldr	r3, [r3, #0]
10004b8a:	2b00      	cmp	r3, #0
10004b8c:	d016      	beq.n	10004bbc <timer_task+0x38>
10004b8e:	4c0d      	ldr	r4, [pc, #52]	@ (10004bc4 <timer_task+0x40>)
10004b90:	0020      	movs	r0, r4
10004b92:	f7ff ffeb 	bl	10004b6c <critical_section_enter_blocking>
10004b96:	4b0c      	ldr	r3, [pc, #48]	@ (10004bc8 <timer_task+0x44>)
10004b98:	2200      	movs	r2, #0
10004b9a:	701a      	strb	r2, [r3, #0]
10004b9c:	6821      	ldr	r1, [r4, #0]
10004b9e:	6863      	ldr	r3, [r4, #4]
10004ba0:	f3bf 8f5f 	dmb	sy
10004ba4:	600a      	str	r2, [r1, #0]
10004ba6:	f383 8810 	msr	PRIMASK, r3
10004baa:	2400      	movs	r4, #0
10004bac:	2500      	movs	r5, #0
10004bae:	4b07      	ldr	r3, [pc, #28]	@ (10004bcc <timer_task+0x48>)
10004bb0:	7818      	ldrb	r0, [r3, #0]
10004bb2:	f7fb fe69 	bl	10000888 <irq_set_pending>
10004bb6:	0020      	movs	r0, r4
10004bb8:	0029      	movs	r1, r5
10004bba:	bd70      	pop	{r4, r5, r6, pc}
10004bbc:	24fa      	movs	r4, #250	@ 0xfa
10004bbe:	00a4      	lsls	r4, r4, #2
10004bc0:	2500      	movs	r5, #0
10004bc2:	e7f4      	b.n	10004bae <timer_task+0x2a>
10004bc4:	20001e08 	.word	0x20001e08
10004bc8:	20002067 	.word	0x20002067
10004bcc:	20002064 	.word	0x20002064

10004bd0 <alarm_pool_add_alarm_in_us>:
10004bd0:	b5f0      	push	{r4, r5, r6, r7, lr}
10004bd2:	46c6      	mov	lr, r8
10004bd4:	b500      	push	{lr}
10004bd6:	b086      	sub	sp, #24
10004bd8:	4680      	mov	r8, r0
10004bda:	0016      	movs	r6, r2
10004bdc:	001d      	movs	r5, r3
10004bde:	ab0e      	add	r3, sp, #56	@ 0x38
10004be0:	781c      	ldrb	r4, [r3, #0]
10004be2:	af04      	add	r7, sp, #16
10004be4:	0038      	movs	r0, r7
10004be6:	f7ff ff5b 	bl	10004aa0 <get_absolute_time>
10004bea:	9a04      	ldr	r2, [sp, #16]
10004bec:	9b05      	ldr	r3, [sp, #20]
10004bee:	9600      	str	r6, [sp, #0]
10004bf0:	9501      	str	r5, [sp, #4]
10004bf2:	0038      	movs	r0, r7
10004bf4:	f7ff ff98 	bl	10004b28 <delayed_by_us>
10004bf8:	9a04      	ldr	r2, [sp, #16]
10004bfa:	9b05      	ldr	r3, [sp, #20]
10004bfc:	9402      	str	r4, [sp, #8]
10004bfe:	990d      	ldr	r1, [sp, #52]	@ 0x34
10004c00:	9101      	str	r1, [sp, #4]
10004c02:	990c      	ldr	r1, [sp, #48]	@ 0x30
10004c04:	9100      	str	r1, [sp, #0]
10004c06:	4640      	mov	r0, r8
10004c08:	f7fc fcce 	bl	100015a8 <alarm_pool_add_alarm_at>
10004c0c:	b006      	add	sp, #24
10004c0e:	bc80      	pop	{r7}
10004c10:	46b8      	mov	r8, r7
10004c12:	bdf0      	pop	{r4, r5, r6, r7, pc}

10004c14 <add_alarm_in_us>:
10004c14:	b5f0      	push	{r4, r5, r6, r7, lr}
10004c16:	46c6      	mov	lr, r8
10004c18:	b500      	push	{lr}
10004c1a:	b084      	sub	sp, #16
10004c1c:	0005      	movs	r5, r0
10004c1e:	4688      	mov	r8, r1
10004c20:	0016      	movs	r6, r2
10004c22:	001f      	movs	r7, r3
10004c24:	ab0a      	add	r3, sp, #40	@ 0x28
10004c26:	781c      	ldrb	r4, [r3, #0]
10004c28:	f7fc fca8 	bl	1000157c <alarm_pool_get_default>
10004c2c:	9402      	str	r4, [sp, #8]
10004c2e:	9701      	str	r7, [sp, #4]
10004c30:	9600      	str	r6, [sp, #0]
10004c32:	002a      	movs	r2, r5
10004c34:	4643      	mov	r3, r8
10004c36:	f7ff ffcb 	bl	10004bd0 <alarm_pool_add_alarm_in_us>
10004c3a:	b004      	add	sp, #16
10004c3c:	bc80      	pop	{r7}
10004c3e:	46b8      	mov	r8, r7
10004c40:	bdf0      	pop	{r4, r5, r6, r7, pc}
	...

10004c44 <low_priority_worker_irq>:
10004c44:	b510      	push	{r4, lr}
10004c46:	b082      	sub	sp, #8
10004c48:	4818      	ldr	r0, [pc, #96]	@ (10004cac <low_priority_worker_irq+0x68>)
10004c4a:	2100      	movs	r1, #0
10004c4c:	f002 fea8 	bl	100079a0 <__mutex_try_enter_veneer>
10004c50:	2800      	cmp	r0, #0
10004c52:	d120      	bne.n	10004c96 <low_priority_worker_irq+0x52>
10004c54:	4b16      	ldr	r3, [pc, #88]	@ (10004cb0 <low_priority_worker_irq+0x6c>)
10004c56:	681b      	ldr	r3, [r3, #0]
10004c58:	2b00      	cmp	r3, #0
10004c5a:	d024      	beq.n	10004ca6 <low_priority_worker_irq+0x62>
10004c5c:	4c14      	ldr	r4, [pc, #80]	@ (10004cb0 <low_priority_worker_irq+0x6c>)
10004c5e:	0020      	movs	r0, r4
10004c60:	f7ff ff84 	bl	10004b6c <critical_section_enter_blocking>
10004c64:	4a13      	ldr	r2, [pc, #76]	@ (10004cb4 <low_priority_worker_irq+0x70>)
10004c66:	7813      	ldrb	r3, [r2, #0]
10004c68:	b2db      	uxtb	r3, r3
10004c6a:	2101      	movs	r1, #1
10004c6c:	7011      	strb	r1, [r2, #0]
10004c6e:	6821      	ldr	r1, [r4, #0]
10004c70:	6862      	ldr	r2, [r4, #4]
10004c72:	f3bf 8f5f 	dmb	sy
10004c76:	2000      	movs	r0, #0
10004c78:	6008      	str	r0, [r1, #0]
10004c7a:	f382 8810 	msr	PRIMASK, r2
10004c7e:	2b00      	cmp	r3, #0
10004c80:	d111      	bne.n	10004ca6 <low_priority_worker_irq+0x62>
10004c82:	4a0d      	ldr	r2, [pc, #52]	@ (10004cb8 <low_priority_worker_irq+0x74>)
10004c84:	3301      	adds	r3, #1
10004c86:	9300      	str	r3, [sp, #0]
10004c88:	2300      	movs	r3, #0
10004c8a:	20fa      	movs	r0, #250	@ 0xfa
10004c8c:	0080      	lsls	r0, r0, #2
10004c8e:	2100      	movs	r1, #0
10004c90:	f7ff ffc0 	bl	10004c14 <add_alarm_in_us>
10004c94:	e007      	b.n	10004ca6 <low_priority_worker_irq+0x62>
10004c96:	2001      	movs	r0, #1
10004c98:	2100      	movs	r1, #0
10004c9a:	4240      	negs	r0, r0
10004c9c:	f001 f88a 	bl	10005db4 <tud_task_ext>
10004ca0:	4802      	ldr	r0, [pc, #8]	@ (10004cac <low_priority_worker_irq+0x68>)
10004ca2:	f002 fe5d 	bl	10007960 <__mutex_exit_veneer>
10004ca6:	b002      	add	sp, #8
10004ca8:	bd10      	pop	{r4, pc}
10004caa:	46c0      	nop			@ (mov r8, r8)
10004cac:	20002034 	.word	0x20002034
10004cb0:	20001e08 	.word	0x20001e08
10004cb4:	20002067 	.word	0x20002067
10004cb8:	10004b85 	.word	0x10004b85

10004cbc <tud_cdc_rx_cb>:
10004cbc:	b510      	push	{r4, lr}
10004cbe:	4b05      	ldr	r3, [pc, #20]	@ (10004cd4 <tud_cdc_rx_cb+0x18>)
10004cc0:	6818      	ldr	r0, [r3, #0]
10004cc2:	2800      	cmp	r0, #0
10004cc4:	d004      	beq.n	10004cd0 <tud_cdc_rx_cb+0x14>
10004cc6:	4b04      	ldr	r3, [pc, #16]	@ (10004cd8 <tud_cdc_rx_cb+0x1c>)
10004cc8:	6819      	ldr	r1, [r3, #0]
10004cca:	2200      	movs	r2, #0
10004ccc:	f000 fda0 	bl	10005810 <usbd_defer_func>
10004cd0:	bd10      	pop	{r4, pc}
10004cd2:	46c0      	nop			@ (mov r8, r8)
10004cd4:	2000192c 	.word	0x2000192c
10004cd8:	20001930 	.word	0x20001930

10004cdc <stdio_usb_init>:
10004cdc:	b510      	push	{r4, lr}
10004cde:	b082      	sub	sp, #8
10004ce0:	23d0      	movs	r3, #208	@ 0xd0
10004ce2:	061b      	lsls	r3, r3, #24
10004ce4:	681c      	ldr	r4, [r3, #0]
10004ce6:	f7fc fc49 	bl	1000157c <alarm_pool_get_default>
10004cea:	f7fc fd5f 	bl	100017ac <alarm_pool_core_num>
10004cee:	42a0      	cmp	r0, r4
10004cf0:	d12c      	bne.n	10004d4c <stdio_usb_init+0x70>
10004cf2:	4b23      	ldr	r3, [pc, #140]	@ (10004d80 <stdio_usb_init+0xa4>)
10004cf4:	781b      	ldrb	r3, [r3, #0]
10004cf6:	f001 fd21 	bl	1000673c <tusb_init>
10004cfa:	4822      	ldr	r0, [pc, #136]	@ (10004d84 <stdio_usb_init+0xa8>)
10004cfc:	f7fc f8d5 	bl	10000eaa <mutex_init>
10004d00:	2001      	movs	r0, #1
10004d02:	f7fc f85f 	bl	10000dc4 <user_irq_claim_unused>
10004d06:	4c20      	ldr	r4, [pc, #128]	@ (10004d88 <stdio_usb_init+0xac>)
10004d08:	7020      	strb	r0, [r4, #0]
10004d0a:	4920      	ldr	r1, [pc, #128]	@ (10004d8c <stdio_usb_init+0xb0>)
10004d0c:	23ff      	movs	r3, #255	@ 0xff
10004d0e:	4018      	ands	r0, r3
10004d10:	f7fb fddc 	bl	100008cc <irq_set_exclusive_handler>
10004d14:	7820      	ldrb	r0, [r4, #0]
10004d16:	2101      	movs	r1, #1
10004d18:	f7fb fdae 	bl	10000878 <irq_set_enabled>
10004d1c:	2005      	movs	r0, #5
10004d1e:	f7fb fdc3 	bl	100008a8 <irq_has_shared_handler>
10004d22:	1e04      	subs	r4, r0, #0
10004d24:	d018      	beq.n	10004d58 <stdio_usb_init+0x7c>
10004d26:	491a      	ldr	r1, [pc, #104]	@ (10004d90 <stdio_usb_init+0xb4>)
10004d28:	2200      	movs	r2, #0
10004d2a:	2005      	movs	r0, #5
10004d2c:	f7fb fdf8 	bl	10000920 <irq_add_shared_handler>
10004d30:	f7fb fcf6 	bl	10000720 <next_striped_spin_lock_num>
10004d34:	0001      	movs	r1, r0
10004d36:	4b17      	ldr	r3, [pc, #92]	@ (10004d94 <stdio_usb_init+0xb8>)
10004d38:	0018      	movs	r0, r3
10004d3a:	f7fc f8d3 	bl	10000ee4 <critical_section_init_with_lock_num>
10004d3e:	4816      	ldr	r0, [pc, #88]	@ (10004d98 <stdio_usb_init+0xbc>)
10004d40:	2101      	movs	r1, #1
10004d42:	f7ff fdb1 	bl	100048a8 <stdio_set_driver_enabled>
10004d46:	0020      	movs	r0, r4
10004d48:	b002      	add	sp, #8
10004d4a:	bd10      	pop	{r4, pc}
10004d4c:	4b13      	ldr	r3, [pc, #76]	@ (10004d9c <stdio_usb_init+0xc0>)
10004d4e:	4a14      	ldr	r2, [pc, #80]	@ (10004da0 <stdio_usb_init+0xc4>)
10004d50:	4814      	ldr	r0, [pc, #80]	@ (10004da4 <stdio_usb_init+0xc8>)
10004d52:	21b2      	movs	r1, #178	@ 0xb2
10004d54:	f7fd faee 	bl	10002334 <__assert_func>
10004d58:	4a13      	ldr	r2, [pc, #76]	@ (10004da8 <stdio_usb_init+0xcc>)
10004d5a:	2301      	movs	r3, #1
10004d5c:	9300      	str	r3, [sp, #0]
10004d5e:	2300      	movs	r3, #0
10004d60:	20fa      	movs	r0, #250	@ 0xfa
10004d62:	0080      	lsls	r0, r0, #2
10004d64:	2100      	movs	r1, #0
10004d66:	f7ff ff55 	bl	10004c14 <add_alarm_in_us>
10004d6a:	43c4      	mvns	r4, r0
10004d6c:	0fe4      	lsrs	r4, r4, #31
10004d6e:	4809      	ldr	r0, [pc, #36]	@ (10004d94 <stdio_usb_init+0xb8>)
10004d70:	2208      	movs	r2, #8
10004d72:	2100      	movs	r1, #0
10004d74:	f7ff fbda 	bl	1000452c <__wrap_memset>
10004d78:	2c00      	cmp	r4, #0
10004d7a:	d0e4      	beq.n	10004d46 <stdio_usb_init+0x6a>
10004d7c:	e7df      	b.n	10004d3e <stdio_usb_init+0x62>
10004d7e:	46c0      	nop			@ (mov r8, r8)
10004d80:	10009154 	.word	0x10009154
10004d84:	20002034 	.word	0x20002034
10004d88:	20002064 	.word	0x20002064
10004d8c:	10004c45 	.word	0x10004c45
10004d90:	10004b5d 	.word	0x10004b5d
10004d94:	20001e08 	.word	0x20001e08
10004d98:	20000ba0 	.word	0x20000ba0
10004d9c:	10007c90 	.word	0x10007c90
10004da0:	10008f4c 	.word	0x10008f4c
10004da4:	100085c4 	.word	0x100085c4
10004da8:	10004b85 	.word	0x10004b85

10004dac <stdio_usb_connected>:
10004dac:	b510      	push	{r4, lr}
10004dae:	2000      	movs	r0, #0
10004db0:	f001 f9f8 	bl	100061a4 <tud_cdc_n_connected>
10004db4:	bd10      	pop	{r4, pc}
	...

10004db8 <stdio_usb_in_chars>:
10004db8:	b530      	push	{r4, r5, lr}
10004dba:	b083      	sub	sp, #12
10004dbc:	0004      	movs	r4, r0
10004dbe:	000d      	movs	r5, r1
10004dc0:	f7ff fff4 	bl	10004dac <stdio_usb_connected>
10004dc4:	2800      	cmp	r0, #0
10004dc6:	d030      	beq.n	10004e2a <stdio_usb_in_chars+0x72>
10004dc8:	2000      	movs	r0, #0
10004dca:	f001 fa07 	bl	100061dc <tud_cdc_n_available>
10004dce:	2800      	cmp	r0, #0
10004dd0:	d02e      	beq.n	10004e30 <stdio_usb_in_chars+0x78>
10004dd2:	21fa      	movs	r1, #250	@ 0xfa
10004dd4:	0089      	lsls	r1, r1, #2
10004dd6:	4668      	mov	r0, sp
10004dd8:	f7ff fe96 	bl	10004b08 <make_timeout_time_ms>
10004ddc:	9a00      	ldr	r2, [sp, #0]
10004dde:	9b01      	ldr	r3, [sp, #4]
10004de0:	4816      	ldr	r0, [pc, #88]	@ (10004e3c <stdio_usb_in_chars+0x84>)
10004de2:	f002 fdfd 	bl	100079e0 <__mutex_try_enter_block_until_veneer>
10004de6:	2800      	cmp	r0, #0
10004de8:	d025      	beq.n	10004e36 <stdio_usb_in_chars+0x7e>
10004dea:	f7ff ffdf 	bl	10004dac <stdio_usb_connected>
10004dee:	2800      	cmp	r0, #0
10004df0:	d004      	beq.n	10004dfc <stdio_usb_in_chars+0x44>
10004df2:	2000      	movs	r0, #0
10004df4:	f001 f9f2 	bl	100061dc <tud_cdc_n_available>
10004df8:	2800      	cmp	r0, #0
10004dfa:	d10c      	bne.n	10004e16 <stdio_usb_in_chars+0x5e>
10004dfc:	2001      	movs	r0, #1
10004dfe:	2100      	movs	r1, #0
10004e00:	4240      	negs	r0, r0
10004e02:	f000 ffd7 	bl	10005db4 <tud_task_ext>
10004e06:	2403      	movs	r4, #3
10004e08:	4264      	negs	r4, r4
10004e0a:	480c      	ldr	r0, [pc, #48]	@ (10004e3c <stdio_usb_in_chars+0x84>)
10004e0c:	f002 fda8 	bl	10007960 <__mutex_exit_veneer>
10004e10:	0020      	movs	r0, r4
10004e12:	b003      	add	sp, #12
10004e14:	bd30      	pop	{r4, r5, pc}
10004e16:	002a      	movs	r2, r5
10004e18:	0021      	movs	r1, r4
10004e1a:	2000      	movs	r0, #0
10004e1c:	f001 f9ea 	bl	100061f4 <tud_cdc_n_read>
10004e20:	1e04      	subs	r4, r0, #0
10004e22:	d1f2      	bne.n	10004e0a <stdio_usb_in_chars+0x52>
10004e24:	2403      	movs	r4, #3
10004e26:	4264      	negs	r4, r4
10004e28:	e7ef      	b.n	10004e0a <stdio_usb_in_chars+0x52>
10004e2a:	2403      	movs	r4, #3
10004e2c:	4264      	negs	r4, r4
10004e2e:	e7ef      	b.n	10004e10 <stdio_usb_in_chars+0x58>
10004e30:	2403      	movs	r4, #3
10004e32:	4264      	negs	r4, r4
10004e34:	e7ec      	b.n	10004e10 <stdio_usb_in_chars+0x58>
10004e36:	2403      	movs	r4, #3
10004e38:	4264      	negs	r4, r4
10004e3a:	e7e9      	b.n	10004e10 <stdio_usb_in_chars+0x58>
10004e3c:	20002034 	.word	0x20002034

10004e40 <stdio_usb_out_chars>:
10004e40:	b5f0      	push	{r4, r5, r6, r7, lr}
10004e42:	46c6      	mov	lr, r8
10004e44:	b500      	push	{lr}
10004e46:	b082      	sub	sp, #8
10004e48:	4680      	mov	r8, r0
10004e4a:	000d      	movs	r5, r1
10004e4c:	21fa      	movs	r1, #250	@ 0xfa
10004e4e:	0089      	lsls	r1, r1, #2
10004e50:	4668      	mov	r0, sp
10004e52:	f7ff fe59 	bl	10004b08 <make_timeout_time_ms>
10004e56:	9a00      	ldr	r2, [sp, #0]
10004e58:	9b01      	ldr	r3, [sp, #4]
10004e5a:	482c      	ldr	r0, [pc, #176]	@ (10004f0c <stdio_usb_out_chars+0xcc>)
10004e5c:	f002 fdc0 	bl	100079e0 <__mutex_try_enter_block_until_veneer>
10004e60:	2800      	cmp	r0, #0
10004e62:	d103      	bne.n	10004e6c <stdio_usb_out_chars+0x2c>
10004e64:	b002      	add	sp, #8
10004e66:	bc80      	pop	{r7}
10004e68:	46b8      	mov	r8, r7
10004e6a:	bdf0      	pop	{r4, r5, r6, r7, pc}
10004e6c:	f7ff ff9e 	bl	10004dac <stdio_usb_connected>
10004e70:	2800      	cmp	r0, #0
10004e72:	d149      	bne.n	10004f08 <stdio_usb_out_chars+0xc8>
10004e74:	4b26      	ldr	r3, [pc, #152]	@ (10004f10 <stdio_usb_out_chars+0xd0>)
10004e76:	2000      	movs	r0, #0
10004e78:	2100      	movs	r1, #0
10004e7a:	6018      	str	r0, [r3, #0]
10004e7c:	6059      	str	r1, [r3, #4]
10004e7e:	4823      	ldr	r0, [pc, #140]	@ (10004f0c <stdio_usb_out_chars+0xcc>)
10004e80:	f002 fd6e 	bl	10007960 <__mutex_exit_veneer>
10004e84:	e7ee      	b.n	10004e64 <stdio_usb_out_chars+0x24>
10004e86:	2001      	movs	r0, #1
10004e88:	2100      	movs	r1, #0
10004e8a:	4240      	negs	r0, r0
10004e8c:	f000 ff92 	bl	10005db4 <tud_task_ext>
10004e90:	2000      	movs	r0, #0
10004e92:	f001 f9c3 	bl	1000621c <tud_cdc_n_write_flush>
10004e96:	f7ff ff89 	bl	10004dac <stdio_usb_connected>
10004e9a:	2800      	cmp	r0, #0
10004e9c:	d0ef      	beq.n	10004e7e <stdio_usb_out_chars+0x3e>
10004e9e:	2000      	movs	r0, #0
10004ea0:	f001 fa2e 	bl	10006300 <tud_cdc_n_write_available>
10004ea4:	2800      	cmp	r0, #0
10004ea6:	d020      	beq.n	10004eea <stdio_usb_out_chars+0xaa>
10004ea8:	42ac      	cmp	r4, r5
10004eaa:	dae8      	bge.n	10004e7e <stdio_usb_out_chars+0x3e>
10004eac:	1b2e      	subs	r6, r5, r4
10004eae:	2000      	movs	r0, #0
10004eb0:	f001 fa26 	bl	10006300 <tud_cdc_n_write_available>
10004eb4:	0002      	movs	r2, r0
10004eb6:	4286      	cmp	r6, r0
10004eb8:	dc00      	bgt.n	10004ebc <stdio_usb_out_chars+0x7c>
10004eba:	0032      	movs	r2, r6
10004ebc:	2a00      	cmp	r2, #0
10004ebe:	d0e2      	beq.n	10004e86 <stdio_usb_out_chars+0x46>
10004ec0:	4643      	mov	r3, r8
10004ec2:	1919      	adds	r1, r3, r4
10004ec4:	2000      	movs	r0, #0
10004ec6:	f001 f9ff 	bl	100062c8 <tud_cdc_n_write>
10004eca:	0006      	movs	r6, r0
10004ecc:	2001      	movs	r0, #1
10004ece:	2100      	movs	r1, #0
10004ed0:	4240      	negs	r0, r0
10004ed2:	f000 ff6f 	bl	10005db4 <tud_task_ext>
10004ed6:	2000      	movs	r0, #0
10004ed8:	f001 f9a0 	bl	1000621c <tud_cdc_n_write_flush>
10004edc:	19a4      	adds	r4, r4, r6
10004ede:	f7fc fd5d 	bl	1000199c <time_us_64>
10004ee2:	4b0b      	ldr	r3, [pc, #44]	@ (10004f10 <stdio_usb_out_chars+0xd0>)
10004ee4:	6018      	str	r0, [r3, #0]
10004ee6:	6059      	str	r1, [r3, #4]
10004ee8:	e7de      	b.n	10004ea8 <stdio_usb_out_chars+0x68>
10004eea:	f7fc fd57 	bl	1000199c <time_us_64>
10004eee:	4b08      	ldr	r3, [pc, #32]	@ (10004f10 <stdio_usb_out_chars+0xd0>)
10004ef0:	681e      	ldr	r6, [r3, #0]
10004ef2:	685f      	ldr	r7, [r3, #4]
10004ef4:	4a07      	ldr	r2, [pc, #28]	@ (10004f14 <stdio_usb_out_chars+0xd4>)
10004ef6:	2300      	movs	r3, #0
10004ef8:	1992      	adds	r2, r2, r6
10004efa:	417b      	adcs	r3, r7
10004efc:	4299      	cmp	r1, r3
10004efe:	d8be      	bhi.n	10004e7e <stdio_usb_out_chars+0x3e>
10004f00:	d1d2      	bne.n	10004ea8 <stdio_usb_out_chars+0x68>
10004f02:	4290      	cmp	r0, r2
10004f04:	d9d0      	bls.n	10004ea8 <stdio_usb_out_chars+0x68>
10004f06:	e7ba      	b.n	10004e7e <stdio_usb_out_chars+0x3e>
10004f08:	2400      	movs	r4, #0
10004f0a:	e7cd      	b.n	10004ea8 <stdio_usb_out_chars+0x68>
10004f0c:	20002034 	.word	0x20002034
10004f10:	20001260 	.word	0x20001260
10004f14:	0007a120 	.word	0x0007a120

10004f18 <tud_descriptor_device_cb>:
10004f18:	4800      	ldr	r0, [pc, #0]	@ (10004f1c <tud_descriptor_device_cb+0x4>)
10004f1a:	4770      	bx	lr
10004f1c:	10008fe0 	.word	0x10008fe0

10004f20 <tud_descriptor_configuration_cb>:
10004f20:	4800      	ldr	r0, [pc, #0]	@ (10004f24 <tud_descriptor_configuration_cb+0x4>)
10004f22:	4770      	bx	lr
10004f24:	10008f8c 	.word	0x10008f8c

10004f28 <tud_descriptor_string_cb>:
10004f28:	b510      	push	{r4, lr}
10004f2a:	0004      	movs	r4, r0
10004f2c:	4b15      	ldr	r3, [pc, #84]	@ (10004f84 <tud_descriptor_string_cb+0x5c>)
10004f2e:	781b      	ldrb	r3, [r3, #0]
10004f30:	2b00      	cmp	r3, #0
10004f32:	d00e      	beq.n	10004f52 <tud_descriptor_string_cb+0x2a>
10004f34:	2c00      	cmp	r4, #0
10004f36:	d111      	bne.n	10004f5c <tud_descriptor_string_cb+0x34>
10004f38:	4b13      	ldr	r3, [pc, #76]	@ (10004f88 <tud_descriptor_string_cb+0x60>)
10004f3a:	4a14      	ldr	r2, [pc, #80]	@ (10004f8c <tud_descriptor_string_cb+0x64>)
10004f3c:	805a      	strh	r2, [r3, #2]
10004f3e:	2301      	movs	r3, #1
10004f40:	3301      	adds	r3, #1
10004f42:	005b      	lsls	r3, r3, #1
10004f44:	b29b      	uxth	r3, r3
10004f46:	4810      	ldr	r0, [pc, #64]	@ (10004f88 <tud_descriptor_string_cb+0x60>)
10004f48:	22c0      	movs	r2, #192	@ 0xc0
10004f4a:	0092      	lsls	r2, r2, #2
10004f4c:	4313      	orrs	r3, r2
10004f4e:	8003      	strh	r3, [r0, #0]
10004f50:	bd10      	pop	{r4, pc}
10004f52:	480c      	ldr	r0, [pc, #48]	@ (10004f84 <tud_descriptor_string_cb+0x5c>)
10004f54:	2111      	movs	r1, #17
10004f56:	f000 f825 	bl	10004fa4 <pico_get_unique_board_id_string>
10004f5a:	e7eb      	b.n	10004f34 <tud_descriptor_string_cb+0xc>
10004f5c:	2c05      	cmp	r4, #5
10004f5e:	d80e      	bhi.n	10004f7e <tud_descriptor_string_cb+0x56>
10004f60:	4b0b      	ldr	r3, [pc, #44]	@ (10004f90 <tud_descriptor_string_cb+0x68>)
10004f62:	00a4      	lsls	r4, r4, #2
10004f64:	58e4      	ldr	r4, [r4, r3]
10004f66:	2300      	movs	r3, #0
10004f68:	2b12      	cmp	r3, #18
10004f6a:	d8e9      	bhi.n	10004f40 <tud_descriptor_string_cb+0x18>
10004f6c:	5ce1      	ldrb	r1, [r4, r3]
10004f6e:	2900      	cmp	r1, #0
10004f70:	d0e6      	beq.n	10004f40 <tud_descriptor_string_cb+0x18>
10004f72:	3301      	adds	r3, #1
10004f74:	4a04      	ldr	r2, [pc, #16]	@ (10004f88 <tud_descriptor_string_cb+0x60>)
10004f76:	0058      	lsls	r0, r3, #1
10004f78:	5281      	strh	r1, [r0, r2]
10004f7a:	b2db      	uxtb	r3, r3
10004f7c:	e7f4      	b.n	10004f68 <tud_descriptor_string_cb+0x40>
10004f7e:	2000      	movs	r0, #0
10004f80:	e7e6      	b.n	10004f50 <tud_descriptor_string_cb+0x28>
10004f82:	46c0      	nop			@ (mov r8, r8)
10004f84:	2000204c 	.word	0x2000204c
10004f88:	200019a0 	.word	0x200019a0
10004f8c:	00000409 	.word	0x00000409
10004f90:	10008f74 	.word	0x10008f74

10004f94 <_retrieve_unique_id_on_boot>:
10004f94:	b510      	push	{r4, lr}
10004f96:	4802      	ldr	r0, [pc, #8]	@ (10004fa0 <_retrieve_unique_id_on_boot+0xc>)
10004f98:	f000 f830 	bl	10004ffc <flash_get_unique_id>
10004f9c:	bd10      	pop	{r4, pc}
10004f9e:	46c0      	nop			@ (mov r8, r8)
10004fa0:	20001e24 	.word	0x20001e24

10004fa4 <pico_get_unique_board_id_string>:
10004fa4:	b510      	push	{r4, lr}
10004fa6:	2900      	cmp	r1, #0
10004fa8:	d001      	beq.n	10004fae <pico_get_unique_board_id_string+0xa>
10004faa:	2300      	movs	r3, #0
10004fac:	e008      	b.n	10004fc0 <pico_get_unique_board_id_string+0x1c>
10004fae:	4b0f      	ldr	r3, [pc, #60]	@ (10004fec <pico_get_unique_board_id_string+0x48>)
10004fb0:	4a0f      	ldr	r2, [pc, #60]	@ (10004ff0 <pico_get_unique_board_id_string+0x4c>)
10004fb2:	4810      	ldr	r0, [pc, #64]	@ (10004ff4 <pico_get_unique_board_id_string+0x50>)
10004fb4:	311f      	adds	r1, #31
10004fb6:	f7fd f9bd 	bl	10002334 <__assert_func>
10004fba:	3237      	adds	r2, #55	@ 0x37
10004fbc:	54c2      	strb	r2, [r0, r3]
10004fbe:	3301      	adds	r3, #1
10004fc0:	1e4a      	subs	r2, r1, #1
10004fc2:	429a      	cmp	r2, r3
10004fc4:	d90e      	bls.n	10004fe4 <pico_get_unique_board_id_string+0x40>
10004fc6:	2b0f      	cmp	r3, #15
10004fc8:	d80c      	bhi.n	10004fe4 <pico_get_unique_board_id_string+0x40>
10004fca:	085a      	lsrs	r2, r3, #1
10004fcc:	4c0a      	ldr	r4, [pc, #40]	@ (10004ff8 <pico_get_unique_board_id_string+0x54>)
10004fce:	5ca4      	ldrb	r4, [r4, r2]
10004fd0:	2201      	movs	r2, #1
10004fd2:	439a      	bics	r2, r3
10004fd4:	0092      	lsls	r2, r2, #2
10004fd6:	4114      	asrs	r4, r2
10004fd8:	220f      	movs	r2, #15
10004fda:	4022      	ands	r2, r4
10004fdc:	2a09      	cmp	r2, #9
10004fde:	dcec      	bgt.n	10004fba <pico_get_unique_board_id_string+0x16>
10004fe0:	3230      	adds	r2, #48	@ 0x30
10004fe2:	e7eb      	b.n	10004fbc <pico_get_unique_board_id_string+0x18>
10004fe4:	18c0      	adds	r0, r0, r3
10004fe6:	2300      	movs	r3, #0
10004fe8:	7003      	strb	r3, [r0, #0]
10004fea:	bd10      	pop	{r4, pc}
10004fec:	10008668 	.word	0x10008668
10004ff0:	10008ff4 	.word	0x10008ff4
10004ff4:	10008670 	.word	0x10008670
10004ff8:	20001e24 	.word	0x20001e24

10004ffc <flash_get_unique_id>:
10004ffc:	b570      	push	{r4, r5, r6, lr}
10004ffe:	b088      	sub	sp, #32
10005000:	0004      	movs	r4, r0
10005002:	ad04      	add	r5, sp, #16
10005004:	220d      	movs	r2, #13
10005006:	2100      	movs	r1, #0
10005008:	0028      	movs	r0, r5
1000500a:	f7ff fa8f 	bl	1000452c <__wrap_memset>
1000500e:	220d      	movs	r2, #13
10005010:	2100      	movs	r1, #0
10005012:	4668      	mov	r0, sp
10005014:	f7ff fa8a 	bl	1000452c <__wrap_memset>
10005018:	234b      	movs	r3, #75	@ 0x4b
1000501a:	702b      	strb	r3, [r5, #0]
1000501c:	220d      	movs	r2, #13
1000501e:	4669      	mov	r1, sp
10005020:	0028      	movs	r0, r5
10005022:	f002 fc95 	bl	10007950 <__flash_do_cmd_veneer>
10005026:	2300      	movs	r3, #0
10005028:	e004      	b.n	10005034 <flash_get_unique_id+0x38>
1000502a:	1d5a      	adds	r2, r3, #5
1000502c:	4669      	mov	r1, sp
1000502e:	5c8a      	ldrb	r2, [r1, r2]
10005030:	54e2      	strb	r2, [r4, r3]
10005032:	3301      	adds	r3, #1
10005034:	2b07      	cmp	r3, #7
10005036:	ddf8      	ble.n	1000502a <flash_get_unique_id+0x2e>
10005038:	b008      	add	sp, #32
1000503a:	bd70      	pop	{r4, r5, r6, pc}

1000503c <hw_endpoint_get_by_addr>:
1000503c:	0002      	movs	r2, r0
1000503e:	207f      	movs	r0, #127	@ 0x7f
10005040:	4010      	ands	r0, r2
10005042:	09d2      	lsrs	r2, r2, #7
10005044:	0040      	lsls	r0, r0, #1
10005046:	1880      	adds	r0, r0, r2
10005048:	0140      	lsls	r0, r0, #5
1000504a:	4b01      	ldr	r3, [pc, #4]	@ (10005050 <hw_endpoint_get_by_addr+0x14>)
1000504c:	18c0      	adds	r0, r0, r3
1000504e:	4770      	bx	lr
10005050:	200019e0 	.word	0x200019e0

10005054 <_hw_endpoint_alloc>:
10005054:	b510      	push	{r4, lr}
10005056:	8b03      	ldrh	r3, [r0, #24]
10005058:	333f      	adds	r3, #63	@ 0x3f
1000505a:	223f      	movs	r2, #63	@ 0x3f
1000505c:	4393      	bics	r3, r2
1000505e:	2902      	cmp	r1, #2
10005060:	d015      	beq.n	1000508e <_hw_endpoint_alloc+0x3a>
10005062:	4c12      	ldr	r4, [pc, #72]	@ (100050ac <_hw_endpoint_alloc+0x58>)
10005064:	6822      	ldr	r2, [r4, #0]
10005066:	60c2      	str	r2, [r0, #12]
10005068:	18d3      	adds	r3, r2, r3
1000506a:	6023      	str	r3, [r4, #0]
1000506c:	069c      	lsls	r4, r3, #26
1000506e:	d110      	bne.n	10005092 <_hw_endpoint_alloc+0x3e>
10005070:	4c0f      	ldr	r4, [pc, #60]	@ (100050b0 <_hw_endpoint_alloc+0x5c>)
10005072:	4062      	eors	r2, r4
10005074:	4063      	eors	r3, r4
10005076:	2480      	movs	r4, #128	@ 0x80
10005078:	0164      	lsls	r4, r4, #5
1000507a:	42a3      	cmp	r3, r4
1000507c:	d80f      	bhi.n	1000509e <_hw_endpoint_alloc+0x4a>
1000507e:	0689      	lsls	r1, r1, #26
10005080:	4311      	orrs	r1, r2
10005082:	2380      	movs	r3, #128	@ 0x80
10005084:	061b      	lsls	r3, r3, #24
10005086:	430b      	orrs	r3, r1
10005088:	6842      	ldr	r2, [r0, #4]
1000508a:	6013      	str	r3, [r2, #0]
1000508c:	bd10      	pop	{r4, pc}
1000508e:	005b      	lsls	r3, r3, #1
10005090:	e7e7      	b.n	10005062 <_hw_endpoint_alloc+0xe>
10005092:	4b08      	ldr	r3, [pc, #32]	@ (100050b4 <_hw_endpoint_alloc+0x60>)
10005094:	4a08      	ldr	r2, [pc, #32]	@ (100050b8 <_hw_endpoint_alloc+0x64>)
10005096:	4809      	ldr	r0, [pc, #36]	@ (100050bc <_hw_endpoint_alloc+0x68>)
10005098:	2154      	movs	r1, #84	@ 0x54
1000509a:	f7fd f94b 	bl	10002334 <__assert_func>
1000509e:	4b08      	ldr	r3, [pc, #32]	@ (100050c0 <_hw_endpoint_alloc+0x6c>)
100050a0:	4a05      	ldr	r2, [pc, #20]	@ (100050b8 <_hw_endpoint_alloc+0x64>)
100050a2:	4806      	ldr	r0, [pc, #24]	@ (100050bc <_hw_endpoint_alloc+0x68>)
100050a4:	2156      	movs	r1, #86	@ 0x56
100050a6:	f7fd f945 	bl	10002334 <__assert_func>
100050aa:	46c0      	nop			@ (mov r8, r8)
100050ac:	20001dec 	.word	0x20001dec
100050b0:	50100000 	.word	0x50100000
100050b4:	1000884c 	.word	0x1000884c
100050b8:	10009064 	.word	0x10009064
100050bc:	1000887c 	.word	0x1000887c
100050c0:	100088ec 	.word	0x100088ec

100050c4 <hw_endpoint_init>:
100050c4:	b5f0      	push	{r4, r5, r6, r7, lr}
100050c6:	b083      	sub	sp, #12
100050c8:	0005      	movs	r5, r0
100050ca:	000e      	movs	r6, r1
100050cc:	0014      	movs	r4, r2
100050ce:	f7ff ffb5 	bl	1000503c <hw_endpoint_get_by_addr>
100050d2:	237f      	movs	r3, #127	@ 0x7f
100050d4:	402b      	ands	r3, r5
100050d6:	09ef      	lsrs	r7, r5, #7
100050d8:	7085      	strb	r5, [r0, #2]
100050da:	427a      	negs	r2, r7
100050dc:	417a      	adcs	r2, r7
100050de:	7042      	strb	r2, [r0, #1]
100050e0:	2200      	movs	r2, #0
100050e2:	70c2      	strb	r2, [r0, #3]
100050e4:	8306      	strh	r6, [r0, #24]
100050e6:	76c4      	strb	r4, [r0, #27]
100050e8:	2f01      	cmp	r7, #1
100050ea:	d00e      	beq.n	1000510a <hw_endpoint_init+0x46>
100050ec:	00da      	lsls	r2, r3, #3
100050ee:	4913      	ldr	r1, [pc, #76]	@ (1000513c <hw_endpoint_init+0x78>)
100050f0:	468c      	mov	ip, r1
100050f2:	4462      	add	r2, ip
100050f4:	6082      	str	r2, [r0, #8]
100050f6:	6882      	ldr	r2, [r0, #8]
100050f8:	2100      	movs	r1, #0
100050fa:	6011      	str	r1, [r2, #0]
100050fc:	2b00      	cmp	r3, #0
100050fe:	d10a      	bne.n	10005116 <hw_endpoint_init+0x52>
10005100:	6043      	str	r3, [r0, #4]
10005102:	4b0f      	ldr	r3, [pc, #60]	@ (10005140 <hw_endpoint_init+0x7c>)
10005104:	60c3      	str	r3, [r0, #12]
10005106:	b003      	add	sp, #12
10005108:	bdf0      	pop	{r4, r5, r6, r7, pc}
1000510a:	00da      	lsls	r2, r3, #3
1000510c:	490d      	ldr	r1, [pc, #52]	@ (10005144 <hw_endpoint_init+0x80>)
1000510e:	468c      	mov	ip, r1
10005110:	4462      	add	r2, ip
10005112:	6082      	str	r2, [r0, #8]
10005114:	e7ef      	b.n	100050f6 <hw_endpoint_init+0x32>
10005116:	2f01      	cmp	r7, #1
10005118:	d009      	beq.n	1000512e <hw_endpoint_init+0x6a>
1000511a:	3b01      	subs	r3, #1
1000511c:	00db      	lsls	r3, r3, #3
1000511e:	4a0a      	ldr	r2, [pc, #40]	@ (10005148 <hw_endpoint_init+0x84>)
10005120:	4694      	mov	ip, r2
10005122:	4463      	add	r3, ip
10005124:	6043      	str	r3, [r0, #4]
10005126:	0021      	movs	r1, r4
10005128:	f7ff ff94 	bl	10005054 <_hw_endpoint_alloc>
1000512c:	e7eb      	b.n	10005106 <hw_endpoint_init+0x42>
1000512e:	3b01      	subs	r3, #1
10005130:	00db      	lsls	r3, r3, #3
10005132:	4a06      	ldr	r2, [pc, #24]	@ (1000514c <hw_endpoint_init+0x88>)
10005134:	4694      	mov	ip, r2
10005136:	4463      	add	r3, ip
10005138:	6043      	str	r3, [r0, #4]
1000513a:	e7f4      	b.n	10005126 <hw_endpoint_init+0x62>
1000513c:	50100084 	.word	0x50100084
10005140:	50100100 	.word	0x50100100
10005144:	50100080 	.word	0x50100080
10005148:	5010000c 	.word	0x5010000c
1000514c:	50100008 	.word	0x50100008

10005150 <dcd_event_sof>:
10005150:	b5f0      	push	{r4, r5, r6, r7, lr}
10005152:	b085      	sub	sp, #20
10005154:	0007      	movs	r7, r0
10005156:	000e      	movs	r6, r1
10005158:	0015      	movs	r5, r2
1000515a:	ac01      	add	r4, sp, #4
1000515c:	220c      	movs	r2, #12
1000515e:	2100      	movs	r1, #0
10005160:	0020      	movs	r0, r4
10005162:	f7ff f9e3 	bl	1000452c <__wrap_memset>
10005166:	7027      	strb	r7, [r4, #0]
10005168:	2303      	movs	r3, #3
1000516a:	7063      	strb	r3, [r4, #1]
1000516c:	9602      	str	r6, [sp, #8]
1000516e:	0029      	movs	r1, r5
10005170:	0020      	movs	r0, r4
10005172:	f002 fc25 	bl	100079c0 <__dcd_event_handler_veneer>
10005176:	b005      	add	sp, #20
10005178:	bdf0      	pop	{r4, r5, r6, r7, pc}

1000517a <hw_endpoint_xfer>:
1000517a:	b570      	push	{r4, r5, r6, lr}
1000517c:	000c      	movs	r4, r1
1000517e:	0015      	movs	r5, r2
10005180:	f7ff ff5c 	bl	1000503c <hw_endpoint_get_by_addr>
10005184:	002a      	movs	r2, r5
10005186:	0021      	movs	r1, r4
10005188:	f000 f90e 	bl	100053a8 <hw_endpoint_xfer_start>
1000518c:	bd70      	pop	{r4, r5, r6, pc}
	...

10005190 <dcd_int_enable>:
10005190:	b510      	push	{r4, lr}
10005192:	2800      	cmp	r0, #0
10005194:	d104      	bne.n	100051a0 <dcd_int_enable+0x10>
10005196:	2101      	movs	r1, #1
10005198:	2005      	movs	r0, #5
1000519a:	f7fb fb6d 	bl	10000878 <irq_set_enabled>
1000519e:	bd10      	pop	{r4, pc}
100051a0:	4b03      	ldr	r3, [pc, #12]	@ (100051b0 <dcd_int_enable+0x20>)
100051a2:	4a04      	ldr	r2, [pc, #16]	@ (100051b4 <dcd_int_enable+0x24>)
100051a4:	21d5      	movs	r1, #213	@ 0xd5
100051a6:	4804      	ldr	r0, [pc, #16]	@ (100051b8 <dcd_int_enable+0x28>)
100051a8:	0049      	lsls	r1, r1, #1
100051aa:	f7fd f8c3 	bl	10002334 <__assert_func>
100051ae:	46c0      	nop			@ (mov r8, r8)
100051b0:	10008934 	.word	0x10008934
100051b4:	10009054 	.word	0x10009054
100051b8:	1000887c 	.word	0x1000887c

100051bc <dcd_set_address>:
100051bc:	b510      	push	{r4, lr}
100051be:	2800      	cmp	r0, #0
100051c0:	d105      	bne.n	100051ce <dcd_set_address+0x12>
100051c2:	2200      	movs	r2, #0
100051c4:	2100      	movs	r1, #0
100051c6:	2080      	movs	r0, #128	@ 0x80
100051c8:	f7ff ffd7 	bl	1000517a <hw_endpoint_xfer>
100051cc:	bd10      	pop	{r4, pc}
100051ce:	4b03      	ldr	r3, [pc, #12]	@ (100051dc <dcd_set_address+0x20>)
100051d0:	4a03      	ldr	r2, [pc, #12]	@ (100051e0 <dcd_set_address+0x24>)
100051d2:	21db      	movs	r1, #219	@ 0xdb
100051d4:	4803      	ldr	r0, [pc, #12]	@ (100051e4 <dcd_set_address+0x28>)
100051d6:	0049      	lsls	r1, r1, #1
100051d8:	f7fd f8ac 	bl	10002334 <__assert_func>
100051dc:	10008934 	.word	0x10008934
100051e0:	10009044 	.word	0x10009044
100051e4:	1000887c 	.word	0x1000887c

100051e8 <dcd_connect>:
100051e8:	4b02      	ldr	r3, [pc, #8]	@ (100051f4 <dcd_connect+0xc>)
100051ea:	2280      	movs	r2, #128	@ 0x80
100051ec:	0252      	lsls	r2, r2, #9
100051ee:	64da      	str	r2, [r3, #76]	@ 0x4c
100051f0:	4770      	bx	lr
100051f2:	46c0      	nop			@ (mov r8, r8)
100051f4:	50112000 	.word	0x50112000

100051f8 <dcd_init>:
100051f8:	b570      	push	{r4, r5, r6, lr}
100051fa:	1e04      	subs	r4, r0, #0
100051fc:	d126      	bne.n	1000524c <dcd_init+0x54>
100051fe:	f000 f8ad 	bl	1000535c <rp2040_usb_init>
10005202:	4d16      	ldr	r5, [pc, #88]	@ (1000525c <dcd_init+0x64>)
10005204:	230c      	movs	r3, #12
10005206:	67ab      	str	r3, [r5, #120]	@ 0x78
10005208:	4915      	ldr	r1, [pc, #84]	@ (10005260 <dcd_init+0x68>)
1000520a:	22ff      	movs	r2, #255	@ 0xff
1000520c:	2005      	movs	r0, #5
1000520e:	f7fb fb87 	bl	10000920 <irq_add_shared_handler>
10005212:	4814      	ldr	r0, [pc, #80]	@ (10005264 <dcd_init+0x6c>)
10005214:	2240      	movs	r2, #64	@ 0x40
10005216:	2100      	movs	r1, #0
10005218:	f7ff f988 	bl	1000452c <__wrap_memset>
1000521c:	2200      	movs	r2, #0
1000521e:	2140      	movs	r1, #64	@ 0x40
10005220:	2000      	movs	r0, #0
10005222:	f7ff ff4f 	bl	100050c4 <hw_endpoint_init>
10005226:	2200      	movs	r2, #0
10005228:	2140      	movs	r1, #64	@ 0x40
1000522a:	2080      	movs	r0, #128	@ 0x80
1000522c:	f7ff ff4a 	bl	100050c4 <hw_endpoint_init>
10005230:	f002 fbae 	bl	10007990 <__reset_non_control_endpoints_veneer>
10005234:	2301      	movs	r3, #1
10005236:	642b      	str	r3, [r5, #64]	@ 0x40
10005238:	2380      	movs	r3, #128	@ 0x80
1000523a:	059b      	lsls	r3, r3, #22
1000523c:	64eb      	str	r3, [r5, #76]	@ 0x4c
1000523e:	2390      	movs	r3, #144	@ 0x90
10005240:	4a09      	ldr	r2, [pc, #36]	@ (10005268 <dcd_init+0x70>)
10005242:	50ea      	str	r2, [r5, r3]
10005244:	0020      	movs	r0, r4
10005246:	f7ff ffcf 	bl	100051e8 <dcd_connect>
1000524a:	bd70      	pop	{r4, r5, r6, pc}
1000524c:	4b07      	ldr	r3, [pc, #28]	@ (1000526c <dcd_init+0x74>)
1000524e:	4a08      	ldr	r2, [pc, #32]	@ (10005270 <dcd_init+0x78>)
10005250:	2186      	movs	r1, #134	@ 0x86
10005252:	4808      	ldr	r0, [pc, #32]	@ (10005274 <dcd_init+0x7c>)
10005254:	31ff      	adds	r1, #255	@ 0xff
10005256:	f7fd f86d 	bl	10002334 <__assert_func>
1000525a:	46c0      	nop			@ (mov r8, r8)
1000525c:	50110000 	.word	0x50110000
10005260:	2000045d 	.word	0x2000045d
10005264:	200019e0 	.word	0x200019e0
10005268:	0001d010 	.word	0x0001d010
1000526c:	10008934 	.word	0x10008934
10005270:	10009078 	.word	0x10009078
10005274:	1000887c 	.word	0x1000887c

10005278 <dcd_edpt0_status_complete>:
10005278:	780b      	ldrb	r3, [r1, #0]
1000527a:	065b      	lsls	r3, r3, #25
1000527c:	d102      	bne.n	10005284 <dcd_edpt0_status_complete+0xc>
1000527e:	784b      	ldrb	r3, [r1, #1]
10005280:	2b05      	cmp	r3, #5
10005282:	d000      	beq.n	10005286 <dcd_edpt0_status_complete+0xe>
10005284:	4770      	bx	lr
10005286:	788a      	ldrb	r2, [r1, #2]
10005288:	4b01      	ldr	r3, [pc, #4]	@ (10005290 <dcd_edpt0_status_complete+0x18>)
1000528a:	601a      	str	r2, [r3, #0]
1000528c:	e7fa      	b.n	10005284 <dcd_edpt0_status_complete+0xc>
1000528e:	46c0      	nop			@ (mov r8, r8)
10005290:	50110000 	.word	0x50110000

10005294 <dcd_edpt_open>:
10005294:	b510      	push	{r4, lr}
10005296:	000a      	movs	r2, r1
10005298:	2800      	cmp	r0, #0
1000529a:	d10d      	bne.n	100052b8 <dcd_edpt_open+0x24>
1000529c:	7888      	ldrb	r0, [r1, #2]
1000529e:	7909      	ldrb	r1, [r1, #4]
100052a0:	7953      	ldrb	r3, [r2, #5]
100052a2:	021b      	lsls	r3, r3, #8
100052a4:	430b      	orrs	r3, r1
100052a6:	055b      	lsls	r3, r3, #21
100052a8:	0d59      	lsrs	r1, r3, #21
100052aa:	78d2      	ldrb	r2, [r2, #3]
100052ac:	0792      	lsls	r2, r2, #30
100052ae:	0f92      	lsrs	r2, r2, #30
100052b0:	f7ff ff08 	bl	100050c4 <hw_endpoint_init>
100052b4:	2001      	movs	r0, #1
100052b6:	bd10      	pop	{r4, pc}
100052b8:	4b03      	ldr	r3, [pc, #12]	@ (100052c8 <dcd_edpt_open+0x34>)
100052ba:	4a04      	ldr	r2, [pc, #16]	@ (100052cc <dcd_edpt_open+0x38>)
100052bc:	21fc      	movs	r1, #252	@ 0xfc
100052be:	4804      	ldr	r0, [pc, #16]	@ (100052d0 <dcd_edpt_open+0x3c>)
100052c0:	31ff      	adds	r1, #255	@ 0xff
100052c2:	f7fd f837 	bl	10002334 <__assert_func>
100052c6:	46c0      	nop			@ (mov r8, r8)
100052c8:	10008934 	.word	0x10008934
100052cc:	10009034 	.word	0x10009034
100052d0:	1000887c 	.word	0x1000887c

100052d4 <dcd_edpt_close_all>:
100052d4:	b510      	push	{r4, lr}
100052d6:	f002 fb5b 	bl	10007990 <__reset_non_control_endpoints_veneer>
100052da:	bd10      	pop	{r4, pc}

100052dc <dcd_edpt_xfer>:
100052dc:	b510      	push	{r4, lr}
100052de:	0004      	movs	r4, r0
100052e0:	0008      	movs	r0, r1
100052e2:	0011      	movs	r1, r2
100052e4:	001a      	movs	r2, r3
100052e6:	2c00      	cmp	r4, #0
100052e8:	d103      	bne.n	100052f2 <dcd_edpt_xfer+0x16>
100052ea:	f7ff ff46 	bl	1000517a <hw_endpoint_xfer>
100052ee:	2001      	movs	r0, #1
100052f0:	bd10      	pop	{r4, pc}
100052f2:	4b03      	ldr	r3, [pc, #12]	@ (10005300 <dcd_edpt_xfer+0x24>)
100052f4:	4a03      	ldr	r2, [pc, #12]	@ (10005304 <dcd_edpt_xfer+0x28>)
100052f6:	4804      	ldr	r0, [pc, #16]	@ (10005308 <dcd_edpt_xfer+0x2c>)
100052f8:	4904      	ldr	r1, [pc, #16]	@ (1000530c <dcd_edpt_xfer+0x30>)
100052fa:	f7fd f81b 	bl	10002334 <__assert_func>
100052fe:	46c0      	nop			@ (mov r8, r8)
10005300:	10008934 	.word	0x10008934
10005304:	10009024 	.word	0x10009024
10005308:	1000887c 	.word	0x1000887c
1000530c:	0000020a 	.word	0x0000020a

10005310 <dcd_edpt_stall>:
10005310:	b510      	push	{r4, lr}
10005312:	0008      	movs	r0, r1
10005314:	064b      	lsls	r3, r1, #25
10005316:	d105      	bne.n	10005324 <dcd_edpt_stall+0x14>
10005318:	09cb      	lsrs	r3, r1, #7
1000531a:	2b01      	cmp	r3, #1
1000531c:	d00a      	beq.n	10005334 <dcd_edpt_stall+0x24>
1000531e:	2202      	movs	r2, #2
10005320:	4b05      	ldr	r3, [pc, #20]	@ (10005338 <dcd_edpt_stall+0x28>)
10005322:	669a      	str	r2, [r3, #104]	@ 0x68
10005324:	f7ff fe8a 	bl	1000503c <hw_endpoint_get_by_addr>
10005328:	2280      	movs	r2, #128	@ 0x80
1000532a:	0112      	lsls	r2, r2, #4
1000532c:	2100      	movs	r1, #0
1000532e:	f002 fb6f 	bl	10007a10 <___hw_endpoint_buffer_control_update32_veneer>
10005332:	bd10      	pop	{r4, pc}
10005334:	2201      	movs	r2, #1
10005336:	e7f3      	b.n	10005320 <dcd_edpt_stall+0x10>
10005338:	50112000 	.word	0x50112000

1000533c <dcd_edpt_clear_stall>:
1000533c:	b510      	push	{r4, lr}
1000533e:	0008      	movs	r0, r1
10005340:	064b      	lsls	r3, r1, #25
10005342:	d100      	bne.n	10005346 <dcd_edpt_clear_stall+0xa>
10005344:	bd10      	pop	{r4, pc}
10005346:	f7ff fe79 	bl	1000503c <hw_endpoint_get_by_addr>
1000534a:	2300      	movs	r3, #0
1000534c:	70c3      	strb	r3, [r0, #3]
1000534e:	2200      	movs	r2, #0
10005350:	4901      	ldr	r1, [pc, #4]	@ (10005358 <dcd_edpt_clear_stall+0x1c>)
10005352:	f002 fb5d 	bl	10007a10 <___hw_endpoint_buffer_control_update32_veneer>
10005356:	e7f5      	b.n	10005344 <dcd_edpt_clear_stall+0x8>
10005358:	fffff7ff 	.word	0xfffff7ff

1000535c <rp2040_usb_init>:
1000535c:	b510      	push	{r4, lr}
1000535e:	2380      	movs	r3, #128	@ 0x80
10005360:	045b      	lsls	r3, r3, #17
10005362:	4a0c      	ldr	r2, [pc, #48]	@ (10005394 <rp2040_usb_init+0x38>)
10005364:	6013      	str	r3, [r2, #0]
10005366:	4a0c      	ldr	r2, [pc, #48]	@ (10005398 <rp2040_usb_init+0x3c>)
10005368:	6013      	str	r3, [r2, #0]
1000536a:	4b0c      	ldr	r3, [pc, #48]	@ (1000539c <rp2040_usb_init+0x40>)
1000536c:	689a      	ldr	r2, [r3, #8]
1000536e:	2380      	movs	r3, #128	@ 0x80
10005370:	045b      	lsls	r3, r3, #17
10005372:	4393      	bics	r3, r2
10005374:	d1f9      	bne.n	1000536a <rp2040_usb_init+0xe>
10005376:	4c0a      	ldr	r4, [pc, #40]	@ (100053a0 <rp2040_usb_init+0x44>)
10005378:	229c      	movs	r2, #156	@ 0x9c
1000537a:	2100      	movs	r1, #0
1000537c:	0020      	movs	r0, r4
1000537e:	f7ff f8d5 	bl	1000452c <__wrap_memset>
10005382:	2280      	movs	r2, #128	@ 0x80
10005384:	0152      	lsls	r2, r2, #5
10005386:	2100      	movs	r1, #0
10005388:	4806      	ldr	r0, [pc, #24]	@ (100053a4 <rp2040_usb_init+0x48>)
1000538a:	f7ff f8cf 	bl	1000452c <__wrap_memset>
1000538e:	2309      	movs	r3, #9
10005390:	6763      	str	r3, [r4, #116]	@ 0x74
10005392:	bd10      	pop	{r4, pc}
10005394:	4000e000 	.word	0x4000e000
10005398:	4000f000 	.word	0x4000f000
1000539c:	4000c000 	.word	0x4000c000
100053a0:	50110000 	.word	0x50110000
100053a4:	50100000 	.word	0x50100000

100053a8 <hw_endpoint_xfer_start>:
100053a8:	b570      	push	{r4, r5, r6, lr}
100053aa:	0004      	movs	r4, r0
100053ac:	000d      	movs	r5, r1
100053ae:	0016      	movs	r6, r2
100053b0:	7e83      	ldrb	r3, [r0, #26]
100053b2:	2b00      	cmp	r3, #0
100053b4:	d117      	bne.n	100053e6 <hw_endpoint_xfer_start+0x3e>
100053b6:	82a6      	strh	r6, [r4, #20]
100053b8:	2300      	movs	r3, #0
100053ba:	82e3      	strh	r3, [r4, #22]
100053bc:	3301      	adds	r3, #1
100053be:	76a3      	strb	r3, [r4, #26]
100053c0:	6125      	str	r5, [r4, #16]
100053c2:	0020      	movs	r0, r4
100053c4:	f002 fb04 	bl	100079d0 <__e15_is_bulkin_ep_veneer>
100053c8:	2800      	cmp	r0, #0
100053ca:	d004      	beq.n	100053d6 <hw_endpoint_xfer_start+0x2e>
100053cc:	4a09      	ldr	r2, [pc, #36]	@ (100053f4 <hw_endpoint_xfer_start+0x4c>)
100053ce:	2390      	movs	r3, #144	@ 0x90
100053d0:	2180      	movs	r1, #128	@ 0x80
100053d2:	0289      	lsls	r1, r1, #10
100053d4:	50d1      	str	r1, [r2, r3]
100053d6:	0020      	movs	r0, r4
100053d8:	f002 fab2 	bl	10007940 <__e15_is_critical_frame_period_veneer>
100053dc:	2800      	cmp	r0, #0
100053de:	d005      	beq.n	100053ec <hw_endpoint_xfer_start+0x44>
100053e0:	2301      	movs	r3, #1
100053e2:	7723      	strb	r3, [r4, #28]
100053e4:	bd70      	pop	{r4, r5, r6, pc}
100053e6:	f002 fb0b 	bl	10007a00 <__hw_endpoint_reset_transfer_veneer>
100053ea:	e7e4      	b.n	100053b6 <hw_endpoint_xfer_start+0xe>
100053ec:	0020      	movs	r0, r4
100053ee:	f002 faff 	bl	100079f0 <__hw_endpoint_start_next_buffer_veneer>
100053f2:	e7f7      	b.n	100053e4 <hw_endpoint_xfer_start+0x3c>
100053f4:	50112000 	.word	0x50112000

100053f8 <configuration_reset>:
100053f8:	b570      	push	{r4, r5, r6, lr}
100053fa:	0005      	movs	r5, r0
100053fc:	2400      	movs	r4, #0
100053fe:	e00c      	b.n	1000541a <configuration_reset+0x22>
10005400:	0062      	lsls	r2, r4, #1
10005402:	1912      	adds	r2, r2, r4
10005404:	00d2      	lsls	r2, r2, #3
10005406:	4b18      	ldr	r3, [pc, #96]	@ (10005468 <configuration_reset+0x70>)
10005408:	681b      	ldr	r3, [r3, #0]
1000540a:	189b      	adds	r3, r3, r2
1000540c:	2b00      	cmp	r3, #0
1000540e:	d02a      	beq.n	10005466 <configuration_reset+0x6e>
10005410:	685b      	ldr	r3, [r3, #4]
10005412:	0028      	movs	r0, r5
10005414:	4798      	blx	r3
10005416:	3401      	adds	r4, #1
10005418:	b2e4      	uxtb	r4, r4
1000541a:	4b14      	ldr	r3, [pc, #80]	@ (1000546c <configuration_reset+0x74>)
1000541c:	781b      	ldrb	r3, [r3, #0]
1000541e:	42a3      	cmp	r3, r4
10005420:	d310      	bcc.n	10005444 <configuration_reset+0x4c>
10005422:	4a13      	ldr	r2, [pc, #76]	@ (10005470 <configuration_reset+0x78>)
10005424:	2a00      	cmp	r2, #0
10005426:	d00b      	beq.n	10005440 <configuration_reset+0x48>
10005428:	42a3      	cmp	r3, r4
1000542a:	d8e9      	bhi.n	10005400 <configuration_reset+0x8>
1000542c:	1ae3      	subs	r3, r4, r3
1000542e:	b2db      	uxtb	r3, r3
10005430:	2b00      	cmp	r3, #0
10005432:	d118      	bne.n	10005466 <configuration_reset+0x6e>
10005434:	005a      	lsls	r2, r3, #1
10005436:	18d3      	adds	r3, r2, r3
10005438:	00db      	lsls	r3, r3, #3
1000543a:	4a0e      	ldr	r2, [pc, #56]	@ (10005474 <configuration_reset+0x7c>)
1000543c:	189b      	adds	r3, r3, r2
1000543e:	e7e7      	b.n	10005410 <configuration_reset+0x18>
10005440:	0023      	movs	r3, r4
10005442:	e7f5      	b.n	10005430 <configuration_reset+0x38>
10005444:	4c0c      	ldr	r4, [pc, #48]	@ (10005478 <configuration_reset+0x80>)
10005446:	2253      	movs	r2, #83	@ 0x53
10005448:	2100      	movs	r1, #0
1000544a:	0020      	movs	r0, r4
1000544c:	f7ff f86e 	bl	1000452c <__wrap_memset>
10005450:	1ce0      	adds	r0, r4, #3
10005452:	2210      	movs	r2, #16
10005454:	21ff      	movs	r1, #255	@ 0xff
10005456:	f7ff f869 	bl	1000452c <__wrap_memset>
1000545a:	0020      	movs	r0, r4
1000545c:	3013      	adds	r0, #19
1000545e:	2220      	movs	r2, #32
10005460:	21ff      	movs	r1, #255	@ 0xff
10005462:	f7ff f863 	bl	1000452c <__wrap_memset>
10005466:	bd70      	pop	{r4, r5, r6, pc}
10005468:	200013d8 	.word	0x200013d8
1000546c:	2000205d 	.word	0x2000205d
10005470:	10004a35 	.word	0x10004a35
10005474:	10009120 	.word	0x10009120
10005478:	20001700 	.word	0x20001700

1000547c <critical_section_enter_blocking>:
1000547c:	6802      	ldr	r2, [r0, #0]
1000547e:	f3ef 8110 	mrs	r1, PRIMASK
10005482:	b672      	cpsid	i
10005484:	6813      	ldr	r3, [r2, #0]
10005486:	2b00      	cmp	r3, #0
10005488:	d0fc      	beq.n	10005484 <critical_section_enter_blocking+0x8>
1000548a:	f3bf 8f5f 	dmb	sy
1000548e:	6041      	str	r1, [r0, #4]
10005490:	4770      	bx	lr

10005492 <usbd_reset>:
10005492:	b510      	push	{r4, lr}
10005494:	f7ff ffb0 	bl	100053f8 <configuration_reset>
10005498:	f000 fde2 	bl	10006060 <usbd_control_reset>
1000549c:	bd10      	pop	{r4, pc}

1000549e <invoke_class_control>:
1000549e:	b570      	push	{r4, r5, r6, lr}
100054a0:	0005      	movs	r5, r0
100054a2:	000c      	movs	r4, r1
100054a4:	0016      	movs	r6, r2
100054a6:	68c8      	ldr	r0, [r1, #12]
100054a8:	f000 fde4 	bl	10006074 <usbd_control_set_complete_callback>
100054ac:	68e3      	ldr	r3, [r4, #12]
100054ae:	0032      	movs	r2, r6
100054b0:	2101      	movs	r1, #1
100054b2:	0028      	movs	r0, r5
100054b4:	4798      	blx	r3
100054b6:	bd70      	pop	{r4, r5, r6, pc}

100054b8 <process_set_config>:
100054b8:	b5f0      	push	{r4, r5, r6, r7, lr}
100054ba:	46de      	mov	lr, fp
100054bc:	4657      	mov	r7, sl
100054be:	464e      	mov	r6, r9
100054c0:	b5c0      	push	{r6, r7, lr}
100054c2:	b082      	sub	sp, #8
100054c4:	9000      	str	r0, [sp, #0]
100054c6:	3901      	subs	r1, #1
100054c8:	b2c8      	uxtb	r0, r1
100054ca:	f7ff fd29 	bl	10004f20 <tud_descriptor_configuration_cb>
100054ce:	2800      	cmp	r0, #0
100054d0:	d100      	bne.n	100054d4 <process_set_config+0x1c>
100054d2:	e08e      	b.n	100055f2 <process_set_config+0x13a>
100054d4:	7843      	ldrb	r3, [r0, #1]
100054d6:	469a      	mov	sl, r3
100054d8:	2b02      	cmp	r3, #2
100054da:	d000      	beq.n	100054de <process_set_config+0x26>
100054dc:	e08b      	b.n	100055f6 <process_set_config+0x13e>
100054de:	79c5      	ldrb	r5, [r0, #7]
100054e0:	116c      	asrs	r4, r5, #5
100054e2:	2201      	movs	r2, #1
100054e4:	4b4a      	ldr	r3, [pc, #296]	@ (10005610 <process_set_config+0x158>)
100054e6:	4014      	ands	r4, r2
100054e8:	0124      	lsls	r4, r4, #4
100054ea:	7819      	ldrb	r1, [r3, #0]
100054ec:	2610      	movs	r6, #16
100054ee:	43b1      	bics	r1, r6
100054f0:	4321      	orrs	r1, r4
100054f2:	7019      	strb	r1, [r3, #0]
100054f4:	11ad      	asrs	r5, r5, #6
100054f6:	402a      	ands	r2, r5
100054f8:	0152      	lsls	r2, r2, #5
100054fa:	b2c9      	uxtb	r1, r1
100054fc:	2420      	movs	r4, #32
100054fe:	43a1      	bics	r1, r4
10005500:	430a      	orrs	r2, r1
10005502:	701a      	strb	r2, [r3, #0]
10005504:	0007      	movs	r7, r0
10005506:	3709      	adds	r7, #9
10005508:	7882      	ldrb	r2, [r0, #2]
1000550a:	78c3      	ldrb	r3, [r0, #3]
1000550c:	021b      	lsls	r3, r3, #8
1000550e:	4313      	orrs	r3, r2
10005510:	18c4      	adds	r4, r0, r3
10005512:	42a7      	cmp	r7, r4
10005514:	d266      	bcs.n	100055e4 <process_set_config+0x12c>
10005516:	787b      	ldrb	r3, [r7, #1]
10005518:	2b0b      	cmp	r3, #11
1000551a:	d009      	beq.n	10005530 <process_set_config+0x78>
1000551c:	2301      	movs	r3, #1
1000551e:	469b      	mov	fp, r3
10005520:	787b      	ldrb	r3, [r7, #1]
10005522:	2b04      	cmp	r3, #4
10005524:	d16e      	bne.n	10005604 <process_set_config+0x14c>
10005526:	1be3      	subs	r3, r4, r7
10005528:	b29b      	uxth	r3, r3
1000552a:	4699      	mov	r9, r3
1000552c:	2500      	movs	r5, #0
1000552e:	e038      	b.n	100055a2 <process_set_config+0xea>
10005530:	78fb      	ldrb	r3, [r7, #3]
10005532:	469b      	mov	fp, r3
10005534:	783b      	ldrb	r3, [r7, #0]
10005536:	18ff      	adds	r7, r7, r3
10005538:	e7f2      	b.n	10005520 <process_set_config+0x68>
1000553a:	006b      	lsls	r3, r5, #1
1000553c:	195b      	adds	r3, r3, r5
1000553e:	00db      	lsls	r3, r3, #3
10005540:	4a34      	ldr	r2, [pc, #208]	@ (10005614 <process_set_config+0x15c>)
10005542:	6816      	ldr	r6, [r2, #0]
10005544:	18f6      	adds	r6, r6, r3
10005546:	2e00      	cmp	r6, #0
10005548:	d13d      	bne.n	100055c6 <process_set_config+0x10e>
1000554a:	2000      	movs	r0, #0
1000554c:	e054      	b.n	100055f8 <process_set_config+0x140>
1000554e:	002b      	movs	r3, r5
10005550:	e032      	b.n	100055b8 <process_set_config+0x100>
10005552:	68b2      	ldr	r2, [r6, #8]
10005554:	4b30      	ldr	r3, [pc, #192]	@ (10005618 <process_set_config+0x160>)
10005556:	429a      	cmp	r2, r3
10005558:	d142      	bne.n	100055e0 <process_set_config+0x128>
1000555a:	46d3      	mov	fp, sl
1000555c:	e040      	b.n	100055e0 <process_set_config+0x128>
1000555e:	492c      	ldr	r1, [pc, #176]	@ (10005610 <process_set_config+0x158>)
10005560:	18cb      	adds	r3, r1, r3
10005562:	70dd      	strb	r5, [r3, #3]
10005564:	3201      	adds	r2, #1
10005566:	b2d2      	uxtb	r2, r2
10005568:	4593      	cmp	fp, r2
1000556a:	d909      	bls.n	10005580 <process_set_config+0xc8>
1000556c:	78bb      	ldrb	r3, [r7, #2]
1000556e:	189b      	adds	r3, r3, r2
10005570:	b2db      	uxtb	r3, r3
10005572:	4927      	ldr	r1, [pc, #156]	@ (10005610 <process_set_config+0x158>)
10005574:	18c9      	adds	r1, r1, r3
10005576:	78c9      	ldrb	r1, [r1, #3]
10005578:	29ff      	cmp	r1, #255	@ 0xff
1000557a:	d0f0      	beq.n	1000555e <process_set_config+0xa6>
1000557c:	2000      	movs	r0, #0
1000557e:	e03b      	b.n	100055f8 <process_set_config+0x140>
10005580:	4826      	ldr	r0, [pc, #152]	@ (1000561c <process_set_config+0x164>)
10005582:	002b      	movs	r3, r5
10005584:	9e01      	ldr	r6, [sp, #4]
10005586:	0032      	movs	r2, r6
10005588:	0039      	movs	r1, r7
1000558a:	f001 f963 	bl	10006854 <tu_edpt_bind_driver>
1000558e:	46b4      	mov	ip, r6
10005590:	4467      	add	r7, ip
10005592:	4b23      	ldr	r3, [pc, #140]	@ (10005620 <process_set_config+0x168>)
10005594:	781b      	ldrb	r3, [r3, #0]
10005596:	42ab      	cmp	r3, r5
10005598:	d2bb      	bcs.n	10005512 <process_set_config+0x5a>
1000559a:	2000      	movs	r0, #0
1000559c:	e02c      	b.n	100055f8 <process_set_config+0x140>
1000559e:	3501      	adds	r5, #1
100055a0:	b2ed      	uxtb	r5, r5
100055a2:	4b1f      	ldr	r3, [pc, #124]	@ (10005620 <process_set_config+0x168>)
100055a4:	781b      	ldrb	r3, [r3, #0]
100055a6:	42ab      	cmp	r3, r5
100055a8:	d3f3      	bcc.n	10005592 <process_set_config+0xda>
100055aa:	4a1e      	ldr	r2, [pc, #120]	@ (10005624 <process_set_config+0x16c>)
100055ac:	2a00      	cmp	r2, #0
100055ae:	d0ce      	beq.n	1000554e <process_set_config+0x96>
100055b0:	42ab      	cmp	r3, r5
100055b2:	d8c2      	bhi.n	1000553a <process_set_config+0x82>
100055b4:	1aeb      	subs	r3, r5, r3
100055b6:	b2db      	uxtb	r3, r3
100055b8:	2b00      	cmp	r3, #0
100055ba:	d125      	bne.n	10005608 <process_set_config+0x150>
100055bc:	005e      	lsls	r6, r3, #1
100055be:	18f6      	adds	r6, r6, r3
100055c0:	00f6      	lsls	r6, r6, #3
100055c2:	4b19      	ldr	r3, [pc, #100]	@ (10005628 <process_set_config+0x170>)
100055c4:	18f6      	adds	r6, r6, r3
100055c6:	68b3      	ldr	r3, [r6, #8]
100055c8:	464a      	mov	r2, r9
100055ca:	0039      	movs	r1, r7
100055cc:	9800      	ldr	r0, [sp, #0]
100055ce:	4798      	blx	r3
100055d0:	9001      	str	r0, [sp, #4]
100055d2:	2808      	cmp	r0, #8
100055d4:	d9e3      	bls.n	1000559e <process_set_config+0xe6>
100055d6:	4581      	cmp	r9, r0
100055d8:	d3e1      	bcc.n	1000559e <process_set_config+0xe6>
100055da:	465b      	mov	r3, fp
100055dc:	2b01      	cmp	r3, #1
100055de:	d0b8      	beq.n	10005552 <process_set_config+0x9a>
100055e0:	2200      	movs	r2, #0
100055e2:	e7c1      	b.n	10005568 <process_set_config+0xb0>
100055e4:	4b11      	ldr	r3, [pc, #68]	@ (1000562c <process_set_config+0x174>)
100055e6:	2b00      	cmp	r3, #0
100055e8:	d010      	beq.n	1000560c <process_set_config+0x154>
100055ea:	e000      	b.n	100055ee <process_set_config+0x136>
100055ec:	bf00      	nop
100055ee:	2001      	movs	r0, #1
100055f0:	e002      	b.n	100055f8 <process_set_config+0x140>
100055f2:	2000      	movs	r0, #0
100055f4:	e000      	b.n	100055f8 <process_set_config+0x140>
100055f6:	2000      	movs	r0, #0
100055f8:	b002      	add	sp, #8
100055fa:	bce0      	pop	{r5, r6, r7}
100055fc:	46bb      	mov	fp, r7
100055fe:	46b2      	mov	sl, r6
10005600:	46a9      	mov	r9, r5
10005602:	bdf0      	pop	{r4, r5, r6, r7, pc}
10005604:	2000      	movs	r0, #0
10005606:	e7f7      	b.n	100055f8 <process_set_config+0x140>
10005608:	2000      	movs	r0, #0
1000560a:	e7f5      	b.n	100055f8 <process_set_config+0x140>
1000560c:	2001      	movs	r0, #1
1000560e:	e7f3      	b.n	100055f8 <process_set_config+0x140>
10005610:	20001700 	.word	0x20001700
10005614:	200013d8 	.word	0x200013d8
10005618:	1000641d 	.word	0x1000641d
1000561c:	20001713 	.word	0x20001713
10005620:	2000205d 	.word	0x2000205d
10005624:	10004a35 	.word	0x10004a35
10005628:	10009120 	.word	0x10009120
1000562c:	00000000 	.word	0x00000000

10005630 <process_get_descriptor>:
10005630:	b570      	push	{r4, r5, r6, lr}
10005632:	0005      	movs	r5, r0
10005634:	000c      	movs	r4, r1
10005636:	78cb      	ldrb	r3, [r1, #3]
10005638:	7888      	ldrb	r0, [r1, #2]
1000563a:	2b0f      	cmp	r3, #15
1000563c:	d850      	bhi.n	100056e0 <process_get_descriptor+0xb0>
1000563e:	009a      	lsls	r2, r3, #2
10005640:	492e      	ldr	r1, [pc, #184]	@ (100056fc <process_get_descriptor+0xcc>)
10005642:	588a      	ldr	r2, [r1, r2]
10005644:	4697      	mov	pc, r2
10005646:	f7ff fc67 	bl	10004f18 <tud_descriptor_device_cb>
1000564a:	0002      	movs	r2, r0
1000564c:	2312      	movs	r3, #18
1000564e:	0021      	movs	r1, r4
10005650:	0028      	movs	r0, r5
10005652:	f000 fcd1 	bl	10005ff8 <tud_control_xfer>
10005656:	e044      	b.n	100056e2 <process_get_descriptor+0xb2>
10005658:	4b29      	ldr	r3, [pc, #164]	@ (10005700 <process_get_descriptor+0xd0>)
1000565a:	2b00      	cmp	r3, #0
1000565c:	d042      	beq.n	100056e4 <process_get_descriptor+0xb4>
1000565e:	e000      	b.n	10005662 <process_get_descriptor+0x32>
10005660:	bf00      	nop
10005662:	1e02      	subs	r2, r0, #0
10005664:	d040      	beq.n	100056e8 <process_get_descriptor+0xb8>
10005666:	7881      	ldrb	r1, [r0, #2]
10005668:	78c3      	ldrb	r3, [r0, #3]
1000566a:	021b      	lsls	r3, r3, #8
1000566c:	430b      	orrs	r3, r1
1000566e:	0021      	movs	r1, r4
10005670:	0028      	movs	r0, r5
10005672:	f000 fcc1 	bl	10005ff8 <tud_control_xfer>
10005676:	e034      	b.n	100056e2 <process_get_descriptor+0xb2>
10005678:	2b02      	cmp	r3, #2
1000567a:	d009      	beq.n	10005690 <process_get_descriptor+0x60>
1000567c:	4b21      	ldr	r3, [pc, #132]	@ (10005704 <process_get_descriptor+0xd4>)
1000567e:	2b00      	cmp	r3, #0
10005680:	d034      	beq.n	100056ec <process_get_descriptor+0xbc>
10005682:	e000      	b.n	10005686 <process_get_descriptor+0x56>
10005684:	bf00      	nop
10005686:	0002      	movs	r2, r0
10005688:	2a00      	cmp	r2, #0
1000568a:	d105      	bne.n	10005698 <process_get_descriptor+0x68>
1000568c:	2000      	movs	r0, #0
1000568e:	e028      	b.n	100056e2 <process_get_descriptor+0xb2>
10005690:	f7ff fc46 	bl	10004f20 <tud_descriptor_configuration_cb>
10005694:	0002      	movs	r2, r0
10005696:	e7f7      	b.n	10005688 <process_get_descriptor+0x58>
10005698:	7891      	ldrb	r1, [r2, #2]
1000569a:	78d3      	ldrb	r3, [r2, #3]
1000569c:	021b      	lsls	r3, r3, #8
1000569e:	430b      	orrs	r3, r1
100056a0:	0021      	movs	r1, r4
100056a2:	0028      	movs	r0, r5
100056a4:	f000 fca8 	bl	10005ff8 <tud_control_xfer>
100056a8:	e01b      	b.n	100056e2 <process_get_descriptor+0xb2>
100056aa:	7923      	ldrb	r3, [r4, #4]
100056ac:	7961      	ldrb	r1, [r4, #5]
100056ae:	0209      	lsls	r1, r1, #8
100056b0:	4319      	orrs	r1, r3
100056b2:	f7ff fc39 	bl	10004f28 <tud_descriptor_string_cb>
100056b6:	1e02      	subs	r2, r0, #0
100056b8:	d01a      	beq.n	100056f0 <process_get_descriptor+0xc0>
100056ba:	7803      	ldrb	r3, [r0, #0]
100056bc:	0021      	movs	r1, r4
100056be:	0028      	movs	r0, r5
100056c0:	f000 fc9a 	bl	10005ff8 <tud_control_xfer>
100056c4:	e00d      	b.n	100056e2 <process_get_descriptor+0xb2>
100056c6:	4b10      	ldr	r3, [pc, #64]	@ (10005708 <process_get_descriptor+0xd8>)
100056c8:	2b00      	cmp	r3, #0
100056ca:	d013      	beq.n	100056f4 <process_get_descriptor+0xc4>
100056cc:	e000      	b.n	100056d0 <process_get_descriptor+0xa0>
100056ce:	bf00      	nop
100056d0:	1e02      	subs	r2, r0, #0
100056d2:	d011      	beq.n	100056f8 <process_get_descriptor+0xc8>
100056d4:	7803      	ldrb	r3, [r0, #0]
100056d6:	0021      	movs	r1, r4
100056d8:	0028      	movs	r0, r5
100056da:	f000 fc8d 	bl	10005ff8 <tud_control_xfer>
100056de:	e000      	b.n	100056e2 <process_get_descriptor+0xb2>
100056e0:	2000      	movs	r0, #0
100056e2:	bd70      	pop	{r4, r5, r6, pc}
100056e4:	2000      	movs	r0, #0
100056e6:	e7fc      	b.n	100056e2 <process_get_descriptor+0xb2>
100056e8:	2000      	movs	r0, #0
100056ea:	e7fa      	b.n	100056e2 <process_get_descriptor+0xb2>
100056ec:	2000      	movs	r0, #0
100056ee:	e7f8      	b.n	100056e2 <process_get_descriptor+0xb2>
100056f0:	2000      	movs	r0, #0
100056f2:	e7f6      	b.n	100056e2 <process_get_descriptor+0xb2>
100056f4:	2000      	movs	r0, #0
100056f6:	e7f4      	b.n	100056e2 <process_get_descriptor+0xb2>
100056f8:	2000      	movs	r0, #0
100056fa:	e7f2      	b.n	100056e2 <process_get_descriptor+0xb2>
100056fc:	10009094 	.word	0x10009094
	...

1000570c <tud_mounted>:
1000570c:	4b02      	ldr	r3, [pc, #8]	@ (10005718 <tud_mounted+0xc>)
1000570e:	7858      	ldrb	r0, [r3, #1]
10005710:	1e43      	subs	r3, r0, #1
10005712:	4198      	sbcs	r0, r3
10005714:	b2c0      	uxtb	r0, r0
10005716:	4770      	bx	lr
10005718:	20001700 	.word	0x20001700

1000571c <tud_suspended>:
1000571c:	4b02      	ldr	r3, [pc, #8]	@ (10005728 <tud_suspended+0xc>)
1000571e:	7818      	ldrb	r0, [r3, #0]
10005720:	0740      	lsls	r0, r0, #29
10005722:	0fc0      	lsrs	r0, r0, #31
10005724:	4770      	bx	lr
10005726:	46c0      	nop			@ (mov r8, r8)
10005728:	20001700 	.word	0x20001700

1000572c <tud_inited>:
1000572c:	4b03      	ldr	r3, [pc, #12]	@ (1000573c <tud_inited+0x10>)
1000572e:	7818      	ldrb	r0, [r3, #0]
10005730:	38ff      	subs	r0, #255	@ 0xff
10005732:	1e43      	subs	r3, r0, #1
10005734:	4198      	sbcs	r0, r3
10005736:	b2c0      	uxtb	r0, r0
10005738:	4770      	bx	lr
1000573a:	46c0      	nop			@ (mov r8, r8)
1000573c:	20000bdc 	.word	0x20000bdc

10005740 <tud_init>:
10005740:	b570      	push	{r4, r5, r6, lr}
10005742:	0004      	movs	r4, r0
10005744:	f7ff fff2 	bl	1000572c <tud_inited>
10005748:	1e06      	subs	r6, r0, #0
1000574a:	d001      	beq.n	10005750 <tud_init+0x10>
1000574c:	0030      	movs	r0, r6
1000574e:	bd70      	pop	{r4, r5, r6, pc}
10005750:	4825      	ldr	r0, [pc, #148]	@ (100057e8 <tud_init+0xa8>)
10005752:	2253      	movs	r2, #83	@ 0x53
10005754:	2100      	movs	r1, #0
10005756:	f7fe fee9 	bl	1000452c <__wrap_memset>
1000575a:	4d24      	ldr	r5, [pc, #144]	@ (100057ec <tud_init+0xac>)
1000575c:	0028      	movs	r0, r5
1000575e:	f7fb fba4 	bl	10000eaa <mutex_init>
10005762:	4b23      	ldr	r3, [pc, #140]	@ (100057f0 <tud_init+0xb0>)
10005764:	601d      	str	r5, [r3, #0]
10005766:	4d23      	ldr	r5, [pc, #140]	@ (100057f4 <tud_init+0xb4>)
10005768:	0028      	movs	r0, r5
1000576a:	f7fb fbc5 	bl	10000ef8 <critical_section_init>
1000576e:	3d14      	subs	r5, #20
10005770:	0028      	movs	r0, r5
10005772:	f001 fbc6 	bl	10006f02 <tu_fifo_clear>
10005776:	4b20      	ldr	r3, [pc, #128]	@ (100057f8 <tud_init+0xb8>)
10005778:	601d      	str	r5, [r3, #0]
1000577a:	4b20      	ldr	r3, [pc, #128]	@ (100057fc <tud_init+0xbc>)
1000577c:	2b00      	cmp	r3, #0
1000577e:	d004      	beq.n	1000578a <tud_init+0x4a>
10005780:	481f      	ldr	r0, [pc, #124]	@ (10005800 <tud_init+0xc0>)
10005782:	f7ff f957 	bl	10004a34 <usbd_app_driver_get_cb>
10005786:	4b1f      	ldr	r3, [pc, #124]	@ (10005804 <tud_init+0xc4>)
10005788:	6018      	str	r0, [r3, #0]
1000578a:	2500      	movs	r5, #0
1000578c:	e013      	b.n	100057b6 <tud_init+0x76>
1000578e:	006a      	lsls	r2, r5, #1
10005790:	1952      	adds	r2, r2, r5
10005792:	00d2      	lsls	r2, r2, #3
10005794:	4b1b      	ldr	r3, [pc, #108]	@ (10005804 <tud_init+0xc4>)
10005796:	681b      	ldr	r3, [r3, #0]
10005798:	189b      	adds	r3, r3, r2
1000579a:	2b00      	cmp	r3, #0
1000579c:	d107      	bne.n	100057ae <tud_init+0x6e>
1000579e:	e7d5      	b.n	1000574c <tud_init+0xc>
100057a0:	002b      	movs	r3, r5
100057a2:	e013      	b.n	100057cc <tud_init+0x8c>
100057a4:	005a      	lsls	r2, r3, #1
100057a6:	18d3      	adds	r3, r2, r3
100057a8:	00db      	lsls	r3, r3, #3
100057aa:	4a17      	ldr	r2, [pc, #92]	@ (10005808 <tud_init+0xc8>)
100057ac:	189b      	adds	r3, r3, r2
100057ae:	681b      	ldr	r3, [r3, #0]
100057b0:	4798      	blx	r3
100057b2:	3501      	adds	r5, #1
100057b4:	b2ed      	uxtb	r5, r5
100057b6:	4b12      	ldr	r3, [pc, #72]	@ (10005800 <tud_init+0xc0>)
100057b8:	781b      	ldrb	r3, [r3, #0]
100057ba:	42ab      	cmp	r3, r5
100057bc:	d309      	bcc.n	100057d2 <tud_init+0x92>
100057be:	4a0f      	ldr	r2, [pc, #60]	@ (100057fc <tud_init+0xbc>)
100057c0:	2a00      	cmp	r2, #0
100057c2:	d0ed      	beq.n	100057a0 <tud_init+0x60>
100057c4:	42ab      	cmp	r3, r5
100057c6:	d8e2      	bhi.n	1000578e <tud_init+0x4e>
100057c8:	1aeb      	subs	r3, r5, r3
100057ca:	b2db      	uxtb	r3, r3
100057cc:	2b00      	cmp	r3, #0
100057ce:	d0e9      	beq.n	100057a4 <tud_init+0x64>
100057d0:	e7bc      	b.n	1000574c <tud_init+0xc>
100057d2:	4b0e      	ldr	r3, [pc, #56]	@ (1000580c <tud_init+0xcc>)
100057d4:	701c      	strb	r4, [r3, #0]
100057d6:	0020      	movs	r0, r4
100057d8:	f7ff fd0e 	bl	100051f8 <dcd_init>
100057dc:	0020      	movs	r0, r4
100057de:	f7ff fcd7 	bl	10005190 <dcd_int_enable>
100057e2:	2601      	movs	r6, #1
100057e4:	e7b2      	b.n	1000574c <tud_init+0xc>
100057e6:	46c0      	nop			@ (mov r8, r8)
100057e8:	20001700 	.word	0x20001700
100057ec:	200016b8 	.word	0x200016b8
100057f0:	20001754 	.word	0x20001754
100057f4:	20000bd4 	.word	0x20000bd4
100057f8:	20001758 	.word	0x20001758
100057fc:	10004a35 	.word	0x10004a35
10005800:	2000205d 	.word	0x2000205d
10005804:	200013d8 	.word	0x200013d8
10005808:	10009120 	.word	0x10009120
1000580c:	20000bdc 	.word	0x20000bdc

10005810 <usbd_defer_func>:
10005810:	b5f0      	push	{r4, r5, r6, r7, lr}
10005812:	b085      	sub	sp, #20
10005814:	0007      	movs	r7, r0
10005816:	000e      	movs	r6, r1
10005818:	0015      	movs	r5, r2
1000581a:	ac01      	add	r4, sp, #4
1000581c:	220c      	movs	r2, #12
1000581e:	2100      	movs	r1, #0
10005820:	0020      	movs	r0, r4
10005822:	f7fe fe83 	bl	1000452c <__wrap_memset>
10005826:	2308      	movs	r3, #8
10005828:	7063      	strb	r3, [r4, #1]
1000582a:	9702      	str	r7, [sp, #8]
1000582c:	9603      	str	r6, [sp, #12]
1000582e:	0029      	movs	r1, r5
10005830:	0020      	movs	r0, r4
10005832:	f002 f8c5 	bl	100079c0 <__dcd_event_handler_veneer>
10005836:	b005      	add	sp, #20
10005838:	bdf0      	pop	{r4, r5, r6, r7, pc}
	...

1000583c <usbd_edpt_open>:
1000583c:	b570      	push	{r4, r5, r6, lr}
1000583e:	000c      	movs	r4, r1
10005840:	4b09      	ldr	r3, [pc, #36]	@ (10005868 <usbd_edpt_open+0x2c>)
10005842:	781d      	ldrb	r5, [r3, #0]
10005844:	788b      	ldrb	r3, [r1, #2]
10005846:	2270      	movs	r2, #112	@ 0x70
10005848:	421a      	tst	r2, r3
1000584a:	d001      	beq.n	10005850 <usbd_edpt_open+0x14>
1000584c:	2000      	movs	r0, #0
1000584e:	bd70      	pop	{r4, r5, r6, pc}
10005850:	4b06      	ldr	r3, [pc, #24]	@ (1000586c <usbd_edpt_open+0x30>)
10005852:	7899      	ldrb	r1, [r3, #2]
10005854:	0020      	movs	r0, r4
10005856:	f000 ffc1 	bl	100067dc <tu_edpt_validate>
1000585a:	2800      	cmp	r0, #0
1000585c:	d0f7      	beq.n	1000584e <usbd_edpt_open+0x12>
1000585e:	0021      	movs	r1, r4
10005860:	0028      	movs	r0, r5
10005862:	f7ff fd17 	bl	10005294 <dcd_edpt_open>
10005866:	e7f2      	b.n	1000584e <usbd_edpt_open+0x12>
10005868:	20000bdc 	.word	0x20000bdc
1000586c:	20001700 	.word	0x20001700

10005870 <usbd_open_edpt_pair>:
10005870:	b5f8      	push	{r3, r4, r5, r6, r7, lr}
10005872:	46ce      	mov	lr, r9
10005874:	4647      	mov	r7, r8
10005876:	b580      	push	{r7, lr}
10005878:	4681      	mov	r9, r0
1000587a:	000c      	movs	r4, r1
1000587c:	0017      	movs	r7, r2
1000587e:	001e      	movs	r6, r3
10005880:	9b08      	ldr	r3, [sp, #32]
10005882:	4698      	mov	r8, r3
10005884:	2500      	movs	r5, #0
10005886:	e004      	b.n	10005892 <usbd_open_edpt_pair+0x22>
10005888:	9a09      	ldr	r2, [sp, #36]	@ 0x24
1000588a:	7013      	strb	r3, [r2, #0]
1000588c:	7823      	ldrb	r3, [r4, #0]
1000588e:	18e4      	adds	r4, r4, r3
10005890:	3501      	adds	r5, #1
10005892:	42af      	cmp	r7, r5
10005894:	dd14      	ble.n	100058c0 <usbd_open_edpt_pair+0x50>
10005896:	7863      	ldrb	r3, [r4, #1]
10005898:	2b05      	cmp	r3, #5
1000589a:	d116      	bne.n	100058ca <usbd_open_edpt_pair+0x5a>
1000589c:	78e1      	ldrb	r1, [r4, #3]
1000589e:	0789      	lsls	r1, r1, #30
100058a0:	0f89      	lsrs	r1, r1, #30
100058a2:	42b1      	cmp	r1, r6
100058a4:	d113      	bne.n	100058ce <usbd_open_edpt_pair+0x5e>
100058a6:	0021      	movs	r1, r4
100058a8:	4648      	mov	r0, r9
100058aa:	f7ff ffc7 	bl	1000583c <usbd_edpt_open>
100058ae:	2800      	cmp	r0, #0
100058b0:	d007      	beq.n	100058c2 <usbd_open_edpt_pair+0x52>
100058b2:	78a3      	ldrb	r3, [r4, #2]
100058b4:	09da      	lsrs	r2, r3, #7
100058b6:	2a01      	cmp	r2, #1
100058b8:	d0e6      	beq.n	10005888 <usbd_open_edpt_pair+0x18>
100058ba:	4642      	mov	r2, r8
100058bc:	7013      	strb	r3, [r2, #0]
100058be:	e7e5      	b.n	1000588c <usbd_open_edpt_pair+0x1c>
100058c0:	2001      	movs	r0, #1
100058c2:	bcc0      	pop	{r6, r7}
100058c4:	46b9      	mov	r9, r7
100058c6:	46b0      	mov	r8, r6
100058c8:	bdf8      	pop	{r3, r4, r5, r6, r7, pc}
100058ca:	2000      	movs	r0, #0
100058cc:	e7f9      	b.n	100058c2 <usbd_open_edpt_pair+0x52>
100058ce:	2000      	movs	r0, #0
100058d0:	e7f7      	b.n	100058c2 <usbd_open_edpt_pair+0x52>
	...

100058d4 <usbd_edpt_claim>:
100058d4:	b510      	push	{r4, lr}
100058d6:	207f      	movs	r0, #127	@ 0x7f
100058d8:	4008      	ands	r0, r1
100058da:	09c9      	lsrs	r1, r1, #7
100058dc:	0040      	lsls	r0, r0, #1
100058de:	1840      	adds	r0, r0, r1
100058e0:	3030      	adds	r0, #48	@ 0x30
100058e2:	4b04      	ldr	r3, [pc, #16]	@ (100058f4 <usbd_edpt_claim+0x20>)
100058e4:	18c0      	adds	r0, r0, r3
100058e6:	3003      	adds	r0, #3
100058e8:	4b03      	ldr	r3, [pc, #12]	@ (100058f8 <usbd_edpt_claim+0x24>)
100058ea:	6819      	ldr	r1, [r3, #0]
100058ec:	f000 ff32 	bl	10006754 <tu_edpt_claim>
100058f0:	bd10      	pop	{r4, pc}
100058f2:	46c0      	nop			@ (mov r8, r8)
100058f4:	20001700 	.word	0x20001700
100058f8:	20001754 	.word	0x20001754

100058fc <usbd_edpt_release>:
100058fc:	b510      	push	{r4, lr}
100058fe:	207f      	movs	r0, #127	@ 0x7f
10005900:	4008      	ands	r0, r1
10005902:	09c9      	lsrs	r1, r1, #7
10005904:	0040      	lsls	r0, r0, #1
10005906:	1840      	adds	r0, r0, r1
10005908:	3030      	adds	r0, #48	@ 0x30
1000590a:	4b04      	ldr	r3, [pc, #16]	@ (1000591c <usbd_edpt_release+0x20>)
1000590c:	18c0      	adds	r0, r0, r3
1000590e:	3003      	adds	r0, #3
10005910:	4b03      	ldr	r3, [pc, #12]	@ (10005920 <usbd_edpt_release+0x24>)
10005912:	6819      	ldr	r1, [r3, #0]
10005914:	f000 ff46 	bl	100067a4 <tu_edpt_release>
10005918:	bd10      	pop	{r4, pc}
1000591a:	46c0      	nop			@ (mov r8, r8)
1000591c:	20001700 	.word	0x20001700
10005920:	20001754 	.word	0x20001754

10005924 <usbd_edpt_xfer>:
10005924:	b5f8      	push	{r3, r4, r5, r6, r7, lr}
10005926:	46ce      	mov	lr, r9
10005928:	4647      	mov	r7, r8
1000592a:	b580      	push	{r7, lr}
1000592c:	4819      	ldr	r0, [pc, #100]	@ (10005994 <usbd_edpt_xfer+0x70>)
1000592e:	7800      	ldrb	r0, [r0, #0]
10005930:	257f      	movs	r5, #127	@ 0x7f
10005932:	400d      	ands	r5, r1
10005934:	09ce      	lsrs	r6, r1, #7
10005936:	4c18      	ldr	r4, [pc, #96]	@ (10005998 <usbd_edpt_xfer+0x74>)
10005938:	006f      	lsls	r7, r5, #1
1000593a:	19e4      	adds	r4, r4, r7
1000593c:	19a4      	adds	r4, r4, r6
1000593e:	3430      	adds	r4, #48	@ 0x30
10005940:	78e4      	ldrb	r4, [r4, #3]
10005942:	07e4      	lsls	r4, r4, #31
10005944:	d504      	bpl.n	10005950 <usbd_edpt_xfer+0x2c>
10005946:	2000      	movs	r0, #0
10005948:	bcc0      	pop	{r6, r7}
1000594a:	46b9      	mov	r9, r7
1000594c:	46b0      	mov	r8, r6
1000594e:	bdf8      	pop	{r3, r4, r5, r6, r7, pc}
10005950:	4c11      	ldr	r4, [pc, #68]	@ (10005998 <usbd_edpt_xfer+0x74>)
10005952:	19e4      	adds	r4, r4, r7
10005954:	19a4      	adds	r4, r4, r6
10005956:	2730      	movs	r7, #48	@ 0x30
10005958:	46b9      	mov	r9, r7
1000595a:	44a1      	add	r9, r4
1000595c:	464c      	mov	r4, r9
1000595e:	78e4      	ldrb	r4, [r4, #3]
10005960:	2701      	movs	r7, #1
10005962:	46bc      	mov	ip, r7
10005964:	4667      	mov	r7, ip
10005966:	433c      	orrs	r4, r7
10005968:	0027      	movs	r7, r4
1000596a:	464c      	mov	r4, r9
1000596c:	70e7      	strb	r7, [r4, #3]
1000596e:	f7ff fcb5 	bl	100052dc <dcd_edpt_xfer>
10005972:	2800      	cmp	r0, #0
10005974:	d1e8      	bne.n	10005948 <usbd_edpt_xfer+0x24>
10005976:	4b08      	ldr	r3, [pc, #32]	@ (10005998 <usbd_edpt_xfer+0x74>)
10005978:	006d      	lsls	r5, r5, #1
1000597a:	195b      	adds	r3, r3, r5
1000597c:	199b      	adds	r3, r3, r6
1000597e:	3330      	adds	r3, #48	@ 0x30
10005980:	78da      	ldrb	r2, [r3, #3]
10005982:	2101      	movs	r1, #1
10005984:	438a      	bics	r2, r1
10005986:	70da      	strb	r2, [r3, #3]
10005988:	78da      	ldrb	r2, [r3, #3]
1000598a:	3103      	adds	r1, #3
1000598c:	438a      	bics	r2, r1
1000598e:	70da      	strb	r2, [r3, #3]
10005990:	e7da      	b.n	10005948 <usbd_edpt_xfer+0x24>
10005992:	46c0      	nop			@ (mov r8, r8)
10005994:	20000bdc 	.word	0x20000bdc
10005998:	20001700 	.word	0x20001700

1000599c <usbd_edpt_stall>:
1000599c:	b570      	push	{r4, r5, r6, lr}
1000599e:	4b0f      	ldr	r3, [pc, #60]	@ (100059dc <usbd_edpt_stall+0x40>)
100059a0:	7818      	ldrb	r0, [r3, #0]
100059a2:	247f      	movs	r4, #127	@ 0x7f
100059a4:	400c      	ands	r4, r1
100059a6:	09cd      	lsrs	r5, r1, #7
100059a8:	4b0d      	ldr	r3, [pc, #52]	@ (100059e0 <usbd_edpt_stall+0x44>)
100059aa:	0062      	lsls	r2, r4, #1
100059ac:	189b      	adds	r3, r3, r2
100059ae:	195b      	adds	r3, r3, r5
100059b0:	3330      	adds	r3, #48	@ 0x30
100059b2:	78db      	ldrb	r3, [r3, #3]
100059b4:	079b      	lsls	r3, r3, #30
100059b6:	d500      	bpl.n	100059ba <usbd_edpt_stall+0x1e>
100059b8:	bd70      	pop	{r4, r5, r6, pc}
100059ba:	f7ff fca9 	bl	10005310 <dcd_edpt_stall>
100059be:	4b08      	ldr	r3, [pc, #32]	@ (100059e0 <usbd_edpt_stall+0x44>)
100059c0:	0064      	lsls	r4, r4, #1
100059c2:	191b      	adds	r3, r3, r4
100059c4:	195b      	adds	r3, r3, r5
100059c6:	3330      	adds	r3, #48	@ 0x30
100059c8:	78da      	ldrb	r2, [r3, #3]
100059ca:	2102      	movs	r1, #2
100059cc:	430a      	orrs	r2, r1
100059ce:	70da      	strb	r2, [r3, #3]
100059d0:	78da      	ldrb	r2, [r3, #3]
100059d2:	2101      	movs	r1, #1
100059d4:	430a      	orrs	r2, r1
100059d6:	70da      	strb	r2, [r3, #3]
100059d8:	e7ee      	b.n	100059b8 <usbd_edpt_stall+0x1c>
100059da:	46c0      	nop			@ (mov r8, r8)
100059dc:	20000bdc 	.word	0x20000bdc
100059e0:	20001700 	.word	0x20001700

100059e4 <usbd_edpt_clear_stall>:
100059e4:	b570      	push	{r4, r5, r6, lr}
100059e6:	4b0f      	ldr	r3, [pc, #60]	@ (10005a24 <usbd_edpt_clear_stall+0x40>)
100059e8:	7818      	ldrb	r0, [r3, #0]
100059ea:	247f      	movs	r4, #127	@ 0x7f
100059ec:	400c      	ands	r4, r1
100059ee:	09cd      	lsrs	r5, r1, #7
100059f0:	4b0d      	ldr	r3, [pc, #52]	@ (10005a28 <usbd_edpt_clear_stall+0x44>)
100059f2:	0062      	lsls	r2, r4, #1
100059f4:	189b      	adds	r3, r3, r2
100059f6:	195b      	adds	r3, r3, r5
100059f8:	3330      	adds	r3, #48	@ 0x30
100059fa:	78db      	ldrb	r3, [r3, #3]
100059fc:	079b      	lsls	r3, r3, #30
100059fe:	d400      	bmi.n	10005a02 <usbd_edpt_clear_stall+0x1e>
10005a00:	bd70      	pop	{r4, r5, r6, pc}
10005a02:	f7ff fc9b 	bl	1000533c <dcd_edpt_clear_stall>
10005a06:	4b08      	ldr	r3, [pc, #32]	@ (10005a28 <usbd_edpt_clear_stall+0x44>)
10005a08:	0064      	lsls	r4, r4, #1
10005a0a:	191b      	adds	r3, r3, r4
10005a0c:	195b      	adds	r3, r3, r5
10005a0e:	3330      	adds	r3, #48	@ 0x30
10005a10:	78da      	ldrb	r2, [r3, #3]
10005a12:	2102      	movs	r1, #2
10005a14:	438a      	bics	r2, r1
10005a16:	70da      	strb	r2, [r3, #3]
10005a18:	78da      	ldrb	r2, [r3, #3]
10005a1a:	3901      	subs	r1, #1
10005a1c:	438a      	bics	r2, r1
10005a1e:	70da      	strb	r2, [r3, #3]
10005a20:	e7ee      	b.n	10005a00 <usbd_edpt_clear_stall+0x1c>
10005a22:	46c0      	nop			@ (mov r8, r8)
10005a24:	20000bdc 	.word	0x20000bdc
10005a28:	20001700 	.word	0x20001700

10005a2c <usbd_edpt_stalled>:
10005a2c:	227f      	movs	r2, #127	@ 0x7f
10005a2e:	400a      	ands	r2, r1
10005a30:	09c9      	lsrs	r1, r1, #7
10005a32:	4b04      	ldr	r3, [pc, #16]	@ (10005a44 <usbd_edpt_stalled+0x18>)
10005a34:	0052      	lsls	r2, r2, #1
10005a36:	189b      	adds	r3, r3, r2
10005a38:	185b      	adds	r3, r3, r1
10005a3a:	3330      	adds	r3, #48	@ 0x30
10005a3c:	78d8      	ldrb	r0, [r3, #3]
10005a3e:	0780      	lsls	r0, r0, #30
10005a40:	0fc0      	lsrs	r0, r0, #31
10005a42:	4770      	bx	lr
10005a44:	20001700 	.word	0x20001700

10005a48 <process_control_request>:
10005a48:	b5f0      	push	{r4, r5, r6, r7, lr}
10005a4a:	b085      	sub	sp, #20
10005a4c:	0005      	movs	r5, r0
10005a4e:	000c      	movs	r4, r1
10005a50:	2000      	movs	r0, #0
10005a52:	f000 fb0f 	bl	10006074 <usbd_control_set_complete_callback>
10005a56:	7822      	ldrb	r2, [r4, #0]
10005a58:	2360      	movs	r3, #96	@ 0x60
10005a5a:	4013      	ands	r3, r2
10005a5c:	2b60      	cmp	r3, #96	@ 0x60
10005a5e:	d100      	bne.n	10005a62 <process_control_request+0x1a>
10005a60:	e17e      	b.n	10005d60 <process_control_request+0x318>
10005a62:	2b40      	cmp	r3, #64	@ 0x40
10005a64:	d018      	beq.n	10005a98 <process_control_request+0x50>
10005a66:	7822      	ldrb	r2, [r4, #0]
10005a68:	06d2      	lsls	r2, r2, #27
10005a6a:	0ed2      	lsrs	r2, r2, #27
10005a6c:	2a01      	cmp	r2, #1
10005a6e:	d100      	bne.n	10005a72 <process_control_request+0x2a>
10005a70:	e0c4      	b.n	10005bfc <process_control_request+0x1b4>
10005a72:	2a02      	cmp	r2, #2
10005a74:	d100      	bne.n	10005a78 <process_control_request+0x30>
10005a76:	e10a      	b.n	10005c8e <process_control_request+0x246>
10005a78:	2a00      	cmp	r2, #0
10005a7a:	d000      	beq.n	10005a7e <process_control_request+0x36>
10005a7c:	e175      	b.n	10005d6a <process_control_request+0x322>
10005a7e:	2b20      	cmp	r3, #32
10005a80:	d017      	beq.n	10005ab2 <process_control_request+0x6a>
10005a82:	2b00      	cmp	r3, #0
10005a84:	d000      	beq.n	10005a88 <process_control_request+0x40>
10005a86:	e176      	b.n	10005d76 <process_control_request+0x32e>
10005a88:	7863      	ldrb	r3, [r4, #1]
10005a8a:	2b09      	cmp	r3, #9
10005a8c:	d900      	bls.n	10005a90 <process_control_request+0x48>
10005a8e:	e174      	b.n	10005d7a <process_control_request+0x332>
10005a90:	009b      	lsls	r3, r3, #2
10005a92:	4ac1      	ldr	r2, [pc, #772]	@ (10005d98 <process_control_request+0x350>)
10005a94:	58d3      	ldr	r3, [r2, r3]
10005a96:	469f      	mov	pc, r3
10005a98:	4bc0      	ldr	r3, [pc, #768]	@ (10005d9c <process_control_request+0x354>)
10005a9a:	2b00      	cmp	r3, #0
10005a9c:	d100      	bne.n	10005aa0 <process_control_request+0x58>
10005a9e:	e162      	b.n	10005d66 <process_control_request+0x31e>
10005aa0:	0018      	movs	r0, r3
10005aa2:	f000 fae7 	bl	10006074 <usbd_control_set_complete_callback>
10005aa6:	0022      	movs	r2, r4
10005aa8:	2101      	movs	r1, #1
10005aaa:	0028      	movs	r0, r5
10005aac:	e000      	b.n	10005ab0 <process_control_request+0x68>
10005aae:	bf00      	nop
10005ab0:	e157      	b.n	10005d62 <process_control_request+0x31a>
10005ab2:	7923      	ldrb	r3, [r4, #4]
10005ab4:	2b0f      	cmp	r3, #15
10005ab6:	d900      	bls.n	10005aba <process_control_request+0x72>
10005ab8:	e159      	b.n	10005d6e <process_control_request+0x326>
10005aba:	4ab9      	ldr	r2, [pc, #740]	@ (10005da0 <process_control_request+0x358>)
10005abc:	18d3      	adds	r3, r2, r3
10005abe:	78db      	ldrb	r3, [r3, #3]
10005ac0:	4ab8      	ldr	r2, [pc, #736]	@ (10005da4 <process_control_request+0x35c>)
10005ac2:	2a00      	cmp	r2, #0
10005ac4:	d005      	beq.n	10005ad2 <process_control_request+0x8a>
10005ac6:	4ab8      	ldr	r2, [pc, #736]	@ (10005da8 <process_control_request+0x360>)
10005ac8:	7812      	ldrb	r2, [r2, #0]
10005aca:	4293      	cmp	r3, r2
10005acc:	d30e      	bcc.n	10005aec <process_control_request+0xa4>
10005ace:	1a9b      	subs	r3, r3, r2
10005ad0:	b2db      	uxtb	r3, r3
10005ad2:	2b00      	cmp	r3, #0
10005ad4:	d000      	beq.n	10005ad8 <process_control_request+0x90>
10005ad6:	e14c      	b.n	10005d72 <process_control_request+0x32a>
10005ad8:	0059      	lsls	r1, r3, #1
10005ada:	18c9      	adds	r1, r1, r3
10005adc:	00c9      	lsls	r1, r1, #3
10005ade:	4bb3      	ldr	r3, [pc, #716]	@ (10005dac <process_control_request+0x364>)
10005ae0:	18c9      	adds	r1, r1, r3
10005ae2:	0022      	movs	r2, r4
10005ae4:	0028      	movs	r0, r5
10005ae6:	f7ff fcda 	bl	1000549e <invoke_class_control>
10005aea:	e13a      	b.n	10005d62 <process_control_request+0x31a>
10005aec:	005a      	lsls	r2, r3, #1
10005aee:	18d3      	adds	r3, r2, r3
10005af0:	00db      	lsls	r3, r3, #3
10005af2:	4aaf      	ldr	r2, [pc, #700]	@ (10005db0 <process_control_request+0x368>)
10005af4:	6811      	ldr	r1, [r2, #0]
10005af6:	18c9      	adds	r1, r1, r3
10005af8:	2900      	cmp	r1, #0
10005afa:	d1f2      	bne.n	10005ae2 <process_control_request+0x9a>
10005afc:	2000      	movs	r0, #0
10005afe:	e130      	b.n	10005d62 <process_control_request+0x31a>
10005b00:	0020      	movs	r0, r4
10005b02:	f000 fabd 	bl	10006080 <usbd_control_set_request>
10005b06:	78a1      	ldrb	r1, [r4, #2]
10005b08:	0028      	movs	r0, r5
10005b0a:	f7ff fb57 	bl	100051bc <dcd_set_address>
10005b0e:	4aa4      	ldr	r2, [pc, #656]	@ (10005da0 <process_control_request+0x358>)
10005b10:	7813      	ldrb	r3, [r2, #0]
10005b12:	2102      	movs	r1, #2
10005b14:	430b      	orrs	r3, r1
10005b16:	7013      	strb	r3, [r2, #0]
10005b18:	2001      	movs	r0, #1
10005b1a:	e122      	b.n	10005d62 <process_control_request+0x31a>
10005b1c:	4ba0      	ldr	r3, [pc, #640]	@ (10005da0 <process_control_request+0x358>)
10005b1e:	785b      	ldrb	r3, [r3, #1]
10005b20:	aa02      	add	r2, sp, #8
10005b22:	3206      	adds	r2, #6
10005b24:	7013      	strb	r3, [r2, #0]
10005b26:	2301      	movs	r3, #1
10005b28:	0021      	movs	r1, r4
10005b2a:	0028      	movs	r0, r5
10005b2c:	f000 fa64 	bl	10005ff8 <tud_control_xfer>
10005b30:	2001      	movs	r0, #1
10005b32:	e116      	b.n	10005d62 <process_control_request+0x31a>
10005b34:	78a6      	ldrb	r6, [r4, #2]
10005b36:	4b9a      	ldr	r3, [pc, #616]	@ (10005da0 <process_control_request+0x358>)
10005b38:	785b      	ldrb	r3, [r3, #1]
10005b3a:	42b3      	cmp	r3, r6
10005b3c:	d005      	beq.n	10005b4a <process_control_request+0x102>
10005b3e:	4b98      	ldr	r3, [pc, #608]	@ (10005da0 <process_control_request+0x358>)
10005b40:	785b      	ldrb	r3, [r3, #1]
10005b42:	2b00      	cmp	r3, #0
10005b44:	d109      	bne.n	10005b5a <process_control_request+0x112>
10005b46:	2e00      	cmp	r6, #0
10005b48:	d113      	bne.n	10005b72 <process_control_request+0x12a>
10005b4a:	4b95      	ldr	r3, [pc, #596]	@ (10005da0 <process_control_request+0x358>)
10005b4c:	705e      	strb	r6, [r3, #1]
10005b4e:	0021      	movs	r1, r4
10005b50:	0028      	movs	r0, r5
10005b52:	f000 fa3d 	bl	10005fd0 <tud_control_status>
10005b56:	2001      	movs	r0, #1
10005b58:	e103      	b.n	10005d62 <process_control_request+0x31a>
10005b5a:	0028      	movs	r0, r5
10005b5c:	f7ff fbba 	bl	100052d4 <dcd_edpt_close_all>
10005b60:	4f8f      	ldr	r7, [pc, #572]	@ (10005da0 <process_control_request+0x358>)
10005b62:	78bb      	ldrb	r3, [r7, #2]
10005b64:	9301      	str	r3, [sp, #4]
10005b66:	0028      	movs	r0, r5
10005b68:	f7ff fc46 	bl	100053f8 <configuration_reset>
10005b6c:	9b01      	ldr	r3, [sp, #4]
10005b6e:	70bb      	strb	r3, [r7, #2]
10005b70:	e7e9      	b.n	10005b46 <process_control_request+0xfe>
10005b72:	0031      	movs	r1, r6
10005b74:	0028      	movs	r0, r5
10005b76:	f7ff fc9f 	bl	100054b8 <process_set_config>
10005b7a:	2800      	cmp	r0, #0
10005b7c:	d1e5      	bne.n	10005b4a <process_control_request+0x102>
10005b7e:	e0f0      	b.n	10005d62 <process_control_request+0x31a>
10005b80:	0021      	movs	r1, r4
10005b82:	0028      	movs	r0, r5
10005b84:	f7ff fd54 	bl	10005630 <process_get_descriptor>
10005b88:	e0eb      	b.n	10005d62 <process_control_request+0x31a>
10005b8a:	78a2      	ldrb	r2, [r4, #2]
10005b8c:	78e3      	ldrb	r3, [r4, #3]
10005b8e:	021b      	lsls	r3, r3, #8
10005b90:	4313      	orrs	r3, r2
10005b92:	2b01      	cmp	r3, #1
10005b94:	d001      	beq.n	10005b9a <process_control_request+0x152>
10005b96:	2000      	movs	r0, #0
10005b98:	e0e3      	b.n	10005d62 <process_control_request+0x31a>
10005b9a:	4a81      	ldr	r2, [pc, #516]	@ (10005da0 <process_control_request+0x358>)
10005b9c:	7813      	ldrb	r3, [r2, #0]
10005b9e:	2108      	movs	r1, #8
10005ba0:	430b      	orrs	r3, r1
10005ba2:	7013      	strb	r3, [r2, #0]
10005ba4:	0021      	movs	r1, r4
10005ba6:	0028      	movs	r0, r5
10005ba8:	f000 fa12 	bl	10005fd0 <tud_control_status>
10005bac:	2001      	movs	r0, #1
10005bae:	e0d8      	b.n	10005d62 <process_control_request+0x31a>
10005bb0:	78a2      	ldrb	r2, [r4, #2]
10005bb2:	78e3      	ldrb	r3, [r4, #3]
10005bb4:	021b      	lsls	r3, r3, #8
10005bb6:	4313      	orrs	r3, r2
10005bb8:	2b01      	cmp	r3, #1
10005bba:	d001      	beq.n	10005bc0 <process_control_request+0x178>
10005bbc:	2000      	movs	r0, #0
10005bbe:	e0d0      	b.n	10005d62 <process_control_request+0x31a>
10005bc0:	4a77      	ldr	r2, [pc, #476]	@ (10005da0 <process_control_request+0x358>)
10005bc2:	7813      	ldrb	r3, [r2, #0]
10005bc4:	2108      	movs	r1, #8
10005bc6:	438b      	bics	r3, r1
10005bc8:	7013      	strb	r3, [r2, #0]
10005bca:	0021      	movs	r1, r4
10005bcc:	0028      	movs	r0, r5
10005bce:	f000 f9ff 	bl	10005fd0 <tud_control_status>
10005bd2:	2001      	movs	r0, #1
10005bd4:	e0c5      	b.n	10005d62 <process_control_request+0x31a>
10005bd6:	4b72      	ldr	r3, [pc, #456]	@ (10005da0 <process_control_request+0x358>)
10005bd8:	781a      	ldrb	r2, [r3, #0]
10005bda:	0951      	lsrs	r1, r2, #5
10005bdc:	0892      	lsrs	r2, r2, #2
10005bde:	2302      	movs	r3, #2
10005be0:	4013      	ands	r3, r2
10005be2:	2201      	movs	r2, #1
10005be4:	400a      	ands	r2, r1
10005be6:	4313      	orrs	r3, r2
10005be8:	aa02      	add	r2, sp, #8
10005bea:	3206      	adds	r2, #6
10005bec:	8013      	strh	r3, [r2, #0]
10005bee:	2302      	movs	r3, #2
10005bf0:	0021      	movs	r1, r4
10005bf2:	0028      	movs	r0, r5
10005bf4:	f000 fa00 	bl	10005ff8 <tud_control_xfer>
10005bf8:	2001      	movs	r0, #1
10005bfa:	e0b2      	b.n	10005d62 <process_control_request+0x31a>
10005bfc:	7923      	ldrb	r3, [r4, #4]
10005bfe:	2b0f      	cmp	r3, #15
10005c00:	d900      	bls.n	10005c04 <process_control_request+0x1bc>
10005c02:	e0bc      	b.n	10005d7e <process_control_request+0x336>
10005c04:	4a66      	ldr	r2, [pc, #408]	@ (10005da0 <process_control_request+0x358>)
10005c06:	18d3      	adds	r3, r2, r3
10005c08:	78db      	ldrb	r3, [r3, #3]
10005c0a:	4a66      	ldr	r2, [pc, #408]	@ (10005da4 <process_control_request+0x35c>)
10005c0c:	2a00      	cmp	r2, #0
10005c0e:	d005      	beq.n	10005c1c <process_control_request+0x1d4>
10005c10:	4a65      	ldr	r2, [pc, #404]	@ (10005da8 <process_control_request+0x360>)
10005c12:	7812      	ldrb	r2, [r2, #0]
10005c14:	4293      	cmp	r3, r2
10005c16:	d325      	bcc.n	10005c64 <process_control_request+0x21c>
10005c18:	1a9b      	subs	r3, r3, r2
10005c1a:	b2db      	uxtb	r3, r3
10005c1c:	2b00      	cmp	r3, #0
10005c1e:	d000      	beq.n	10005c22 <process_control_request+0x1da>
10005c20:	e0af      	b.n	10005d82 <process_control_request+0x33a>
10005c22:	0059      	lsls	r1, r3, #1
10005c24:	18c9      	adds	r1, r1, r3
10005c26:	00c9      	lsls	r1, r1, #3
10005c28:	4b60      	ldr	r3, [pc, #384]	@ (10005dac <process_control_request+0x364>)
10005c2a:	18c9      	adds	r1, r1, r3
10005c2c:	0022      	movs	r2, r4
10005c2e:	0028      	movs	r0, r5
10005c30:	f7ff fc35 	bl	1000549e <invoke_class_control>
10005c34:	2800      	cmp	r0, #0
10005c36:	d000      	beq.n	10005c3a <process_control_request+0x1f2>
10005c38:	e093      	b.n	10005d62 <process_control_request+0x31a>
10005c3a:	7823      	ldrb	r3, [r4, #0]
10005c3c:	2260      	movs	r2, #96	@ 0x60
10005c3e:	421a      	tst	r2, r3
10005c40:	d000      	beq.n	10005c44 <process_control_request+0x1fc>
10005c42:	e08e      	b.n	10005d62 <process_control_request+0x31a>
10005c44:	7863      	ldrb	r3, [r4, #1]
10005c46:	3b0a      	subs	r3, #10
10005c48:	2b01      	cmp	r3, #1
10005c4a:	d900      	bls.n	10005c4e <process_control_request+0x206>
10005c4c:	e089      	b.n	10005d62 <process_control_request+0x31a>
10005c4e:	f000 fa11 	bl	10006074 <usbd_control_set_complete_callback>
10005c52:	7863      	ldrb	r3, [r4, #1]
10005c54:	2b0a      	cmp	r3, #10
10005c56:	d00f      	beq.n	10005c78 <process_control_request+0x230>
10005c58:	0021      	movs	r1, r4
10005c5a:	0028      	movs	r0, r5
10005c5c:	f000 f9b8 	bl	10005fd0 <tud_control_status>
10005c60:	2001      	movs	r0, #1
10005c62:	e07e      	b.n	10005d62 <process_control_request+0x31a>
10005c64:	005a      	lsls	r2, r3, #1
10005c66:	18d3      	adds	r3, r2, r3
10005c68:	00db      	lsls	r3, r3, #3
10005c6a:	4a51      	ldr	r2, [pc, #324]	@ (10005db0 <process_control_request+0x368>)
10005c6c:	6811      	ldr	r1, [r2, #0]
10005c6e:	18c9      	adds	r1, r1, r3
10005c70:	2900      	cmp	r1, #0
10005c72:	d1db      	bne.n	10005c2c <process_control_request+0x1e4>
10005c74:	2000      	movs	r0, #0
10005c76:	e074      	b.n	10005d62 <process_control_request+0x31a>
10005c78:	ab02      	add	r3, sp, #8
10005c7a:	1d9a      	adds	r2, r3, #6
10005c7c:	2300      	movs	r3, #0
10005c7e:	7013      	strb	r3, [r2, #0]
10005c80:	3301      	adds	r3, #1
10005c82:	0021      	movs	r1, r4
10005c84:	0028      	movs	r0, r5
10005c86:	f000 f9b7 	bl	10005ff8 <tud_control_xfer>
10005c8a:	2001      	movs	r0, #1
10005c8c:	e069      	b.n	10005d62 <process_control_request+0x31a>
10005c8e:	7921      	ldrb	r1, [r4, #4]
10005c90:	207f      	movs	r0, #127	@ 0x7f
10005c92:	4008      	ands	r0, r1
10005c94:	09ce      	lsrs	r6, r1, #7
10005c96:	2270      	movs	r2, #112	@ 0x70
10005c98:	420a      	tst	r2, r1
10005c9a:	d000      	beq.n	10005c9e <process_control_request+0x256>
10005c9c:	e073      	b.n	10005d86 <process_control_request+0x33e>
10005c9e:	4a40      	ldr	r2, [pc, #256]	@ (10005da0 <process_control_request+0x358>)
10005ca0:	0040      	lsls	r0, r0, #1
10005ca2:	1812      	adds	r2, r2, r0
10005ca4:	1992      	adds	r2, r2, r6
10005ca6:	7cd2      	ldrb	r2, [r2, #19]
10005ca8:	483e      	ldr	r0, [pc, #248]	@ (10005da4 <process_control_request+0x35c>)
10005caa:	2800      	cmp	r0, #0
10005cac:	d005      	beq.n	10005cba <process_control_request+0x272>
10005cae:	483e      	ldr	r0, [pc, #248]	@ (10005da8 <process_control_request+0x360>)
10005cb0:	7800      	ldrb	r0, [r0, #0]
10005cb2:	4282      	cmp	r2, r0
10005cb4:	d312      	bcc.n	10005cdc <process_control_request+0x294>
10005cb6:	1a12      	subs	r2, r2, r0
10005cb8:	b2d2      	uxtb	r2, r2
10005cba:	2a00      	cmp	r2, #0
10005cbc:	d115      	bne.n	10005cea <process_control_request+0x2a2>
10005cbe:	0056      	lsls	r6, r2, #1
10005cc0:	18b6      	adds	r6, r6, r2
10005cc2:	00f6      	lsls	r6, r6, #3
10005cc4:	4a39      	ldr	r2, [pc, #228]	@ (10005dac <process_control_request+0x364>)
10005cc6:	18b6      	adds	r6, r6, r2
10005cc8:	2b00      	cmp	r3, #0
10005cca:	d010      	beq.n	10005cee <process_control_request+0x2a6>
10005ccc:	2e00      	cmp	r6, #0
10005cce:	d05c      	beq.n	10005d8a <process_control_request+0x342>
10005cd0:	0022      	movs	r2, r4
10005cd2:	0031      	movs	r1, r6
10005cd4:	0028      	movs	r0, r5
10005cd6:	f7ff fbe2 	bl	1000549e <invoke_class_control>
10005cda:	e042      	b.n	10005d62 <process_control_request+0x31a>
10005cdc:	0050      	lsls	r0, r2, #1
10005cde:	1882      	adds	r2, r0, r2
10005ce0:	00d2      	lsls	r2, r2, #3
10005ce2:	4833      	ldr	r0, [pc, #204]	@ (10005db0 <process_control_request+0x368>)
10005ce4:	6806      	ldr	r6, [r0, #0]
10005ce6:	18b6      	adds	r6, r6, r2
10005ce8:	e7ee      	b.n	10005cc8 <process_control_request+0x280>
10005cea:	2600      	movs	r6, #0
10005cec:	e7ec      	b.n	10005cc8 <process_control_request+0x280>
10005cee:	7863      	ldrb	r3, [r4, #1]
10005cf0:	2b01      	cmp	r3, #1
10005cf2:	d010      	beq.n	10005d16 <process_control_request+0x2ce>
10005cf4:	2b03      	cmp	r3, #3
10005cf6:	d00e      	beq.n	10005d16 <process_control_request+0x2ce>
10005cf8:	2b00      	cmp	r3, #0
10005cfa:	d148      	bne.n	10005d8e <process_control_request+0x346>
10005cfc:	0028      	movs	r0, r5
10005cfe:	f7ff fe95 	bl	10005a2c <usbd_edpt_stalled>
10005d02:	ab02      	add	r3, sp, #8
10005d04:	1d9a      	adds	r2, r3, #6
10005d06:	8010      	strh	r0, [r2, #0]
10005d08:	2302      	movs	r3, #2
10005d0a:	0021      	movs	r1, r4
10005d0c:	0028      	movs	r0, r5
10005d0e:	f000 f973 	bl	10005ff8 <tud_control_xfer>
10005d12:	2001      	movs	r0, #1
10005d14:	e025      	b.n	10005d62 <process_control_request+0x31a>
10005d16:	78a0      	ldrb	r0, [r4, #2]
10005d18:	78e2      	ldrb	r2, [r4, #3]
10005d1a:	0212      	lsls	r2, r2, #8
10005d1c:	4302      	orrs	r2, r0
10005d1e:	d104      	bne.n	10005d2a <process_control_request+0x2e2>
10005d20:	2b01      	cmp	r3, #1
10005d22:	d019      	beq.n	10005d58 <process_control_request+0x310>
10005d24:	0028      	movs	r0, r5
10005d26:	f7ff fe39 	bl	1000599c <usbd_edpt_stall>
10005d2a:	2e00      	cmp	r6, #0
10005d2c:	d031      	beq.n	10005d92 <process_control_request+0x34a>
10005d2e:	0022      	movs	r2, r4
10005d30:	0031      	movs	r1, r6
10005d32:	0028      	movs	r0, r5
10005d34:	f7ff fbb3 	bl	1000549e <invoke_class_control>
10005d38:	2000      	movs	r0, #0
10005d3a:	f000 f99b 	bl	10006074 <usbd_control_set_complete_callback>
10005d3e:	4b18      	ldr	r3, [pc, #96]	@ (10005da0 <process_control_request+0x358>)
10005d40:	2234      	movs	r2, #52	@ 0x34
10005d42:	5c9b      	ldrb	r3, [r3, r2]
10005d44:	07db      	lsls	r3, r3, #31
10005d46:	0fd8      	lsrs	r0, r3, #31
10005d48:	2b00      	cmp	r3, #0
10005d4a:	d10a      	bne.n	10005d62 <process_control_request+0x31a>
10005d4c:	0021      	movs	r1, r4
10005d4e:	0028      	movs	r0, r5
10005d50:	f000 f93e 	bl	10005fd0 <tud_control_status>
10005d54:	2001      	movs	r0, #1
10005d56:	e004      	b.n	10005d62 <process_control_request+0x31a>
10005d58:	0028      	movs	r0, r5
10005d5a:	f7ff fe43 	bl	100059e4 <usbd_edpt_clear_stall>
10005d5e:	e7e4      	b.n	10005d2a <process_control_request+0x2e2>
10005d60:	2000      	movs	r0, #0
10005d62:	b005      	add	sp, #20
10005d64:	bdf0      	pop	{r4, r5, r6, r7, pc}
10005d66:	2000      	movs	r0, #0
10005d68:	e7fb      	b.n	10005d62 <process_control_request+0x31a>
10005d6a:	2000      	movs	r0, #0
10005d6c:	e7f9      	b.n	10005d62 <process_control_request+0x31a>
10005d6e:	2000      	movs	r0, #0
10005d70:	e7f7      	b.n	10005d62 <process_control_request+0x31a>
10005d72:	2000      	movs	r0, #0
10005d74:	e7f5      	b.n	10005d62 <process_control_request+0x31a>
10005d76:	2000      	movs	r0, #0
10005d78:	e7f3      	b.n	10005d62 <process_control_request+0x31a>
10005d7a:	2000      	movs	r0, #0
10005d7c:	e7f1      	b.n	10005d62 <process_control_request+0x31a>
10005d7e:	2000      	movs	r0, #0
10005d80:	e7ef      	b.n	10005d62 <process_control_request+0x31a>
10005d82:	2000      	movs	r0, #0
10005d84:	e7ed      	b.n	10005d62 <process_control_request+0x31a>
10005d86:	2000      	movs	r0, #0
10005d88:	e7eb      	b.n	10005d62 <process_control_request+0x31a>
10005d8a:	2000      	movs	r0, #0
10005d8c:	e7e9      	b.n	10005d62 <process_control_request+0x31a>
10005d8e:	2000      	movs	r0, #0
10005d90:	e7e7      	b.n	10005d62 <process_control_request+0x31a>
10005d92:	2001      	movs	r0, #1
10005d94:	e7e5      	b.n	10005d62 <process_control_request+0x31a>
10005d96:	46c0      	nop			@ (mov r8, r8)
10005d98:	100090d4 	.word	0x100090d4
10005d9c:	00000000 	.word	0x00000000
10005da0:	20001700 	.word	0x20001700
10005da4:	10004a35 	.word	0x10004a35
10005da8:	2000205d 	.word	0x2000205d
10005dac:	10009120 	.word	0x10009120
10005db0:	200013d8 	.word	0x200013d8

10005db4 <tud_task_ext>:
10005db4:	b530      	push	{r4, r5, lr}
10005db6:	b085      	sub	sp, #20
10005db8:	f000 fcc5 	bl	10006746 <tusb_inited>
10005dbc:	2800      	cmp	r0, #0
10005dbe:	d108      	bne.n	10005dd2 <tud_task_ext+0x1e>
10005dc0:	b005      	add	sp, #20
10005dc2:	bd30      	pop	{r4, r5, pc}
10005dc4:	ac01      	add	r4, sp, #4
10005dc6:	7820      	ldrb	r0, [r4, #0]
10005dc8:	f7ff fb63 	bl	10005492 <usbd_reset>
10005dcc:	7922      	ldrb	r2, [r4, #4]
10005dce:	4b59      	ldr	r3, [pc, #356]	@ (10005f34 <tud_task_ext+0x180>)
10005dd0:	709a      	strb	r2, [r3, #2]
10005dd2:	4b59      	ldr	r3, [pc, #356]	@ (10005f38 <tud_task_ext+0x184>)
10005dd4:	681c      	ldr	r4, [r3, #0]
10005dd6:	0020      	movs	r0, r4
10005dd8:	3014      	adds	r0, #20
10005dda:	f7ff fb4f 	bl	1000547c <critical_section_enter_blocking>
10005dde:	a901      	add	r1, sp, #4
10005de0:	0020      	movs	r0, r4
10005de2:	f001 f831 	bl	10006e48 <tu_fifo_read>
10005de6:	6962      	ldr	r2, [r4, #20]
10005de8:	69a3      	ldr	r3, [r4, #24]
10005dea:	f3bf 8f5f 	dmb	sy
10005dee:	2100      	movs	r1, #0
10005df0:	6011      	str	r1, [r2, #0]
10005df2:	f383 8810 	msr	PRIMASK, r3
10005df6:	2800      	cmp	r0, #0
10005df8:	d0e2      	beq.n	10005dc0 <tud_task_ext+0xc>
10005dfa:	ab01      	add	r3, sp, #4
10005dfc:	785b      	ldrb	r3, [r3, #1]
10005dfe:	2b08      	cmp	r3, #8
10005e00:	d8e7      	bhi.n	10005dd2 <tud_task_ext+0x1e>
10005e02:	009b      	lsls	r3, r3, #2
10005e04:	4a4d      	ldr	r2, [pc, #308]	@ (10005f3c <tud_task_ext+0x188>)
10005e06:	58d3      	ldr	r3, [r2, r3]
10005e08:	469f      	mov	pc, r3
10005e0a:	ab01      	add	r3, sp, #4
10005e0c:	7818      	ldrb	r0, [r3, #0]
10005e0e:	f7ff fb40 	bl	10005492 <usbd_reset>
10005e12:	4b4b      	ldr	r3, [pc, #300]	@ (10005f40 <tud_task_ext+0x18c>)
10005e14:	2b00      	cmp	r3, #0
10005e16:	d0dc      	beq.n	10005dd2 <tud_task_ext+0x1e>
10005e18:	e000      	b.n	10005e1c <tud_task_ext+0x68>
10005e1a:	bf00      	nop
10005e1c:	e7d9      	b.n	10005dd2 <tud_task_ext+0x1e>
10005e1e:	4b45      	ldr	r3, [pc, #276]	@ (10005f34 <tud_task_ext+0x180>)
10005e20:	781a      	ldrb	r2, [r3, #0]
10005e22:	2401      	movs	r4, #1
10005e24:	2101      	movs	r1, #1
10005e26:	430a      	orrs	r2, r1
10005e28:	701a      	strb	r2, [r3, #0]
10005e2a:	2233      	movs	r2, #51	@ 0x33
10005e2c:	5c99      	ldrb	r1, [r3, r2]
10005e2e:	43a1      	bics	r1, r4
10005e30:	5499      	strb	r1, [r3, r2]
10005e32:	5c99      	ldrb	r1, [r3, r2]
10005e34:	2004      	movs	r0, #4
10005e36:	4381      	bics	r1, r0
10005e38:	5499      	strb	r1, [r3, r2]
10005e3a:	3201      	adds	r2, #1
10005e3c:	5c99      	ldrb	r1, [r3, r2]
10005e3e:	43a1      	bics	r1, r4
10005e40:	5499      	strb	r1, [r3, r2]
10005e42:	5c99      	ldrb	r1, [r3, r2]
10005e44:	4381      	bics	r1, r0
10005e46:	5499      	strb	r1, [r3, r2]
10005e48:	ab01      	add	r3, sp, #4
10005e4a:	7818      	ldrb	r0, [r3, #0]
10005e4c:	a902      	add	r1, sp, #8
10005e4e:	f7ff fdfb 	bl	10005a48 <process_control_request>
10005e52:	2800      	cmp	r0, #0
10005e54:	d1bd      	bne.n	10005dd2 <tud_task_ext+0x1e>
10005e56:	ac01      	add	r4, sp, #4
10005e58:	7820      	ldrb	r0, [r4, #0]
10005e5a:	2100      	movs	r1, #0
10005e5c:	f7ff fa58 	bl	10005310 <dcd_edpt_stall>
10005e60:	7820      	ldrb	r0, [r4, #0]
10005e62:	2180      	movs	r1, #128	@ 0x80
10005e64:	f7ff fa54 	bl	10005310 <dcd_edpt_stall>
10005e68:	e7b3      	b.n	10005dd2 <tud_task_ext+0x1e>
10005e6a:	ab01      	add	r3, sp, #4
10005e6c:	7919      	ldrb	r1, [r3, #4]
10005e6e:	227f      	movs	r2, #127	@ 0x7f
10005e70:	400a      	ands	r2, r1
10005e72:	09cc      	lsrs	r4, r1, #7
10005e74:	4b2f      	ldr	r3, [pc, #188]	@ (10005f34 <tud_task_ext+0x180>)
10005e76:	0050      	lsls	r0, r2, #1
10005e78:	181b      	adds	r3, r3, r0
10005e7a:	191b      	adds	r3, r3, r4
10005e7c:	3330      	adds	r3, #48	@ 0x30
10005e7e:	78d8      	ldrb	r0, [r3, #3]
10005e80:	2501      	movs	r5, #1
10005e82:	43a8      	bics	r0, r5
10005e84:	70d8      	strb	r0, [r3, #3]
10005e86:	78d8      	ldrb	r0, [r3, #3]
10005e88:	3503      	adds	r5, #3
10005e8a:	43a8      	bics	r0, r5
10005e8c:	70d8      	strb	r0, [r3, #3]
10005e8e:	2a00      	cmp	r2, #0
10005e90:	d01c      	beq.n	10005ecc <tud_task_ext+0x118>
10005e92:	4b28      	ldr	r3, [pc, #160]	@ (10005f34 <tud_task_ext+0x180>)
10005e94:	0052      	lsls	r2, r2, #1
10005e96:	189b      	adds	r3, r3, r2
10005e98:	191b      	adds	r3, r3, r4
10005e9a:	7cdb      	ldrb	r3, [r3, #19]
10005e9c:	4a29      	ldr	r2, [pc, #164]	@ (10005f44 <tud_task_ext+0x190>)
10005e9e:	2a00      	cmp	r2, #0
10005ea0:	d005      	beq.n	10005eae <tud_task_ext+0xfa>
10005ea2:	4a29      	ldr	r2, [pc, #164]	@ (10005f48 <tud_task_ext+0x194>)
10005ea4:	7812      	ldrb	r2, [r2, #0]
10005ea6:	4293      	cmp	r3, r2
10005ea8:	d317      	bcc.n	10005eda <tud_task_ext+0x126>
10005eaa:	1a9b      	subs	r3, r3, r2
10005eac:	b2db      	uxtb	r3, r3
10005eae:	2b00      	cmp	r3, #0
10005eb0:	d000      	beq.n	10005eb4 <tud_task_ext+0x100>
10005eb2:	e785      	b.n	10005dc0 <tud_task_ext+0xc>
10005eb4:	005a      	lsls	r2, r3, #1
10005eb6:	18d3      	adds	r3, r2, r3
10005eb8:	00db      	lsls	r3, r3, #3
10005eba:	4a24      	ldr	r2, [pc, #144]	@ (10005f4c <tud_task_ext+0x198>)
10005ebc:	189b      	adds	r3, r3, r2
10005ebe:	691c      	ldr	r4, [r3, #16]
10005ec0:	a801      	add	r0, sp, #4
10005ec2:	7942      	ldrb	r2, [r0, #5]
10005ec4:	9b03      	ldr	r3, [sp, #12]
10005ec6:	7800      	ldrb	r0, [r0, #0]
10005ec8:	47a0      	blx	r4
10005eca:	e782      	b.n	10005dd2 <tud_task_ext+0x1e>
10005ecc:	a801      	add	r0, sp, #4
10005ece:	7942      	ldrb	r2, [r0, #5]
10005ed0:	9b03      	ldr	r3, [sp, #12]
10005ed2:	7800      	ldrb	r0, [r0, #0]
10005ed4:	f000 f8e2 	bl	1000609c <usbd_control_xfer_cb>
10005ed8:	e77b      	b.n	10005dd2 <tud_task_ext+0x1e>
10005eda:	005a      	lsls	r2, r3, #1
10005edc:	18d2      	adds	r2, r2, r3
10005ede:	00d2      	lsls	r2, r2, #3
10005ee0:	4b1b      	ldr	r3, [pc, #108]	@ (10005f50 <tud_task_ext+0x19c>)
10005ee2:	681b      	ldr	r3, [r3, #0]
10005ee4:	189b      	adds	r3, r3, r2
10005ee6:	2b00      	cmp	r3, #0
10005ee8:	d1e9      	bne.n	10005ebe <tud_task_ext+0x10a>
10005eea:	e769      	b.n	10005dc0 <tud_task_ext+0xc>
10005eec:	4b11      	ldr	r3, [pc, #68]	@ (10005f34 <tud_task_ext+0x180>)
10005eee:	781b      	ldrb	r3, [r3, #0]
10005ef0:	07db      	lsls	r3, r3, #31
10005ef2:	d400      	bmi.n	10005ef6 <tud_task_ext+0x142>
10005ef4:	e76d      	b.n	10005dd2 <tud_task_ext+0x1e>
10005ef6:	4b17      	ldr	r3, [pc, #92]	@ (10005f54 <tud_task_ext+0x1a0>)
10005ef8:	2b00      	cmp	r3, #0
10005efa:	d100      	bne.n	10005efe <tud_task_ext+0x14a>
10005efc:	e769      	b.n	10005dd2 <tud_task_ext+0x1e>
10005efe:	4b0d      	ldr	r3, [pc, #52]	@ (10005f34 <tud_task_ext+0x180>)
10005f00:	7818      	ldrb	r0, [r3, #0]
10005f02:	0700      	lsls	r0, r0, #28
10005f04:	0fc0      	lsrs	r0, r0, #31
10005f06:	e000      	b.n	10005f0a <tud_task_ext+0x156>
10005f08:	bf00      	nop
10005f0a:	e762      	b.n	10005dd2 <tud_task_ext+0x1e>
10005f0c:	4b09      	ldr	r3, [pc, #36]	@ (10005f34 <tud_task_ext+0x180>)
10005f0e:	781b      	ldrb	r3, [r3, #0]
10005f10:	07db      	lsls	r3, r3, #31
10005f12:	d400      	bmi.n	10005f16 <tud_task_ext+0x162>
10005f14:	e75d      	b.n	10005dd2 <tud_task_ext+0x1e>
10005f16:	4b10      	ldr	r3, [pc, #64]	@ (10005f58 <tud_task_ext+0x1a4>)
10005f18:	2b00      	cmp	r3, #0
10005f1a:	d100      	bne.n	10005f1e <tud_task_ext+0x16a>
10005f1c:	e759      	b.n	10005dd2 <tud_task_ext+0x1e>
10005f1e:	e000      	b.n	10005f22 <tud_task_ext+0x16e>
10005f20:	bf00      	nop
10005f22:	e756      	b.n	10005dd2 <tud_task_ext+0x1e>
10005f24:	9b02      	ldr	r3, [sp, #8]
10005f26:	2b00      	cmp	r3, #0
10005f28:	d100      	bne.n	10005f2c <tud_task_ext+0x178>
10005f2a:	e752      	b.n	10005dd2 <tud_task_ext+0x1e>
10005f2c:	9803      	ldr	r0, [sp, #12]
10005f2e:	4798      	blx	r3
10005f30:	e74f      	b.n	10005dd2 <tud_task_ext+0x1e>
10005f32:	46c0      	nop			@ (mov r8, r8)
10005f34:	20001700 	.word	0x20001700
10005f38:	20001758 	.word	0x20001758
10005f3c:	100090fc 	.word	0x100090fc
10005f40:	00000000 	.word	0x00000000
10005f44:	10004a35 	.word	0x10004a35
10005f48:	2000205d 	.word	0x2000205d
10005f4c:	10009120 	.word	0x10009120
10005f50:	200013d8 	.word	0x200013d8
	...

10005f5c <_status_stage_xact>:
10005f5c:	b510      	push	{r4, lr}
10005f5e:	2300      	movs	r3, #0
10005f60:	56cb      	ldrsb	r3, [r1, r3]
10005f62:	2b00      	cmp	r3, #0
10005f64:	db05      	blt.n	10005f72 <_status_stage_xact+0x16>
10005f66:	2180      	movs	r1, #128	@ 0x80
10005f68:	2300      	movs	r3, #0
10005f6a:	2200      	movs	r2, #0
10005f6c:	f7ff fcda 	bl	10005924 <usbd_edpt_xfer>
10005f70:	bd10      	pop	{r4, pc}
10005f72:	2100      	movs	r1, #0
10005f74:	e7f8      	b.n	10005f68 <_status_stage_xact+0xc>
	...

10005f78 <_data_stage_xact>:
10005f78:	b5f8      	push	{r3, r4, r5, r6, r7, lr}
10005f7a:	0005      	movs	r5, r0
10005f7c:	4b12      	ldr	r3, [pc, #72]	@ (10005fc8 <_data_stage_xact+0x50>)
10005f7e:	899f      	ldrh	r7, [r3, #12]
10005f80:	89de      	ldrh	r6, [r3, #14]
10005f82:	1bb9      	subs	r1, r7, r6
10005f84:	b289      	uxth	r1, r1
10005f86:	1c0b      	adds	r3, r1, #0
10005f88:	2940      	cmp	r1, #64	@ 0x40
10005f8a:	d900      	bls.n	10005f8e <_data_stage_xact+0x16>
10005f8c:	2340      	movs	r3, #64	@ 0x40
10005f8e:	b29c      	uxth	r4, r3
10005f90:	4b0d      	ldr	r3, [pc, #52]	@ (10005fc8 <_data_stage_xact+0x50>)
10005f92:	781b      	ldrb	r3, [r3, #0]
10005f94:	b25b      	sxtb	r3, r3
10005f96:	2b00      	cmp	r3, #0
10005f98:	db08      	blt.n	10005fac <_data_stage_xact+0x34>
10005f9a:	2100      	movs	r1, #0
10005f9c:	42b7      	cmp	r7, r6
10005f9e:	d011      	beq.n	10005fc4 <_data_stage_xact+0x4c>
10005fa0:	4a0a      	ldr	r2, [pc, #40]	@ (10005fcc <_data_stage_xact+0x54>)
10005fa2:	0023      	movs	r3, r4
10005fa4:	0028      	movs	r0, r5
10005fa6:	f7ff fcbd 	bl	10005924 <usbd_edpt_xfer>
10005faa:	bdf8      	pop	{r3, r4, r5, r6, r7, pc}
10005fac:	42b7      	cmp	r7, r6
10005fae:	d101      	bne.n	10005fb4 <_data_stage_xact+0x3c>
10005fb0:	2180      	movs	r1, #128	@ 0x80
10005fb2:	e7f3      	b.n	10005f9c <_data_stage_xact+0x24>
10005fb4:	4b04      	ldr	r3, [pc, #16]	@ (10005fc8 <_data_stage_xact+0x50>)
10005fb6:	6899      	ldr	r1, [r3, #8]
10005fb8:	4804      	ldr	r0, [pc, #16]	@ (10005fcc <_data_stage_xact+0x54>)
10005fba:	0022      	movs	r2, r4
10005fbc:	f7fe fabc 	bl	10004538 <__wrap___aeabi_memcpy>
10005fc0:	2180      	movs	r1, #128	@ 0x80
10005fc2:	e7eb      	b.n	10005f9c <_data_stage_xact+0x24>
10005fc4:	2200      	movs	r2, #0
10005fc6:	e7ec      	b.n	10005fa2 <_data_stage_xact+0x2a>
10005fc8:	200016a4 	.word	0x200016a4
10005fcc:	200016c0 	.word	0x200016c0

10005fd0 <tud_control_status>:
10005fd0:	b570      	push	{r4, r5, r6, lr}
10005fd2:	0006      	movs	r6, r0
10005fd4:	000d      	movs	r5, r1
10005fd6:	4c07      	ldr	r4, [pc, #28]	@ (10005ff4 <tud_control_status+0x24>)
10005fd8:	2208      	movs	r2, #8
10005fda:	0020      	movs	r0, r4
10005fdc:	f7fe faac 	bl	10004538 <__wrap___aeabi_memcpy>
10005fe0:	2300      	movs	r3, #0
10005fe2:	60a3      	str	r3, [r4, #8]
10005fe4:	81e3      	strh	r3, [r4, #14]
10005fe6:	81a3      	strh	r3, [r4, #12]
10005fe8:	0029      	movs	r1, r5
10005fea:	0030      	movs	r0, r6
10005fec:	f7ff ffb6 	bl	10005f5c <_status_stage_xact>
10005ff0:	bd70      	pop	{r4, r5, r6, pc}
10005ff2:	46c0      	nop			@ (mov r8, r8)
10005ff4:	200016a4 	.word	0x200016a4

10005ff8 <tud_control_xfer>:
10005ff8:	b5f0      	push	{r4, r5, r6, r7, lr}
10005ffa:	46c6      	mov	lr, r8
10005ffc:	b500      	push	{lr}
10005ffe:	4680      	mov	r8, r0
10006000:	000c      	movs	r4, r1
10006002:	0016      	movs	r6, r2
10006004:	001d      	movs	r5, r3
10006006:	4b15      	ldr	r3, [pc, #84]	@ (1000605c <tud_control_xfer+0x64>)
10006008:	2208      	movs	r2, #8
1000600a:	001f      	movs	r7, r3
1000600c:	0018      	movs	r0, r3
1000600e:	f7fe fa93 	bl	10004538 <__wrap___aeabi_memcpy>
10006012:	60be      	str	r6, [r7, #8]
10006014:	2300      	movs	r3, #0
10006016:	81fb      	strh	r3, [r7, #14]
10006018:	79a3      	ldrb	r3, [r4, #6]
1000601a:	79e1      	ldrb	r1, [r4, #7]
1000601c:	0209      	lsls	r1, r1, #8
1000601e:	4319      	orrs	r1, r3
10006020:	1c0b      	adds	r3, r1, #0
10006022:	42a9      	cmp	r1, r5
10006024:	d900      	bls.n	10006028 <tud_control_xfer+0x30>
10006026:	1c2b      	adds	r3, r5, #0
10006028:	b299      	uxth	r1, r3
1000602a:	4a0c      	ldr	r2, [pc, #48]	@ (1000605c <tud_control_xfer+0x64>)
1000602c:	8193      	strh	r3, [r2, #12]
1000602e:	79a2      	ldrb	r2, [r4, #6]
10006030:	79e3      	ldrb	r3, [r4, #7]
10006032:	021b      	lsls	r3, r3, #8
10006034:	4313      	orrs	r3, r2
10006036:	d009      	beq.n	1000604c <tud_control_xfer+0x54>
10006038:	2900      	cmp	r1, #0
1000603a:	d001      	beq.n	10006040 <tud_control_xfer+0x48>
1000603c:	2e00      	cmp	r6, #0
1000603e:	d00a      	beq.n	10006056 <tud_control_xfer+0x5e>
10006040:	4640      	mov	r0, r8
10006042:	f7ff ff99 	bl	10005f78 <_data_stage_xact>
10006046:	bc80      	pop	{r7}
10006048:	46b8      	mov	r8, r7
1000604a:	bdf0      	pop	{r4, r5, r6, r7, pc}
1000604c:	0021      	movs	r1, r4
1000604e:	4640      	mov	r0, r8
10006050:	f7ff ff84 	bl	10005f5c <_status_stage_xact>
10006054:	e7f7      	b.n	10006046 <tud_control_xfer+0x4e>
10006056:	2000      	movs	r0, #0
10006058:	e7f5      	b.n	10006046 <tud_control_xfer+0x4e>
1000605a:	46c0      	nop			@ (mov r8, r8)
1000605c:	200016a4 	.word	0x200016a4

10006060 <usbd_control_reset>:
10006060:	b510      	push	{r4, lr}
10006062:	4803      	ldr	r0, [pc, #12]	@ (10006070 <usbd_control_reset+0x10>)
10006064:	2214      	movs	r2, #20
10006066:	2100      	movs	r1, #0
10006068:	f7fe fa60 	bl	1000452c <__wrap_memset>
1000606c:	bd10      	pop	{r4, pc}
1000606e:	46c0      	nop			@ (mov r8, r8)
10006070:	200016a4 	.word	0x200016a4

10006074 <usbd_control_set_complete_callback>:
10006074:	4b01      	ldr	r3, [pc, #4]	@ (1000607c <usbd_control_set_complete_callback+0x8>)
10006076:	6118      	str	r0, [r3, #16]
10006078:	4770      	bx	lr
1000607a:	46c0      	nop			@ (mov r8, r8)
1000607c:	200016a4 	.word	0x200016a4

10006080 <usbd_control_set_request>:
10006080:	b510      	push	{r4, lr}
10006082:	0001      	movs	r1, r0
10006084:	4c04      	ldr	r4, [pc, #16]	@ (10006098 <usbd_control_set_request+0x18>)
10006086:	2208      	movs	r2, #8
10006088:	0020      	movs	r0, r4
1000608a:	f7fe fa55 	bl	10004538 <__wrap___aeabi_memcpy>
1000608e:	2300      	movs	r3, #0
10006090:	60a3      	str	r3, [r4, #8]
10006092:	81e3      	strh	r3, [r4, #14]
10006094:	81a3      	strh	r3, [r4, #12]
10006096:	bd10      	pop	{r4, pc}
10006098:	200016a4 	.word	0x200016a4

1000609c <usbd_control_xfer_cb>:
1000609c:	b570      	push	{r4, r5, r6, lr}
1000609e:	0005      	movs	r5, r0
100060a0:	001c      	movs	r4, r3
100060a2:	09c9      	lsrs	r1, r1, #7
100060a4:	4b29      	ldr	r3, [pc, #164]	@ (1000614c <usbd_control_xfer_cb+0xb0>)
100060a6:	781b      	ldrb	r3, [r3, #0]
100060a8:	09db      	lsrs	r3, r3, #7
100060aa:	428b      	cmp	r3, r1
100060ac:	d011      	beq.n	100060d2 <usbd_control_xfer_cb+0x36>
100060ae:	2c00      	cmp	r4, #0
100060b0:	d147      	bne.n	10006142 <usbd_control_xfer_cb+0xa6>
100060b2:	4b27      	ldr	r3, [pc, #156]	@ (10006150 <usbd_control_xfer_cb+0xb4>)
100060b4:	2b00      	cmp	r3, #0
100060b6:	d002      	beq.n	100060be <usbd_control_xfer_cb+0x22>
100060b8:	4924      	ldr	r1, [pc, #144]	@ (1000614c <usbd_control_xfer_cb+0xb0>)
100060ba:	f7ff f8dd 	bl	10005278 <dcd_edpt0_status_complete>
100060be:	4b23      	ldr	r3, [pc, #140]	@ (1000614c <usbd_control_xfer_cb+0xb0>)
100060c0:	691b      	ldr	r3, [r3, #16]
100060c2:	2b00      	cmp	r3, #0
100060c4:	d003      	beq.n	100060ce <usbd_control_xfer_cb+0x32>
100060c6:	4a21      	ldr	r2, [pc, #132]	@ (1000614c <usbd_control_xfer_cb+0xb0>)
100060c8:	2103      	movs	r1, #3
100060ca:	0028      	movs	r0, r5
100060cc:	4798      	blx	r3
100060ce:	2001      	movs	r0, #1
100060d0:	bd70      	pop	{r4, r5, r6, pc}
100060d2:	4b1e      	ldr	r3, [pc, #120]	@ (1000614c <usbd_control_xfer_cb+0xb0>)
100060d4:	781b      	ldrb	r3, [r3, #0]
100060d6:	b25b      	sxtb	r3, r3
100060d8:	2b00      	cmp	r3, #0
100060da:	db07      	blt.n	100060ec <usbd_control_xfer_cb+0x50>
100060dc:	4b1b      	ldr	r3, [pc, #108]	@ (1000614c <usbd_control_xfer_cb+0xb0>)
100060de:	6898      	ldr	r0, [r3, #8]
100060e0:	2800      	cmp	r0, #0
100060e2:	d030      	beq.n	10006146 <usbd_control_xfer_cb+0xaa>
100060e4:	491b      	ldr	r1, [pc, #108]	@ (10006154 <usbd_control_xfer_cb+0xb8>)
100060e6:	0022      	movs	r2, r4
100060e8:	f7fe fa26 	bl	10004538 <__wrap___aeabi_memcpy>
100060ec:	4a17      	ldr	r2, [pc, #92]	@ (1000614c <usbd_control_xfer_cb+0xb0>)
100060ee:	89d3      	ldrh	r3, [r2, #14]
100060f0:	b2a1      	uxth	r1, r4
100060f2:	185b      	adds	r3, r3, r1
100060f4:	b29b      	uxth	r3, r3
100060f6:	81d3      	strh	r3, [r2, #14]
100060f8:	6891      	ldr	r1, [r2, #8]
100060fa:	1909      	adds	r1, r1, r4
100060fc:	6091      	str	r1, [r2, #8]
100060fe:	88d2      	ldrh	r2, [r2, #6]
10006100:	4293      	cmp	r3, r2
10006102:	d001      	beq.n	10006108 <usbd_control_xfer_cb+0x6c>
10006104:	2c3f      	cmp	r4, #63	@ 0x3f
10006106:	d818      	bhi.n	1000613a <usbd_control_xfer_cb+0x9e>
10006108:	4b10      	ldr	r3, [pc, #64]	@ (1000614c <usbd_control_xfer_cb+0xb0>)
1000610a:	691b      	ldr	r3, [r3, #16]
1000610c:	2b00      	cmp	r3, #0
1000610e:	d005      	beq.n	1000611c <usbd_control_xfer_cb+0x80>
10006110:	4a0e      	ldr	r2, [pc, #56]	@ (1000614c <usbd_control_xfer_cb+0xb0>)
10006112:	2102      	movs	r1, #2
10006114:	0028      	movs	r0, r5
10006116:	4798      	blx	r3
10006118:	2800      	cmp	r0, #0
1000611a:	d004      	beq.n	10006126 <usbd_control_xfer_cb+0x8a>
1000611c:	490b      	ldr	r1, [pc, #44]	@ (1000614c <usbd_control_xfer_cb+0xb0>)
1000611e:	0028      	movs	r0, r5
10006120:	f7ff ff1c 	bl	10005f5c <_status_stage_xact>
10006124:	e7d4      	b.n	100060d0 <usbd_control_xfer_cb+0x34>
10006126:	2100      	movs	r1, #0
10006128:	0028      	movs	r0, r5
1000612a:	f7ff f8f1 	bl	10005310 <dcd_edpt_stall>
1000612e:	2180      	movs	r1, #128	@ 0x80
10006130:	0028      	movs	r0, r5
10006132:	f7ff f8ed 	bl	10005310 <dcd_edpt_stall>
10006136:	2001      	movs	r0, #1
10006138:	e7ca      	b.n	100060d0 <usbd_control_xfer_cb+0x34>
1000613a:	0028      	movs	r0, r5
1000613c:	f7ff ff1c 	bl	10005f78 <_data_stage_xact>
10006140:	e7c6      	b.n	100060d0 <usbd_control_xfer_cb+0x34>
10006142:	2000      	movs	r0, #0
10006144:	e7c4      	b.n	100060d0 <usbd_control_xfer_cb+0x34>
10006146:	2000      	movs	r0, #0
10006148:	e7c2      	b.n	100060d0 <usbd_control_xfer_cb+0x34>
1000614a:	46c0      	nop			@ (mov r8, r8)
1000614c:	200016a4 	.word	0x200016a4
10006150:	10005279 	.word	0x10005279
10006154:	200016c0 	.word	0x200016c0

10006158 <_prep_out_transaction>:
10006158:	b570      	push	{r4, r5, r6, lr}
1000615a:	0004      	movs	r4, r0
1000615c:	0005      	movs	r5, r0
1000615e:	3510      	adds	r5, #16
10006160:	0028      	movs	r0, r5
10006162:	f000 fe5a 	bl	10006e1a <tu_fifo_remaining>
10006166:	283f      	cmp	r0, #63	@ 0x3f
10006168:	d801      	bhi.n	1000616e <_prep_out_transaction+0x16>
1000616a:	2000      	movs	r0, #0
1000616c:	bd70      	pop	{r4, r5, r6, pc}
1000616e:	78e1      	ldrb	r1, [r4, #3]
10006170:	2000      	movs	r0, #0
10006172:	f7ff fbaf 	bl	100058d4 <usbd_edpt_claim>
10006176:	2800      	cmp	r0, #0
10006178:	d0f8      	beq.n	1000616c <_prep_out_transaction+0x14>
1000617a:	0028      	movs	r0, r5
1000617c:	f000 fe4d 	bl	10006e1a <tu_fifo_remaining>
10006180:	283f      	cmp	r0, #63	@ 0x3f
10006182:	d908      	bls.n	10006196 <_prep_out_transaction+0x3e>
10006184:	2392      	movs	r3, #146	@ 0x92
10006186:	009b      	lsls	r3, r3, #2
10006188:	18e2      	adds	r2, r4, r3
1000618a:	78e1      	ldrb	r1, [r4, #3]
1000618c:	2340      	movs	r3, #64	@ 0x40
1000618e:	2000      	movs	r0, #0
10006190:	f7ff fbc8 	bl	10005924 <usbd_edpt_xfer>
10006194:	e7ea      	b.n	1000616c <_prep_out_transaction+0x14>
10006196:	78e1      	ldrb	r1, [r4, #3]
10006198:	2000      	movs	r0, #0
1000619a:	f7ff fbaf 	bl	100058fc <usbd_edpt_release>
1000619e:	2000      	movs	r0, #0
100061a0:	e7e4      	b.n	1000616c <_prep_out_transaction+0x14>
	...

100061a4 <tud_cdc_n_connected>:
100061a4:	b510      	push	{r4, lr}
100061a6:	0004      	movs	r4, r0
100061a8:	f7ff fab0 	bl	1000570c <tud_mounted>
100061ac:	2800      	cmp	r0, #0
100061ae:	d101      	bne.n	100061b4 <tud_cdc_n_connected+0x10>
100061b0:	2000      	movs	r0, #0
100061b2:	bd10      	pop	{r4, pc}
100061b4:	f7ff fab2 	bl	1000571c <tud_suspended>
100061b8:	2800      	cmp	r0, #0
100061ba:	d109      	bne.n	100061d0 <tud_cdc_n_connected+0x2c>
100061bc:	4b06      	ldr	r3, [pc, #24]	@ (100061d8 <tud_cdc_n_connected+0x34>)
100061be:	22b2      	movs	r2, #178	@ 0xb2
100061c0:	0092      	lsls	r2, r2, #2
100061c2:	4362      	muls	r2, r4
100061c4:	189b      	adds	r3, r3, r2
100061c6:	791b      	ldrb	r3, [r3, #4]
100061c8:	07db      	lsls	r3, r3, #31
100061ca:	d503      	bpl.n	100061d4 <tud_cdc_n_connected+0x30>
100061cc:	3001      	adds	r0, #1
100061ce:	e7f0      	b.n	100061b2 <tud_cdc_n_connected+0xe>
100061d0:	2000      	movs	r0, #0
100061d2:	e7ee      	b.n	100061b2 <tud_cdc_n_connected+0xe>
100061d4:	2000      	movs	r0, #0
100061d6:	e7ec      	b.n	100061b2 <tud_cdc_n_connected+0xe>
100061d8:	200013dc 	.word	0x200013dc

100061dc <tud_cdc_n_available>:
100061dc:	b510      	push	{r4, lr}
100061de:	23b2      	movs	r3, #178	@ 0xb2
100061e0:	009b      	lsls	r3, r3, #2
100061e2:	4343      	muls	r3, r0
100061e4:	3310      	adds	r3, #16
100061e6:	4802      	ldr	r0, [pc, #8]	@ (100061f0 <tud_cdc_n_available+0x14>)
100061e8:	1818      	adds	r0, r3, r0
100061ea:	f000 fde4 	bl	10006db6 <tu_fifo_count>
100061ee:	bd10      	pop	{r4, pc}
100061f0:	200013dc 	.word	0x200013dc

100061f4 <tud_cdc_n_read>:
100061f4:	b570      	push	{r4, r5, r6, lr}
100061f6:	23b2      	movs	r3, #178	@ 0xb2
100061f8:	009b      	lsls	r3, r3, #2
100061fa:	4358      	muls	r0, r3
100061fc:	4b06      	ldr	r3, [pc, #24]	@ (10006218 <tud_cdc_n_read+0x24>)
100061fe:	18c5      	adds	r5, r0, r3
10006200:	b292      	uxth	r2, r2
10006202:	3010      	adds	r0, #16
10006204:	18c0      	adds	r0, r0, r3
10006206:	f000 fe40 	bl	10006e8a <tu_fifo_read_n>
1000620a:	0004      	movs	r4, r0
1000620c:	0028      	movs	r0, r5
1000620e:	f7ff ffa3 	bl	10006158 <_prep_out_transaction>
10006212:	0020      	movs	r0, r4
10006214:	bd70      	pop	{r4, r5, r6, pc}
10006216:	46c0      	nop			@ (mov r8, r8)
10006218:	200013dc 	.word	0x200013dc

1000621c <tud_cdc_n_write_flush>:
1000621c:	b570      	push	{r4, r5, r6, lr}
1000621e:	0005      	movs	r5, r0
10006220:	f7ff fa74 	bl	1000570c <tud_mounted>
10006224:	2800      	cmp	r0, #0
10006226:	d101      	bne.n	1000622c <tud_cdc_n_write_flush+0x10>
10006228:	2000      	movs	r0, #0
1000622a:	bd70      	pop	{r4, r5, r6, pc}
1000622c:	f7ff fa76 	bl	1000571c <tud_suspended>
10006230:	2800      	cmp	r0, #0
10006232:	d1f9      	bne.n	10006228 <tud_cdc_n_write_flush+0xc>
10006234:	24b2      	movs	r4, #178	@ 0xb2
10006236:	00a4      	lsls	r4, r4, #2
10006238:	436c      	muls	r4, r5
1000623a:	3420      	adds	r4, #32
1000623c:	4b21      	ldr	r3, [pc, #132]	@ (100062c4 <tud_cdc_n_write_flush+0xa8>)
1000623e:	18e4      	adds	r4, r4, r3
10006240:	3404      	adds	r4, #4
10006242:	0020      	movs	r0, r4
10006244:	f000 fdb7 	bl	10006db6 <tu_fifo_count>
10006248:	2800      	cmp	r0, #0
1000624a:	d101      	bne.n	10006250 <tud_cdc_n_write_flush+0x34>
1000624c:	2000      	movs	r0, #0
1000624e:	e7ec      	b.n	1000622a <tud_cdc_n_write_flush+0xe>
10006250:	4b1c      	ldr	r3, [pc, #112]	@ (100062c4 <tud_cdc_n_write_flush+0xa8>)
10006252:	22b2      	movs	r2, #178	@ 0xb2
10006254:	0092      	lsls	r2, r2, #2
10006256:	436a      	muls	r2, r5
10006258:	189b      	adds	r3, r3, r2
1000625a:	7899      	ldrb	r1, [r3, #2]
1000625c:	2000      	movs	r0, #0
1000625e:	f7ff fb39 	bl	100058d4 <usbd_edpt_claim>
10006262:	2800      	cmp	r0, #0
10006264:	d101      	bne.n	1000626a <tud_cdc_n_write_flush+0x4e>
10006266:	2000      	movs	r0, #0
10006268:	e7df      	b.n	1000622a <tud_cdc_n_write_flush+0xe>
1000626a:	26b2      	movs	r6, #178	@ 0xb2
1000626c:	00b6      	lsls	r6, r6, #2
1000626e:	436e      	muls	r6, r5
10006270:	23a2      	movs	r3, #162	@ 0xa2
10006272:	009b      	lsls	r3, r3, #2
10006274:	469c      	mov	ip, r3
10006276:	4466      	add	r6, ip
10006278:	4b12      	ldr	r3, [pc, #72]	@ (100062c4 <tud_cdc_n_write_flush+0xa8>)
1000627a:	18f6      	adds	r6, r6, r3
1000627c:	2240      	movs	r2, #64	@ 0x40
1000627e:	0031      	movs	r1, r6
10006280:	0020      	movs	r0, r4
10006282:	f000 fe02 	bl	10006e8a <tu_fifo_read_n>
10006286:	1e04      	subs	r4, r0, #0
10006288:	d00e      	beq.n	100062a8 <tud_cdc_n_write_flush+0x8c>
1000628a:	4b0e      	ldr	r3, [pc, #56]	@ (100062c4 <tud_cdc_n_write_flush+0xa8>)
1000628c:	22b2      	movs	r2, #178	@ 0xb2
1000628e:	0092      	lsls	r2, r2, #2
10006290:	436a      	muls	r2, r5
10006292:	189b      	adds	r3, r3, r2
10006294:	7899      	ldrb	r1, [r3, #2]
10006296:	0003      	movs	r3, r0
10006298:	0032      	movs	r2, r6
1000629a:	2000      	movs	r0, #0
1000629c:	f7ff fb42 	bl	10005924 <usbd_edpt_xfer>
100062a0:	2800      	cmp	r0, #0
100062a2:	d00c      	beq.n	100062be <tud_cdc_n_write_flush+0xa2>
100062a4:	0020      	movs	r0, r4
100062a6:	e7c0      	b.n	1000622a <tud_cdc_n_write_flush+0xe>
100062a8:	4b06      	ldr	r3, [pc, #24]	@ (100062c4 <tud_cdc_n_write_flush+0xa8>)
100062aa:	22b2      	movs	r2, #178	@ 0xb2
100062ac:	0092      	lsls	r2, r2, #2
100062ae:	436a      	muls	r2, r5
100062b0:	189b      	adds	r3, r3, r2
100062b2:	7899      	ldrb	r1, [r3, #2]
100062b4:	2000      	movs	r0, #0
100062b6:	f7ff fb21 	bl	100058fc <usbd_edpt_release>
100062ba:	2000      	movs	r0, #0
100062bc:	e7b5      	b.n	1000622a <tud_cdc_n_write_flush+0xe>
100062be:	2000      	movs	r0, #0
100062c0:	e7b3      	b.n	1000622a <tud_cdc_n_write_flush+0xe>
100062c2:	46c0      	nop			@ (mov r8, r8)
100062c4:	200013dc 	.word	0x200013dc

100062c8 <tud_cdc_n_write>:
100062c8:	b570      	push	{r4, r5, r6, lr}
100062ca:	0005      	movs	r5, r0
100062cc:	24b2      	movs	r4, #178	@ 0xb2
100062ce:	00a4      	lsls	r4, r4, #2
100062d0:	4344      	muls	r4, r0
100062d2:	3420      	adds	r4, #32
100062d4:	4b09      	ldr	r3, [pc, #36]	@ (100062fc <tud_cdc_n_write+0x34>)
100062d6:	18e4      	adds	r4, r4, r3
100062d8:	3404      	adds	r4, #4
100062da:	b292      	uxth	r2, r2
100062dc:	0020      	movs	r0, r4
100062de:	f000 fe0b 	bl	10006ef8 <tu_fifo_write_n>
100062e2:	0006      	movs	r6, r0
100062e4:	0020      	movs	r0, r4
100062e6:	f000 fd66 	bl	10006db6 <tu_fifo_count>
100062ea:	283f      	cmp	r0, #63	@ 0x3f
100062ec:	d801      	bhi.n	100062f2 <tud_cdc_n_write+0x2a>
100062ee:	0030      	movs	r0, r6
100062f0:	bd70      	pop	{r4, r5, r6, pc}
100062f2:	0028      	movs	r0, r5
100062f4:	f7ff ff92 	bl	1000621c <tud_cdc_n_write_flush>
100062f8:	e7f9      	b.n	100062ee <tud_cdc_n_write+0x26>
100062fa:	46c0      	nop			@ (mov r8, r8)
100062fc:	200013dc 	.word	0x200013dc

10006300 <tud_cdc_n_write_available>:
10006300:	b510      	push	{r4, lr}
10006302:	23b2      	movs	r3, #178	@ 0xb2
10006304:	009b      	lsls	r3, r3, #2
10006306:	4358      	muls	r0, r3
10006308:	3020      	adds	r0, #32
1000630a:	4b03      	ldr	r3, [pc, #12]	@ (10006318 <tud_cdc_n_write_available+0x18>)
1000630c:	18c0      	adds	r0, r0, r3
1000630e:	3004      	adds	r0, #4
10006310:	f000 fd83 	bl	10006e1a <tu_fifo_remaining>
10006314:	bd10      	pop	{r4, pc}
10006316:	46c0      	nop			@ (mov r8, r8)
10006318:	200013dc 	.word	0x200013dc

1000631c <cdcd_init>:
1000631c:	b5f0      	push	{r4, r5, r6, r7, lr}
1000631e:	46ce      	mov	lr, r9
10006320:	4647      	mov	r7, r8
10006322:	b580      	push	{r7, lr}
10006324:	b083      	sub	sp, #12
10006326:	482a      	ldr	r0, [pc, #168]	@ (100063d0 <cdcd_init+0xb4>)
10006328:	22b2      	movs	r2, #178	@ 0xb2
1000632a:	0092      	lsls	r2, r2, #2
1000632c:	2100      	movs	r1, #0
1000632e:	f7fe f8fd 	bl	1000452c <__wrap_memset>
10006332:	2700      	movs	r7, #0
10006334:	2f00      	cmp	r7, #0
10006336:	d004      	beq.n	10006342 <cdcd_init+0x26>
10006338:	b003      	add	sp, #12
1000633a:	bcc0      	pop	{r6, r7}
1000633c:	46b9      	mov	r9, r7
1000633e:	46b0      	mov	r8, r6
10006340:	bdf0      	pop	{r4, r5, r6, r7, pc}
10006342:	4e23      	ldr	r6, [pc, #140]	@ (100063d0 <cdcd_init+0xb4>)
10006344:	24b2      	movs	r4, #178	@ 0xb2
10006346:	00a4      	lsls	r4, r4, #2
10006348:	437c      	muls	r4, r7
1000634a:	1935      	adds	r5, r6, r4
1000634c:	23ff      	movs	r3, #255	@ 0xff
1000634e:	716b      	strb	r3, [r5, #5]
10006350:	2300      	movs	r3, #0
10006352:	4698      	mov	r8, r3
10006354:	4a1f      	ldr	r2, [pc, #124]	@ (100063d4 <cdcd_init+0xb8>)
10006356:	80ea      	strh	r2, [r5, #6]
10006358:	2201      	movs	r2, #1
1000635a:	812a      	strh	r2, [r5, #8]
1000635c:	72ab      	strb	r3, [r5, #10]
1000635e:	72eb      	strb	r3, [r5, #11]
10006360:	2308      	movs	r3, #8
10006362:	732b      	strb	r3, [r5, #12]
10006364:	0021      	movs	r1, r4
10006366:	3138      	adds	r1, #56	@ 0x38
10006368:	1989      	adds	r1, r1, r6
1000636a:	33f8      	adds	r3, #248	@ 0xf8
1000636c:	4699      	mov	r9, r3
1000636e:	0020      	movs	r0, r4
10006370:	3010      	adds	r0, #16
10006372:	1980      	adds	r0, r0, r6
10006374:	4643      	mov	r3, r8
10006376:	9300      	str	r3, [sp, #0]
10006378:	3301      	adds	r3, #1
1000637a:	464a      	mov	r2, r9
1000637c:	f000 fcdd 	bl	10006d3a <tu_fifo_config>
10006380:	0021      	movs	r1, r4
10006382:	3139      	adds	r1, #57	@ 0x39
10006384:	31ff      	adds	r1, #255	@ 0xff
10006386:	1989      	adds	r1, r1, r6
10006388:	0020      	movs	r0, r4
1000638a:	3020      	adds	r0, #32
1000638c:	1980      	adds	r0, r0, r6
1000638e:	3004      	adds	r0, #4
10006390:	2301      	movs	r3, #1
10006392:	9300      	str	r3, [sp, #0]
10006394:	464a      	mov	r2, r9
10006396:	f000 fcd0 	bl	10006d3a <tu_fifo_config>
1000639a:	238e      	movs	r3, #142	@ 0x8e
1000639c:	009b      	lsls	r3, r3, #2
1000639e:	18e3      	adds	r3, r4, r3
100063a0:	4699      	mov	r9, r3
100063a2:	44b1      	add	r9, r6
100063a4:	4648      	mov	r0, r9
100063a6:	f7fa fd80 	bl	10000eaa <mutex_init>
100063aa:	4643      	mov	r3, r8
100063ac:	61eb      	str	r3, [r5, #28]
100063ae:	464b      	mov	r3, r9
100063b0:	622b      	str	r3, [r5, #32]
100063b2:	2390      	movs	r3, #144	@ 0x90
100063b4:	009b      	lsls	r3, r3, #2
100063b6:	469c      	mov	ip, r3
100063b8:	4464      	add	r4, ip
100063ba:	19a4      	adds	r4, r4, r6
100063bc:	0020      	movs	r0, r4
100063be:	f7fa fd74 	bl	10000eaa <mutex_init>
100063c2:	632c      	str	r4, [r5, #48]	@ 0x30
100063c4:	4643      	mov	r3, r8
100063c6:	636b      	str	r3, [r5, #52]	@ 0x34
100063c8:	3701      	adds	r7, #1
100063ca:	b2ff      	uxtb	r7, r7
100063cc:	e7b2      	b.n	10006334 <cdcd_init+0x18>
100063ce:	46c0      	nop			@ (mov r8, r8)
100063d0:	200013dc 	.word	0x200013dc
100063d4:	ffffc200 	.word	0xffffc200

100063d8 <cdcd_reset>:
100063d8:	b570      	push	{r4, r5, r6, lr}
100063da:	2500      	movs	r5, #0
100063dc:	2d00      	cmp	r5, #0
100063de:	d000      	beq.n	100063e2 <cdcd_reset+0xa>
100063e0:	bd70      	pop	{r4, r5, r6, pc}
100063e2:	24b2      	movs	r4, #178	@ 0xb2
100063e4:	00a4      	lsls	r4, r4, #2
100063e6:	436c      	muls	r4, r5
100063e8:	4e0b      	ldr	r6, [pc, #44]	@ (10006418 <cdcd_reset+0x40>)
100063ea:	19a0      	adds	r0, r4, r6
100063ec:	2205      	movs	r2, #5
100063ee:	2100      	movs	r1, #0
100063f0:	f7fe f89c 	bl	1000452c <__wrap_memset>
100063f4:	0020      	movs	r0, r4
100063f6:	3010      	adds	r0, #16
100063f8:	1980      	adds	r0, r0, r6
100063fa:	f000 fd82 	bl	10006f02 <tu_fifo_clear>
100063fe:	3420      	adds	r4, #32
10006400:	19a4      	adds	r4, r4, r6
10006402:	3404      	adds	r4, #4
10006404:	0020      	movs	r0, r4
10006406:	f000 fd7c 	bl	10006f02 <tu_fifo_clear>
1000640a:	2101      	movs	r1, #1
1000640c:	0020      	movs	r0, r4
1000640e:	f000 fd97 	bl	10006f40 <tu_fifo_set_overwritable>
10006412:	3501      	adds	r5, #1
10006414:	b2ed      	uxtb	r5, r5
10006416:	e7e1      	b.n	100063dc <cdcd_reset+0x4>
10006418:	200013dc 	.word	0x200013dc

1000641c <cdcd_open>:
1000641c:	b5f0      	push	{r4, r5, r6, r7, lr}
1000641e:	b083      	sub	sp, #12
10006420:	0004      	movs	r4, r0
10006422:	794b      	ldrb	r3, [r1, #5]
10006424:	2b02      	cmp	r3, #2
10006426:	d14e      	bne.n	100064c6 <cdcd_open+0xaa>
10006428:	798b      	ldrb	r3, [r1, #6]
1000642a:	2b02      	cmp	r3, #2
1000642c:	d14f      	bne.n	100064ce <cdcd_open+0xb2>
1000642e:	2300      	movs	r3, #0
10006430:	2b00      	cmp	r3, #0
10006432:	d001      	beq.n	10006438 <cdcd_open+0x1c>
10006434:	2500      	movs	r5, #0
10006436:	e047      	b.n	100064c8 <cdcd_open+0xac>
10006438:	4828      	ldr	r0, [pc, #160]	@ (100064dc <cdcd_open+0xc0>)
1000643a:	25b2      	movs	r5, #178	@ 0xb2
1000643c:	00ad      	lsls	r5, r5, #2
1000643e:	435d      	muls	r5, r3
10006440:	1940      	adds	r0, r0, r5
10006442:	7880      	ldrb	r0, [r0, #2]
10006444:	2800      	cmp	r0, #0
10006446:	d002      	beq.n	1000644e <cdcd_open+0x32>
10006448:	3301      	adds	r3, #1
1000644a:	b2db      	uxtb	r3, r3
1000644c:	e7f0      	b.n	10006430 <cdcd_open+0x14>
1000644e:	4b23      	ldr	r3, [pc, #140]	@ (100064dc <cdcd_open+0xc0>)
10006450:	18ee      	adds	r6, r5, r3
10006452:	788b      	ldrb	r3, [r1, #2]
10006454:	7033      	strb	r3, [r6, #0]
10006456:	780f      	ldrb	r7, [r1, #0]
10006458:	19cf      	adds	r7, r1, r7
1000645a:	2509      	movs	r5, #9
1000645c:	e003      	b.n	10006466 <cdcd_open+0x4a>
1000645e:	783b      	ldrb	r3, [r7, #0]
10006460:	195d      	adds	r5, r3, r5
10006462:	b2ad      	uxth	r5, r5
10006464:	18ff      	adds	r7, r7, r3
10006466:	787b      	ldrb	r3, [r7, #1]
10006468:	2b24      	cmp	r3, #36	@ 0x24
1000646a:	d101      	bne.n	10006470 <cdcd_open+0x54>
1000646c:	4295      	cmp	r5, r2
1000646e:	d9f6      	bls.n	1000645e <cdcd_open+0x42>
10006470:	2b05      	cmp	r3, #5
10006472:	d009      	beq.n	10006488 <cdcd_open+0x6c>
10006474:	787b      	ldrb	r3, [r7, #1]
10006476:	2b04      	cmp	r3, #4
10006478:	d102      	bne.n	10006480 <cdcd_open+0x64>
1000647a:	797b      	ldrb	r3, [r7, #5]
1000647c:	2b0a      	cmp	r3, #10
1000647e:	d010      	beq.n	100064a2 <cdcd_open+0x86>
10006480:	0030      	movs	r0, r6
10006482:	f7ff fe69 	bl	10006158 <_prep_out_transaction>
10006486:	e01f      	b.n	100064c8 <cdcd_open+0xac>
10006488:	0039      	movs	r1, r7
1000648a:	0020      	movs	r0, r4
1000648c:	f7ff f9d6 	bl	1000583c <usbd_edpt_open>
10006490:	2800      	cmp	r0, #0
10006492:	d01e      	beq.n	100064d2 <cdcd_open+0xb6>
10006494:	78bb      	ldrb	r3, [r7, #2]
10006496:	7073      	strb	r3, [r6, #1]
10006498:	783b      	ldrb	r3, [r7, #0]
1000649a:	195d      	adds	r5, r3, r5
1000649c:	b2ad      	uxth	r5, r5
1000649e:	18ff      	adds	r7, r7, r3
100064a0:	e7e8      	b.n	10006474 <cdcd_open+0x58>
100064a2:	7839      	ldrb	r1, [r7, #0]
100064a4:	194d      	adds	r5, r1, r5
100064a6:	b2ad      	uxth	r5, r5
100064a8:	1879      	adds	r1, r7, r1
100064aa:	1cb3      	adds	r3, r6, #2
100064ac:	9301      	str	r3, [sp, #4]
100064ae:	1cf3      	adds	r3, r6, #3
100064b0:	9300      	str	r3, [sp, #0]
100064b2:	2302      	movs	r3, #2
100064b4:	2202      	movs	r2, #2
100064b6:	0020      	movs	r0, r4
100064b8:	f7ff f9da 	bl	10005870 <usbd_open_edpt_pair>
100064bc:	2800      	cmp	r0, #0
100064be:	d00a      	beq.n	100064d6 <cdcd_open+0xba>
100064c0:	350e      	adds	r5, #14
100064c2:	b2ad      	uxth	r5, r5
100064c4:	e7dc      	b.n	10006480 <cdcd_open+0x64>
100064c6:	2500      	movs	r5, #0
100064c8:	0028      	movs	r0, r5
100064ca:	b003      	add	sp, #12
100064cc:	bdf0      	pop	{r4, r5, r6, r7, pc}
100064ce:	2500      	movs	r5, #0
100064d0:	e7fa      	b.n	100064c8 <cdcd_open+0xac>
100064d2:	2500      	movs	r5, #0
100064d4:	e7f8      	b.n	100064c8 <cdcd_open+0xac>
100064d6:	2500      	movs	r5, #0
100064d8:	e7f6      	b.n	100064c8 <cdcd_open+0xac>
100064da:	46c0      	nop			@ (mov r8, r8)
100064dc:	200013dc 	.word	0x200013dc

100064e0 <cdcd_control_xfer_cb>:
100064e0:	b5f8      	push	{r3, r4, r5, r6, r7, lr}
100064e2:	0014      	movs	r4, r2
100064e4:	7812      	ldrb	r2, [r2, #0]
100064e6:	2360      	movs	r3, #96	@ 0x60
100064e8:	4013      	ands	r3, r2
100064ea:	2b20      	cmp	r3, #32
100064ec:	d17c      	bne.n	100065e8 <cdcd_control_xfer_cb+0x108>
100064ee:	4a43      	ldr	r2, [pc, #268]	@ (100065fc <cdcd_control_xfer_cb+0x11c>)
100064f0:	2500      	movs	r5, #0
100064f2:	2d00      	cmp	r5, #0
100064f4:	d000      	beq.n	100064f8 <cdcd_control_xfer_cb+0x18>
100064f6:	e079      	b.n	100065ec <cdcd_control_xfer_cb+0x10c>
100064f8:	7816      	ldrb	r6, [r2, #0]
100064fa:	7927      	ldrb	r7, [r4, #4]
100064fc:	7963      	ldrb	r3, [r4, #5]
100064fe:	021b      	lsls	r3, r3, #8
10006500:	433b      	orrs	r3, r7
10006502:	429e      	cmp	r6, r3
10006504:	d006      	beq.n	10006514 <cdcd_control_xfer_cb+0x34>
10006506:	3501      	adds	r5, #1
10006508:	b2ed      	uxtb	r5, r5
1000650a:	23b2      	movs	r3, #178	@ 0xb2
1000650c:	009b      	lsls	r3, r3, #2
1000650e:	469c      	mov	ip, r3
10006510:	4462      	add	r2, ip
10006512:	e7ee      	b.n	100064f2 <cdcd_control_xfer_cb+0x12>
10006514:	7863      	ldrb	r3, [r4, #1]
10006516:	2b22      	cmp	r3, #34	@ 0x22
10006518:	d031      	beq.n	1000657e <cdcd_control_xfer_cb+0x9e>
1000651a:	d809      	bhi.n	10006530 <cdcd_control_xfer_cb+0x50>
1000651c:	2b20      	cmp	r3, #32
1000651e:	d011      	beq.n	10006544 <cdcd_control_xfer_cb+0x64>
10006520:	2b21      	cmp	r3, #33	@ 0x21
10006522:	d103      	bne.n	1000652c <cdcd_control_xfer_cb+0x4c>
10006524:	2901      	cmp	r1, #1
10006526:	d023      	beq.n	10006570 <cdcd_control_xfer_cb+0x90>
10006528:	2001      	movs	r0, #1
1000652a:	e05e      	b.n	100065ea <cdcd_control_xfer_cb+0x10a>
1000652c:	2000      	movs	r0, #0
1000652e:	e05c      	b.n	100065ea <cdcd_control_xfer_cb+0x10a>
10006530:	2b23      	cmp	r3, #35	@ 0x23
10006532:	d105      	bne.n	10006540 <cdcd_control_xfer_cb+0x60>
10006534:	2901      	cmp	r1, #1
10006536:	d046      	beq.n	100065c6 <cdcd_control_xfer_cb+0xe6>
10006538:	2903      	cmp	r1, #3
1000653a:	d049      	beq.n	100065d0 <cdcd_control_xfer_cb+0xf0>
1000653c:	2001      	movs	r0, #1
1000653e:	e054      	b.n	100065ea <cdcd_control_xfer_cb+0x10a>
10006540:	2000      	movs	r0, #0
10006542:	e052      	b.n	100065ea <cdcd_control_xfer_cb+0x10a>
10006544:	2901      	cmp	r1, #1
10006546:	d003      	beq.n	10006550 <cdcd_control_xfer_cb+0x70>
10006548:	2903      	cmp	r1, #3
1000654a:	d008      	beq.n	1000655e <cdcd_control_xfer_cb+0x7e>
1000654c:	2001      	movs	r0, #1
1000654e:	e04c      	b.n	100065ea <cdcd_control_xfer_cb+0x10a>
10006550:	3206      	adds	r2, #6
10006552:	2307      	movs	r3, #7
10006554:	0021      	movs	r1, r4
10006556:	f7ff fd4f 	bl	10005ff8 <tud_control_xfer>
1000655a:	2001      	movs	r0, #1
1000655c:	e045      	b.n	100065ea <cdcd_control_xfer_cb+0x10a>
1000655e:	4b28      	ldr	r3, [pc, #160]	@ (10006600 <cdcd_control_xfer_cb+0x120>)
10006560:	2b00      	cmp	r3, #0
10006562:	d045      	beq.n	100065f0 <cdcd_control_xfer_cb+0x110>
10006564:	1d91      	adds	r1, r2, #6
10006566:	0028      	movs	r0, r5
10006568:	f7fe fa6a 	bl	10004a40 <tud_cdc_line_coding_cb>
1000656c:	2001      	movs	r0, #1
1000656e:	e03c      	b.n	100065ea <cdcd_control_xfer_cb+0x10a>
10006570:	3206      	adds	r2, #6
10006572:	2307      	movs	r3, #7
10006574:	0021      	movs	r1, r4
10006576:	f7ff fd3f 	bl	10005ff8 <tud_control_xfer>
1000657a:	2001      	movs	r0, #1
1000657c:	e035      	b.n	100065ea <cdcd_control_xfer_cb+0x10a>
1000657e:	2901      	cmp	r1, #1
10006580:	d003      	beq.n	1000658a <cdcd_control_xfer_cb+0xaa>
10006582:	2903      	cmp	r1, #3
10006584:	d006      	beq.n	10006594 <cdcd_control_xfer_cb+0xb4>
10006586:	2001      	movs	r0, #1
10006588:	e02f      	b.n	100065ea <cdcd_control_xfer_cb+0x10a>
1000658a:	0021      	movs	r1, r4
1000658c:	f7ff fd20 	bl	10005fd0 <tud_control_status>
10006590:	2001      	movs	r0, #1
10006592:	e02a      	b.n	100065ea <cdcd_control_xfer_cb+0x10a>
10006594:	78a1      	ldrb	r1, [r4, #2]
10006596:	78e3      	ldrb	r3, [r4, #3]
10006598:	021b      	lsls	r3, r3, #8
1000659a:	430b      	orrs	r3, r1
1000659c:	2101      	movs	r1, #1
1000659e:	001e      	movs	r6, r3
100065a0:	400e      	ands	r6, r1
100065a2:	085c      	lsrs	r4, r3, #1
100065a4:	400c      	ands	r4, r1
100065a6:	7113      	strb	r3, [r2, #4]
100065a8:	4399      	bics	r1, r3
100065aa:	3224      	adds	r2, #36	@ 0x24
100065ac:	0010      	movs	r0, r2
100065ae:	f000 fcc7 	bl	10006f40 <tu_fifo_set_overwritable>
100065b2:	4b14      	ldr	r3, [pc, #80]	@ (10006604 <cdcd_control_xfer_cb+0x124>)
100065b4:	2b00      	cmp	r3, #0
100065b6:	d01d      	beq.n	100065f4 <cdcd_control_xfer_cb+0x114>
100065b8:	0022      	movs	r2, r4
100065ba:	0031      	movs	r1, r6
100065bc:	0028      	movs	r0, r5
100065be:	e000      	b.n	100065c2 <cdcd_control_xfer_cb+0xe2>
100065c0:	bf00      	nop
100065c2:	2001      	movs	r0, #1
100065c4:	e011      	b.n	100065ea <cdcd_control_xfer_cb+0x10a>
100065c6:	0021      	movs	r1, r4
100065c8:	f7ff fd02 	bl	10005fd0 <tud_control_status>
100065cc:	2001      	movs	r0, #1
100065ce:	e00c      	b.n	100065ea <cdcd_control_xfer_cb+0x10a>
100065d0:	4b0d      	ldr	r3, [pc, #52]	@ (10006608 <cdcd_control_xfer_cb+0x128>)
100065d2:	2b00      	cmp	r3, #0
100065d4:	d010      	beq.n	100065f8 <cdcd_control_xfer_cb+0x118>
100065d6:	78a3      	ldrb	r3, [r4, #2]
100065d8:	78e1      	ldrb	r1, [r4, #3]
100065da:	0209      	lsls	r1, r1, #8
100065dc:	4319      	orrs	r1, r3
100065de:	0028      	movs	r0, r5
100065e0:	e000      	b.n	100065e4 <cdcd_control_xfer_cb+0x104>
100065e2:	bf00      	nop
100065e4:	2001      	movs	r0, #1
100065e6:	e000      	b.n	100065ea <cdcd_control_xfer_cb+0x10a>
100065e8:	2000      	movs	r0, #0
100065ea:	bdf8      	pop	{r3, r4, r5, r6, r7, pc}
100065ec:	2000      	movs	r0, #0
100065ee:	e7fc      	b.n	100065ea <cdcd_control_xfer_cb+0x10a>
100065f0:	2001      	movs	r0, #1
100065f2:	e7fa      	b.n	100065ea <cdcd_control_xfer_cb+0x10a>
100065f4:	2001      	movs	r0, #1
100065f6:	e7f8      	b.n	100065ea <cdcd_control_xfer_cb+0x10a>
100065f8:	2001      	movs	r0, #1
100065fa:	e7f6      	b.n	100065ea <cdcd_control_xfer_cb+0x10a>
100065fc:	200013dc 	.word	0x200013dc
10006600:	10004a41 	.word	0x10004a41
	...

1000660c <cdcd_xfer_cb>:
1000660c:	b5f0      	push	{r4, r5, r6, r7, lr}
1000660e:	46d6      	mov	lr, sl
10006610:	b500      	push	{lr}
10006612:	b082      	sub	sp, #8
10006614:	9001      	str	r0, [sp, #4]
10006616:	000f      	movs	r7, r1
10006618:	9300      	str	r3, [sp, #0]
1000661a:	2400      	movs	r4, #0
1000661c:	2c00      	cmp	r4, #0
1000661e:	d00e      	beq.n	1000663e <cdcd_xfer_cb+0x32>
10006620:	2c00      	cmp	r4, #0
10006622:	d000      	beq.n	10006626 <cdcd_xfer_cb+0x1a>
10006624:	e07c      	b.n	10006720 <cdcd_xfer_cb+0x114>
10006626:	78eb      	ldrb	r3, [r5, #3]
10006628:	42bb      	cmp	r3, r7
1000662a:	d016      	beq.n	1000665a <cdcd_xfer_cb+0x4e>
1000662c:	78ab      	ldrb	r3, [r5, #2]
1000662e:	42bb      	cmp	r3, r7
10006630:	d04d      	beq.n	100066ce <cdcd_xfer_cb+0xc2>
10006632:	2401      	movs	r4, #1
10006634:	0020      	movs	r0, r4
10006636:	b002      	add	sp, #8
10006638:	bc80      	pop	{r7}
1000663a:	46ba      	mov	sl, r7
1000663c:	bdf0      	pop	{r4, r5, r6, r7, pc}
1000663e:	25b2      	movs	r5, #178	@ 0xb2
10006640:	00ad      	lsls	r5, r5, #2
10006642:	4365      	muls	r5, r4
10006644:	4b39      	ldr	r3, [pc, #228]	@ (1000672c <cdcd_xfer_cb+0x120>)
10006646:	18ed      	adds	r5, r5, r3
10006648:	78eb      	ldrb	r3, [r5, #3]
1000664a:	42bb      	cmp	r3, r7
1000664c:	d0e8      	beq.n	10006620 <cdcd_xfer_cb+0x14>
1000664e:	78ab      	ldrb	r3, [r5, #2]
10006650:	42bb      	cmp	r3, r7
10006652:	d0e5      	beq.n	10006620 <cdcd_xfer_cb+0x14>
10006654:	3401      	adds	r4, #1
10006656:	b2e4      	uxtb	r4, r4
10006658:	e7e0      	b.n	1000661c <cdcd_xfer_cb+0x10>
1000665a:	2310      	movs	r3, #16
1000665c:	469a      	mov	sl, r3
1000665e:	44aa      	add	sl, r5
10006660:	2392      	movs	r3, #146	@ 0x92
10006662:	009b      	lsls	r3, r3, #2
10006664:	18e9      	adds	r1, r5, r3
10006666:	466b      	mov	r3, sp
10006668:	881a      	ldrh	r2, [r3, #0]
1000666a:	4650      	mov	r0, sl
1000666c:	f000 fc44 	bl	10006ef8 <tu_fifo_write_n>
10006670:	4b2f      	ldr	r3, [pc, #188]	@ (10006730 <cdcd_xfer_cb+0x124>)
10006672:	2b00      	cmp	r3, #0
10006674:	d01b      	beq.n	100066ae <cdcd_xfer_cb+0xa2>
10006676:	796b      	ldrb	r3, [r5, #5]
10006678:	2bff      	cmp	r3, #255	@ 0xff
1000667a:	d018      	beq.n	100066ae <cdcd_xfer_cb+0xa2>
1000667c:	2600      	movs	r6, #0
1000667e:	e000      	b.n	10006682 <cdcd_xfer_cb+0x76>
10006680:	3601      	adds	r6, #1
10006682:	9b00      	ldr	r3, [sp, #0]
10006684:	429e      	cmp	r6, r3
10006686:	d212      	bcs.n	100066ae <cdcd_xfer_cb+0xa2>
10006688:	796a      	ldrb	r2, [r5, #5]
1000668a:	19ab      	adds	r3, r5, r6
1000668c:	2192      	movs	r1, #146	@ 0x92
1000668e:	0089      	lsls	r1, r1, #2
10006690:	468c      	mov	ip, r1
10006692:	4463      	add	r3, ip
10006694:	781b      	ldrb	r3, [r3, #0]
10006696:	429a      	cmp	r2, r3
10006698:	d1f2      	bne.n	10006680 <cdcd_xfer_cb+0x74>
1000669a:	4650      	mov	r0, sl
1000669c:	f000 fba1 	bl	10006de2 <tu_fifo_empty>
100066a0:	2800      	cmp	r0, #0
100066a2:	d1ed      	bne.n	10006680 <cdcd_xfer_cb+0x74>
100066a4:	7969      	ldrb	r1, [r5, #5]
100066a6:	0020      	movs	r0, r4
100066a8:	e000      	b.n	100066ac <cdcd_xfer_cb+0xa0>
100066aa:	bf00      	nop
100066ac:	e7e8      	b.n	10006680 <cdcd_xfer_cb+0x74>
100066ae:	4b21      	ldr	r3, [pc, #132]	@ (10006734 <cdcd_xfer_cb+0x128>)
100066b0:	2b00      	cmp	r3, #0
100066b2:	d004      	beq.n	100066be <cdcd_xfer_cb+0xb2>
100066b4:	4650      	mov	r0, sl
100066b6:	f000 fb94 	bl	10006de2 <tu_fifo_empty>
100066ba:	2800      	cmp	r0, #0
100066bc:	d003      	beq.n	100066c6 <cdcd_xfer_cb+0xba>
100066be:	0028      	movs	r0, r5
100066c0:	f7ff fd4a 	bl	10006158 <_prep_out_transaction>
100066c4:	e7b2      	b.n	1000662c <cdcd_xfer_cb+0x20>
100066c6:	0020      	movs	r0, r4
100066c8:	f7fe faf8 	bl	10004cbc <tud_cdc_rx_cb>
100066cc:	e7f7      	b.n	100066be <cdcd_xfer_cb+0xb2>
100066ce:	4b1a      	ldr	r3, [pc, #104]	@ (10006738 <cdcd_xfer_cb+0x12c>)
100066d0:	2b00      	cmp	r3, #0
100066d2:	d002      	beq.n	100066da <cdcd_xfer_cb+0xce>
100066d4:	0020      	movs	r0, r4
100066d6:	e000      	b.n	100066da <cdcd_xfer_cb+0xce>
100066d8:	bf00      	nop
100066da:	0020      	movs	r0, r4
100066dc:	f7ff fd9e 	bl	1000621c <tud_cdc_n_write_flush>
100066e0:	2800      	cmp	r0, #0
100066e2:	d001      	beq.n	100066e8 <cdcd_xfer_cb+0xdc>
100066e4:	2401      	movs	r4, #1
100066e6:	e7a5      	b.n	10006634 <cdcd_xfer_cb+0x28>
100066e8:	0028      	movs	r0, r5
100066ea:	3024      	adds	r0, #36	@ 0x24
100066ec:	f000 fb63 	bl	10006db6 <tu_fifo_count>
100066f0:	2800      	cmp	r0, #0
100066f2:	d117      	bne.n	10006724 <cdcd_xfer_cb+0x118>
100066f4:	9b00      	ldr	r3, [sp, #0]
100066f6:	2b00      	cmp	r3, #0
100066f8:	d016      	beq.n	10006728 <cdcd_xfer_cb+0x11c>
100066fa:	069e      	lsls	r6, r3, #26
100066fc:	d001      	beq.n	10006702 <cdcd_xfer_cb+0xf6>
100066fe:	2401      	movs	r4, #1
10006700:	e798      	b.n	10006634 <cdcd_xfer_cb+0x28>
10006702:	78a9      	ldrb	r1, [r5, #2]
10006704:	9801      	ldr	r0, [sp, #4]
10006706:	f7ff f8e5 	bl	100058d4 <usbd_edpt_claim>
1000670a:	1e04      	subs	r4, r0, #0
1000670c:	d101      	bne.n	10006712 <cdcd_xfer_cb+0x106>
1000670e:	2401      	movs	r4, #1
10006710:	e790      	b.n	10006634 <cdcd_xfer_cb+0x28>
10006712:	78a9      	ldrb	r1, [r5, #2]
10006714:	2300      	movs	r3, #0
10006716:	2200      	movs	r2, #0
10006718:	9801      	ldr	r0, [sp, #4]
1000671a:	f7ff f903 	bl	10005924 <usbd_edpt_xfer>
1000671e:	e789      	b.n	10006634 <cdcd_xfer_cb+0x28>
10006720:	2400      	movs	r4, #0
10006722:	e787      	b.n	10006634 <cdcd_xfer_cb+0x28>
10006724:	2401      	movs	r4, #1
10006726:	e785      	b.n	10006634 <cdcd_xfer_cb+0x28>
10006728:	2401      	movs	r4, #1
1000672a:	e783      	b.n	10006634 <cdcd_xfer_cb+0x28>
1000672c:	200013dc 	.word	0x200013dc
10006730:	00000000 	.word	0x00000000
10006734:	10004cbd 	.word	0x10004cbd
10006738:	00000000 	.word	0x00000000

1000673c <tusb_init>:
1000673c:	b510      	push	{r4, lr}
1000673e:	2000      	movs	r0, #0
10006740:	f7fe fffe 	bl	10005740 <tud_init>
10006744:	bd10      	pop	{r4, pc}

10006746 <tusb_inited>:
10006746:	b510      	push	{r4, lr}
10006748:	f7fe fff0 	bl	1000572c <tud_inited>
1000674c:	2800      	cmp	r0, #0
1000674e:	d000      	beq.n	10006752 <tusb_inited+0xc>
10006750:	2001      	movs	r0, #1
10006752:	bd10      	pop	{r4, pc}

10006754 <tu_edpt_claim>:
10006754:	b570      	push	{r4, r5, r6, lr}
10006756:	0004      	movs	r4, r0
10006758:	000d      	movs	r5, r1
1000675a:	7803      	ldrb	r3, [r0, #0]
1000675c:	07db      	lsls	r3, r3, #31
1000675e:	0fd8      	lsrs	r0, r3, #31
10006760:	2b00      	cmp	r3, #0
10006762:	d11d      	bne.n	100067a0 <tu_edpt_claim+0x4c>
10006764:	7823      	ldrb	r3, [r4, #0]
10006766:	075b      	lsls	r3, r3, #29
10006768:	0fde      	lsrs	r6, r3, #31
1000676a:	2b00      	cmp	r3, #0
1000676c:	db19      	blt.n	100067a2 <tu_edpt_claim+0x4e>
1000676e:	2101      	movs	r1, #1
10006770:	4249      	negs	r1, r1
10006772:	0028      	movs	r0, r5
10006774:	f001 f91c 	bl	100079b0 <__mutex_enter_timeout_ms_veneer>
10006778:	7823      	ldrb	r3, [r4, #0]
1000677a:	07db      	lsls	r3, r3, #31
1000677c:	0fda      	lsrs	r2, r3, #31
1000677e:	2b00      	cmp	r3, #0
10006780:	d107      	bne.n	10006792 <tu_edpt_claim+0x3e>
10006782:	7823      	ldrb	r3, [r4, #0]
10006784:	075b      	lsls	r3, r3, #29
10006786:	d409      	bmi.n	1000679c <tu_edpt_claim+0x48>
10006788:	7823      	ldrb	r3, [r4, #0]
1000678a:	2204      	movs	r2, #4
1000678c:	4313      	orrs	r3, r2
1000678e:	7023      	strb	r3, [r4, #0]
10006790:	2601      	movs	r6, #1
10006792:	0028      	movs	r0, r5
10006794:	f001 f8e4 	bl	10007960 <__mutex_exit_veneer>
10006798:	0030      	movs	r0, r6
1000679a:	e002      	b.n	100067a2 <tu_edpt_claim+0x4e>
1000679c:	0016      	movs	r6, r2
1000679e:	e7f8      	b.n	10006792 <tu_edpt_claim+0x3e>
100067a0:	2000      	movs	r0, #0
100067a2:	bd70      	pop	{r4, r5, r6, pc}

100067a4 <tu_edpt_release>:
100067a4:	b570      	push	{r4, r5, r6, lr}
100067a6:	0006      	movs	r6, r0
100067a8:	000c      	movs	r4, r1
100067aa:	2101      	movs	r1, #1
100067ac:	4249      	negs	r1, r1
100067ae:	0020      	movs	r0, r4
100067b0:	f001 f8fe 	bl	100079b0 <__mutex_enter_timeout_ms_veneer>
100067b4:	7833      	ldrb	r3, [r6, #0]
100067b6:	075b      	lsls	r3, r3, #29
100067b8:	0fdd      	lsrs	r5, r3, #31
100067ba:	2b00      	cmp	r3, #0
100067bc:	db04      	blt.n	100067c8 <tu_edpt_release+0x24>
100067be:	0020      	movs	r0, r4
100067c0:	f001 f8ce 	bl	10007960 <__mutex_exit_veneer>
100067c4:	0028      	movs	r0, r5
100067c6:	bd70      	pop	{r4, r5, r6, pc}
100067c8:	7833      	ldrb	r3, [r6, #0]
100067ca:	07db      	lsls	r3, r3, #31
100067cc:	d404      	bmi.n	100067d8 <tu_edpt_release+0x34>
100067ce:	7833      	ldrb	r3, [r6, #0]
100067d0:	2204      	movs	r2, #4
100067d2:	4393      	bics	r3, r2
100067d4:	7033      	strb	r3, [r6, #0]
100067d6:	e7f2      	b.n	100067be <tu_edpt_release+0x1a>
100067d8:	2500      	movs	r5, #0
100067da:	e7f0      	b.n	100067be <tu_edpt_release+0x1a>

100067dc <tu_edpt_validate>:
100067dc:	7902      	ldrb	r2, [r0, #4]
100067de:	7943      	ldrb	r3, [r0, #5]
100067e0:	021b      	lsls	r3, r3, #8
100067e2:	4313      	orrs	r3, r2
100067e4:	055b      	lsls	r3, r3, #21
100067e6:	0d5b      	lsrs	r3, r3, #21
100067e8:	78c2      	ldrb	r2, [r0, #3]
100067ea:	0792      	lsls	r2, r2, #30
100067ec:	0f92      	lsrs	r2, r2, #30
100067ee:	2a02      	cmp	r2, #2
100067f0:	d00d      	beq.n	1000680e <tu_edpt_validate+0x32>
100067f2:	2a03      	cmp	r2, #3
100067f4:	d017      	beq.n	10006826 <tu_edpt_validate+0x4a>
100067f6:	2a01      	cmp	r2, #1
100067f8:	d11f      	bne.n	1000683a <tu_edpt_validate+0x5e>
100067fa:	2902      	cmp	r1, #2
100067fc:	d004      	beq.n	10006808 <tu_edpt_validate+0x2c>
100067fe:	4a14      	ldr	r2, [pc, #80]	@ (10006850 <tu_edpt_validate+0x74>)
10006800:	429a      	cmp	r2, r3
10006802:	d31c      	bcc.n	1000683e <tu_edpt_validate+0x62>
10006804:	2001      	movs	r0, #1
10006806:	e019      	b.n	1000683c <tu_edpt_validate+0x60>
10006808:	2280      	movs	r2, #128	@ 0x80
1000680a:	00d2      	lsls	r2, r2, #3
1000680c:	e7f8      	b.n	10006800 <tu_edpt_validate+0x24>
1000680e:	2902      	cmp	r1, #2
10006810:	d003      	beq.n	1000681a <tu_edpt_validate+0x3e>
10006812:	2b40      	cmp	r3, #64	@ 0x40
10006814:	d817      	bhi.n	10006846 <tu_edpt_validate+0x6a>
10006816:	2001      	movs	r0, #1
10006818:	e010      	b.n	1000683c <tu_edpt_validate+0x60>
1000681a:	2280      	movs	r2, #128	@ 0x80
1000681c:	0092      	lsls	r2, r2, #2
1000681e:	4293      	cmp	r3, r2
10006820:	d10f      	bne.n	10006842 <tu_edpt_validate+0x66>
10006822:	2001      	movs	r0, #1
10006824:	e00a      	b.n	1000683c <tu_edpt_validate+0x60>
10006826:	2902      	cmp	r1, #2
10006828:	d004      	beq.n	10006834 <tu_edpt_validate+0x58>
1000682a:	2240      	movs	r2, #64	@ 0x40
1000682c:	429a      	cmp	r2, r3
1000682e:	d30c      	bcc.n	1000684a <tu_edpt_validate+0x6e>
10006830:	2001      	movs	r0, #1
10006832:	e003      	b.n	1000683c <tu_edpt_validate+0x60>
10006834:	2280      	movs	r2, #128	@ 0x80
10006836:	00d2      	lsls	r2, r2, #3
10006838:	e7f8      	b.n	1000682c <tu_edpt_validate+0x50>
1000683a:	2000      	movs	r0, #0
1000683c:	4770      	bx	lr
1000683e:	2000      	movs	r0, #0
10006840:	e7fc      	b.n	1000683c <tu_edpt_validate+0x60>
10006842:	2000      	movs	r0, #0
10006844:	e7fa      	b.n	1000683c <tu_edpt_validate+0x60>
10006846:	2000      	movs	r0, #0
10006848:	e7f8      	b.n	1000683c <tu_edpt_validate+0x60>
1000684a:	2000      	movs	r0, #0
1000684c:	e7f6      	b.n	1000683c <tu_edpt_validate+0x60>
1000684e:	46c0      	nop			@ (mov r8, r8)
10006850:	000003ff 	.word	0x000003ff

10006854 <tu_edpt_bind_driver>:
10006854:	b530      	push	{r4, r5, lr}
10006856:	188a      	adds	r2, r1, r2
10006858:	e001      	b.n	1000685e <tu_edpt_bind_driver+0xa>
1000685a:	780c      	ldrb	r4, [r1, #0]
1000685c:	1909      	adds	r1, r1, r4
1000685e:	4291      	cmp	r1, r2
10006860:	d20a      	bcs.n	10006878 <tu_edpt_bind_driver+0x24>
10006862:	784c      	ldrb	r4, [r1, #1]
10006864:	2c05      	cmp	r4, #5
10006866:	d1f8      	bne.n	1000685a <tu_edpt_bind_driver+0x6>
10006868:	788d      	ldrb	r5, [r1, #2]
1000686a:	347a      	adds	r4, #122	@ 0x7a
1000686c:	402c      	ands	r4, r5
1000686e:	0064      	lsls	r4, r4, #1
10006870:	1904      	adds	r4, r0, r4
10006872:	09ed      	lsrs	r5, r5, #7
10006874:	5563      	strb	r3, [r4, r5]
10006876:	e7f0      	b.n	1000685a <tu_edpt_bind_driver+0x6>
10006878:	bd30      	pop	{r4, r5, pc}

1000687a <advance_index>:
1000687a:	0003      	movs	r3, r0
1000687c:	188a      	adds	r2, r1, r2
1000687e:	b290      	uxth	r0, r2
10006880:	4281      	cmp	r1, r0
10006882:	d802      	bhi.n	1000688a <advance_index+0x10>
10006884:	005a      	lsls	r2, r3, #1
10006886:	4290      	cmp	r0, r2
10006888:	db03      	blt.n	10006892 <advance_index+0x18>
1000688a:	005b      	lsls	r3, r3, #1
1000688c:	b29b      	uxth	r3, r3
1000688e:	1ac0      	subs	r0, r0, r3
10006890:	b280      	uxth	r0, r0
10006892:	4770      	bx	lr

10006894 <_tu_fifo_peek>:
10006894:	b570      	push	{r4, r5, r6, lr}
10006896:	0005      	movs	r5, r0
10006898:	0008      	movs	r0, r1
1000689a:	88ac      	ldrh	r4, [r5, #4]
1000689c:	429a      	cmp	r2, r3
1000689e:	d30b      	bcc.n	100068b8 <_tu_fifo_peek+0x24>
100068a0:	1ad1      	subs	r1, r2, r3
100068a2:	b289      	uxth	r1, r1
100068a4:	2900      	cmp	r1, #0
100068a6:	d01e      	beq.n	100068e6 <_tu_fifo_peek+0x52>
100068a8:	428c      	cmp	r4, r1
100068aa:	d210      	bcs.n	100068ce <_tu_fifo_peek+0x3a>
100068ac:	4294      	cmp	r4, r2
100068ae:	d809      	bhi.n	100068c4 <_tu_fifo_peek+0x30>
100068b0:	1b12      	subs	r2, r2, r4
100068b2:	b293      	uxth	r3, r2
100068b4:	816b      	strh	r3, [r5, #10]
100068b6:	e00a      	b.n	100068ce <_tu_fifo_peek+0x3a>
100068b8:	1ad1      	subs	r1, r2, r3
100068ba:	b289      	uxth	r1, r1
100068bc:	0066      	lsls	r6, r4, #1
100068be:	1989      	adds	r1, r1, r6
100068c0:	b289      	uxth	r1, r1
100068c2:	e7ef      	b.n	100068a4 <_tu_fifo_peek+0x10>
100068c4:	18a2      	adds	r2, r4, r2
100068c6:	b293      	uxth	r3, r2
100068c8:	e7f4      	b.n	100068b4 <_tu_fifo_peek+0x20>
100068ca:	1b1b      	subs	r3, r3, r4
100068cc:	b29b      	uxth	r3, r3
100068ce:	429c      	cmp	r4, r3
100068d0:	d9fb      	bls.n	100068ca <_tu_fifo_peek+0x36>
100068d2:	6829      	ldr	r1, [r5, #0]
100068d4:	88ea      	ldrh	r2, [r5, #6]
100068d6:	0452      	lsls	r2, r2, #17
100068d8:	0c52      	lsrs	r2, r2, #17
100068da:	4353      	muls	r3, r2
100068dc:	18c9      	adds	r1, r1, r3
100068de:	f7fd fe2b 	bl	10004538 <__wrap___aeabi_memcpy>
100068e2:	2001      	movs	r0, #1
100068e4:	bd70      	pop	{r4, r5, r6, pc}
100068e6:	2000      	movs	r0, #0
100068e8:	e7fc      	b.n	100068e4 <_tu_fifo_peek+0x50>

100068ea <_ff_pull_const_addr>:
100068ea:	b570      	push	{r4, r5, r6, lr}
100068ec:	b082      	sub	sp, #8
100068ee:	0005      	movs	r5, r0
100068f0:	0016      	movs	r6, r2
100068f2:	0893      	lsrs	r3, r2, #2
100068f4:	e00c      	b.n	10006910 <_ff_pull_const_addr+0x26>
100068f6:	780a      	ldrb	r2, [r1, #0]
100068f8:	784b      	ldrb	r3, [r1, #1]
100068fa:	021b      	lsls	r3, r3, #8
100068fc:	4313      	orrs	r3, r2
100068fe:	788c      	ldrb	r4, [r1, #2]
10006900:	0424      	lsls	r4, r4, #16
10006902:	431c      	orrs	r4, r3
10006904:	78cb      	ldrb	r3, [r1, #3]
10006906:	061b      	lsls	r3, r3, #24
10006908:	4323      	orrs	r3, r4
1000690a:	602b      	str	r3, [r5, #0]
1000690c:	3104      	adds	r1, #4
1000690e:	0003      	movs	r3, r0
10006910:	1e58      	subs	r0, r3, #1
10006912:	b280      	uxth	r0, r0
10006914:	2b00      	cmp	r3, #0
10006916:	d1ee      	bne.n	100068f6 <_ff_pull_const_addr+0xc>
10006918:	3303      	adds	r3, #3
1000691a:	0032      	movs	r2, r6
1000691c:	401a      	ands	r2, r3
1000691e:	421e      	tst	r6, r3
10006920:	d101      	bne.n	10006926 <_ff_pull_const_addr+0x3c>
10006922:	b002      	add	sp, #8
10006924:	bd70      	pop	{r4, r5, r6, pc}
10006926:	2300      	movs	r3, #0
10006928:	9301      	str	r3, [sp, #4]
1000692a:	a801      	add	r0, sp, #4
1000692c:	f7fd fe04 	bl	10004538 <__wrap___aeabi_memcpy>
10006930:	9b01      	ldr	r3, [sp, #4]
10006932:	602b      	str	r3, [r5, #0]
10006934:	e7f5      	b.n	10006922 <_ff_pull_const_addr+0x38>

10006936 <_ff_pull_n>:
10006936:	b5f0      	push	{r4, r5, r6, r7, lr}
10006938:	46de      	mov	lr, fp
1000693a:	4657      	mov	r7, sl
1000693c:	464e      	mov	r6, r9
1000693e:	4645      	mov	r5, r8
10006940:	b5e0      	push	{r5, r6, r7, lr}
10006942:	b083      	sub	sp, #12
10006944:	0005      	movs	r5, r0
10006946:	468a      	mov	sl, r1
10006948:	a90c      	add	r1, sp, #48	@ 0x30
1000694a:	7809      	ldrb	r1, [r1, #0]
1000694c:	8884      	ldrh	r4, [r0, #4]
1000694e:	1ae0      	subs	r0, r4, r3
10006950:	b280      	uxth	r0, r0
10006952:	1b1c      	subs	r4, r3, r4
10006954:	1914      	adds	r4, r2, r4
10006956:	b2a4      	uxth	r4, r4
10006958:	88ef      	ldrh	r7, [r5, #6]
1000695a:	047f      	lsls	r7, r7, #17
1000695c:	0c7e      	lsrs	r6, r7, #17
1000695e:	0007      	movs	r7, r0
10006960:	4377      	muls	r7, r6
10006962:	b2bf      	uxth	r7, r7
10006964:	4374      	muls	r4, r6
10006966:	b2a4      	uxth	r4, r4
10006968:	46a3      	mov	fp, r4
1000696a:	682c      	ldr	r4, [r5, #0]
1000696c:	46a0      	mov	r8, r4
1000696e:	4373      	muls	r3, r6
10006970:	4498      	add	r8, r3
10006972:	2900      	cmp	r1, #0
10006974:	d008      	beq.n	10006988 <_ff_pull_n+0x52>
10006976:	2901      	cmp	r1, #1
10006978:	d01a      	beq.n	100069b0 <_ff_pull_n+0x7a>
1000697a:	b003      	add	sp, #12
1000697c:	bcf0      	pop	{r4, r5, r6, r7}
1000697e:	46bb      	mov	fp, r7
10006980:	46b2      	mov	sl, r6
10006982:	46a9      	mov	r9, r5
10006984:	46a0      	mov	r8, r4
10006986:	bdf0      	pop	{r4, r5, r6, r7, pc}
10006988:	4290      	cmp	r0, r2
1000698a:	d305      	bcc.n	10006998 <_ff_pull_n+0x62>
1000698c:	4372      	muls	r2, r6
1000698e:	4641      	mov	r1, r8
10006990:	4650      	mov	r0, sl
10006992:	f7fd fdd1 	bl	10004538 <__wrap___aeabi_memcpy>
10006996:	e7f0      	b.n	1000697a <_ff_pull_n+0x44>
10006998:	003a      	movs	r2, r7
1000699a:	4641      	mov	r1, r8
1000699c:	4650      	mov	r0, sl
1000699e:	f7fd fdcb 	bl	10004538 <__wrap___aeabi_memcpy>
100069a2:	6829      	ldr	r1, [r5, #0]
100069a4:	0038      	movs	r0, r7
100069a6:	4450      	add	r0, sl
100069a8:	465a      	mov	r2, fp
100069aa:	f7fd fdc5 	bl	10004538 <__wrap___aeabi_memcpy>
100069ae:	e7e4      	b.n	1000697a <_ff_pull_n+0x44>
100069b0:	4290      	cmp	r0, r2
100069b2:	d306      	bcc.n	100069c2 <_ff_pull_n+0x8c>
100069b4:	4372      	muls	r2, r6
100069b6:	b292      	uxth	r2, r2
100069b8:	4641      	mov	r1, r8
100069ba:	4650      	mov	r0, sl
100069bc:	f7ff ff95 	bl	100068ea <_ff_pull_const_addr>
100069c0:	e7db      	b.n	1000697a <_ff_pull_n+0x44>
100069c2:	2303      	movs	r3, #3
100069c4:	003a      	movs	r2, r7
100069c6:	439a      	bics	r2, r3
100069c8:	4691      	mov	r9, r2
100069ca:	4641      	mov	r1, r8
100069cc:	4650      	mov	r0, sl
100069ce:	f7ff ff8c 	bl	100068ea <_ff_pull_const_addr>
100069d2:	4642      	mov	r2, r8
100069d4:	444a      	add	r2, r9
100069d6:	2303      	movs	r3, #3
100069d8:	0038      	movs	r0, r7
100069da:	4018      	ands	r0, r3
100069dc:	421f      	tst	r7, r3
100069de:	d030      	beq.n	10006a42 <_ff_pull_n+0x10c>
100069e0:	2304      	movs	r3, #4
100069e2:	1a1b      	subs	r3, r3, r0
100069e4:	b29b      	uxth	r3, r3
100069e6:	1c19      	adds	r1, r3, #0
100069e8:	455b      	cmp	r3, fp
100069ea:	d900      	bls.n	100069ee <_ff_pull_n+0xb8>
100069ec:	4659      	mov	r1, fp
100069ee:	b2cf      	uxtb	r7, r1
100069f0:	23ff      	movs	r3, #255	@ 0xff
100069f2:	400b      	ands	r3, r1
100069f4:	4659      	mov	r1, fp
100069f6:	1acc      	subs	r4, r1, r3
100069f8:	b2a3      	uxth	r3, r4
100069fa:	469b      	mov	fp, r3
100069fc:	2300      	movs	r3, #0
100069fe:	9301      	str	r3, [sp, #4]
10006a00:	ab01      	add	r3, sp, #4
10006a02:	e004      	b.n	10006a0e <_ff_pull_n+0xd8>
10006a04:	7810      	ldrb	r0, [r2, #0]
10006a06:	7018      	strb	r0, [r3, #0]
10006a08:	3301      	adds	r3, #1
10006a0a:	0008      	movs	r0, r1
10006a0c:	3201      	adds	r2, #1
10006a0e:	1e41      	subs	r1, r0, #1
10006a10:	b2c9      	uxtb	r1, r1
10006a12:	2800      	cmp	r0, #0
10006a14:	d1f6      	bne.n	10006a04 <_ff_pull_n+0xce>
10006a16:	6829      	ldr	r1, [r5, #0]
10006a18:	e004      	b.n	10006a24 <_ff_pull_n+0xee>
10006a1a:	7808      	ldrb	r0, [r1, #0]
10006a1c:	7018      	strb	r0, [r3, #0]
10006a1e:	3301      	adds	r3, #1
10006a20:	0017      	movs	r7, r2
10006a22:	3101      	adds	r1, #1
10006a24:	1e7a      	subs	r2, r7, #1
10006a26:	b2d2      	uxtb	r2, r2
10006a28:	2f00      	cmp	r7, #0
10006a2a:	d1f6      	bne.n	10006a1a <_ff_pull_n+0xe4>
10006a2c:	9b01      	ldr	r3, [sp, #4]
10006a2e:	4652      	mov	r2, sl
10006a30:	6013      	str	r3, [r2, #0]
10006a32:	465b      	mov	r3, fp
10006a34:	2b00      	cmp	r3, #0
10006a36:	d0a0      	beq.n	1000697a <_ff_pull_n+0x44>
10006a38:	465a      	mov	r2, fp
10006a3a:	4650      	mov	r0, sl
10006a3c:	f7ff ff55 	bl	100068ea <_ff_pull_const_addr>
10006a40:	e79b      	b.n	1000697a <_ff_pull_n+0x44>
10006a42:	6829      	ldr	r1, [r5, #0]
10006a44:	e7f5      	b.n	10006a32 <_ff_pull_n+0xfc>

10006a46 <_tu_fifo_peek_n>:
10006a46:	b5f0      	push	{r4, r5, r6, r7, lr}
10006a48:	46c6      	mov	lr, r8
10006a4a:	b500      	push	{lr}
10006a4c:	b082      	sub	sp, #8
10006a4e:	001e      	movs	r6, r3
10006a50:	ab08      	add	r3, sp, #32
10006a52:	881b      	ldrh	r3, [r3, #0]
10006a54:	ac09      	add	r4, sp, #36	@ 0x24
10006a56:	7827      	ldrb	r7, [r4, #0]
10006a58:	8884      	ldrh	r4, [r0, #4]
10006a5a:	429e      	cmp	r6, r3
10006a5c:	d30f      	bcc.n	10006a7e <_tu_fifo_peek_n+0x38>
10006a5e:	1af5      	subs	r5, r6, r3
10006a60:	b2ad      	uxth	r5, r5
10006a62:	2d00      	cmp	r5, #0
10006a64:	d01f      	beq.n	10006aa6 <_tu_fifo_peek_n+0x60>
10006a66:	42ac      	cmp	r4, r5
10006a68:	d205      	bcs.n	10006a76 <_tu_fifo_peek_n+0x30>
10006a6a:	42b4      	cmp	r4, r6
10006a6c:	d810      	bhi.n	10006a90 <_tu_fifo_peek_n+0x4a>
10006a6e:	1b33      	subs	r3, r6, r4
10006a70:	b29b      	uxth	r3, r3
10006a72:	8143      	strh	r3, [r0, #10]
10006a74:	0025      	movs	r5, r4
10006a76:	4295      	cmp	r5, r2
10006a78:	d30f      	bcc.n	10006a9a <_tu_fifo_peek_n+0x54>
10006a7a:	0015      	movs	r5, r2
10006a7c:	e00d      	b.n	10006a9a <_tu_fifo_peek_n+0x54>
10006a7e:	1af5      	subs	r5, r6, r3
10006a80:	b2ad      	uxth	r5, r5
10006a82:	46a8      	mov	r8, r5
10006a84:	0065      	lsls	r5, r4, #1
10006a86:	46ac      	mov	ip, r5
10006a88:	4645      	mov	r5, r8
10006a8a:	4465      	add	r5, ip
10006a8c:	b2ad      	uxth	r5, r5
10006a8e:	e7e8      	b.n	10006a62 <_tu_fifo_peek_n+0x1c>
10006a90:	19a6      	adds	r6, r4, r6
10006a92:	b2b3      	uxth	r3, r6
10006a94:	e7ed      	b.n	10006a72 <_tu_fifo_peek_n+0x2c>
10006a96:	1b1b      	subs	r3, r3, r4
10006a98:	b29b      	uxth	r3, r3
10006a9a:	429c      	cmp	r4, r3
10006a9c:	d9fb      	bls.n	10006a96 <_tu_fifo_peek_n+0x50>
10006a9e:	9700      	str	r7, [sp, #0]
10006aa0:	002a      	movs	r2, r5
10006aa2:	f7ff ff48 	bl	10006936 <_ff_pull_n>
10006aa6:	0028      	movs	r0, r5
10006aa8:	b002      	add	sp, #8
10006aaa:	bc80      	pop	{r7}
10006aac:	46b8      	mov	r8, r7
10006aae:	bdf0      	pop	{r4, r5, r6, r7, pc}

10006ab0 <_tu_fifo_read_n>:
10006ab0:	b5f0      	push	{r4, r5, r6, r7, lr}
10006ab2:	b083      	sub	sp, #12
10006ab4:	0004      	movs	r4, r0
10006ab6:	000d      	movs	r5, r1
10006ab8:	0016      	movs	r6, r2
10006aba:	001f      	movs	r7, r3
10006abc:	6900      	ldr	r0, [r0, #16]
10006abe:	2800      	cmp	r0, #0
10006ac0:	d003      	beq.n	10006aca <_tu_fifo_read_n+0x1a>
10006ac2:	2101      	movs	r1, #1
10006ac4:	4249      	negs	r1, r1
10006ac6:	f000 ff73 	bl	100079b0 <__mutex_enter_timeout_ms_veneer>
10006aca:	8923      	ldrh	r3, [r4, #8]
10006acc:	b29b      	uxth	r3, r3
10006ace:	8962      	ldrh	r2, [r4, #10]
10006ad0:	9701      	str	r7, [sp, #4]
10006ad2:	9200      	str	r2, [sp, #0]
10006ad4:	0032      	movs	r2, r6
10006ad6:	0029      	movs	r1, r5
10006ad8:	0020      	movs	r0, r4
10006ada:	f7ff ffb4 	bl	10006a46 <_tu_fifo_peek_n>
10006ade:	0005      	movs	r5, r0
10006ae0:	8961      	ldrh	r1, [r4, #10]
10006ae2:	b289      	uxth	r1, r1
10006ae4:	88a0      	ldrh	r0, [r4, #4]
10006ae6:	002a      	movs	r2, r5
10006ae8:	f7ff fec7 	bl	1000687a <advance_index>
10006aec:	8160      	strh	r0, [r4, #10]
10006aee:	6920      	ldr	r0, [r4, #16]
10006af0:	2800      	cmp	r0, #0
10006af2:	d001      	beq.n	10006af8 <_tu_fifo_read_n+0x48>
10006af4:	f000 ff34 	bl	10007960 <__mutex_exit_veneer>
10006af8:	0028      	movs	r0, r5
10006afa:	b003      	add	sp, #12
10006afc:	bdf0      	pop	{r4, r5, r6, r7, pc}

10006afe <_ff_push_const_addr>:
10006afe:	b570      	push	{r4, r5, r6, lr}
10006b00:	b082      	sub	sp, #8
10006b02:	0016      	movs	r6, r2
10006b04:	0895      	lsrs	r5, r2, #2
10006b06:	e009      	b.n	10006b1c <_ff_push_const_addr+0x1e>
10006b08:	680b      	ldr	r3, [r1, #0]
10006b0a:	7003      	strb	r3, [r0, #0]
10006b0c:	0a1d      	lsrs	r5, r3, #8
10006b0e:	7045      	strb	r5, [r0, #1]
10006b10:	0c1d      	lsrs	r5, r3, #16
10006b12:	7085      	strb	r5, [r0, #2]
10006b14:	0e1b      	lsrs	r3, r3, #24
10006b16:	70c3      	strb	r3, [r0, #3]
10006b18:	3004      	adds	r0, #4
10006b1a:	0025      	movs	r5, r4
10006b1c:	1e6c      	subs	r4, r5, #1
10006b1e:	b2a4      	uxth	r4, r4
10006b20:	2d00      	cmp	r5, #0
10006b22:	d1f1      	bne.n	10006b08 <_ff_push_const_addr+0xa>
10006b24:	2303      	movs	r3, #3
10006b26:	0032      	movs	r2, r6
10006b28:	401a      	ands	r2, r3
10006b2a:	421e      	tst	r6, r3
10006b2c:	d101      	bne.n	10006b32 <_ff_push_const_addr+0x34>
10006b2e:	b002      	add	sp, #8
10006b30:	bd70      	pop	{r4, r5, r6, pc}
10006b32:	680b      	ldr	r3, [r1, #0]
10006b34:	9301      	str	r3, [sp, #4]
10006b36:	a901      	add	r1, sp, #4
10006b38:	f7fd fcfe 	bl	10004538 <__wrap___aeabi_memcpy>
10006b3c:	e7f7      	b.n	10006b2e <_ff_push_const_addr+0x30>

10006b3e <_ff_push_n>:
10006b3e:	b5f0      	push	{r4, r5, r6, r7, lr}
10006b40:	46de      	mov	lr, fp
10006b42:	4657      	mov	r7, sl
10006b44:	464e      	mov	r6, r9
10006b46:	4645      	mov	r5, r8
10006b48:	b5e0      	push	{r5, r6, r7, lr}
10006b4a:	b083      	sub	sp, #12
10006b4c:	0005      	movs	r5, r0
10006b4e:	468a      	mov	sl, r1
10006b50:	a90c      	add	r1, sp, #48	@ 0x30
10006b52:	7808      	ldrb	r0, [r1, #0]
10006b54:	88ac      	ldrh	r4, [r5, #4]
10006b56:	1ae1      	subs	r1, r4, r3
10006b58:	b289      	uxth	r1, r1
10006b5a:	1b1c      	subs	r4, r3, r4
10006b5c:	1914      	adds	r4, r2, r4
10006b5e:	b2a4      	uxth	r4, r4
10006b60:	88ef      	ldrh	r7, [r5, #6]
10006b62:	047f      	lsls	r7, r7, #17
10006b64:	0c7e      	lsrs	r6, r7, #17
10006b66:	000f      	movs	r7, r1
10006b68:	4377      	muls	r7, r6
10006b6a:	b2bf      	uxth	r7, r7
10006b6c:	4374      	muls	r4, r6
10006b6e:	b2a4      	uxth	r4, r4
10006b70:	46a3      	mov	fp, r4
10006b72:	682c      	ldr	r4, [r5, #0]
10006b74:	46a0      	mov	r8, r4
10006b76:	4373      	muls	r3, r6
10006b78:	4498      	add	r8, r3
10006b7a:	2800      	cmp	r0, #0
10006b7c:	d008      	beq.n	10006b90 <_ff_push_n+0x52>
10006b7e:	2801      	cmp	r0, #1
10006b80:	d01a      	beq.n	10006bb8 <_ff_push_n+0x7a>
10006b82:	b003      	add	sp, #12
10006b84:	bcf0      	pop	{r4, r5, r6, r7}
10006b86:	46bb      	mov	fp, r7
10006b88:	46b2      	mov	sl, r6
10006b8a:	46a9      	mov	r9, r5
10006b8c:	46a0      	mov	r8, r4
10006b8e:	bdf0      	pop	{r4, r5, r6, r7, pc}
10006b90:	4291      	cmp	r1, r2
10006b92:	d305      	bcc.n	10006ba0 <_ff_push_n+0x62>
10006b94:	4372      	muls	r2, r6
10006b96:	4651      	mov	r1, sl
10006b98:	4640      	mov	r0, r8
10006b9a:	f7fd fccd 	bl	10004538 <__wrap___aeabi_memcpy>
10006b9e:	e7f0      	b.n	10006b82 <_ff_push_n+0x44>
10006ba0:	003a      	movs	r2, r7
10006ba2:	4651      	mov	r1, sl
10006ba4:	4640      	mov	r0, r8
10006ba6:	f7fd fcc7 	bl	10004538 <__wrap___aeabi_memcpy>
10006baa:	6828      	ldr	r0, [r5, #0]
10006bac:	0039      	movs	r1, r7
10006bae:	4451      	add	r1, sl
10006bb0:	465a      	mov	r2, fp
10006bb2:	f7fd fcc1 	bl	10004538 <__wrap___aeabi_memcpy>
10006bb6:	e7e4      	b.n	10006b82 <_ff_push_n+0x44>
10006bb8:	4291      	cmp	r1, r2
10006bba:	d306      	bcc.n	10006bca <_ff_push_n+0x8c>
10006bbc:	4372      	muls	r2, r6
10006bbe:	b292      	uxth	r2, r2
10006bc0:	4651      	mov	r1, sl
10006bc2:	4640      	mov	r0, r8
10006bc4:	f7ff ff9b 	bl	10006afe <_ff_push_const_addr>
10006bc8:	e7db      	b.n	10006b82 <_ff_push_n+0x44>
10006bca:	2303      	movs	r3, #3
10006bcc:	003a      	movs	r2, r7
10006bce:	439a      	bics	r2, r3
10006bd0:	4691      	mov	r9, r2
10006bd2:	4651      	mov	r1, sl
10006bd4:	4640      	mov	r0, r8
10006bd6:	f7ff ff92 	bl	10006afe <_ff_push_const_addr>
10006bda:	4642      	mov	r2, r8
10006bdc:	444a      	add	r2, r9
10006bde:	2303      	movs	r3, #3
10006be0:	0038      	movs	r0, r7
10006be2:	4018      	ands	r0, r3
10006be4:	421f      	tst	r7, r3
10006be6:	d02e      	beq.n	10006c46 <_ff_push_n+0x108>
10006be8:	2304      	movs	r3, #4
10006bea:	1a1b      	subs	r3, r3, r0
10006bec:	b29b      	uxth	r3, r3
10006bee:	1c19      	adds	r1, r3, #0
10006bf0:	455b      	cmp	r3, fp
10006bf2:	d900      	bls.n	10006bf6 <_ff_push_n+0xb8>
10006bf4:	4659      	mov	r1, fp
10006bf6:	b2cf      	uxtb	r7, r1
10006bf8:	23ff      	movs	r3, #255	@ 0xff
10006bfa:	400b      	ands	r3, r1
10006bfc:	4659      	mov	r1, fp
10006bfe:	1acc      	subs	r4, r1, r3
10006c00:	b2a3      	uxth	r3, r4
10006c02:	469b      	mov	fp, r3
10006c04:	4653      	mov	r3, sl
10006c06:	681b      	ldr	r3, [r3, #0]
10006c08:	9301      	str	r3, [sp, #4]
10006c0a:	ab01      	add	r3, sp, #4
10006c0c:	e004      	b.n	10006c18 <_ff_push_n+0xda>
10006c0e:	7818      	ldrb	r0, [r3, #0]
10006c10:	7010      	strb	r0, [r2, #0]
10006c12:	3301      	adds	r3, #1
10006c14:	0008      	movs	r0, r1
10006c16:	3201      	adds	r2, #1
10006c18:	1e41      	subs	r1, r0, #1
10006c1a:	b2c9      	uxtb	r1, r1
10006c1c:	2800      	cmp	r0, #0
10006c1e:	d1f6      	bne.n	10006c0e <_ff_push_n+0xd0>
10006c20:	6828      	ldr	r0, [r5, #0]
10006c22:	e004      	b.n	10006c2e <_ff_push_n+0xf0>
10006c24:	7819      	ldrb	r1, [r3, #0]
10006c26:	7001      	strb	r1, [r0, #0]
10006c28:	3301      	adds	r3, #1
10006c2a:	0017      	movs	r7, r2
10006c2c:	3001      	adds	r0, #1
10006c2e:	1e7a      	subs	r2, r7, #1
10006c30:	b2d2      	uxtb	r2, r2
10006c32:	2f00      	cmp	r7, #0
10006c34:	d1f6      	bne.n	10006c24 <_ff_push_n+0xe6>
10006c36:	465b      	mov	r3, fp
10006c38:	2b00      	cmp	r3, #0
10006c3a:	d0a2      	beq.n	10006b82 <_ff_push_n+0x44>
10006c3c:	465a      	mov	r2, fp
10006c3e:	4651      	mov	r1, sl
10006c40:	f7ff ff5d 	bl	10006afe <_ff_push_const_addr>
10006c44:	e79d      	b.n	10006b82 <_ff_push_n+0x44>
10006c46:	6828      	ldr	r0, [r5, #0]
10006c48:	e7f5      	b.n	10006c36 <_ff_push_n+0xf8>

10006c4a <_tu_fifo_write_n>:
10006c4a:	b5f0      	push	{r4, r5, r6, r7, lr}
10006c4c:	b085      	sub	sp, #20
10006c4e:	0006      	movs	r6, r0
10006c50:	9103      	str	r1, [sp, #12]
10006c52:	1e17      	subs	r7, r2, #0
10006c54:	9302      	str	r3, [sp, #8]
10006c56:	d100      	bne.n	10006c5a <_tu_fifo_write_n+0x10>
10006c58:	e06d      	b.n	10006d36 <_tu_fifo_write_n+0xec>
10006c5a:	68c0      	ldr	r0, [r0, #12]
10006c5c:	2800      	cmp	r0, #0
10006c5e:	d003      	beq.n	10006c68 <_tu_fifo_write_n+0x1e>
10006c60:	2101      	movs	r1, #1
10006c62:	4249      	negs	r1, r1
10006c64:	f000 fea4 	bl	100079b0 <__mutex_enter_timeout_ms_veneer>
10006c68:	8934      	ldrh	r4, [r6, #8]
10006c6a:	b2a4      	uxth	r4, r4
10006c6c:	8971      	ldrh	r1, [r6, #10]
10006c6e:	b289      	uxth	r1, r1
10006c70:	79f3      	ldrb	r3, [r6, #7]
10006c72:	09db      	lsrs	r3, r3, #7
10006c74:	d118      	bne.n	10006ca8 <_tu_fifo_write_n+0x5e>
10006c76:	88b3      	ldrh	r3, [r6, #4]
10006c78:	428c      	cmp	r4, r1
10006c7a:	d30f      	bcc.n	10006c9c <_tu_fifo_write_n+0x52>
10006c7c:	1a61      	subs	r1, r4, r1
10006c7e:	b289      	uxth	r1, r1
10006c80:	428b      	cmp	r3, r1
10006c82:	d956      	bls.n	10006d32 <_tu_fifo_write_n+0xe8>
10006c84:	1a5b      	subs	r3, r3, r1
10006c86:	b29b      	uxth	r3, r3
10006c88:	1c3a      	adds	r2, r7, #0
10006c8a:	429f      	cmp	r7, r3
10006c8c:	d900      	bls.n	10006c90 <_tu_fifo_write_n+0x46>
10006c8e:	1c1a      	adds	r2, r3, #0
10006c90:	b295      	uxth	r5, r2
10006c92:	2d00      	cmp	r5, #0
10006c94:	d045      	beq.n	10006d22 <_tu_fifo_write_n+0xd8>
10006c96:	88b2      	ldrh	r2, [r6, #4]
10006c98:	0023      	movs	r3, r4
10006c9a:	e033      	b.n	10006d04 <_tu_fifo_write_n+0xba>
10006c9c:	1a61      	subs	r1, r4, r1
10006c9e:	b289      	uxth	r1, r1
10006ca0:	005a      	lsls	r2, r3, #1
10006ca2:	1889      	adds	r1, r1, r2
10006ca4:	b289      	uxth	r1, r1
10006ca6:	e7eb      	b.n	10006c80 <_tu_fifo_write_n+0x36>
10006ca8:	88b5      	ldrh	r5, [r6, #4]
10006caa:	42bd      	cmp	r5, r7
10006cac:	d80e      	bhi.n	10006ccc <_tu_fifo_write_n+0x82>
10006cae:	9b02      	ldr	r3, [sp, #8]
10006cb0:	2b00      	cmp	r3, #0
10006cb2:	d121      	bne.n	10006cf8 <_tu_fifo_write_n+0xae>
10006cb4:	1b7b      	subs	r3, r7, r5
10006cb6:	88f7      	ldrh	r7, [r6, #6]
10006cb8:	047f      	lsls	r7, r7, #17
10006cba:	0c7f      	lsrs	r7, r7, #17
10006cbc:	435f      	muls	r7, r3
10006cbe:	9b03      	ldr	r3, [sp, #12]
10006cc0:	469c      	mov	ip, r3
10006cc2:	44bc      	add	ip, r7
10006cc4:	4663      	mov	r3, ip
10006cc6:	9303      	str	r3, [sp, #12]
10006cc8:	000c      	movs	r4, r1
10006cca:	e7e2      	b.n	10006c92 <_tu_fifo_write_n+0x48>
10006ccc:	428c      	cmp	r4, r1
10006cce:	d30d      	bcc.n	10006cec <_tu_fifo_write_n+0xa2>
10006cd0:	1a63      	subs	r3, r4, r1
10006cd2:	b29b      	uxth	r3, r3
10006cd4:	19db      	adds	r3, r3, r7
10006cd6:	006a      	lsls	r2, r5, #1
10006cd8:	4293      	cmp	r3, r2
10006cda:	db0f      	blt.n	10006cfc <_tu_fifo_write_n+0xb2>
10006cdc:	1bea      	subs	r2, r5, r7
10006cde:	b292      	uxth	r2, r2
10006ce0:	0028      	movs	r0, r5
10006ce2:	f7ff fdca 	bl	1000687a <advance_index>
10006ce6:	0004      	movs	r4, r0
10006ce8:	003d      	movs	r5, r7
10006cea:	e7d2      	b.n	10006c92 <_tu_fifo_write_n+0x48>
10006cec:	1a63      	subs	r3, r4, r1
10006cee:	b29b      	uxth	r3, r3
10006cf0:	006a      	lsls	r2, r5, #1
10006cf2:	189b      	adds	r3, r3, r2
10006cf4:	b29b      	uxth	r3, r3
10006cf6:	e7ed      	b.n	10006cd4 <_tu_fifo_write_n+0x8a>
10006cf8:	000c      	movs	r4, r1
10006cfa:	e7ca      	b.n	10006c92 <_tu_fifo_write_n+0x48>
10006cfc:	003d      	movs	r5, r7
10006cfe:	e7c8      	b.n	10006c92 <_tu_fifo_write_n+0x48>
10006d00:	1a9b      	subs	r3, r3, r2
10006d02:	b29b      	uxth	r3, r3
10006d04:	429a      	cmp	r2, r3
10006d06:	d9fb      	bls.n	10006d00 <_tu_fifo_write_n+0xb6>
10006d08:	9a02      	ldr	r2, [sp, #8]
10006d0a:	9200      	str	r2, [sp, #0]
10006d0c:	002a      	movs	r2, r5
10006d0e:	9903      	ldr	r1, [sp, #12]
10006d10:	0030      	movs	r0, r6
10006d12:	f7ff ff14 	bl	10006b3e <_ff_push_n>
10006d16:	88b0      	ldrh	r0, [r6, #4]
10006d18:	002a      	movs	r2, r5
10006d1a:	0021      	movs	r1, r4
10006d1c:	f7ff fdad 	bl	1000687a <advance_index>
10006d20:	8130      	strh	r0, [r6, #8]
10006d22:	68f0      	ldr	r0, [r6, #12]
10006d24:	2800      	cmp	r0, #0
10006d26:	d001      	beq.n	10006d2c <_tu_fifo_write_n+0xe2>
10006d28:	f000 fe1a 	bl	10007960 <__mutex_exit_veneer>
10006d2c:	0028      	movs	r0, r5
10006d2e:	b005      	add	sp, #20
10006d30:	bdf0      	pop	{r4, r5, r6, r7, pc}
10006d32:	2500      	movs	r5, #0
10006d34:	e7f5      	b.n	10006d22 <_tu_fifo_write_n+0xd8>
10006d36:	0015      	movs	r5, r2
10006d38:	e7f8      	b.n	10006d2c <_tu_fifo_write_n+0xe2>

10006d3a <tu_fifo_config>:
10006d3a:	b5f0      	push	{r4, r5, r6, r7, lr}
10006d3c:	b083      	sub	sp, #12
10006d3e:	0004      	movs	r4, r0
10006d40:	9101      	str	r1, [sp, #4]
10006d42:	0016      	movs	r6, r2
10006d44:	001d      	movs	r5, r3
10006d46:	ab08      	add	r3, sp, #32
10006d48:	781f      	ldrb	r7, [r3, #0]
10006d4a:	2380      	movs	r3, #128	@ 0x80
10006d4c:	021b      	lsls	r3, r3, #8
10006d4e:	429a      	cmp	r2, r3
10006d50:	d82d      	bhi.n	10006dae <tu_fifo_config+0x74>
10006d52:	68c0      	ldr	r0, [r0, #12]
10006d54:	2800      	cmp	r0, #0
10006d56:	d003      	beq.n	10006d60 <tu_fifo_config+0x26>
10006d58:	2101      	movs	r1, #1
10006d5a:	4249      	negs	r1, r1
10006d5c:	f000 fe28 	bl	100079b0 <__mutex_enter_timeout_ms_veneer>
10006d60:	6920      	ldr	r0, [r4, #16]
10006d62:	2800      	cmp	r0, #0
10006d64:	d003      	beq.n	10006d6e <tu_fifo_config+0x34>
10006d66:	2101      	movs	r1, #1
10006d68:	4249      	negs	r1, r1
10006d6a:	f000 fe21 	bl	100079b0 <__mutex_enter_timeout_ms_veneer>
10006d6e:	9b01      	ldr	r3, [sp, #4]
10006d70:	6023      	str	r3, [r4, #0]
10006d72:	80a6      	strh	r6, [r4, #4]
10006d74:	046d      	lsls	r5, r5, #17
10006d76:	0c6b      	lsrs	r3, r5, #17
10006d78:	88e5      	ldrh	r5, [r4, #6]
10006d7a:	0bed      	lsrs	r5, r5, #15
10006d7c:	03ed      	lsls	r5, r5, #15
10006d7e:	431d      	orrs	r5, r3
10006d80:	80e5      	strh	r5, [r4, #6]
10006d82:	01fb      	lsls	r3, r7, #7
10006d84:	79e2      	ldrb	r2, [r4, #7]
10006d86:	277f      	movs	r7, #127	@ 0x7f
10006d88:	4017      	ands	r7, r2
10006d8a:	431f      	orrs	r7, r3
10006d8c:	71e7      	strb	r7, [r4, #7]
10006d8e:	2300      	movs	r3, #0
10006d90:	8163      	strh	r3, [r4, #10]
10006d92:	8123      	strh	r3, [r4, #8]
10006d94:	68e0      	ldr	r0, [r4, #12]
10006d96:	2800      	cmp	r0, #0
10006d98:	d001      	beq.n	10006d9e <tu_fifo_config+0x64>
10006d9a:	f000 fde1 	bl	10007960 <__mutex_exit_veneer>
10006d9e:	6920      	ldr	r0, [r4, #16]
10006da0:	2800      	cmp	r0, #0
10006da2:	d006      	beq.n	10006db2 <tu_fifo_config+0x78>
10006da4:	f000 fddc 	bl	10007960 <__mutex_exit_veneer>
10006da8:	2001      	movs	r0, #1
10006daa:	b003      	add	sp, #12
10006dac:	bdf0      	pop	{r4, r5, r6, r7, pc}
10006dae:	2000      	movs	r0, #0
10006db0:	e7fb      	b.n	10006daa <tu_fifo_config+0x70>
10006db2:	2001      	movs	r0, #1
10006db4:	e7f9      	b.n	10006daa <tu_fifo_config+0x70>

10006db6 <tu_fifo_count>:
10006db6:	b510      	push	{r4, lr}
10006db8:	8882      	ldrh	r2, [r0, #4]
10006dba:	8901      	ldrh	r1, [r0, #8]
10006dbc:	b28b      	uxth	r3, r1
10006dbe:	8940      	ldrh	r0, [r0, #10]
10006dc0:	b284      	uxth	r4, r0
10006dc2:	4288      	cmp	r0, r1
10006dc4:	d807      	bhi.n	10006dd6 <tu_fifo_count+0x20>
10006dc6:	1b1b      	subs	r3, r3, r4
10006dc8:	b29b      	uxth	r3, r3
10006dca:	1c10      	adds	r0, r2, #0
10006dcc:	429a      	cmp	r2, r3
10006dce:	d900      	bls.n	10006dd2 <tu_fifo_count+0x1c>
10006dd0:	1c18      	adds	r0, r3, #0
10006dd2:	b280      	uxth	r0, r0
10006dd4:	bd10      	pop	{r4, pc}
10006dd6:	1b1b      	subs	r3, r3, r4
10006dd8:	b29b      	uxth	r3, r3
10006dda:	0051      	lsls	r1, r2, #1
10006ddc:	185b      	adds	r3, r3, r1
10006dde:	b29b      	uxth	r3, r3
10006de0:	e7f3      	b.n	10006dca <tu_fifo_count+0x14>

10006de2 <tu_fifo_empty>:
10006de2:	8903      	ldrh	r3, [r0, #8]
10006de4:	8940      	ldrh	r0, [r0, #10]
10006de6:	1a18      	subs	r0, r3, r0
10006de8:	4243      	negs	r3, r0
10006dea:	4158      	adcs	r0, r3
10006dec:	b2c0      	uxtb	r0, r0
10006dee:	4770      	bx	lr

10006df0 <tu_fifo_full>:
10006df0:	b510      	push	{r4, lr}
10006df2:	8884      	ldrh	r4, [r0, #4]
10006df4:	8902      	ldrh	r2, [r0, #8]
10006df6:	b293      	uxth	r3, r2
10006df8:	8941      	ldrh	r1, [r0, #10]
10006dfa:	b288      	uxth	r0, r1
10006dfc:	4291      	cmp	r1, r2
10006dfe:	d806      	bhi.n	10006e0e <tu_fifo_full+0x1e>
10006e00:	1a1b      	subs	r3, r3, r0
10006e02:	b29b      	uxth	r3, r3
10006e04:	2000      	movs	r0, #0
10006e06:	42a3      	cmp	r3, r4
10006e08:	4140      	adcs	r0, r0
10006e0a:	b2c0      	uxtb	r0, r0
10006e0c:	bd10      	pop	{r4, pc}
10006e0e:	1a1b      	subs	r3, r3, r0
10006e10:	b29b      	uxth	r3, r3
10006e12:	0062      	lsls	r2, r4, #1
10006e14:	189b      	adds	r3, r3, r2
10006e16:	b29b      	uxth	r3, r3
10006e18:	e7f4      	b.n	10006e04 <tu_fifo_full+0x14>

10006e1a <tu_fifo_remaining>:
10006e1a:	b510      	push	{r4, lr}
10006e1c:	8882      	ldrh	r2, [r0, #4]
10006e1e:	8901      	ldrh	r1, [r0, #8]
10006e20:	b28b      	uxth	r3, r1
10006e22:	8940      	ldrh	r0, [r0, #10]
10006e24:	b284      	uxth	r4, r0
10006e26:	4288      	cmp	r0, r1
10006e28:	d806      	bhi.n	10006e38 <tu_fifo_remaining+0x1e>
10006e2a:	1b1b      	subs	r3, r3, r4
10006e2c:	b29b      	uxth	r3, r3
10006e2e:	429a      	cmp	r2, r3
10006e30:	d908      	bls.n	10006e44 <tu_fifo_remaining+0x2a>
10006e32:	1ad0      	subs	r0, r2, r3
10006e34:	b280      	uxth	r0, r0
10006e36:	bd10      	pop	{r4, pc}
10006e38:	1b1b      	subs	r3, r3, r4
10006e3a:	b29b      	uxth	r3, r3
10006e3c:	0051      	lsls	r1, r2, #1
10006e3e:	185b      	adds	r3, r3, r1
10006e40:	b29b      	uxth	r3, r3
10006e42:	e7f4      	b.n	10006e2e <tu_fifo_remaining+0x14>
10006e44:	2000      	movs	r0, #0
10006e46:	e7f6      	b.n	10006e36 <tu_fifo_remaining+0x1c>

10006e48 <tu_fifo_read>:
10006e48:	b570      	push	{r4, r5, r6, lr}
10006e4a:	0004      	movs	r4, r0
10006e4c:	000d      	movs	r5, r1
10006e4e:	6900      	ldr	r0, [r0, #16]
10006e50:	2800      	cmp	r0, #0
10006e52:	d003      	beq.n	10006e5c <tu_fifo_read+0x14>
10006e54:	2101      	movs	r1, #1
10006e56:	4249      	negs	r1, r1
10006e58:	f000 fdaa 	bl	100079b0 <__mutex_enter_timeout_ms_veneer>
10006e5c:	8922      	ldrh	r2, [r4, #8]
10006e5e:	b292      	uxth	r2, r2
10006e60:	8963      	ldrh	r3, [r4, #10]
10006e62:	b29b      	uxth	r3, r3
10006e64:	0029      	movs	r1, r5
10006e66:	0020      	movs	r0, r4
10006e68:	f7ff fd14 	bl	10006894 <_tu_fifo_peek>
10006e6c:	0005      	movs	r5, r0
10006e6e:	8961      	ldrh	r1, [r4, #10]
10006e70:	b289      	uxth	r1, r1
10006e72:	88a0      	ldrh	r0, [r4, #4]
10006e74:	002a      	movs	r2, r5
10006e76:	f7ff fd00 	bl	1000687a <advance_index>
10006e7a:	8160      	strh	r0, [r4, #10]
10006e7c:	6920      	ldr	r0, [r4, #16]
10006e7e:	2800      	cmp	r0, #0
10006e80:	d001      	beq.n	10006e86 <tu_fifo_read+0x3e>
10006e82:	f000 fd6d 	bl	10007960 <__mutex_exit_veneer>
10006e86:	0028      	movs	r0, r5
10006e88:	bd70      	pop	{r4, r5, r6, pc}

10006e8a <tu_fifo_read_n>:
10006e8a:	b510      	push	{r4, lr}
10006e8c:	2300      	movs	r3, #0
10006e8e:	f7ff fe0f 	bl	10006ab0 <_tu_fifo_read_n>
10006e92:	bd10      	pop	{r4, pc}

10006e94 <tu_fifo_write>:
10006e94:	b5f8      	push	{r3, r4, r5, r6, r7, lr}
10006e96:	0004      	movs	r4, r0
10006e98:	000e      	movs	r6, r1
10006e9a:	68c0      	ldr	r0, [r0, #12]
10006e9c:	2800      	cmp	r0, #0
10006e9e:	d003      	beq.n	10006ea8 <tu_fifo_write+0x14>
10006ea0:	2101      	movs	r1, #1
10006ea2:	4249      	negs	r1, r1
10006ea4:	f000 fd84 	bl	100079b0 <__mutex_enter_timeout_ms_veneer>
10006ea8:	8925      	ldrh	r5, [r4, #8]
10006eaa:	b2ad      	uxth	r5, r5
10006eac:	0020      	movs	r0, r4
10006eae:	f7ff ff9f 	bl	10006df0 <tu_fifo_full>
10006eb2:	2800      	cmp	r0, #0
10006eb4:	d002      	beq.n	10006ebc <tu_fifo_write+0x28>
10006eb6:	79e7      	ldrb	r7, [r4, #7]
10006eb8:	09ff      	lsrs	r7, r7, #7
10006eba:	d016      	beq.n	10006eea <tu_fifo_write+0x56>
10006ebc:	88a2      	ldrh	r2, [r4, #4]
10006ebe:	002b      	movs	r3, r5
10006ec0:	e001      	b.n	10006ec6 <tu_fifo_write+0x32>
10006ec2:	1a9b      	subs	r3, r3, r2
10006ec4:	b29b      	uxth	r3, r3
10006ec6:	429a      	cmp	r2, r3
10006ec8:	d9fb      	bls.n	10006ec2 <tu_fifo_write+0x2e>
10006eca:	6820      	ldr	r0, [r4, #0]
10006ecc:	88e2      	ldrh	r2, [r4, #6]
10006ece:	0452      	lsls	r2, r2, #17
10006ed0:	0c52      	lsrs	r2, r2, #17
10006ed2:	4353      	muls	r3, r2
10006ed4:	18c0      	adds	r0, r0, r3
10006ed6:	0031      	movs	r1, r6
10006ed8:	f7fd fb2e 	bl	10004538 <__wrap___aeabi_memcpy>
10006edc:	88a0      	ldrh	r0, [r4, #4]
10006ede:	2201      	movs	r2, #1
10006ee0:	0029      	movs	r1, r5
10006ee2:	f7ff fcca 	bl	1000687a <advance_index>
10006ee6:	8120      	strh	r0, [r4, #8]
10006ee8:	2701      	movs	r7, #1
10006eea:	68e0      	ldr	r0, [r4, #12]
10006eec:	2800      	cmp	r0, #0
10006eee:	d001      	beq.n	10006ef4 <tu_fifo_write+0x60>
10006ef0:	f000 fd36 	bl	10007960 <__mutex_exit_veneer>
10006ef4:	0038      	movs	r0, r7
10006ef6:	bdf8      	pop	{r3, r4, r5, r6, r7, pc}

10006ef8 <tu_fifo_write_n>:
10006ef8:	b510      	push	{r4, lr}
10006efa:	2300      	movs	r3, #0
10006efc:	f7ff fea5 	bl	10006c4a <_tu_fifo_write_n>
10006f00:	bd10      	pop	{r4, pc}

10006f02 <tu_fifo_clear>:
10006f02:	b510      	push	{r4, lr}
10006f04:	0004      	movs	r4, r0
10006f06:	68c0      	ldr	r0, [r0, #12]
10006f08:	2800      	cmp	r0, #0
10006f0a:	d003      	beq.n	10006f14 <tu_fifo_clear+0x12>
10006f0c:	2101      	movs	r1, #1
10006f0e:	4249      	negs	r1, r1
10006f10:	f000 fd4e 	bl	100079b0 <__mutex_enter_timeout_ms_veneer>
10006f14:	6920      	ldr	r0, [r4, #16]
10006f16:	2800      	cmp	r0, #0
10006f18:	d003      	beq.n	10006f22 <tu_fifo_clear+0x20>
10006f1a:	2101      	movs	r1, #1
10006f1c:	4249      	negs	r1, r1
10006f1e:	f000 fd47 	bl	100079b0 <__mutex_enter_timeout_ms_veneer>
10006f22:	2300      	movs	r3, #0
10006f24:	8163      	strh	r3, [r4, #10]
10006f26:	8123      	strh	r3, [r4, #8]
10006f28:	68e0      	ldr	r0, [r4, #12]
10006f2a:	2800      	cmp	r0, #0
10006f2c:	d001      	beq.n	10006f32 <tu_fifo_clear+0x30>
10006f2e:	f000 fd17 	bl	10007960 <__mutex_exit_veneer>
10006f32:	6920      	ldr	r0, [r4, #16]
10006f34:	2800      	cmp	r0, #0
10006f36:	d001      	beq.n	10006f3c <tu_fifo_clear+0x3a>
10006f38:	f000 fd12 	bl	10007960 <__mutex_exit_veneer>
10006f3c:	2001      	movs	r0, #1
10006f3e:	bd10      	pop	{r4, pc}

10006f40 <tu_fifo_set_overwritable>:
10006f40:	b570      	push	{r4, r5, r6, lr}
10006f42:	0004      	movs	r4, r0
10006f44:	000d      	movs	r5, r1
10006f46:	68c0      	ldr	r0, [r0, #12]
10006f48:	2800      	cmp	r0, #0
10006f4a:	d003      	beq.n	10006f54 <tu_fifo_set_overwritable+0x14>
10006f4c:	2101      	movs	r1, #1
10006f4e:	4249      	negs	r1, r1
10006f50:	f000 fd2e 	bl	100079b0 <__mutex_enter_timeout_ms_veneer>
10006f54:	6920      	ldr	r0, [r4, #16]
10006f56:	2800      	cmp	r0, #0
10006f58:	d003      	beq.n	10006f62 <tu_fifo_set_overwritable+0x22>
10006f5a:	2101      	movs	r1, #1
10006f5c:	4249      	negs	r1, r1
10006f5e:	f000 fd27 	bl	100079b0 <__mutex_enter_timeout_ms_veneer>
10006f62:	01ed      	lsls	r5, r5, #7
10006f64:	79e3      	ldrb	r3, [r4, #7]
10006f66:	217f      	movs	r1, #127	@ 0x7f
10006f68:	4019      	ands	r1, r3
10006f6a:	4329      	orrs	r1, r5
10006f6c:	71e1      	strb	r1, [r4, #7]
10006f6e:	68e0      	ldr	r0, [r4, #12]
10006f70:	2800      	cmp	r0, #0
10006f72:	d001      	beq.n	10006f78 <tu_fifo_set_overwritable+0x38>
10006f74:	f000 fcf4 	bl	10007960 <__mutex_exit_veneer>
10006f78:	6920      	ldr	r0, [r4, #16]
10006f7a:	2800      	cmp	r0, #0
10006f7c:	d001      	beq.n	10006f82 <tu_fifo_set_overwritable+0x42>
10006f7e:	f000 fcef 	bl	10007960 <__mutex_exit_veneer>
10006f82:	2001      	movs	r0, #1
10006f84:	bd70      	pop	{r4, r5, r6, pc}
	...

10006f88 <__malloc_lock>:
10006f88:	b510      	push	{r4, lr}
10006f8a:	4802      	ldr	r0, [pc, #8]	@ (10006f94 <__malloc_lock+0xc>)
10006f8c:	f000 fadc 	bl	10007548 <__retarget_lock_acquire_recursive>
10006f90:	bd10      	pop	{r4, pc}
10006f92:	46c0      	nop			@ (mov r8, r8)
10006f94:	20001268 	.word	0x20001268

10006f98 <__malloc_unlock>:
10006f98:	b510      	push	{r4, lr}
10006f9a:	4802      	ldr	r0, [pc, #8]	@ (10006fa4 <__malloc_unlock+0xc>)
10006f9c:	f000 fad6 	bl	1000754c <__retarget_lock_release_recursive>
10006fa0:	bd10      	pop	{r4, pc}
10006fa2:	46c0      	nop			@ (mov r8, r8)
10006fa4:	20001268 	.word	0x20001268

10006fa8 <__sflush_r>:
10006fa8:	b5f0      	push	{r4, r5, r6, r7, lr}
10006faa:	46c6      	mov	lr, r8
10006fac:	b500      	push	{lr}
10006fae:	220c      	movs	r2, #12
10006fb0:	5e8b      	ldrsh	r3, [r1, r2]
10006fb2:	0007      	movs	r7, r0
10006fb4:	000c      	movs	r4, r1
10006fb6:	071a      	lsls	r2, r3, #28
10006fb8:	d44d      	bmi.n	10007056 <__sflush_r+0xae>
10006fba:	2180      	movs	r1, #128	@ 0x80
10006fbc:	6862      	ldr	r2, [r4, #4]
10006fbe:	0109      	lsls	r1, r1, #4
10006fc0:	4319      	orrs	r1, r3
10006fc2:	81a1      	strh	r1, [r4, #12]
10006fc4:	2a00      	cmp	r2, #0
10006fc6:	dd69      	ble.n	1000709c <__sflush_r+0xf4>
10006fc8:	6aa5      	ldr	r5, [r4, #40]	@ 0x28
10006fca:	2d00      	cmp	r5, #0
10006fcc:	d03f      	beq.n	1000704e <__sflush_r+0xa6>
10006fce:	2200      	movs	r2, #0
10006fd0:	683e      	ldr	r6, [r7, #0]
10006fd2:	603a      	str	r2, [r7, #0]
10006fd4:	04db      	lsls	r3, r3, #19
10006fd6:	d466      	bmi.n	100070a6 <__sflush_r+0xfe>
10006fd8:	2200      	movs	r2, #0
10006fda:	2301      	movs	r3, #1
10006fdc:	0038      	movs	r0, r7
10006fde:	69e1      	ldr	r1, [r4, #28]
10006fe0:	47a8      	blx	r5
10006fe2:	0002      	movs	r2, r0
10006fe4:	1c43      	adds	r3, r0, #1
10006fe6:	d06b      	beq.n	100070c0 <__sflush_r+0x118>
10006fe8:	230c      	movs	r3, #12
10006fea:	5ee1      	ldrsh	r1, [r4, r3]
10006fec:	6aa5      	ldr	r5, [r4, #40]	@ 0x28
10006fee:	0749      	lsls	r1, r1, #29
10006ff0:	d506      	bpl.n	10007000 <__sflush_r+0x58>
10006ff2:	6863      	ldr	r3, [r4, #4]
10006ff4:	1ad2      	subs	r2, r2, r3
10006ff6:	6b23      	ldr	r3, [r4, #48]	@ 0x30
10006ff8:	2b00      	cmp	r3, #0
10006ffa:	d001      	beq.n	10007000 <__sflush_r+0x58>
10006ffc:	6be3      	ldr	r3, [r4, #60]	@ 0x3c
10006ffe:	1ad2      	subs	r2, r2, r3
10007000:	2300      	movs	r3, #0
10007002:	0038      	movs	r0, r7
10007004:	69e1      	ldr	r1, [r4, #28]
10007006:	47a8      	blx	r5
10007008:	230c      	movs	r3, #12
1000700a:	5ee2      	ldrsh	r2, [r4, r3]
1000700c:	1c43      	adds	r3, r0, #1
1000700e:	d14c      	bne.n	100070aa <__sflush_r+0x102>
10007010:	6839      	ldr	r1, [r7, #0]
10007012:	291d      	cmp	r1, #29
10007014:	d85e      	bhi.n	100070d4 <__sflush_r+0x12c>
10007016:	4b31      	ldr	r3, [pc, #196]	@ (100070dc <__sflush_r+0x134>)
10007018:	40cb      	lsrs	r3, r1
1000701a:	07db      	lsls	r3, r3, #31
1000701c:	d55a      	bpl.n	100070d4 <__sflush_r+0x12c>
1000701e:	4b30      	ldr	r3, [pc, #192]	@ (100070e0 <__sflush_r+0x138>)
10007020:	4013      	ands	r3, r2
10007022:	81a3      	strh	r3, [r4, #12]
10007024:	2300      	movs	r3, #0
10007026:	6063      	str	r3, [r4, #4]
10007028:	6923      	ldr	r3, [r4, #16]
1000702a:	6023      	str	r3, [r4, #0]
1000702c:	04d2      	lsls	r2, r2, #19
1000702e:	d501      	bpl.n	10007034 <__sflush_r+0x8c>
10007030:	2900      	cmp	r1, #0
10007032:	d043      	beq.n	100070bc <__sflush_r+0x114>
10007034:	6b21      	ldr	r1, [r4, #48]	@ 0x30
10007036:	603e      	str	r6, [r7, #0]
10007038:	2900      	cmp	r1, #0
1000703a:	d008      	beq.n	1000704e <__sflush_r+0xa6>
1000703c:	0023      	movs	r3, r4
1000703e:	3340      	adds	r3, #64	@ 0x40
10007040:	4299      	cmp	r1, r3
10007042:	d002      	beq.n	1000704a <__sflush_r+0xa2>
10007044:	0038      	movs	r0, r7
10007046:	f000 fb19 	bl	1000767c <_free_r>
1000704a:	2300      	movs	r3, #0
1000704c:	6323      	str	r3, [r4, #48]	@ 0x30
1000704e:	2000      	movs	r0, #0
10007050:	bc80      	pop	{r7}
10007052:	46b8      	mov	r8, r7
10007054:	bdf0      	pop	{r4, r5, r6, r7, pc}
10007056:	690e      	ldr	r6, [r1, #16]
10007058:	2e00      	cmp	r6, #0
1000705a:	d0f8      	beq.n	1000704e <__sflush_r+0xa6>
1000705c:	680d      	ldr	r5, [r1, #0]
1000705e:	2200      	movs	r2, #0
10007060:	1bad      	subs	r5, r5, r6
10007062:	600e      	str	r6, [r1, #0]
10007064:	079b      	lsls	r3, r3, #30
10007066:	d100      	bne.n	1000706a <__sflush_r+0xc2>
10007068:	694a      	ldr	r2, [r1, #20]
1000706a:	60a2      	str	r2, [r4, #8]
1000706c:	2d00      	cmp	r5, #0
1000706e:	dc04      	bgt.n	1000707a <__sflush_r+0xd2>
10007070:	e7ed      	b.n	1000704e <__sflush_r+0xa6>
10007072:	1836      	adds	r6, r6, r0
10007074:	1a2d      	subs	r5, r5, r0
10007076:	2d00      	cmp	r5, #0
10007078:	dde9      	ble.n	1000704e <__sflush_r+0xa6>
1000707a:	6a63      	ldr	r3, [r4, #36]	@ 0x24
1000707c:	0032      	movs	r2, r6
1000707e:	4698      	mov	r8, r3
10007080:	0038      	movs	r0, r7
10007082:	002b      	movs	r3, r5
10007084:	69e1      	ldr	r1, [r4, #28]
10007086:	47c0      	blx	r8
10007088:	2800      	cmp	r0, #0
1000708a:	dcf2      	bgt.n	10007072 <__sflush_r+0xca>
1000708c:	2240      	movs	r2, #64	@ 0x40
1000708e:	89a3      	ldrh	r3, [r4, #12]
10007090:	4313      	orrs	r3, r2
10007092:	b21b      	sxth	r3, r3
10007094:	2001      	movs	r0, #1
10007096:	81a3      	strh	r3, [r4, #12]
10007098:	4240      	negs	r0, r0
1000709a:	e7d9      	b.n	10007050 <__sflush_r+0xa8>
1000709c:	6be2      	ldr	r2, [r4, #60]	@ 0x3c
1000709e:	2a00      	cmp	r2, #0
100070a0:	dd00      	ble.n	100070a4 <__sflush_r+0xfc>
100070a2:	e791      	b.n	10006fc8 <__sflush_r+0x20>
100070a4:	e7d3      	b.n	1000704e <__sflush_r+0xa6>
100070a6:	6d22      	ldr	r2, [r4, #80]	@ 0x50
100070a8:	e7a1      	b.n	10006fee <__sflush_r+0x46>
100070aa:	4b0d      	ldr	r3, [pc, #52]	@ (100070e0 <__sflush_r+0x138>)
100070ac:	4013      	ands	r3, r2
100070ae:	81a3      	strh	r3, [r4, #12]
100070b0:	2300      	movs	r3, #0
100070b2:	6063      	str	r3, [r4, #4]
100070b4:	6923      	ldr	r3, [r4, #16]
100070b6:	6023      	str	r3, [r4, #0]
100070b8:	04d2      	lsls	r2, r2, #19
100070ba:	d5bb      	bpl.n	10007034 <__sflush_r+0x8c>
100070bc:	6520      	str	r0, [r4, #80]	@ 0x50
100070be:	e7b9      	b.n	10007034 <__sflush_r+0x8c>
100070c0:	683b      	ldr	r3, [r7, #0]
100070c2:	2b00      	cmp	r3, #0
100070c4:	d100      	bne.n	100070c8 <__sflush_r+0x120>
100070c6:	e78f      	b.n	10006fe8 <__sflush_r+0x40>
100070c8:	2b1d      	cmp	r3, #29
100070ca:	d001      	beq.n	100070d0 <__sflush_r+0x128>
100070cc:	2b16      	cmp	r3, #22
100070ce:	d1dd      	bne.n	1000708c <__sflush_r+0xe4>
100070d0:	603e      	str	r6, [r7, #0]
100070d2:	e7bc      	b.n	1000704e <__sflush_r+0xa6>
100070d4:	2340      	movs	r3, #64	@ 0x40
100070d6:	4313      	orrs	r3, r2
100070d8:	e7dc      	b.n	10007094 <__sflush_r+0xec>
100070da:	46c0      	nop			@ (mov r8, r8)
100070dc:	20400001 	.word	0x20400001
100070e0:	fffff7ff 	.word	0xfffff7ff

100070e4 <_fflush_r>:
100070e4:	b570      	push	{r4, r5, r6, lr}
100070e6:	0005      	movs	r5, r0
100070e8:	000c      	movs	r4, r1
100070ea:	2800      	cmp	r0, #0
100070ec:	d002      	beq.n	100070f4 <_fflush_r+0x10>
100070ee:	6b43      	ldr	r3, [r0, #52]	@ 0x34
100070f0:	2b00      	cmp	r3, #0
100070f2:	d027      	beq.n	10007144 <_fflush_r+0x60>
100070f4:	220c      	movs	r2, #12
100070f6:	5ea3      	ldrsh	r3, [r4, r2]
100070f8:	2b00      	cmp	r3, #0
100070fa:	d011      	beq.n	10007120 <_fflush_r+0x3c>
100070fc:	6e62      	ldr	r2, [r4, #100]	@ 0x64
100070fe:	07d2      	lsls	r2, r2, #31
10007100:	d401      	bmi.n	10007106 <_fflush_r+0x22>
10007102:	059b      	lsls	r3, r3, #22
10007104:	d50e      	bpl.n	10007124 <_fflush_r+0x40>
10007106:	0028      	movs	r0, r5
10007108:	0021      	movs	r1, r4
1000710a:	f7ff ff4d 	bl	10006fa8 <__sflush_r>
1000710e:	6e63      	ldr	r3, [r4, #100]	@ 0x64
10007110:	0005      	movs	r5, r0
10007112:	07db      	lsls	r3, r3, #31
10007114:	d402      	bmi.n	1000711c <_fflush_r+0x38>
10007116:	89a3      	ldrh	r3, [r4, #12]
10007118:	059b      	lsls	r3, r3, #22
1000711a:	d50f      	bpl.n	1000713c <_fflush_r+0x58>
1000711c:	0028      	movs	r0, r5
1000711e:	bd70      	pop	{r4, r5, r6, pc}
10007120:	2500      	movs	r5, #0
10007122:	e7fb      	b.n	1000711c <_fflush_r+0x38>
10007124:	6da0      	ldr	r0, [r4, #88]	@ 0x58
10007126:	f000 fa0f 	bl	10007548 <__retarget_lock_acquire_recursive>
1000712a:	0028      	movs	r0, r5
1000712c:	0021      	movs	r1, r4
1000712e:	f7ff ff3b 	bl	10006fa8 <__sflush_r>
10007132:	6e63      	ldr	r3, [r4, #100]	@ 0x64
10007134:	0005      	movs	r5, r0
10007136:	07db      	lsls	r3, r3, #31
10007138:	d4f0      	bmi.n	1000711c <_fflush_r+0x38>
1000713a:	e7ec      	b.n	10007116 <_fflush_r+0x32>
1000713c:	6da0      	ldr	r0, [r4, #88]	@ 0x58
1000713e:	f000 fa05 	bl	1000754c <__retarget_lock_release_recursive>
10007142:	e7eb      	b.n	1000711c <_fflush_r+0x38>
10007144:	f000 f8f8 	bl	10007338 <__sinit>
10007148:	e7d4      	b.n	100070f4 <_fflush_r+0x10>
1000714a:	46c0      	nop			@ (mov r8, r8)

1000714c <fflush>:
1000714c:	b570      	push	{r4, r5, r6, lr}
1000714e:	1e04      	subs	r4, r0, #0
10007150:	d02a      	beq.n	100071a8 <fflush+0x5c>
10007152:	4b19      	ldr	r3, [pc, #100]	@ (100071b8 <fflush+0x6c>)
10007154:	681d      	ldr	r5, [r3, #0]
10007156:	2d00      	cmp	r5, #0
10007158:	d002      	beq.n	10007160 <fflush+0x14>
1000715a:	6b6b      	ldr	r3, [r5, #52]	@ 0x34
1000715c:	2b00      	cmp	r3, #0
1000715e:	d017      	beq.n	10007190 <fflush+0x44>
10007160:	220c      	movs	r2, #12
10007162:	5ea3      	ldrsh	r3, [r4, r2]
10007164:	2b00      	cmp	r3, #0
10007166:	d011      	beq.n	1000718c <fflush+0x40>
10007168:	6e62      	ldr	r2, [r4, #100]	@ 0x64
1000716a:	07d2      	lsls	r2, r2, #31
1000716c:	d401      	bmi.n	10007172 <fflush+0x26>
1000716e:	059b      	lsls	r3, r3, #22
10007170:	d512      	bpl.n	10007198 <fflush+0x4c>
10007172:	0028      	movs	r0, r5
10007174:	0021      	movs	r1, r4
10007176:	f7ff ff17 	bl	10006fa8 <__sflush_r>
1000717a:	6e63      	ldr	r3, [r4, #100]	@ 0x64
1000717c:	0005      	movs	r5, r0
1000717e:	07db      	lsls	r3, r3, #31
10007180:	d402      	bmi.n	10007188 <fflush+0x3c>
10007182:	89a3      	ldrh	r3, [r4, #12]
10007184:	059b      	lsls	r3, r3, #22
10007186:	d50b      	bpl.n	100071a0 <fflush+0x54>
10007188:	0028      	movs	r0, r5
1000718a:	bd70      	pop	{r4, r5, r6, pc}
1000718c:	2500      	movs	r5, #0
1000718e:	e7fb      	b.n	10007188 <fflush+0x3c>
10007190:	0028      	movs	r0, r5
10007192:	f000 f8d1 	bl	10007338 <__sinit>
10007196:	e7e3      	b.n	10007160 <fflush+0x14>
10007198:	6da0      	ldr	r0, [r4, #88]	@ 0x58
1000719a:	f000 f9d5 	bl	10007548 <__retarget_lock_acquire_recursive>
1000719e:	e7e8      	b.n	10007172 <fflush+0x26>
100071a0:	6da0      	ldr	r0, [r4, #88]	@ 0x58
100071a2:	f000 f9d3 	bl	1000754c <__retarget_lock_release_recursive>
100071a6:	e7ef      	b.n	10007188 <fflush+0x3c>
100071a8:	4a04      	ldr	r2, [pc, #16]	@ (100071bc <fflush+0x70>)
100071aa:	4905      	ldr	r1, [pc, #20]	@ (100071c0 <fflush+0x74>)
100071ac:	4805      	ldr	r0, [pc, #20]	@ (100071c4 <fflush+0x78>)
100071ae:	f000 f8ef 	bl	10007390 <_fwalk_sglue>
100071b2:	0005      	movs	r5, r0
100071b4:	e7e8      	b.n	10007188 <fflush+0x3c>
100071b6:	46c0      	nop			@ (mov r8, r8)
100071b8:	20000ffc 	.word	0x20000ffc
100071bc:	20000ff0 	.word	0x20000ff0
100071c0:	100070e5 	.word	0x100070e5
100071c4:	20001000 	.word	0x20001000

100071c8 <stdio_exit_handler>:
100071c8:	b510      	push	{r4, lr}
100071ca:	4a03      	ldr	r2, [pc, #12]	@ (100071d8 <stdio_exit_handler+0x10>)
100071cc:	4903      	ldr	r1, [pc, #12]	@ (100071dc <stdio_exit_handler+0x14>)
100071ce:	4804      	ldr	r0, [pc, #16]	@ (100071e0 <stdio_exit_handler+0x18>)
100071d0:	f000 f8de 	bl	10007390 <_fwalk_sglue>
100071d4:	bd10      	pop	{r4, pc}
100071d6:	46c0      	nop			@ (mov r8, r8)
100071d8:	20000ff0 	.word	0x20000ff0
100071dc:	1000786d 	.word	0x1000786d
100071e0:	20001000 	.word	0x20001000

100071e4 <cleanup_stdio>:
100071e4:	6841      	ldr	r1, [r0, #4]
100071e6:	4b0b      	ldr	r3, [pc, #44]	@ (10007214 <cleanup_stdio+0x30>)
100071e8:	b510      	push	{r4, lr}
100071ea:	0004      	movs	r4, r0
100071ec:	4299      	cmp	r1, r3
100071ee:	d001      	beq.n	100071f4 <cleanup_stdio+0x10>
100071f0:	f000 fb3c 	bl	1000786c <_fclose_r>
100071f4:	68a1      	ldr	r1, [r4, #8]
100071f6:	4b08      	ldr	r3, [pc, #32]	@ (10007218 <cleanup_stdio+0x34>)
100071f8:	4299      	cmp	r1, r3
100071fa:	d002      	beq.n	10007202 <cleanup_stdio+0x1e>
100071fc:	0020      	movs	r0, r4
100071fe:	f000 fb35 	bl	1000786c <_fclose_r>
10007202:	68e1      	ldr	r1, [r4, #12]
10007204:	4b05      	ldr	r3, [pc, #20]	@ (1000721c <cleanup_stdio+0x38>)
10007206:	4299      	cmp	r1, r3
10007208:	d002      	beq.n	10007210 <cleanup_stdio+0x2c>
1000720a:	0020      	movs	r0, r4
1000720c:	f000 fb2e 	bl	1000786c <_fclose_r>
10007210:	bd10      	pop	{r4, pc}
10007212:	46c0      	nop			@ (mov r8, r8)
10007214:	2000129c 	.word	0x2000129c
10007218:	20001304 	.word	0x20001304
1000721c:	2000136c 	.word	0x2000136c

10007220 <global_stdio_init.part.0>:
10007220:	b5f8      	push	{r3, r4, r5, r6, r7, lr}
10007222:	46ce      	mov	lr, r9
10007224:	4647      	mov	r7, r8
10007226:	4c3b      	ldr	r4, [pc, #236]	@ (10007314 <global_stdio_init.part.0+0xf4>)
10007228:	4b3b      	ldr	r3, [pc, #236]	@ (10007318 <global_stdio_init.part.0+0xf8>)
1000722a:	4a3c      	ldr	r2, [pc, #240]	@ (1000731c <global_stdio_init.part.0+0xfc>)
1000722c:	0020      	movs	r0, r4
1000722e:	2500      	movs	r5, #0
10007230:	b580      	push	{r7, lr}
10007232:	601a      	str	r2, [r3, #0]
10007234:	2304      	movs	r3, #4
10007236:	2208      	movs	r2, #8
10007238:	2100      	movs	r1, #0
1000723a:	305c      	adds	r0, #92	@ 0x5c
1000723c:	6025      	str	r5, [r4, #0]
1000723e:	6065      	str	r5, [r4, #4]
10007240:	60a5      	str	r5, [r4, #8]
10007242:	6665      	str	r5, [r4, #100]	@ 0x64
10007244:	6125      	str	r5, [r4, #16]
10007246:	6165      	str	r5, [r4, #20]
10007248:	61a5      	str	r5, [r4, #24]
1000724a:	60e3      	str	r3, [r4, #12]
1000724c:	f7fd f96e 	bl	1000452c <__wrap_memset>
10007250:	0020      	movs	r0, r4
10007252:	4b33      	ldr	r3, [pc, #204]	@ (10007320 <global_stdio_init.part.0+0x100>)
10007254:	4f33      	ldr	r7, [pc, #204]	@ (10007324 <global_stdio_init.part.0+0x104>)
10007256:	4e34      	ldr	r6, [pc, #208]	@ (10007328 <global_stdio_init.part.0+0x108>)
10007258:	4699      	mov	r9, r3
1000725a:	6223      	str	r3, [r4, #32]
1000725c:	4b33      	ldr	r3, [pc, #204]	@ (1000732c <global_stdio_init.part.0+0x10c>)
1000725e:	3058      	adds	r0, #88	@ 0x58
10007260:	4698      	mov	r8, r3
10007262:	62a7      	str	r7, [r4, #40]	@ 0x28
10007264:	62e6      	str	r6, [r4, #44]	@ 0x2c
10007266:	6263      	str	r3, [r4, #36]	@ 0x24
10007268:	61e4      	str	r4, [r4, #28]
1000726a:	f000 f969 	bl	10007540 <__retarget_lock_init_recursive>
1000726e:	23cc      	movs	r3, #204	@ 0xcc
10007270:	50e5      	str	r5, [r4, r3]
10007272:	4b2f      	ldr	r3, [pc, #188]	@ (10007330 <global_stdio_init.part.0+0x110>)
10007274:	0020      	movs	r0, r4
10007276:	6763      	str	r3, [r4, #116]	@ 0x74
10007278:	2380      	movs	r3, #128	@ 0x80
1000727a:	2100      	movs	r1, #0
1000727c:	2208      	movs	r2, #8
1000727e:	30c4      	adds	r0, #196	@ 0xc4
10007280:	50e5      	str	r5, [r4, r3]
10007282:	66a5      	str	r5, [r4, #104]	@ 0x68
10007284:	66e5      	str	r5, [r4, #108]	@ 0x6c
10007286:	6725      	str	r5, [r4, #112]	@ 0x70
10007288:	67a5      	str	r5, [r4, #120]	@ 0x78
1000728a:	67e5      	str	r5, [r4, #124]	@ 0x7c
1000728c:	f7fd f94e 	bl	1000452c <__wrap_memset>
10007290:	0022      	movs	r2, r4
10007292:	2384      	movs	r3, #132	@ 0x84
10007294:	3268      	adds	r2, #104	@ 0x68
10007296:	50e2      	str	r2, [r4, r3]
10007298:	464a      	mov	r2, r9
1000729a:	3304      	adds	r3, #4
1000729c:	50e2      	str	r2, [r4, r3]
1000729e:	4642      	mov	r2, r8
100072a0:	0020      	movs	r0, r4
100072a2:	3304      	adds	r3, #4
100072a4:	50e2      	str	r2, [r4, r3]
100072a6:	3304      	adds	r3, #4
100072a8:	50e7      	str	r7, [r4, r3]
100072aa:	30c0      	adds	r0, #192	@ 0xc0
100072ac:	3304      	adds	r3, #4
100072ae:	50e6      	str	r6, [r4, r3]
100072b0:	f000 f946 	bl	10007540 <__retarget_lock_init_recursive>
100072b4:	23d0      	movs	r3, #208	@ 0xd0
100072b6:	0020      	movs	r0, r4
100072b8:	50e5      	str	r5, [r4, r3]
100072ba:	3304      	adds	r3, #4
100072bc:	50e5      	str	r5, [r4, r3]
100072be:	3304      	adds	r3, #4
100072c0:	50e5      	str	r5, [r4, r3]
100072c2:	4a1c      	ldr	r2, [pc, #112]	@ (10007334 <global_stdio_init.part.0+0x114>)
100072c4:	335c      	adds	r3, #92	@ 0x5c
100072c6:	50e5      	str	r5, [r4, r3]
100072c8:	3b58      	subs	r3, #88	@ 0x58
100072ca:	50e2      	str	r2, [r4, r3]
100072cc:	3304      	adds	r3, #4
100072ce:	50e5      	str	r5, [r4, r3]
100072d0:	302d      	adds	r0, #45	@ 0x2d
100072d2:	3304      	adds	r3, #4
100072d4:	50e5      	str	r5, [r4, r3]
100072d6:	2100      	movs	r1, #0
100072d8:	3304      	adds	r3, #4
100072da:	2208      	movs	r2, #8
100072dc:	30ff      	adds	r0, #255	@ 0xff
100072de:	50e5      	str	r5, [r4, r3]
100072e0:	f7fd f924 	bl	1000452c <__wrap_memset>
100072e4:	0022      	movs	r2, r4
100072e6:	23ec      	movs	r3, #236	@ 0xec
100072e8:	32d0      	adds	r2, #208	@ 0xd0
100072ea:	50e2      	str	r2, [r4, r3]
100072ec:	464a      	mov	r2, r9
100072ee:	3304      	adds	r3, #4
100072f0:	50e2      	str	r2, [r4, r3]
100072f2:	0020      	movs	r0, r4
100072f4:	4642      	mov	r2, r8
100072f6:	3304      	adds	r3, #4
100072f8:	50e2      	str	r2, [r4, r3]
100072fa:	3029      	adds	r0, #41	@ 0x29
100072fc:	3304      	adds	r3, #4
100072fe:	50e7      	str	r7, [r4, r3]
10007300:	30ff      	adds	r0, #255	@ 0xff
10007302:	3304      	adds	r3, #4
10007304:	50e6      	str	r6, [r4, r3]
10007306:	f000 f91b 	bl	10007540 <__retarget_lock_init_recursive>
1000730a:	bcc0      	pop	{r6, r7}
1000730c:	46b9      	mov	r9, r7
1000730e:	46b0      	mov	r8, r6
10007310:	bdf8      	pop	{r3, r4, r5, r6, r7, pc}
10007312:	46c0      	nop			@ (mov r8, r8)
10007314:	2000129c 	.word	0x2000129c
10007318:	200013d4 	.word	0x200013d4
1000731c:	100071c9 	.word	0x100071c9
10007320:	100073d5 	.word	0x100073d5
10007324:	1000743d 	.word	0x1000743d
10007328:	10007469 	.word	0x10007469
1000732c:	100073fd 	.word	0x100073fd
10007330:	00010009 	.word	0x00010009
10007334:	00020012 	.word	0x00020012

10007338 <__sinit>:
10007338:	b570      	push	{r4, r5, r6, lr}
1000733a:	0004      	movs	r4, r0
1000733c:	4d09      	ldr	r5, [pc, #36]	@ (10007364 <__sinit+0x2c>)
1000733e:	0028      	movs	r0, r5
10007340:	f000 f902 	bl	10007548 <__retarget_lock_acquire_recursive>
10007344:	6b63      	ldr	r3, [r4, #52]	@ 0x34
10007346:	2b00      	cmp	r3, #0
10007348:	d105      	bne.n	10007356 <__sinit+0x1e>
1000734a:	4b07      	ldr	r3, [pc, #28]	@ (10007368 <__sinit+0x30>)
1000734c:	6363      	str	r3, [r4, #52]	@ 0x34
1000734e:	4b07      	ldr	r3, [pc, #28]	@ (1000736c <__sinit+0x34>)
10007350:	681b      	ldr	r3, [r3, #0]
10007352:	2b00      	cmp	r3, #0
10007354:	d003      	beq.n	1000735e <__sinit+0x26>
10007356:	0028      	movs	r0, r5
10007358:	f000 f8f8 	bl	1000754c <__retarget_lock_release_recursive>
1000735c:	bd70      	pop	{r4, r5, r6, pc}
1000735e:	f7ff ff5f 	bl	10007220 <global_stdio_init.part.0>
10007362:	e7f8      	b.n	10007356 <__sinit+0x1e>
10007364:	2000126c 	.word	0x2000126c
10007368:	100071e5 	.word	0x100071e5
1000736c:	200013d4 	.word	0x200013d4

10007370 <__sfp_lock_acquire>:
10007370:	b510      	push	{r4, lr}
10007372:	4802      	ldr	r0, [pc, #8]	@ (1000737c <__sfp_lock_acquire+0xc>)
10007374:	f000 f8e8 	bl	10007548 <__retarget_lock_acquire_recursive>
10007378:	bd10      	pop	{r4, pc}
1000737a:	46c0      	nop			@ (mov r8, r8)
1000737c:	2000126c 	.word	0x2000126c

10007380 <__sfp_lock_release>:
10007380:	b510      	push	{r4, lr}
10007382:	4802      	ldr	r0, [pc, #8]	@ (1000738c <__sfp_lock_release+0xc>)
10007384:	f000 f8e2 	bl	1000754c <__retarget_lock_release_recursive>
10007388:	bd10      	pop	{r4, pc}
1000738a:	46c0      	nop			@ (mov r8, r8)
1000738c:	2000126c 	.word	0x2000126c

10007390 <_fwalk_sglue>:
10007390:	b5f8      	push	{r3, r4, r5, r6, r7, lr}
10007392:	4647      	mov	r7, r8
10007394:	46ce      	mov	lr, r9
10007396:	4688      	mov	r8, r1
10007398:	b580      	push	{r7, lr}
1000739a:	4681      	mov	r9, r0
1000739c:	0017      	movs	r7, r2
1000739e:	2600      	movs	r6, #0
100073a0:	687d      	ldr	r5, [r7, #4]
100073a2:	68bc      	ldr	r4, [r7, #8]
100073a4:	3d01      	subs	r5, #1
100073a6:	d40d      	bmi.n	100073c4 <_fwalk_sglue+0x34>
100073a8:	89a3      	ldrh	r3, [r4, #12]
100073aa:	2b01      	cmp	r3, #1
100073ac:	d907      	bls.n	100073be <_fwalk_sglue+0x2e>
100073ae:	220e      	movs	r2, #14
100073b0:	5ea3      	ldrsh	r3, [r4, r2]
100073b2:	3301      	adds	r3, #1
100073b4:	d003      	beq.n	100073be <_fwalk_sglue+0x2e>
100073b6:	0021      	movs	r1, r4
100073b8:	4648      	mov	r0, r9
100073ba:	47c0      	blx	r8
100073bc:	4306      	orrs	r6, r0
100073be:	3468      	adds	r4, #104	@ 0x68
100073c0:	3d01      	subs	r5, #1
100073c2:	d2f1      	bcs.n	100073a8 <_fwalk_sglue+0x18>
100073c4:	683f      	ldr	r7, [r7, #0]
100073c6:	2f00      	cmp	r7, #0
100073c8:	d1ea      	bne.n	100073a0 <_fwalk_sglue+0x10>
100073ca:	0030      	movs	r0, r6
100073cc:	bcc0      	pop	{r6, r7}
100073ce:	46b9      	mov	r9, r7
100073d0:	46b0      	mov	r8, r6
100073d2:	bdf8      	pop	{r3, r4, r5, r6, r7, pc}

100073d4 <__sread>:
100073d4:	b570      	push	{r4, r5, r6, lr}
100073d6:	000c      	movs	r4, r1
100073d8:	250e      	movs	r5, #14
100073da:	5f49      	ldrsh	r1, [r1, r5]
100073dc:	f000 f870 	bl	100074c0 <_read_r>
100073e0:	2800      	cmp	r0, #0
100073e2:	db03      	blt.n	100073ec <__sread+0x18>
100073e4:	6d23      	ldr	r3, [r4, #80]	@ 0x50
100073e6:	181b      	adds	r3, r3, r0
100073e8:	6523      	str	r3, [r4, #80]	@ 0x50
100073ea:	bd70      	pop	{r4, r5, r6, pc}
100073ec:	89a3      	ldrh	r3, [r4, #12]
100073ee:	4a02      	ldr	r2, [pc, #8]	@ (100073f8 <__sread+0x24>)
100073f0:	4013      	ands	r3, r2
100073f2:	81a3      	strh	r3, [r4, #12]
100073f4:	e7f9      	b.n	100073ea <__sread+0x16>
100073f6:	46c0      	nop			@ (mov r8, r8)
100073f8:	ffffefff 	.word	0xffffefff

100073fc <__swrite>:
100073fc:	b5f8      	push	{r3, r4, r5, r6, r7, lr}
100073fe:	000c      	movs	r4, r1
10007400:	001f      	movs	r7, r3
10007402:	230c      	movs	r3, #12
10007404:	5ec9      	ldrsh	r1, [r1, r3]
10007406:	0005      	movs	r5, r0
10007408:	0016      	movs	r6, r2
1000740a:	05cb      	lsls	r3, r1, #23
1000740c:	d40a      	bmi.n	10007424 <__swrite+0x28>
1000740e:	4b0a      	ldr	r3, [pc, #40]	@ (10007438 <__swrite+0x3c>)
10007410:	0032      	movs	r2, r6
10007412:	4019      	ands	r1, r3
10007414:	0028      	movs	r0, r5
10007416:	81a1      	strh	r1, [r4, #12]
10007418:	230e      	movs	r3, #14
1000741a:	5ee1      	ldrsh	r1, [r4, r3]
1000741c:	003b      	movs	r3, r7
1000741e:	f000 f875 	bl	1000750c <_write_r>
10007422:	bdf8      	pop	{r3, r4, r5, r6, r7, pc}
10007424:	230e      	movs	r3, #14
10007426:	5ee1      	ldrsh	r1, [r4, r3]
10007428:	2200      	movs	r2, #0
1000742a:	2302      	movs	r3, #2
1000742c:	f000 f834 	bl	10007498 <_lseek_r>
10007430:	230c      	movs	r3, #12
10007432:	5ee1      	ldrsh	r1, [r4, r3]
10007434:	e7eb      	b.n	1000740e <__swrite+0x12>
10007436:	46c0      	nop			@ (mov r8, r8)
10007438:	ffffefff 	.word	0xffffefff

1000743c <__sseek>:
1000743c:	b570      	push	{r4, r5, r6, lr}
1000743e:	000c      	movs	r4, r1
10007440:	250e      	movs	r5, #14
10007442:	5f49      	ldrsh	r1, [r1, r5]
10007444:	f000 f828 	bl	10007498 <_lseek_r>
10007448:	220c      	movs	r2, #12
1000744a:	5ea3      	ldrsh	r3, [r4, r2]
1000744c:	1c42      	adds	r2, r0, #1
1000744e:	d005      	beq.n	1000745c <__sseek+0x20>
10007450:	2280      	movs	r2, #128	@ 0x80
10007452:	0152      	lsls	r2, r2, #5
10007454:	4313      	orrs	r3, r2
10007456:	6520      	str	r0, [r4, #80]	@ 0x50
10007458:	81a3      	strh	r3, [r4, #12]
1000745a:	bd70      	pop	{r4, r5, r6, pc}
1000745c:	4a01      	ldr	r2, [pc, #4]	@ (10007464 <__sseek+0x28>)
1000745e:	4013      	ands	r3, r2
10007460:	e7fa      	b.n	10007458 <__sseek+0x1c>
10007462:	46c0      	nop			@ (mov r8, r8)
10007464:	ffffefff 	.word	0xffffefff

10007468 <__sclose>:
10007468:	b510      	push	{r4, lr}
1000746a:	230e      	movs	r3, #14
1000746c:	5ec9      	ldrsh	r1, [r1, r3]
1000746e:	f000 f801 	bl	10007474 <_close_r>
10007472:	bd10      	pop	{r4, pc}

10007474 <_close_r>:
10007474:	2300      	movs	r3, #0
10007476:	b570      	push	{r4, r5, r6, lr}
10007478:	4c06      	ldr	r4, [pc, #24]	@ (10007494 <_close_r+0x20>)
1000747a:	0005      	movs	r5, r0
1000747c:	0008      	movs	r0, r1
1000747e:	6023      	str	r3, [r4, #0]
10007480:	f7fd fa0b 	bl	1000489a <_close>
10007484:	1c43      	adds	r3, r0, #1
10007486:	d000      	beq.n	1000748a <_close_r+0x16>
10007488:	bd70      	pop	{r4, r5, r6, pc}
1000748a:	6823      	ldr	r3, [r4, #0]
1000748c:	2b00      	cmp	r3, #0
1000748e:	d0fb      	beq.n	10007488 <_close_r+0x14>
10007490:	602b      	str	r3, [r5, #0]
10007492:	e7f9      	b.n	10007488 <_close_r+0x14>
10007494:	200019d0 	.word	0x200019d0

10007498 <_lseek_r>:
10007498:	b570      	push	{r4, r5, r6, lr}
1000749a:	0004      	movs	r4, r0
1000749c:	0008      	movs	r0, r1
1000749e:	0011      	movs	r1, r2
100074a0:	001a      	movs	r2, r3
100074a2:	2300      	movs	r3, #0
100074a4:	4d05      	ldr	r5, [pc, #20]	@ (100074bc <_lseek_r+0x24>)
100074a6:	602b      	str	r3, [r5, #0]
100074a8:	f7fd f9fa 	bl	100048a0 <_lseek>
100074ac:	1c43      	adds	r3, r0, #1
100074ae:	d000      	beq.n	100074b2 <_lseek_r+0x1a>
100074b0:	bd70      	pop	{r4, r5, r6, pc}
100074b2:	682b      	ldr	r3, [r5, #0]
100074b4:	2b00      	cmp	r3, #0
100074b6:	d0fb      	beq.n	100074b0 <_lseek_r+0x18>
100074b8:	6023      	str	r3, [r4, #0]
100074ba:	e7f9      	b.n	100074b0 <_lseek_r+0x18>
100074bc:	200019d0 	.word	0x200019d0

100074c0 <_read_r>:
100074c0:	b570      	push	{r4, r5, r6, lr}
100074c2:	0004      	movs	r4, r0
100074c4:	0008      	movs	r0, r1
100074c6:	0011      	movs	r1, r2
100074c8:	001a      	movs	r2, r3
100074ca:	2300      	movs	r3, #0
100074cc:	4d05      	ldr	r5, [pc, #20]	@ (100074e4 <_read_r+0x24>)
100074ce:	602b      	str	r3, [r5, #0]
100074d0:	f7fd f9c0 	bl	10004854 <_read>
100074d4:	1c43      	adds	r3, r0, #1
100074d6:	d000      	beq.n	100074da <_read_r+0x1a>
100074d8:	bd70      	pop	{r4, r5, r6, pc}
100074da:	682b      	ldr	r3, [r5, #0]
100074dc:	2b00      	cmp	r3, #0
100074de:	d0fb      	beq.n	100074d8 <_read_r+0x18>
100074e0:	6023      	str	r3, [r4, #0]
100074e2:	e7f9      	b.n	100074d8 <_read_r+0x18>
100074e4:	200019d0 	.word	0x200019d0

100074e8 <_sbrk_r>:
100074e8:	2300      	movs	r3, #0
100074ea:	b570      	push	{r4, r5, r6, lr}
100074ec:	4c06      	ldr	r4, [pc, #24]	@ (10007508 <_sbrk_r+0x20>)
100074ee:	0005      	movs	r5, r0
100074f0:	0008      	movs	r0, r1
100074f2:	6023      	str	r3, [r4, #0]
100074f4:	f7fa fefe 	bl	100022f4 <_sbrk>
100074f8:	1c43      	adds	r3, r0, #1
100074fa:	d000      	beq.n	100074fe <_sbrk_r+0x16>
100074fc:	bd70      	pop	{r4, r5, r6, pc}
100074fe:	6823      	ldr	r3, [r4, #0]
10007500:	2b00      	cmp	r3, #0
10007502:	d0fb      	beq.n	100074fc <_sbrk_r+0x14>
10007504:	602b      	str	r3, [r5, #0]
10007506:	e7f9      	b.n	100074fc <_sbrk_r+0x14>
10007508:	200019d0 	.word	0x200019d0

1000750c <_write_r>:
1000750c:	b570      	push	{r4, r5, r6, lr}
1000750e:	0004      	movs	r4, r0
10007510:	0008      	movs	r0, r1
10007512:	0011      	movs	r1, r2
10007514:	001a      	movs	r2, r3
10007516:	2300      	movs	r3, #0
10007518:	4d05      	ldr	r5, [pc, #20]	@ (10007530 <_write_r+0x24>)
1000751a:	602b      	str	r3, [r5, #0]
1000751c:	f7fd f9ac 	bl	10004878 <_write>
10007520:	1c43      	adds	r3, r0, #1
10007522:	d000      	beq.n	10007526 <_write_r+0x1a>
10007524:	bd70      	pop	{r4, r5, r6, pc}
10007526:	682b      	ldr	r3, [r5, #0]
10007528:	2b00      	cmp	r3, #0
1000752a:	d0fb      	beq.n	10007524 <_write_r+0x18>
1000752c:	6023      	str	r3, [r4, #0]
1000752e:	e7f9      	b.n	10007524 <_write_r+0x18>
10007530:	200019d0 	.word	0x200019d0

10007534 <__errno>:
10007534:	4b01      	ldr	r3, [pc, #4]	@ (1000753c <__errno+0x8>)
10007536:	6818      	ldr	r0, [r3, #0]
10007538:	4770      	bx	lr
1000753a:	46c0      	nop			@ (mov r8, r8)
1000753c:	20000ffc 	.word	0x20000ffc

10007540 <__retarget_lock_init_recursive>:
10007540:	4770      	bx	lr
10007542:	46c0      	nop			@ (mov r8, r8)

10007544 <__retarget_lock_close_recursive>:
10007544:	4770      	bx	lr
10007546:	46c0      	nop			@ (mov r8, r8)

10007548 <__retarget_lock_acquire_recursive>:
10007548:	4770      	bx	lr
1000754a:	46c0      	nop			@ (mov r8, r8)

1000754c <__retarget_lock_release_recursive>:
1000754c:	4770      	bx	lr
1000754e:	46c0      	nop			@ (mov r8, r8)

10007550 <sysconf>:
10007550:	2380      	movs	r3, #128	@ 0x80
10007552:	b510      	push	{r4, lr}
10007554:	015b      	lsls	r3, r3, #5
10007556:	2808      	cmp	r0, #8
10007558:	d101      	bne.n	1000755e <sysconf+0xe>
1000755a:	0018      	movs	r0, r3
1000755c:	bd10      	pop	{r4, pc}
1000755e:	f7ff ffe9 	bl	10007534 <__errno>
10007562:	2316      	movs	r3, #22
10007564:	6003      	str	r3, [r0, #0]
10007566:	3b17      	subs	r3, #23
10007568:	e7f7      	b.n	1000755a <sysconf+0xa>
1000756a:	46c0      	nop			@ (mov r8, r8)

1000756c <strlen>:
1000756c:	b510      	push	{r4, lr}
1000756e:	0783      	lsls	r3, r0, #30
10007570:	d00a      	beq.n	10007588 <strlen+0x1c>
10007572:	0003      	movs	r3, r0
10007574:	2103      	movs	r1, #3
10007576:	e002      	b.n	1000757e <strlen+0x12>
10007578:	3301      	adds	r3, #1
1000757a:	420b      	tst	r3, r1
1000757c:	d005      	beq.n	1000758a <strlen+0x1e>
1000757e:	781a      	ldrb	r2, [r3, #0]
10007580:	2a00      	cmp	r2, #0
10007582:	d1f9      	bne.n	10007578 <strlen+0xc>
10007584:	1a18      	subs	r0, r3, r0
10007586:	bd10      	pop	{r4, pc}
10007588:	0003      	movs	r3, r0
1000758a:	6819      	ldr	r1, [r3, #0]
1000758c:	4a0c      	ldr	r2, [pc, #48]	@ (100075c0 <strlen+0x54>)
1000758e:	4c0d      	ldr	r4, [pc, #52]	@ (100075c4 <strlen+0x58>)
10007590:	188a      	adds	r2, r1, r2
10007592:	438a      	bics	r2, r1
10007594:	4222      	tst	r2, r4
10007596:	d10f      	bne.n	100075b8 <strlen+0x4c>
10007598:	6859      	ldr	r1, [r3, #4]
1000759a:	4a09      	ldr	r2, [pc, #36]	@ (100075c0 <strlen+0x54>)
1000759c:	3304      	adds	r3, #4
1000759e:	188a      	adds	r2, r1, r2
100075a0:	438a      	bics	r2, r1
100075a2:	4222      	tst	r2, r4
100075a4:	d108      	bne.n	100075b8 <strlen+0x4c>
100075a6:	6859      	ldr	r1, [r3, #4]
100075a8:	4a05      	ldr	r2, [pc, #20]	@ (100075c0 <strlen+0x54>)
100075aa:	3304      	adds	r3, #4
100075ac:	188a      	adds	r2, r1, r2
100075ae:	438a      	bics	r2, r1
100075b0:	4222      	tst	r2, r4
100075b2:	d0f1      	beq.n	10007598 <strlen+0x2c>
100075b4:	e000      	b.n	100075b8 <strlen+0x4c>
100075b6:	3301      	adds	r3, #1
100075b8:	781a      	ldrb	r2, [r3, #0]
100075ba:	2a00      	cmp	r2, #0
100075bc:	d1fb      	bne.n	100075b6 <strlen+0x4a>
100075be:	e7e1      	b.n	10007584 <strlen+0x18>
100075c0:	fefefeff 	.word	0xfefefeff
100075c4:	80808080 	.word	0x80808080

100075c8 <_malloc_trim_r>:
100075c8:	b5f0      	push	{r4, r5, r6, r7, lr}
100075ca:	46c6      	mov	lr, r8
100075cc:	0006      	movs	r6, r0
100075ce:	b500      	push	{lr}
100075d0:	2008      	movs	r0, #8
100075d2:	000d      	movs	r5, r1
100075d4:	f7ff ffbc 	bl	10007550 <sysconf>
100075d8:	0004      	movs	r4, r0
100075da:	0030      	movs	r0, r6
100075dc:	f7ff fcd4 	bl	10006f88 <__malloc_lock>
100075e0:	4b23      	ldr	r3, [pc, #140]	@ (10007670 <_malloc_trim_r+0xa8>)
100075e2:	0021      	movs	r1, r4
100075e4:	4698      	mov	r8, r3
100075e6:	689b      	ldr	r3, [r3, #8]
100075e8:	685f      	ldr	r7, [r3, #4]
100075ea:	2303      	movs	r3, #3
100075ec:	439f      	bics	r7, r3
100075ee:	0038      	movs	r0, r7
100075f0:	3811      	subs	r0, #17
100075f2:	1b40      	subs	r0, r0, r5
100075f4:	1900      	adds	r0, r0, r4
100075f6:	f7fc f8a1 	bl	1000373c <__wrap___aeabi_uidiv>
100075fa:	1e45      	subs	r5, r0, #1
100075fc:	4365      	muls	r5, r4
100075fe:	42ac      	cmp	r4, r5
10007600:	dc08      	bgt.n	10007614 <_malloc_trim_r+0x4c>
10007602:	2100      	movs	r1, #0
10007604:	0030      	movs	r0, r6
10007606:	f7ff ff6f 	bl	100074e8 <_sbrk_r>
1000760a:	4643      	mov	r3, r8
1000760c:	689b      	ldr	r3, [r3, #8]
1000760e:	19db      	adds	r3, r3, r7
10007610:	4298      	cmp	r0, r3
10007612:	d006      	beq.n	10007622 <_malloc_trim_r+0x5a>
10007614:	0030      	movs	r0, r6
10007616:	f7ff fcbf 	bl	10006f98 <__malloc_unlock>
1000761a:	2000      	movs	r0, #0
1000761c:	bc80      	pop	{r7}
1000761e:	46b8      	mov	r8, r7
10007620:	bdf0      	pop	{r4, r5, r6, r7, pc}
10007622:	0030      	movs	r0, r6
10007624:	4269      	negs	r1, r5
10007626:	f7ff ff5f 	bl	100074e8 <_sbrk_r>
1000762a:	3001      	adds	r0, #1
1000762c:	d00e      	beq.n	1000764c <_malloc_trim_r+0x84>
1000762e:	2201      	movs	r2, #1
10007630:	4643      	mov	r3, r8
10007632:	1b7f      	subs	r7, r7, r5
10007634:	689b      	ldr	r3, [r3, #8]
10007636:	4317      	orrs	r7, r2
10007638:	4a0e      	ldr	r2, [pc, #56]	@ (10007674 <_malloc_trim_r+0xac>)
1000763a:	605f      	str	r7, [r3, #4]
1000763c:	6813      	ldr	r3, [r2, #0]
1000763e:	0030      	movs	r0, r6
10007640:	1b5b      	subs	r3, r3, r5
10007642:	6013      	str	r3, [r2, #0]
10007644:	f7ff fca8 	bl	10006f98 <__malloc_unlock>
10007648:	2001      	movs	r0, #1
1000764a:	e7e7      	b.n	1000761c <_malloc_trim_r+0x54>
1000764c:	2100      	movs	r1, #0
1000764e:	0030      	movs	r0, r6
10007650:	f7ff ff4a 	bl	100074e8 <_sbrk_r>
10007654:	4643      	mov	r3, r8
10007656:	689a      	ldr	r2, [r3, #8]
10007658:	1a83      	subs	r3, r0, r2
1000765a:	2b0f      	cmp	r3, #15
1000765c:	ddda      	ble.n	10007614 <_malloc_trim_r+0x4c>
1000765e:	4c06      	ldr	r4, [pc, #24]	@ (10007678 <_malloc_trim_r+0xb0>)
10007660:	4904      	ldr	r1, [pc, #16]	@ (10007674 <_malloc_trim_r+0xac>)
10007662:	6824      	ldr	r4, [r4, #0]
10007664:	1b00      	subs	r0, r0, r4
10007666:	6008      	str	r0, [r1, #0]
10007668:	2101      	movs	r1, #1
1000766a:	430b      	orrs	r3, r1
1000766c:	6053      	str	r3, [r2, #4]
1000766e:	e7d1      	b.n	10007614 <_malloc_trim_r+0x4c>
10007670:	20000be8 	.word	0x20000be8
10007674:	20001270 	.word	0x20001270
10007678:	20000be0 	.word	0x20000be0

1000767c <_free_r>:
1000767c:	b5f0      	push	{r4, r5, r6, r7, lr}
1000767e:	46d6      	mov	lr, sl
10007680:	464f      	mov	r7, r9
10007682:	4646      	mov	r6, r8
10007684:	0005      	movs	r5, r0
10007686:	000c      	movs	r4, r1
10007688:	b5c0      	push	{r6, r7, lr}
1000768a:	2900      	cmp	r1, #0
1000768c:	d048      	beq.n	10007720 <_free_r+0xa4>
1000768e:	f7ff fc7b 	bl	10006f88 <__malloc_lock>
10007692:	0021      	movs	r1, r4
10007694:	2701      	movs	r7, #1
10007696:	3908      	subs	r1, #8
10007698:	684b      	ldr	r3, [r1, #4]
1000769a:	2003      	movs	r0, #3
1000769c:	469c      	mov	ip, r3
1000769e:	43bb      	bics	r3, r7
100076a0:	18ce      	adds	r6, r1, r3
100076a2:	6872      	ldr	r2, [r6, #4]
100076a4:	4382      	bics	r2, r0
100076a6:	4660      	mov	r0, ip
100076a8:	4038      	ands	r0, r7
100076aa:	4680      	mov	r8, r0
100076ac:	486a      	ldr	r0, [pc, #424]	@ (10007858 <_free_r+0x1dc>)
100076ae:	4691      	mov	r9, r2
100076b0:	6884      	ldr	r4, [r0, #8]
100076b2:	42b4      	cmp	r4, r6
100076b4:	d100      	bne.n	100076b8 <_free_r+0x3c>
100076b6:	e07c      	b.n	100077b2 <_free_r+0x136>
100076b8:	6072      	str	r2, [r6, #4]
100076ba:	18b4      	adds	r4, r6, r2
100076bc:	6864      	ldr	r4, [r4, #4]
100076be:	403c      	ands	r4, r7
100076c0:	46a2      	mov	sl, r4
100076c2:	4644      	mov	r4, r8
100076c4:	2c00      	cmp	r4, #0
100076c6:	d130      	bne.n	1000772a <_free_r+0xae>
100076c8:	680c      	ldr	r4, [r1, #0]
100076ca:	46a4      	mov	ip, r4
100076cc:	1b09      	subs	r1, r1, r4
100076ce:	688c      	ldr	r4, [r1, #8]
100076d0:	4463      	add	r3, ip
100076d2:	46a4      	mov	ip, r4
100076d4:	2408      	movs	r4, #8
100076d6:	46a0      	mov	r8, r4
100076d8:	4480      	add	r8, r0
100076da:	45c4      	cmp	ip, r8
100076dc:	d05c      	beq.n	10007798 <_free_r+0x11c>
100076de:	68cc      	ldr	r4, [r1, #12]
100076e0:	46a0      	mov	r8, r4
100076e2:	4664      	mov	r4, ip
100076e4:	4642      	mov	r2, r8
100076e6:	60e2      	str	r2, [r4, #12]
100076e8:	6094      	str	r4, [r2, #8]
100076ea:	4652      	mov	r2, sl
100076ec:	2a00      	cmp	r2, #0
100076ee:	d01f      	beq.n	10007730 <_free_r+0xb4>
100076f0:	431f      	orrs	r7, r3
100076f2:	604f      	str	r7, [r1, #4]
100076f4:	6033      	str	r3, [r6, #0]
100076f6:	2280      	movs	r2, #128	@ 0x80
100076f8:	0092      	lsls	r2, r2, #2
100076fa:	4293      	cmp	r3, r2
100076fc:	d230      	bcs.n	10007760 <_free_r+0xe4>
100076fe:	08da      	lsrs	r2, r3, #3
10007700:	095c      	lsrs	r4, r3, #5
10007702:	2301      	movs	r3, #1
10007704:	40a3      	lsls	r3, r4
10007706:	6844      	ldr	r4, [r0, #4]
10007708:	4323      	orrs	r3, r4
1000770a:	6043      	str	r3, [r0, #4]
1000770c:	00d3      	lsls	r3, r2, #3
1000770e:	181b      	adds	r3, r3, r0
10007710:	689a      	ldr	r2, [r3, #8]
10007712:	60cb      	str	r3, [r1, #12]
10007714:	608a      	str	r2, [r1, #8]
10007716:	6099      	str	r1, [r3, #8]
10007718:	60d1      	str	r1, [r2, #12]
1000771a:	0028      	movs	r0, r5
1000771c:	f7ff fc3c 	bl	10006f98 <__malloc_unlock>
10007720:	bce0      	pop	{r5, r6, r7}
10007722:	46ba      	mov	sl, r7
10007724:	46b1      	mov	r9, r6
10007726:	46a8      	mov	r8, r5
10007728:	bdf0      	pop	{r4, r5, r6, r7, pc}
1000772a:	4652      	mov	r2, sl
1000772c:	2a00      	cmp	r2, #0
1000772e:	d10f      	bne.n	10007750 <_free_r+0xd4>
10007730:	2201      	movs	r2, #1
10007732:	444b      	add	r3, r9
10007734:	18cf      	adds	r7, r1, r3
10007736:	46bc      	mov	ip, r7
10007738:	68b4      	ldr	r4, [r6, #8]
1000773a:	4f48      	ldr	r7, [pc, #288]	@ (1000785c <_free_r+0x1e0>)
1000773c:	431a      	orrs	r2, r3
1000773e:	42bc      	cmp	r4, r7
10007740:	d05b      	beq.n	100077fa <_free_r+0x17e>
10007742:	68f6      	ldr	r6, [r6, #12]
10007744:	60e6      	str	r6, [r4, #12]
10007746:	60b4      	str	r4, [r6, #8]
10007748:	604a      	str	r2, [r1, #4]
1000774a:	4662      	mov	r2, ip
1000774c:	6013      	str	r3, [r2, #0]
1000774e:	e7d2      	b.n	100076f6 <_free_r+0x7a>
10007750:	4662      	mov	r2, ip
10007752:	433a      	orrs	r2, r7
10007754:	604a      	str	r2, [r1, #4]
10007756:	2280      	movs	r2, #128	@ 0x80
10007758:	6033      	str	r3, [r6, #0]
1000775a:	0092      	lsls	r2, r2, #2
1000775c:	4293      	cmp	r3, r2
1000775e:	d3ce      	bcc.n	100076fe <_free_r+0x82>
10007760:	0a5c      	lsrs	r4, r3, #9
10007762:	2c04      	cmp	r4, #4
10007764:	d83f      	bhi.n	100077e6 <_free_r+0x16a>
10007766:	099c      	lsrs	r4, r3, #6
10007768:	0026      	movs	r6, r4
1000776a:	3439      	adds	r4, #57	@ 0x39
1000776c:	3638      	adds	r6, #56	@ 0x38
1000776e:	00e4      	lsls	r4, r4, #3
10007770:	1904      	adds	r4, r0, r4
10007772:	6822      	ldr	r2, [r4, #0]
10007774:	3c08      	subs	r4, #8
10007776:	2703      	movs	r7, #3
10007778:	4294      	cmp	r4, r2
1000777a:	d103      	bne.n	10007784 <_free_r+0x108>
1000777c:	e04e      	b.n	1000781c <_free_r+0x1a0>
1000777e:	6892      	ldr	r2, [r2, #8]
10007780:	4294      	cmp	r4, r2
10007782:	d003      	beq.n	1000778c <_free_r+0x110>
10007784:	6850      	ldr	r0, [r2, #4]
10007786:	43b8      	bics	r0, r7
10007788:	4298      	cmp	r0, r3
1000778a:	d8f8      	bhi.n	1000777e <_free_r+0x102>
1000778c:	68d4      	ldr	r4, [r2, #12]
1000778e:	60cc      	str	r4, [r1, #12]
10007790:	608a      	str	r2, [r1, #8]
10007792:	60a1      	str	r1, [r4, #8]
10007794:	60d1      	str	r1, [r2, #12]
10007796:	e7c0      	b.n	1000771a <_free_r+0x9e>
10007798:	4652      	mov	r2, sl
1000779a:	2a00      	cmp	r2, #0
1000779c:	d135      	bne.n	1000780a <_free_r+0x18e>
1000779e:	444b      	add	r3, r9
100077a0:	001a      	movs	r2, r3
100077a2:	68b0      	ldr	r0, [r6, #8]
100077a4:	68f3      	ldr	r3, [r6, #12]
100077a6:	4317      	orrs	r7, r2
100077a8:	60c3      	str	r3, [r0, #12]
100077aa:	6098      	str	r0, [r3, #8]
100077ac:	604f      	str	r7, [r1, #4]
100077ae:	508a      	str	r2, [r1, r2]
100077b0:	e7b3      	b.n	1000771a <_free_r+0x9e>
100077b2:	444b      	add	r3, r9
100077b4:	001a      	movs	r2, r3
100077b6:	4643      	mov	r3, r8
100077b8:	2b00      	cmp	r3, #0
100077ba:	d106      	bne.n	100077ca <_free_r+0x14e>
100077bc:	680b      	ldr	r3, [r1, #0]
100077be:	1ac9      	subs	r1, r1, r3
100077c0:	688c      	ldr	r4, [r1, #8]
100077c2:	18d2      	adds	r2, r2, r3
100077c4:	68cb      	ldr	r3, [r1, #12]
100077c6:	60e3      	str	r3, [r4, #12]
100077c8:	609c      	str	r4, [r3, #8]
100077ca:	2301      	movs	r3, #1
100077cc:	4313      	orrs	r3, r2
100077ce:	604b      	str	r3, [r1, #4]
100077d0:	4b23      	ldr	r3, [pc, #140]	@ (10007860 <_free_r+0x1e4>)
100077d2:	6081      	str	r1, [r0, #8]
100077d4:	681b      	ldr	r3, [r3, #0]
100077d6:	4293      	cmp	r3, r2
100077d8:	d89f      	bhi.n	1000771a <_free_r+0x9e>
100077da:	4b22      	ldr	r3, [pc, #136]	@ (10007864 <_free_r+0x1e8>)
100077dc:	0028      	movs	r0, r5
100077de:	6819      	ldr	r1, [r3, #0]
100077e0:	f7ff fef2 	bl	100075c8 <_malloc_trim_r>
100077e4:	e799      	b.n	1000771a <_free_r+0x9e>
100077e6:	2c14      	cmp	r4, #20
100077e8:	d913      	bls.n	10007812 <_free_r+0x196>
100077ea:	2c54      	cmp	r4, #84	@ 0x54
100077ec:	d81d      	bhi.n	1000782a <_free_r+0x1ae>
100077ee:	0b1c      	lsrs	r4, r3, #12
100077f0:	0026      	movs	r6, r4
100077f2:	346f      	adds	r4, #111	@ 0x6f
100077f4:	366e      	adds	r6, #110	@ 0x6e
100077f6:	00e4      	lsls	r4, r4, #3
100077f8:	e7ba      	b.n	10007770 <_free_r+0xf4>
100077fa:	60e1      	str	r1, [r4, #12]
100077fc:	60a1      	str	r1, [r4, #8]
100077fe:	604a      	str	r2, [r1, #4]
10007800:	4662      	mov	r2, ip
10007802:	60cc      	str	r4, [r1, #12]
10007804:	608c      	str	r4, [r1, #8]
10007806:	6013      	str	r3, [r2, #0]
10007808:	e787      	b.n	1000771a <_free_r+0x9e>
1000780a:	431f      	orrs	r7, r3
1000780c:	604f      	str	r7, [r1, #4]
1000780e:	6033      	str	r3, [r6, #0]
10007810:	e783      	b.n	1000771a <_free_r+0x9e>
10007812:	0026      	movs	r6, r4
10007814:	345c      	adds	r4, #92	@ 0x5c
10007816:	365b      	adds	r6, #91	@ 0x5b
10007818:	00e4      	lsls	r4, r4, #3
1000781a:	e7a9      	b.n	10007770 <_free_r+0xf4>
1000781c:	2301      	movs	r3, #1
1000781e:	10b6      	asrs	r6, r6, #2
10007820:	40b3      	lsls	r3, r6
10007822:	6846      	ldr	r6, [r0, #4]
10007824:	4333      	orrs	r3, r6
10007826:	6043      	str	r3, [r0, #4]
10007828:	e7b1      	b.n	1000778e <_free_r+0x112>
1000782a:	22aa      	movs	r2, #170	@ 0xaa
1000782c:	0052      	lsls	r2, r2, #1
1000782e:	4294      	cmp	r4, r2
10007830:	d805      	bhi.n	1000783e <_free_r+0x1c2>
10007832:	0bdc      	lsrs	r4, r3, #15
10007834:	0026      	movs	r6, r4
10007836:	3478      	adds	r4, #120	@ 0x78
10007838:	3677      	adds	r6, #119	@ 0x77
1000783a:	00e4      	lsls	r4, r4, #3
1000783c:	e798      	b.n	10007770 <_free_r+0xf4>
1000783e:	4a0a      	ldr	r2, [pc, #40]	@ (10007868 <_free_r+0x1ec>)
10007840:	4294      	cmp	r4, r2
10007842:	d805      	bhi.n	10007850 <_free_r+0x1d4>
10007844:	0c9c      	lsrs	r4, r3, #18
10007846:	0026      	movs	r6, r4
10007848:	347d      	adds	r4, #125	@ 0x7d
1000784a:	367c      	adds	r6, #124	@ 0x7c
1000784c:	00e4      	lsls	r4, r4, #3
1000784e:	e78f      	b.n	10007770 <_free_r+0xf4>
10007850:	24fe      	movs	r4, #254	@ 0xfe
10007852:	267e      	movs	r6, #126	@ 0x7e
10007854:	00a4      	lsls	r4, r4, #2
10007856:	e78b      	b.n	10007770 <_free_r+0xf4>
10007858:	20000be8 	.word	0x20000be8
1000785c:	20000bf0 	.word	0x20000bf0
10007860:	20000be4 	.word	0x20000be4
10007864:	20001298 	.word	0x20001298
10007868:	00000554 	.word	0x00000554

1000786c <_fclose_r>:
1000786c:	b570      	push	{r4, r5, r6, lr}
1000786e:	0006      	movs	r6, r0
10007870:	1e0c      	subs	r4, r1, #0
10007872:	d03f      	beq.n	100078f4 <_fclose_r+0x88>
10007874:	2800      	cmp	r0, #0
10007876:	d002      	beq.n	1000787e <_fclose_r+0x12>
10007878:	6b43      	ldr	r3, [r0, #52]	@ 0x34
1000787a:	2b00      	cmp	r3, #0
1000787c:	d047      	beq.n	1000790e <_fclose_r+0xa2>
1000787e:	2501      	movs	r5, #1
10007880:	220c      	movs	r2, #12
10007882:	5ea3      	ldrsh	r3, [r4, r2]
10007884:	6e62      	ldr	r2, [r4, #100]	@ 0x64
10007886:	422a      	tst	r2, r5
10007888:	d132      	bne.n	100078f0 <_fclose_r+0x84>
1000788a:	059b      	lsls	r3, r3, #22
1000788c:	d542      	bpl.n	10007914 <_fclose_r+0xa8>
1000788e:	0021      	movs	r1, r4
10007890:	0030      	movs	r0, r6
10007892:	f7ff fb89 	bl	10006fa8 <__sflush_r>
10007896:	6ae3      	ldr	r3, [r4, #44]	@ 0x2c
10007898:	0005      	movs	r5, r0
1000789a:	2b00      	cmp	r3, #0
1000789c:	d004      	beq.n	100078a8 <_fclose_r+0x3c>
1000789e:	0030      	movs	r0, r6
100078a0:	69e1      	ldr	r1, [r4, #28]
100078a2:	4798      	blx	r3
100078a4:	2800      	cmp	r0, #0
100078a6:	db28      	blt.n	100078fa <_fclose_r+0x8e>
100078a8:	89a3      	ldrh	r3, [r4, #12]
100078aa:	061b      	lsls	r3, r3, #24
100078ac:	d42a      	bmi.n	10007904 <_fclose_r+0x98>
100078ae:	6b21      	ldr	r1, [r4, #48]	@ 0x30
100078b0:	2900      	cmp	r1, #0
100078b2:	d008      	beq.n	100078c6 <_fclose_r+0x5a>
100078b4:	0023      	movs	r3, r4
100078b6:	3340      	adds	r3, #64	@ 0x40
100078b8:	4299      	cmp	r1, r3
100078ba:	d002      	beq.n	100078c2 <_fclose_r+0x56>
100078bc:	0030      	movs	r0, r6
100078be:	f7ff fedd 	bl	1000767c <_free_r>
100078c2:	2300      	movs	r3, #0
100078c4:	6323      	str	r3, [r4, #48]	@ 0x30
100078c6:	6c61      	ldr	r1, [r4, #68]	@ 0x44
100078c8:	2900      	cmp	r1, #0
100078ca:	d004      	beq.n	100078d6 <_fclose_r+0x6a>
100078cc:	0030      	movs	r0, r6
100078ce:	f7ff fed5 	bl	1000767c <_free_r>
100078d2:	2300      	movs	r3, #0
100078d4:	6463      	str	r3, [r4, #68]	@ 0x44
100078d6:	f7ff fd4b 	bl	10007370 <__sfp_lock_acquire>
100078da:	2300      	movs	r3, #0
100078dc:	81a3      	strh	r3, [r4, #12]
100078de:	6e63      	ldr	r3, [r4, #100]	@ 0x64
100078e0:	07db      	lsls	r3, r3, #31
100078e2:	d525      	bpl.n	10007930 <_fclose_r+0xc4>
100078e4:	6da0      	ldr	r0, [r4, #88]	@ 0x58
100078e6:	f7ff fe2d 	bl	10007544 <__retarget_lock_close_recursive>
100078ea:	f7ff fd49 	bl	10007380 <__sfp_lock_release>
100078ee:	e002      	b.n	100078f6 <_fclose_r+0x8a>
100078f0:	2b00      	cmp	r3, #0
100078f2:	d1cc      	bne.n	1000788e <_fclose_r+0x22>
100078f4:	2500      	movs	r5, #0
100078f6:	0028      	movs	r0, r5
100078f8:	bd70      	pop	{r4, r5, r6, pc}
100078fa:	2501      	movs	r5, #1
100078fc:	89a3      	ldrh	r3, [r4, #12]
100078fe:	426d      	negs	r5, r5
10007900:	061b      	lsls	r3, r3, #24
10007902:	d5d4      	bpl.n	100078ae <_fclose_r+0x42>
10007904:	0030      	movs	r0, r6
10007906:	6921      	ldr	r1, [r4, #16]
10007908:	f7ff feb8 	bl	1000767c <_free_r>
1000790c:	e7cf      	b.n	100078ae <_fclose_r+0x42>
1000790e:	f7ff fd13 	bl	10007338 <__sinit>
10007912:	e7b4      	b.n	1000787e <_fclose_r+0x12>
10007914:	6da0      	ldr	r0, [r4, #88]	@ 0x58
10007916:	f7ff fe17 	bl	10007548 <__retarget_lock_acquire_recursive>
1000791a:	220c      	movs	r2, #12
1000791c:	5ea3      	ldrsh	r3, [r4, r2]
1000791e:	2b00      	cmp	r3, #0
10007920:	d1b5      	bne.n	1000788e <_fclose_r+0x22>
10007922:	6e63      	ldr	r3, [r4, #100]	@ 0x64
10007924:	422b      	tst	r3, r5
10007926:	d1e5      	bne.n	100078f4 <_fclose_r+0x88>
10007928:	6da0      	ldr	r0, [r4, #88]	@ 0x58
1000792a:	f7ff fe0f 	bl	1000754c <__retarget_lock_release_recursive>
1000792e:	e7e1      	b.n	100078f4 <_fclose_r+0x88>
10007930:	6da0      	ldr	r0, [r4, #88]	@ 0x58
10007932:	f7ff fe0b 	bl	1000754c <__retarget_lock_release_recursive>
10007936:	e7d5      	b.n	100078e4 <_fclose_r+0x78>

10007938 <_fini>:
10007938:	b5f8      	push	{r3, r4, r5, r6, r7, lr}
1000793a:	46c0      	nop			@ (mov r8, r8)
1000793c:	0000      	movs	r0, r0
	...

10007940 <__e15_is_critical_frame_period_veneer>:
10007940:	b401      	push	{r0}
10007942:	4802      	ldr	r0, [pc, #8]	@ (1000794c <__e15_is_critical_frame_period_veneer+0xc>)
10007944:	4684      	mov	ip, r0
10007946:	bc01      	pop	{r0}
10007948:	4760      	bx	ip
1000794a:	bf00      	nop
1000794c:	20000641 	.word	0x20000641

10007950 <__flash_do_cmd_veneer>:
10007950:	b401      	push	{r0}
10007952:	4802      	ldr	r0, [pc, #8]	@ (1000795c <__flash_do_cmd_veneer+0xc>)
10007954:	4684      	mov	ip, r0
10007956:	bc01      	pop	{r0}
10007958:	4760      	bx	ip
1000795a:	bf00      	nop
1000795c:	20000295 	.word	0x20000295

10007960 <__mutex_exit_veneer>:
10007960:	b401      	push	{r0}
10007962:	4802      	ldr	r0, [pc, #8]	@ (1000796c <__mutex_exit_veneer+0xc>)
10007964:	4684      	mov	ip, r0
10007966:	bc01      	pop	{r0}
10007968:	4760      	bx	ip
1000796a:	bf00      	nop
1000796c:	200001e5 	.word	0x200001e5

10007970 <____aeabi_ldiv0_veneer>:
10007970:	b401      	push	{r0}
10007972:	4802      	ldr	r0, [pc, #8]	@ (1000797c <____aeabi_ldiv0_veneer+0xc>)
10007974:	4684      	mov	ip, r0
10007976:	bc01      	pop	{r0}
10007978:	4760      	bx	ip
1000797a:	bf00      	nop
1000797c:	20000a5d 	.word	0x20000a5d

10007980 <____aeabi_idiv0_veneer>:
10007980:	b401      	push	{r0}
10007982:	4802      	ldr	r0, [pc, #8]	@ (1000798c <____aeabi_idiv0_veneer+0xc>)
10007984:	4684      	mov	ip, r0
10007986:	bc01      	pop	{r0}
10007988:	4760      	bx	ip
1000798a:	bf00      	nop
1000798c:	20000a5d 	.word	0x20000a5d

10007990 <__reset_non_control_endpoints_veneer>:
10007990:	b401      	push	{r0}
10007992:	4802      	ldr	r0, [pc, #8]	@ (1000799c <__reset_non_control_endpoints_veneer+0xc>)
10007994:	4684      	mov	ip, r0
10007996:	bc01      	pop	{r0}
10007998:	4760      	bx	ip
1000799a:	bf00      	nop
1000799c:	2000036d 	.word	0x2000036d

100079a0 <__mutex_try_enter_veneer>:
100079a0:	b401      	push	{r0}
100079a2:	4802      	ldr	r0, [pc, #8]	@ (100079ac <__mutex_try_enter_veneer+0xc>)
100079a4:	4684      	mov	ip, r0
100079a6:	bc01      	pop	{r0}
100079a8:	4760      	bx	ip
100079aa:	bf00      	nop
100079ac:	200000c1 	.word	0x200000c1

100079b0 <__mutex_enter_timeout_ms_veneer>:
100079b0:	b401      	push	{r0}
100079b2:	4802      	ldr	r0, [pc, #8]	@ (100079bc <__mutex_enter_timeout_ms_veneer+0xc>)
100079b4:	4684      	mov	ip, r0
100079b6:	bc01      	pop	{r0}
100079b8:	4760      	bx	ip
100079ba:	bf00      	nop
100079bc:	200001c9 	.word	0x200001c9

100079c0 <__dcd_event_handler_veneer>:
100079c0:	b401      	push	{r0}
100079c2:	4802      	ldr	r0, [pc, #8]	@ (100079cc <__dcd_event_handler_veneer+0xc>)
100079c4:	4684      	mov	ip, r0
100079c6:	bc01      	pop	{r0}
100079c8:	4760      	bx	ip
100079ca:	bf00      	nop
100079cc:	200008b1 	.word	0x200008b1

100079d0 <__e15_is_bulkin_ep_veneer>:
100079d0:	b401      	push	{r0}
100079d2:	4802      	ldr	r0, [pc, #8]	@ (100079dc <__e15_is_bulkin_ep_veneer+0xc>)
100079d4:	4684      	mov	ip, r0
100079d6:	bc01      	pop	{r0}
100079d8:	4760      	bx	ip
100079da:	bf00      	nop
100079dc:	20000615 	.word	0x20000615

100079e0 <__mutex_try_enter_block_until_veneer>:
100079e0:	b401      	push	{r0}
100079e2:	4802      	ldr	r0, [pc, #8]	@ (100079ec <__mutex_try_enter_block_until_veneer+0xc>)
100079e4:	4684      	mov	ip, r0
100079e6:	bc01      	pop	{r0}
100079e8:	4760      	bx	ip
100079ea:	bf00      	nop
100079ec:	20000195 	.word	0x20000195

100079f0 <__hw_endpoint_start_next_buffer_veneer>:
100079f0:	b401      	push	{r0}
100079f2:	4802      	ldr	r0, [pc, #8]	@ (100079fc <__hw_endpoint_start_next_buffer_veneer+0xc>)
100079f4:	4684      	mov	ip, r0
100079f6:	bc01      	pop	{r0}
100079f8:	4760      	bx	ip
100079fa:	bf00      	nop
100079fc:	200007e5 	.word	0x200007e5

10007a00 <__hw_endpoint_reset_transfer_veneer>:
10007a00:	b401      	push	{r0}
10007a02:	4802      	ldr	r0, [pc, #8]	@ (10007a0c <__hw_endpoint_reset_transfer_veneer+0xc>)
10007a04:	4684      	mov	ip, r0
10007a06:	bc01      	pop	{r0}
10007a08:	4760      	bx	ip
10007a0a:	bf00      	nop
10007a0c:	20000781 	.word	0x20000781

10007a10 <___hw_endpoint_buffer_control_update32_veneer>:
10007a10:	b401      	push	{r0}
10007a12:	4802      	ldr	r0, [pc, #8]	@ (10007a1c <___hw_endpoint_buffer_control_update32_veneer+0xc>)
10007a14:	4684      	mov	ip, r0
10007a16:	bc01      	pop	{r0}
10007a18:	4760      	bx	ip
10007a1a:	bf00      	nop
10007a1c:	2000078d 	.word	0x2000078d

Disassembly of section .data:

200000c0 <mutex_try_enter>:
200000c0:	0003      	movs	r3, r0
200000c2:	6800      	ldr	r0, [r0, #0]
200000c4:	f3ef 8c10 	mrs	ip, PRIMASK
200000c8:	b672      	cpsid	i
200000ca:	6802      	ldr	r2, [r0, #0]
200000cc:	2a00      	cmp	r2, #0
200000ce:	d0fc      	beq.n	200000ca <mutex_try_enter+0xa>
200000d0:	f3bf 8f5f 	dmb	sy
200000d4:	2204      	movs	r2, #4
200000d6:	569a      	ldrsb	r2, [r3, r2]
200000d8:	2a00      	cmp	r2, #0
200000da:	db0b      	blt.n	200000f4 <mutex_try_enter+0x34>
200000dc:	2900      	cmp	r1, #0
200000de:	d010      	beq.n	20000102 <mutex_try_enter+0x42>
200000e0:	600a      	str	r2, [r1, #0]
200000e2:	2000      	movs	r0, #0
200000e4:	681b      	ldr	r3, [r3, #0]
200000e6:	f3bf 8f5f 	dmb	sy
200000ea:	2200      	movs	r2, #0
200000ec:	601a      	str	r2, [r3, #0]
200000ee:	f38c 8810 	msr	PRIMASK, ip
200000f2:	4770      	bx	lr
200000f4:	22d0      	movs	r2, #208	@ 0xd0
200000f6:	0612      	lsls	r2, r2, #24
200000f8:	7812      	ldrb	r2, [r2, #0]
200000fa:	b252      	sxtb	r2, r2
200000fc:	711a      	strb	r2, [r3, #4]
200000fe:	2001      	movs	r0, #1
20000100:	e7f0      	b.n	200000e4 <mutex_try_enter+0x24>
20000102:	2000      	movs	r0, #0
20000104:	e7ee      	b.n	200000e4 <mutex_try_enter+0x24>
	...

20000108 <mutex_enter_block_until>:
20000108:	b5f8      	push	{r3, r4, r5, r6, r7, lr}
2000010a:	46ce      	mov	lr, r9
2000010c:	4647      	mov	r7, r8
2000010e:	b580      	push	{r7, lr}
20000110:	0004      	movs	r4, r0
20000112:	0017      	movs	r7, r2
20000114:	4698      	mov	r8, r3
20000116:	6803      	ldr	r3, [r0, #0]
20000118:	2b00      	cmp	r3, #0
2000011a:	d020      	beq.n	2000015e <mutex_enter_block_until+0x56>
2000011c:	23d0      	movs	r3, #208	@ 0xd0
2000011e:	061b      	lsls	r3, r3, #24
20000120:	781b      	ldrb	r3, [r3, #0]
20000122:	b25b      	sxtb	r3, r3
20000124:	4699      	mov	r9, r3
20000126:	6826      	ldr	r6, [r4, #0]
20000128:	f3ef 8c10 	mrs	ip, PRIMASK
2000012c:	b672      	cpsid	i
2000012e:	6835      	ldr	r5, [r6, #0]
20000130:	2d00      	cmp	r5, #0
20000132:	d0fc      	beq.n	2000012e <mutex_enter_block_until+0x26>
20000134:	f3bf 8f5f 	dmb	sy
20000138:	2504      	movs	r5, #4
2000013a:	5765      	ldrsb	r5, [r4, r5]
2000013c:	2d00      	cmp	r5, #0
2000013e:	db14      	blt.n	2000016a <mutex_enter_block_until+0x62>
20000140:	6823      	ldr	r3, [r4, #0]
20000142:	f3bf 8f5f 	dmb	sy
20000146:	2200      	movs	r2, #0
20000148:	601a      	str	r2, [r3, #0]
2000014a:	f38c 8810 	msr	PRIMASK, ip
2000014e:	0038      	movs	r0, r7
20000150:	4641      	mov	r1, r8
20000152:	f000 fc8d 	bl	20000a70 <__best_effort_wfe_or_timeout_veneer>
20000156:	2800      	cmp	r0, #0
20000158:	d0e5      	beq.n	20000126 <mutex_enter_block_until+0x1e>
2000015a:	2000      	movs	r0, #0
2000015c:	e00f      	b.n	2000017e <mutex_enter_block_until+0x76>
2000015e:	4b0a      	ldr	r3, [pc, #40]	@ (20000188 <mutex_enter_block_until+0x80>)
20000160:	4a0a      	ldr	r2, [pc, #40]	@ (2000018c <mutex_enter_block_until+0x84>)
20000162:	480b      	ldr	r0, [pc, #44]	@ (20000190 <mutex_enter_block_until+0x88>)
20000164:	2185      	movs	r1, #133	@ 0x85
20000166:	f000 fca3 	bl	20000ab0 <____assert_func_veneer>
2000016a:	464b      	mov	r3, r9
2000016c:	7123      	strb	r3, [r4, #4]
2000016e:	6823      	ldr	r3, [r4, #0]
20000170:	f3bf 8f5f 	dmb	sy
20000174:	2200      	movs	r2, #0
20000176:	601a      	str	r2, [r3, #0]
20000178:	f38c 8810 	msr	PRIMASK, ip
2000017c:	2001      	movs	r0, #1
2000017e:	bcc0      	pop	{r6, r7}
20000180:	46b9      	mov	r9, r7
20000182:	46b0      	mov	r8, r6
20000184:	bdf8      	pop	{r3, r4, r5, r6, r7, pc}
20000186:	46c0      	nop			@ (mov r8, r8)
20000188:	10007d4c 	.word	0x10007d4c
2000018c:	10008b14 	.word	0x10008b14
20000190:	10007cf8 	.word	0x10007cf8

20000194 <mutex_try_enter_block_until>:
20000194:	b570      	push	{r4, r5, r6, lr}
20000196:	b082      	sub	sp, #8
20000198:	0006      	movs	r6, r0
2000019a:	0015      	movs	r5, r2
2000019c:	001c      	movs	r4, r3
2000019e:	a901      	add	r1, sp, #4
200001a0:	f7ff ff8e 	bl	200000c0 <mutex_try_enter>
200001a4:	2800      	cmp	r0, #0
200001a6:	d107      	bne.n	200001b8 <mutex_try_enter_block_until+0x24>
200001a8:	9b01      	ldr	r3, [sp, #4]
200001aa:	b25b      	sxtb	r3, r3
200001ac:	22d0      	movs	r2, #208	@ 0xd0
200001ae:	0612      	lsls	r2, r2, #24
200001b0:	7812      	ldrb	r2, [r2, #0]
200001b2:	b252      	sxtb	r2, r2
200001b4:	4293      	cmp	r3, r2
200001b6:	d101      	bne.n	200001bc <mutex_try_enter_block_until+0x28>
200001b8:	b002      	add	sp, #8
200001ba:	bd70      	pop	{r4, r5, r6, pc}
200001bc:	002a      	movs	r2, r5
200001be:	0023      	movs	r3, r4
200001c0:	0030      	movs	r0, r6
200001c2:	f7ff ffa1 	bl	20000108 <mutex_enter_block_until>
200001c6:	e7f7      	b.n	200001b8 <mutex_try_enter_block_until+0x24>

200001c8 <mutex_enter_timeout_ms>:
200001c8:	b510      	push	{r4, lr}
200001ca:	b082      	sub	sp, #8
200001cc:	0004      	movs	r4, r0
200001ce:	4668      	mov	r0, sp
200001d0:	f000 fc46 	bl	20000a60 <__make_timeout_time_ms_veneer>
200001d4:	9a00      	ldr	r2, [sp, #0]
200001d6:	9b01      	ldr	r3, [sp, #4]
200001d8:	0020      	movs	r0, r4
200001da:	f7ff ff95 	bl	20000108 <mutex_enter_block_until>
200001de:	b002      	add	sp, #8
200001e0:	bd10      	pop	{r4, pc}
	...

200001e4 <mutex_exit>:
200001e4:	b510      	push	{r4, lr}
200001e6:	6802      	ldr	r2, [r0, #0]
200001e8:	f3ef 8110 	mrs	r1, PRIMASK
200001ec:	b672      	cpsid	i
200001ee:	6813      	ldr	r3, [r2, #0]
200001f0:	2b00      	cmp	r3, #0
200001f2:	d0fc      	beq.n	200001ee <mutex_exit+0xa>
200001f4:	f3bf 8f5f 	dmb	sy
200001f8:	2304      	movs	r3, #4
200001fa:	56c3      	ldrsb	r3, [r0, r3]
200001fc:	2b00      	cmp	r3, #0
200001fe:	db0a      	blt.n	20000216 <mutex_exit+0x32>
20000200:	23ff      	movs	r3, #255	@ 0xff
20000202:	7103      	strb	r3, [r0, #4]
20000204:	6803      	ldr	r3, [r0, #0]
20000206:	f3bf 8f5f 	dmb	sy
2000020a:	2200      	movs	r2, #0
2000020c:	601a      	str	r2, [r3, #0]
2000020e:	f381 8810 	msr	PRIMASK, r1
20000212:	bf40      	sev
20000214:	bd10      	pop	{r4, pc}
20000216:	4b03      	ldr	r3, [pc, #12]	@ (20000224 <mutex_exit+0x40>)
20000218:	4a03      	ldr	r2, [pc, #12]	@ (20000228 <mutex_exit+0x44>)
2000021a:	4804      	ldr	r0, [pc, #16]	@ (2000022c <mutex_exit+0x48>)
2000021c:	21b4      	movs	r1, #180	@ 0xb4
2000021e:	f000 fc47 	bl	20000ab0 <____assert_func_veneer>
20000222:	46c0      	nop			@ (mov r8, r8)
20000224:	10007d60 	.word	0x10007d60
20000228:	10008b08 	.word	0x10008b08
2000022c:	10007cf8 	.word	0x10007cf8

20000230 <flash_init_boot2_copyout>:
20000230:	4b09      	ldr	r3, [pc, #36]	@ (20000258 <flash_init_boot2_copyout+0x28>)
20000232:	781b      	ldrb	r3, [r3, #0]
20000234:	2b00      	cmp	r3, #0
20000236:	d008      	beq.n	2000024a <flash_init_boot2_copyout+0x1a>
20000238:	e00c      	b.n	20000254 <flash_init_boot2_copyout+0x24>
2000023a:	009a      	lsls	r2, r3, #2
2000023c:	2180      	movs	r1, #128	@ 0x80
2000023e:	0549      	lsls	r1, r1, #21
20000240:	1851      	adds	r1, r2, r1
20000242:	6808      	ldr	r0, [r1, #0]
20000244:	4905      	ldr	r1, [pc, #20]	@ (2000025c <flash_init_boot2_copyout+0x2c>)
20000246:	5050      	str	r0, [r2, r1]
20000248:	3301      	adds	r3, #1
2000024a:	2b3f      	cmp	r3, #63	@ 0x3f
2000024c:	ddf5      	ble.n	2000023a <flash_init_boot2_copyout+0xa>
2000024e:	4b02      	ldr	r3, [pc, #8]	@ (20000258 <flash_init_boot2_copyout+0x28>)
20000250:	2201      	movs	r2, #1
20000252:	701a      	strb	r2, [r3, #0]
20000254:	4770      	bx	lr
20000256:	46c0      	nop			@ (mov r8, r8)
20000258:	2000205f 	.word	0x2000205f
2000025c:	2000182c 	.word	0x2000182c

20000260 <flash_enable_xip_via_boot2>:
20000260:	b510      	push	{r4, lr}
20000262:	4b01      	ldr	r3, [pc, #4]	@ (20000268 <flash_enable_xip_via_boot2+0x8>)
20000264:	4798      	blx	r3
20000266:	bd10      	pop	{r4, pc}
20000268:	2000182d 	.word	0x2000182d

2000026c <flash_cs_force>:
2000026c:	2800      	cmp	r0, #0
2000026e:	d00a      	beq.n	20000286 <flash_cs_force+0x1a>
20000270:	2303      	movs	r3, #3
20000272:	021b      	lsls	r3, r3, #8
20000274:	4a05      	ldr	r2, [pc, #20]	@ (2000028c <flash_cs_force+0x20>)
20000276:	6812      	ldr	r2, [r2, #0]
20000278:	4053      	eors	r3, r2
2000027a:	22c0      	movs	r2, #192	@ 0xc0
2000027c:	0092      	lsls	r2, r2, #2
2000027e:	4013      	ands	r3, r2
20000280:	4a03      	ldr	r2, [pc, #12]	@ (20000290 <flash_cs_force+0x24>)
20000282:	6013      	str	r3, [r2, #0]
20000284:	4770      	bx	lr
20000286:	2302      	movs	r3, #2
20000288:	e7f3      	b.n	20000272 <flash_cs_force+0x6>
2000028a:	46c0      	nop			@ (mov r8, r8)
2000028c:	4001800c 	.word	0x4001800c
20000290:	4001900c 	.word	0x4001900c

20000294 <flash_do_cmd>:
20000294:	b5f0      	push	{r4, r5, r6, r7, lr}
20000296:	46d6      	mov	lr, sl
20000298:	464f      	mov	r7, r9
2000029a:	4646      	mov	r6, r8
2000029c:	b5c0      	push	{r6, r7, lr}
2000029e:	0007      	movs	r7, r0
200002a0:	000e      	movs	r6, r1
200002a2:	0015      	movs	r5, r2
200002a4:	2318      	movs	r3, #24
200002a6:	469a      	mov	sl, r3
200002a8:	881b      	ldrh	r3, [r3, #0]
200002aa:	2214      	movs	r2, #20
200002ac:	4690      	mov	r8, r2
200002ae:	8810      	ldrh	r0, [r2, #0]
200002b0:	4928      	ldr	r1, [pc, #160]	@ (20000354 <flash_do_cmd+0xc0>)
200002b2:	4798      	blx	r3
200002b4:	4681      	mov	r9, r0
200002b6:	4653      	mov	r3, sl
200002b8:	881b      	ldrh	r3, [r3, #0]
200002ba:	4642      	mov	r2, r8
200002bc:	8810      	ldrh	r0, [r2, #0]
200002be:	4926      	ldr	r1, [pc, #152]	@ (20000358 <flash_do_cmd+0xc4>)
200002c0:	4798      	blx	r3
200002c2:	0004      	movs	r4, r0
200002c4:	4653      	mov	r3, sl
200002c6:	881b      	ldrh	r3, [r3, #0]
200002c8:	4642      	mov	r2, r8
200002ca:	8810      	ldrh	r0, [r2, #0]
200002cc:	4923      	ldr	r1, [pc, #140]	@ (2000035c <flash_do_cmd+0xc8>)
200002ce:	4798      	blx	r3
200002d0:	4680      	mov	r8, r0
200002d2:	464b      	mov	r3, r9
200002d4:	2b00      	cmp	r3, #0
200002d6:	d00c      	beq.n	200002f2 <flash_do_cmd+0x5e>
200002d8:	2c00      	cmp	r4, #0
200002da:	d00a      	beq.n	200002f2 <flash_do_cmd+0x5e>
200002dc:	2800      	cmp	r0, #0
200002de:	d008      	beq.n	200002f2 <flash_do_cmd+0x5e>
200002e0:	f7ff ffa6 	bl	20000230 <flash_init_boot2_copyout>
200002e4:	47c8      	blx	r9
200002e6:	47a0      	blx	r4
200002e8:	2000      	movs	r0, #0
200002ea:	f7ff ffbf 	bl	2000026c <flash_cs_force>
200002ee:	002a      	movs	r2, r5
200002f0:	e00f      	b.n	20000312 <flash_do_cmd+0x7e>
200002f2:	4b1b      	ldr	r3, [pc, #108]	@ (20000360 <flash_do_cmd+0xcc>)
200002f4:	4a1b      	ldr	r2, [pc, #108]	@ (20000364 <flash_do_cmd+0xd0>)
200002f6:	481c      	ldr	r0, [pc, #112]	@ (20000368 <flash_do_cmd+0xd4>)
200002f8:	2180      	movs	r1, #128	@ 0x80
200002fa:	f000 fbd9 	bl	20000ab0 <____assert_func_veneer>
200002fe:	2b00      	cmp	r3, #0
20000300:	d007      	beq.n	20000312 <flash_do_cmd+0x7e>
20000302:	2a00      	cmp	r2, #0
20000304:	d005      	beq.n	20000312 <flash_do_cmd+0x7e>
20000306:	23c0      	movs	r3, #192	@ 0xc0
20000308:	055b      	lsls	r3, r3, #21
2000030a:	6e1b      	ldr	r3, [r3, #96]	@ 0x60
2000030c:	7033      	strb	r3, [r6, #0]
2000030e:	3a01      	subs	r2, #1
20000310:	3601      	adds	r6, #1
20000312:	002b      	movs	r3, r5
20000314:	4313      	orrs	r3, r2
20000316:	d012      	beq.n	2000033e <flash_do_cmd+0xaa>
20000318:	23c0      	movs	r3, #192	@ 0xc0
2000031a:	055b      	lsls	r3, r3, #21
2000031c:	6a9c      	ldr	r4, [r3, #40]	@ 0x28
2000031e:	2308      	movs	r3, #8
20000320:	4023      	ands	r3, r4
20000322:	07a4      	lsls	r4, r4, #30
20000324:	d5eb      	bpl.n	200002fe <flash_do_cmd+0x6a>
20000326:	2d00      	cmp	r5, #0
20000328:	d0e9      	beq.n	200002fe <flash_do_cmd+0x6a>
2000032a:	1b51      	subs	r1, r2, r5
2000032c:	290d      	cmp	r1, #13
2000032e:	d8e6      	bhi.n	200002fe <flash_do_cmd+0x6a>
20000330:	7838      	ldrb	r0, [r7, #0]
20000332:	21c0      	movs	r1, #192	@ 0xc0
20000334:	0549      	lsls	r1, r1, #21
20000336:	6608      	str	r0, [r1, #96]	@ 0x60
20000338:	3d01      	subs	r5, #1
2000033a:	3701      	adds	r7, #1
2000033c:	e7df      	b.n	200002fe <flash_do_cmd+0x6a>
2000033e:	2001      	movs	r0, #1
20000340:	f7ff ff94 	bl	2000026c <flash_cs_force>
20000344:	47c0      	blx	r8
20000346:	f7ff ff8b 	bl	20000260 <flash_enable_xip_via_boot2>
2000034a:	bce0      	pop	{r5, r6, r7}
2000034c:	46ba      	mov	sl, r7
2000034e:	46b1      	mov	r9, r6
20000350:	46a8      	mov	r8, r5
20000352:	bdf0      	pop	{r4, r5, r6, r7, pc}
20000354:	00004649 	.word	0x00004649
20000358:	00005845 	.word	0x00005845
2000035c:	00004346 	.word	0x00004346
20000360:	1000880c 	.word	0x1000880c
20000364:	10009014 	.word	0x10009014
20000368:	10008700 	.word	0x10008700

2000036c <reset_non_control_endpoints>:
2000036c:	b510      	push	{r4, lr}
2000036e:	2300      	movs	r3, #0
20000370:	e008      	b.n	20000384 <reset_non_control_endpoints+0x18>
20000372:	3301      	adds	r3, #1
20000374:	00da      	lsls	r2, r3, #3
20000376:	2100      	movs	r1, #0
20000378:	4808      	ldr	r0, [pc, #32]	@ (2000039c <reset_non_control_endpoints+0x30>)
2000037a:	5011      	str	r1, [r2, r0]
2000037c:	4684      	mov	ip, r0
2000037e:	4462      	add	r2, ip
20000380:	6051      	str	r1, [r2, #4]
20000382:	b2db      	uxtb	r3, r3
20000384:	2b0e      	cmp	r3, #14
20000386:	d9f4      	bls.n	20000372 <reset_non_control_endpoints+0x6>
20000388:	4805      	ldr	r0, [pc, #20]	@ (200003a0 <reset_non_control_endpoints+0x34>)
2000038a:	22f0      	movs	r2, #240	@ 0xf0
2000038c:	0092      	lsls	r2, r2, #2
2000038e:	2100      	movs	r1, #0
20000390:	f000 fb96 	bl	20000ac0 <____wrap_memset_veneer>
20000394:	4b03      	ldr	r3, [pc, #12]	@ (200003a4 <reset_non_control_endpoints+0x38>)
20000396:	4a04      	ldr	r2, [pc, #16]	@ (200003a8 <reset_non_control_endpoints+0x3c>)
20000398:	601a      	str	r2, [r3, #0]
2000039a:	bd10      	pop	{r4, pc}
2000039c:	50100000 	.word	0x50100000
200003a0:	20001a20 	.word	0x20001a20
200003a4:	20001dec 	.word	0x20001dec
200003a8:	50100180 	.word	0x50100180

200003ac <hw_handle_buff_status>:
200003ac:	b5f0      	push	{r4, r5, r6, r7, lr}
200003ae:	46d6      	mov	lr, sl
200003b0:	464f      	mov	r7, r9
200003b2:	4646      	mov	r6, r8
200003b4:	b5c0      	push	{r6, r7, lr}
200003b6:	b084      	sub	sp, #16
200003b8:	4b25      	ldr	r3, [pc, #148]	@ (20000450 <hw_handle_buff_status+0xa4>)
200003ba:	6d9f      	ldr	r7, [r3, #88]	@ 0x58
200003bc:	2400      	movs	r4, #0
200003be:	2601      	movs	r6, #1
200003c0:	e003      	b.n	200003ca <hw_handle_buff_status+0x1e>
200003c2:	43b7      	bics	r7, r6
200003c4:	0076      	lsls	r6, r6, #1
200003c6:	3401      	adds	r4, #1
200003c8:	b2e4      	uxtb	r4, r4
200003ca:	2f00      	cmp	r7, #0
200003cc:	d039      	beq.n	20000442 <hw_handle_buff_status+0x96>
200003ce:	2c1f      	cmp	r4, #31
200003d0:	d837      	bhi.n	20000442 <hw_handle_buff_status+0x96>
200003d2:	423e      	tst	r6, r7
200003d4:	d0f6      	beq.n	200003c4 <hw_handle_buff_status+0x18>
200003d6:	4b1f      	ldr	r3, [pc, #124]	@ (20000454 <hw_handle_buff_status+0xa8>)
200003d8:	659e      	str	r6, [r3, #88]	@ 0x58
200003da:	0863      	lsrs	r3, r4, #1
200003dc:	4699      	mov	r9, r3
200003de:	2301      	movs	r3, #1
200003e0:	4023      	ands	r3, r4
200003e2:	2201      	movs	r2, #1
200003e4:	4053      	eors	r3, r2
200003e6:	b2db      	uxtb	r3, r3
200003e8:	4698      	mov	r8, r3
200003ea:	464b      	mov	r3, r9
200003ec:	005d      	lsls	r5, r3, #1
200003ee:	4445      	add	r5, r8
200003f0:	016d      	lsls	r5, r5, #5
200003f2:	4b19      	ldr	r3, [pc, #100]	@ (20000458 <hw_handle_buff_status+0xac>)
200003f4:	18ed      	adds	r5, r5, r3
200003f6:	0028      	movs	r0, r5
200003f8:	f000 fa32 	bl	20000860 <hw_endpoint_xfer_continue>
200003fc:	2800      	cmp	r0, #0
200003fe:	d0e0      	beq.n	200003c2 <hw_handle_buff_status+0x16>
20000400:	4a15      	ldr	r2, [pc, #84]	@ (20000458 <hw_handle_buff_status+0xac>)
20000402:	464b      	mov	r3, r9
20000404:	005b      	lsls	r3, r3, #1
20000406:	4443      	add	r3, r8
20000408:	015b      	lsls	r3, r3, #5
2000040a:	18d3      	adds	r3, r2, r3
2000040c:	789a      	ldrb	r2, [r3, #2]
2000040e:	4692      	mov	sl, r2
20000410:	8adb      	ldrh	r3, [r3, #22]
20000412:	4699      	mov	r9, r3
20000414:	ab01      	add	r3, sp, #4
20000416:	4698      	mov	r8, r3
20000418:	220c      	movs	r2, #12
2000041a:	2100      	movs	r1, #0
2000041c:	0018      	movs	r0, r3
2000041e:	f000 fb4f 	bl	20000ac0 <____wrap_memset_veneer>
20000422:	2307      	movs	r3, #7
20000424:	4642      	mov	r2, r8
20000426:	7053      	strb	r3, [r2, #1]
20000428:	4643      	mov	r3, r8
2000042a:	4652      	mov	r2, sl
2000042c:	711a      	strb	r2, [r3, #4]
2000042e:	464a      	mov	r2, r9
20000430:	609a      	str	r2, [r3, #8]
20000432:	2101      	movs	r1, #1
20000434:	4640      	mov	r0, r8
20000436:	f000 fa3b 	bl	200008b0 <dcd_event_handler>
2000043a:	0028      	movs	r0, r5
2000043c:	f000 f9a0 	bl	20000780 <hw_endpoint_reset_transfer>
20000440:	e7bf      	b.n	200003c2 <hw_handle_buff_status+0x16>
20000442:	b004      	add	sp, #16
20000444:	bce0      	pop	{r5, r6, r7}
20000446:	46ba      	mov	sl, r7
20000448:	46b1      	mov	r9, r6
2000044a:	46a8      	mov	r8, r5
2000044c:	bdf0      	pop	{r4, r5, r6, r7, pc}
2000044e:	46c0      	nop			@ (mov r8, r8)
20000450:	50110000 	.word	0x50110000
20000454:	50113000 	.word	0x50113000
20000458:	200019e0 	.word	0x200019e0

2000045c <dcd_rp2040_irq>:
2000045c:	b570      	push	{r4, r5, r6, lr}
2000045e:	b084      	sub	sp, #16
20000460:	4a63      	ldr	r2, [pc, #396]	@ (200005f0 <dcd_rp2040_irq+0x194>)
20000462:	2398      	movs	r3, #152	@ 0x98
20000464:	58d5      	ldr	r5, [r2, r3]
20000466:	2380      	movs	r3, #128	@ 0x80
20000468:	029b      	lsls	r3, r3, #10
2000046a:	002c      	movs	r4, r5
2000046c:	401c      	ands	r4, r3
2000046e:	421d      	tst	r5, r3
20000470:	d040      	beq.n	200004f4 <dcd_rp2040_irq+0x98>
20000472:	4b60      	ldr	r3, [pc, #384]	@ (200005f4 <dcd_rp2040_irq+0x198>)
20000474:	6a9a      	ldr	r2, [r3, #40]	@ 0x28
20000476:	4b60      	ldr	r3, [pc, #384]	@ (200005f8 <dcd_rp2040_irq+0x19c>)
20000478:	601a      	str	r2, [r3, #0]
2000047a:	2400      	movs	r4, #0
2000047c:	2100      	movs	r1, #0
2000047e:	e009      	b.n	20000494 <dcd_rp2040_irq+0x38>
20000480:	4b5e      	ldr	r3, [pc, #376]	@ (200005fc <dcd_rp2040_irq+0x1a0>)
20000482:	185b      	adds	r3, r3, r1
20000484:	333c      	adds	r3, #60	@ 0x3c
20000486:	2200      	movs	r2, #0
20000488:	701a      	strb	r2, [r3, #0]
2000048a:	f000 f9ab 	bl	200007e4 <hw_endpoint_start_next_buffer>
2000048e:	0031      	movs	r1, r6
20000490:	3401      	adds	r4, #1
20000492:	b2e4      	uxtb	r4, r4
20000494:	2c0f      	cmp	r4, #15
20000496:	d818      	bhi.n	200004ca <dcd_rp2040_irq+0x6e>
20000498:	01a6      	lsls	r6, r4, #6
2000049a:	0030      	movs	r0, r6
2000049c:	3020      	adds	r0, #32
2000049e:	4b57      	ldr	r3, [pc, #348]	@ (200005fc <dcd_rp2040_irq+0x1a0>)
200004a0:	18c0      	adds	r0, r0, r3
200004a2:	199b      	adds	r3, r3, r6
200004a4:	333b      	adds	r3, #59	@ 0x3b
200004a6:	781b      	ldrb	r3, [r3, #0]
200004a8:	2b02      	cmp	r3, #2
200004aa:	d1f1      	bne.n	20000490 <dcd_rp2040_irq+0x34>
200004ac:	4b53      	ldr	r3, [pc, #332]	@ (200005fc <dcd_rp2040_irq+0x1a0>)
200004ae:	199b      	adds	r3, r3, r6
200004b0:	333a      	adds	r3, #58	@ 0x3a
200004b2:	781e      	ldrb	r6, [r3, #0]
200004b4:	2e00      	cmp	r6, #0
200004b6:	d0eb      	beq.n	20000490 <dcd_rp2040_irq+0x34>
200004b8:	4b50      	ldr	r3, [pc, #320]	@ (200005fc <dcd_rp2040_irq+0x1a0>)
200004ba:	01a1      	lsls	r1, r4, #6
200004bc:	185b      	adds	r3, r3, r1
200004be:	333c      	adds	r3, #60	@ 0x3c
200004c0:	781b      	ldrb	r3, [r3, #0]
200004c2:	2b00      	cmp	r3, #0
200004c4:	d1dc      	bne.n	20000480 <dcd_rp2040_irq+0x24>
200004c6:	0031      	movs	r1, r6
200004c8:	e7e2      	b.n	20000490 <dcd_rp2040_irq+0x34>
200004ca:	2900      	cmp	r1, #0
200004cc:	d108      	bne.n	200004e0 <dcd_rp2040_irq+0x84>
200004ce:	4b4c      	ldr	r3, [pc, #304]	@ (20000600 <dcd_rp2040_irq+0x1a4>)
200004d0:	781b      	ldrb	r3, [r3, #0]
200004d2:	2b00      	cmp	r3, #0
200004d4:	d104      	bne.n	200004e0 <dcd_rp2040_irq+0x84>
200004d6:	4a4b      	ldr	r2, [pc, #300]	@ (20000604 <dcd_rp2040_irq+0x1a8>)
200004d8:	3390      	adds	r3, #144	@ 0x90
200004da:	2180      	movs	r1, #128	@ 0x80
200004dc:	0289      	lsls	r1, r1, #10
200004de:	50d1      	str	r1, [r2, r3]
200004e0:	4b43      	ldr	r3, [pc, #268]	@ (200005f0 <dcd_rp2040_irq+0x194>)
200004e2:	6c99      	ldr	r1, [r3, #72]	@ 0x48
200004e4:	0549      	lsls	r1, r1, #21
200004e6:	0d49      	lsrs	r1, r1, #21
200004e8:	2201      	movs	r2, #1
200004ea:	2000      	movs	r0, #0
200004ec:	f000 fac8 	bl	20000a80 <__dcd_event_sof_veneer>
200004f0:	2480      	movs	r4, #128	@ 0x80
200004f2:	02a4      	lsls	r4, r4, #10
200004f4:	06eb      	lsls	r3, r5, #27
200004f6:	d409      	bmi.n	2000050c <dcd_rp2040_irq+0xb0>
200004f8:	03eb      	lsls	r3, r5, #15
200004fa:	d529      	bpl.n	20000550 <dcd_rp2040_irq+0xf4>
200004fc:	2380      	movs	r3, #128	@ 0x80
200004fe:	025b      	lsls	r3, r3, #9
20000500:	431c      	orrs	r4, r3
20000502:	ab01      	add	r3, sp, #4
20000504:	4a40      	ldr	r2, [pc, #256]	@ (20000608 <dcd_rp2040_irq+0x1ac>)
20000506:	801a      	strh	r2, [r3, #0]
20000508:	2600      	movs	r6, #0
2000050a:	e00b      	b.n	20000524 <dcd_rp2040_irq+0xc8>
2000050c:	2310      	movs	r3, #16
2000050e:	431c      	orrs	r4, r3
20000510:	f7ff ff4c 	bl	200003ac <hw_handle_buff_status>
20000514:	e7f0      	b.n	200004f8 <dcd_rp2040_irq+0x9c>
20000516:	ab01      	add	r3, sp, #4
20000518:	5d98      	ldrb	r0, [r3, r6]
2000051a:	f000 fae9 	bl	20000af0 <__hw_endpoint_get_by_addr_veneer>
2000051e:	2301      	movs	r3, #1
20000520:	70c3      	strb	r3, [r0, #3]
20000522:	3601      	adds	r6, #1
20000524:	2e01      	cmp	r6, #1
20000526:	d9f6      	bls.n	20000516 <dcd_rp2040_irq+0xba>
20000528:	ae01      	add	r6, sp, #4
2000052a:	220c      	movs	r2, #12
2000052c:	2100      	movs	r1, #0
2000052e:	0030      	movs	r0, r6
20000530:	f000 fac6 	bl	20000ac0 <____wrap_memset_veneer>
20000534:	2306      	movs	r3, #6
20000536:	7073      	strb	r3, [r6, #1]
20000538:	4a34      	ldr	r2, [pc, #208]	@ (2000060c <dcd_rp2040_irq+0x1b0>)
2000053a:	ab02      	add	r3, sp, #8
2000053c:	ca03      	ldmia	r2!, {r0, r1}
2000053e:	c303      	stmia	r3!, {r0, r1}
20000540:	2101      	movs	r1, #1
20000542:	0030      	movs	r0, r6
20000544:	f000 f9b4 	bl	200008b0 <dcd_event_handler>
20000548:	4b2e      	ldr	r3, [pc, #184]	@ (20000604 <dcd_rp2040_irq+0x1a8>)
2000054a:	2280      	movs	r2, #128	@ 0x80
2000054c:	0292      	lsls	r2, r2, #10
2000054e:	651a      	str	r2, [r3, #80]	@ 0x50
20000550:	04eb      	lsls	r3, r5, #19
20000552:	d407      	bmi.n	20000564 <dcd_rp2040_irq+0x108>
20000554:	046b      	lsls	r3, r5, #17
20000556:	d41e      	bmi.n	20000596 <dcd_rp2040_irq+0x13a>
20000558:	042b      	lsls	r3, r5, #16
2000055a:	d42f      	bmi.n	200005bc <dcd_rp2040_irq+0x160>
2000055c:	42ac      	cmp	r4, r5
2000055e:	d141      	bne.n	200005e4 <dcd_rp2040_irq+0x188>
20000560:	b004      	add	sp, #16
20000562:	bd70      	pop	{r4, r5, r6, pc}
20000564:	2380      	movs	r3, #128	@ 0x80
20000566:	015b      	lsls	r3, r3, #5
20000568:	431c      	orrs	r4, r3
2000056a:	4b21      	ldr	r3, [pc, #132]	@ (200005f0 <dcd_rp2040_irq+0x194>)
2000056c:	2200      	movs	r2, #0
2000056e:	601a      	str	r2, [r3, #0]
20000570:	f7ff fefc 	bl	2000036c <reset_non_control_endpoints>
20000574:	ae01      	add	r6, sp, #4
20000576:	220c      	movs	r2, #12
20000578:	2100      	movs	r1, #0
2000057a:	0030      	movs	r0, r6
2000057c:	f000 faa0 	bl	20000ac0 <____wrap_memset_veneer>
20000580:	2301      	movs	r3, #1
20000582:	7073      	strb	r3, [r6, #1]
20000584:	2101      	movs	r1, #1
20000586:	0030      	movs	r0, r6
20000588:	f000 f992 	bl	200008b0 <dcd_event_handler>
2000058c:	4b1d      	ldr	r3, [pc, #116]	@ (20000604 <dcd_rp2040_irq+0x1a8>)
2000058e:	2280      	movs	r2, #128	@ 0x80
20000590:	0312      	lsls	r2, r2, #12
20000592:	651a      	str	r2, [r3, #80]	@ 0x50
20000594:	e7de      	b.n	20000554 <dcd_rp2040_irq+0xf8>
20000596:	2380      	movs	r3, #128	@ 0x80
20000598:	01db      	lsls	r3, r3, #7
2000059a:	431c      	orrs	r4, r3
2000059c:	ae01      	add	r6, sp, #4
2000059e:	220c      	movs	r2, #12
200005a0:	2100      	movs	r1, #0
200005a2:	0030      	movs	r0, r6
200005a4:	f000 fa8c 	bl	20000ac0 <____wrap_memset_veneer>
200005a8:	2304      	movs	r3, #4
200005aa:	7073      	strb	r3, [r6, #1]
200005ac:	2101      	movs	r1, #1
200005ae:	0030      	movs	r0, r6
200005b0:	f000 f97e 	bl	200008b0 <dcd_event_handler>
200005b4:	4b13      	ldr	r3, [pc, #76]	@ (20000604 <dcd_rp2040_irq+0x1a8>)
200005b6:	2210      	movs	r2, #16
200005b8:	651a      	str	r2, [r3, #80]	@ 0x50
200005ba:	e7cd      	b.n	20000558 <dcd_rp2040_irq+0xfc>
200005bc:	2380      	movs	r3, #128	@ 0x80
200005be:	021b      	lsls	r3, r3, #8
200005c0:	431c      	orrs	r4, r3
200005c2:	ae01      	add	r6, sp, #4
200005c4:	220c      	movs	r2, #12
200005c6:	2100      	movs	r1, #0
200005c8:	0030      	movs	r0, r6
200005ca:	f000 fa79 	bl	20000ac0 <____wrap_memset_veneer>
200005ce:	2305      	movs	r3, #5
200005d0:	7073      	strb	r3, [r6, #1]
200005d2:	2101      	movs	r1, #1
200005d4:	0030      	movs	r0, r6
200005d6:	f000 f96b 	bl	200008b0 <dcd_event_handler>
200005da:	4b0a      	ldr	r3, [pc, #40]	@ (20000604 <dcd_rp2040_irq+0x1a8>)
200005dc:	2280      	movs	r2, #128	@ 0x80
200005de:	0112      	lsls	r2, r2, #4
200005e0:	651a      	str	r2, [r3, #80]	@ 0x50
200005e2:	e7bb      	b.n	2000055c <dcd_rp2040_irq+0x100>
200005e4:	0021      	movs	r1, r4
200005e6:	4069      	eors	r1, r5
200005e8:	4809      	ldr	r0, [pc, #36]	@ (20000610 <dcd_rp2040_irq+0x1b4>)
200005ea:	f000 fa59 	bl	20000aa0 <__panic_veneer>
200005ee:	46c0      	nop			@ (mov r8, r8)
200005f0:	50110000 	.word	0x50110000
200005f4:	40054000 	.word	0x40054000
200005f8:	200019cc 	.word	0x200019cc
200005fc:	200019e0 	.word	0x200019e0
20000600:	2000205e 	.word	0x2000205e
20000604:	50113000 	.word	0x50113000
20000608:	ffff8000 	.word	0xffff8000
2000060c:	50100000 	.word	0x50100000
20000610:	10008920 	.word	0x10008920

20000614 <e15_is_bulkin_ep>:
20000614:	4b09      	ldr	r3, [pc, #36]	@ (2000063c <e15_is_bulkin_ep+0x28>)
20000616:	6c1b      	ldr	r3, [r3, #64]	@ 0x40
20000618:	079b      	lsls	r3, r3, #30
2000061a:	d40c      	bmi.n	20000636 <e15_is_bulkin_ep+0x22>
2000061c:	7883      	ldrb	r3, [r0, #2]
2000061e:	09db      	lsrs	r3, r3, #7
20000620:	2b01      	cmp	r3, #1
20000622:	d001      	beq.n	20000628 <e15_is_bulkin_ep+0x14>
20000624:	2000      	movs	r0, #0
20000626:	e007      	b.n	20000638 <e15_is_bulkin_ep+0x24>
20000628:	7ec3      	ldrb	r3, [r0, #27]
2000062a:	2b02      	cmp	r3, #2
2000062c:	d001      	beq.n	20000632 <e15_is_bulkin_ep+0x1e>
2000062e:	2000      	movs	r0, #0
20000630:	e002      	b.n	20000638 <e15_is_bulkin_ep+0x24>
20000632:	2001      	movs	r0, #1
20000634:	e000      	b.n	20000638 <e15_is_bulkin_ep+0x24>
20000636:	2000      	movs	r0, #0
20000638:	4770      	bx	lr
2000063a:	46c0      	nop			@ (mov r8, r8)
2000063c:	50110000 	.word	0x50110000

20000640 <e15_is_critical_frame_period>:
20000640:	b510      	push	{r4, lr}
20000642:	f7ff ffe7 	bl	20000614 <e15_is_bulkin_ep>
20000646:	2800      	cmp	r0, #0
20000648:	d009      	beq.n	2000065e <e15_is_critical_frame_period+0x1e>
2000064a:	4b06      	ldr	r3, [pc, #24]	@ (20000664 <e15_is_critical_frame_period+0x24>)
2000064c:	6a9b      	ldr	r3, [r3, #40]	@ 0x28
2000064e:	4a06      	ldr	r2, [pc, #24]	@ (20000668 <e15_is_critical_frame_period+0x28>)
20000650:	6812      	ldr	r2, [r2, #0]
20000652:	1a9b      	subs	r3, r3, r2
20000654:	4a05      	ldr	r2, [pc, #20]	@ (2000066c <e15_is_critical_frame_period+0x2c>)
20000656:	4694      	mov	ip, r2
20000658:	4463      	add	r3, ip
2000065a:	2bc6      	cmp	r3, #198	@ 0xc6
2000065c:	d800      	bhi.n	20000660 <e15_is_critical_frame_period+0x20>
2000065e:	bd10      	pop	{r4, pc}
20000660:	2000      	movs	r0, #0
20000662:	e7fc      	b.n	2000065e <e15_is_critical_frame_period+0x1e>
20000664:	40054000 	.word	0x40054000
20000668:	200019cc 	.word	0x200019cc
2000066c:	fffffce0 	.word	0xfffffce0

20000670 <prepare_ep_buffer>:
20000670:	b5f8      	push	{r3, r4, r5, r6, r7, lr}
20000672:	0004      	movs	r4, r0
20000674:	000f      	movs	r7, r1
20000676:	8a83      	ldrh	r3, [r0, #20]
20000678:	8b02      	ldrh	r2, [r0, #24]
2000067a:	1c1e      	adds	r6, r3, #0
2000067c:	4293      	cmp	r3, r2
2000067e:	d900      	bls.n	20000682 <prepare_ep_buffer+0x12>
20000680:	1c16      	adds	r6, r2, #0
20000682:	b2b6      	uxth	r6, r6
20000684:	1b9b      	subs	r3, r3, r6
20000686:	82a3      	strh	r3, [r4, #20]
20000688:	2280      	movs	r2, #128	@ 0x80
2000068a:	00d2      	lsls	r2, r2, #3
2000068c:	4332      	orrs	r2, r6
2000068e:	78e3      	ldrb	r3, [r4, #3]
20000690:	2b00      	cmp	r3, #0
20000692:	d013      	beq.n	200006bc <prepare_ep_buffer+0x4c>
20000694:	2580      	movs	r5, #128	@ 0x80
20000696:	01ad      	lsls	r5, r5, #6
20000698:	4315      	orrs	r5, r2
2000069a:	2201      	movs	r2, #1
2000069c:	4053      	eors	r3, r2
2000069e:	70e3      	strb	r3, [r4, #3]
200006a0:	7863      	ldrb	r3, [r4, #1]
200006a2:	2b00      	cmp	r3, #0
200006a4:	d00c      	beq.n	200006c0 <prepare_ep_buffer+0x50>
200006a6:	8aa3      	ldrh	r3, [r4, #20]
200006a8:	2b00      	cmp	r3, #0
200006aa:	d102      	bne.n	200006b2 <prepare_ep_buffer+0x42>
200006ac:	2380      	movs	r3, #128	@ 0x80
200006ae:	01db      	lsls	r3, r3, #7
200006b0:	431d      	orrs	r5, r3
200006b2:	2f00      	cmp	r7, #0
200006b4:	d000      	beq.n	200006b8 <prepare_ep_buffer+0x48>
200006b6:	042d      	lsls	r5, r5, #16
200006b8:	0028      	movs	r0, r5
200006ba:	bdf8      	pop	{r3, r4, r5, r6, r7, pc}
200006bc:	2500      	movs	r5, #0
200006be:	e7eb      	b.n	20000698 <prepare_ep_buffer+0x28>
200006c0:	68e0      	ldr	r0, [r4, #12]
200006c2:	01bb      	lsls	r3, r7, #6
200006c4:	18c0      	adds	r0, r0, r3
200006c6:	6921      	ldr	r1, [r4, #16]
200006c8:	0032      	movs	r2, r6
200006ca:	f000 fa09 	bl	20000ae0 <____wrap_memcpy_veneer>
200006ce:	6923      	ldr	r3, [r4, #16]
200006d0:	199b      	adds	r3, r3, r6
200006d2:	6123      	str	r3, [r4, #16]
200006d4:	2380      	movs	r3, #128	@ 0x80
200006d6:	021b      	lsls	r3, r3, #8
200006d8:	431d      	orrs	r5, r3
200006da:	e7e4      	b.n	200006a6 <prepare_ep_buffer+0x36>

200006dc <sync_ep_buffer>:
200006dc:	b570      	push	{r4, r5, r6, lr}
200006de:	0004      	movs	r4, r0
200006e0:	6883      	ldr	r3, [r0, #8]
200006e2:	681b      	ldr	r3, [r3, #0]
200006e4:	2900      	cmp	r1, #0
200006e6:	d000      	beq.n	200006ea <sync_ep_buffer+0xe>
200006e8:	0c1b      	lsrs	r3, r3, #16
200006ea:	059d      	lsls	r5, r3, #22
200006ec:	0dad      	lsrs	r5, r5, #22
200006ee:	7862      	ldrb	r2, [r4, #1]
200006f0:	2a00      	cmp	r2, #0
200006f2:	d112      	bne.n	2000071a <sync_ep_buffer+0x3e>
200006f4:	041b      	lsls	r3, r3, #16
200006f6:	d409      	bmi.n	2000070c <sync_ep_buffer+0x30>
200006f8:	8ae3      	ldrh	r3, [r4, #22]
200006fa:	195b      	adds	r3, r3, r5
200006fc:	82e3      	strh	r3, [r4, #22]
200006fe:	8b23      	ldrh	r3, [r4, #24]
20000700:	42ab      	cmp	r3, r5
20000702:	d901      	bls.n	20000708 <sync_ep_buffer+0x2c>
20000704:	2300      	movs	r3, #0
20000706:	82a3      	strh	r3, [r4, #20]
20000708:	0028      	movs	r0, r5
2000070a:	bd70      	pop	{r4, r5, r6, pc}
2000070c:	4b0e      	ldr	r3, [pc, #56]	@ (20000748 <sync_ep_buffer+0x6c>)
2000070e:	4a0f      	ldr	r2, [pc, #60]	@ (2000074c <sync_ep_buffer+0x70>)
20000710:	2181      	movs	r1, #129	@ 0x81
20000712:	480f      	ldr	r0, [pc, #60]	@ (20000750 <sync_ep_buffer+0x74>)
20000714:	0049      	lsls	r1, r1, #1
20000716:	f000 f9cb 	bl	20000ab0 <____assert_func_veneer>
2000071a:	041b      	lsls	r3, r3, #16
2000071c:	d50d      	bpl.n	2000073a <sync_ep_buffer+0x5e>
2000071e:	6920      	ldr	r0, [r4, #16]
20000720:	68e3      	ldr	r3, [r4, #12]
20000722:	0189      	lsls	r1, r1, #6
20000724:	1859      	adds	r1, r3, r1
20000726:	002a      	movs	r2, r5
20000728:	f000 f9da 	bl	20000ae0 <____wrap_memcpy_veneer>
2000072c:	8ae3      	ldrh	r3, [r4, #22]
2000072e:	195b      	adds	r3, r3, r5
20000730:	82e3      	strh	r3, [r4, #22]
20000732:	6923      	ldr	r3, [r4, #16]
20000734:	195b      	adds	r3, r3, r5
20000736:	6123      	str	r3, [r4, #16]
20000738:	e7e1      	b.n	200006fe <sync_ep_buffer+0x22>
2000073a:	4b06      	ldr	r3, [pc, #24]	@ (20000754 <sync_ep_buffer+0x78>)
2000073c:	4a03      	ldr	r2, [pc, #12]	@ (2000074c <sync_ep_buffer+0x70>)
2000073e:	210a      	movs	r1, #10
20000740:	4803      	ldr	r0, [pc, #12]	@ (20000750 <sync_ep_buffer+0x74>)
20000742:	31ff      	adds	r1, #255	@ 0xff
20000744:	f000 f9b4 	bl	20000ab0 <____assert_func_veneer>
20000748:	10008940 	.word	0x10008940
2000074c:	10009084 	.word	0x10009084
20000750:	10008960 	.word	0x10008960
20000754:	100089d0 	.word	0x100089d0

20000758 <_hw_endpoint_xfer_sync>:
20000758:	b510      	push	{r4, lr}
2000075a:	0004      	movs	r4, r0
2000075c:	6883      	ldr	r3, [r0, #8]
2000075e:	681b      	ldr	r3, [r3, #0]
20000760:	2100      	movs	r1, #0
20000762:	f7ff ffbb 	bl	200006dc <sync_ep_buffer>
20000766:	6863      	ldr	r3, [r4, #4]
20000768:	681b      	ldr	r3, [r3, #0]
2000076a:	005b      	lsls	r3, r3, #1
2000076c:	d502      	bpl.n	20000774 <_hw_endpoint_xfer_sync+0x1c>
2000076e:	8b23      	ldrh	r3, [r4, #24]
20000770:	4283      	cmp	r3, r0
20000772:	d000      	beq.n	20000776 <_hw_endpoint_xfer_sync+0x1e>
20000774:	bd10      	pop	{r4, pc}
20000776:	2101      	movs	r1, #1
20000778:	0020      	movs	r0, r4
2000077a:	f7ff ffaf 	bl	200006dc <sync_ep_buffer>
2000077e:	e7f9      	b.n	20000774 <_hw_endpoint_xfer_sync+0x1c>

20000780 <hw_endpoint_reset_transfer>:
20000780:	2300      	movs	r3, #0
20000782:	7683      	strb	r3, [r0, #26]
20000784:	8283      	strh	r3, [r0, #20]
20000786:	82c3      	strh	r3, [r0, #22]
20000788:	6103      	str	r3, [r0, #16]
2000078a:	4770      	bx	lr

2000078c <_hw_endpoint_buffer_control_update32>:
2000078c:	b510      	push	{r4, lr}
2000078e:	2900      	cmp	r1, #0
20000790:	d002      	beq.n	20000798 <_hw_endpoint_buffer_control_update32+0xc>
20000792:	6883      	ldr	r3, [r0, #8]
20000794:	681b      	ldr	r3, [r3, #0]
20000796:	4019      	ands	r1, r3
20000798:	2a00      	cmp	r2, #0
2000079a:	d00f      	beq.n	200007bc <_hw_endpoint_buffer_control_update32+0x30>
2000079c:	4311      	orrs	r1, r2
2000079e:	0552      	lsls	r2, r2, #21
200007a0:	d50c      	bpl.n	200007bc <_hw_endpoint_buffer_control_update32+0x30>
200007a2:	6882      	ldr	r2, [r0, #8]
200007a4:	6813      	ldr	r3, [r2, #0]
200007a6:	055b      	lsls	r3, r3, #21
200007a8:	d40b      	bmi.n	200007c2 <_hw_endpoint_buffer_control_update32+0x36>
200007aa:	4b0b      	ldr	r3, [pc, #44]	@ (200007d8 <_hw_endpoint_buffer_control_update32+0x4c>)
200007ac:	400b      	ands	r3, r1
200007ae:	6013      	str	r3, [r2, #0]
200007b0:	e7ff      	b.n	200007b2 <_hw_endpoint_buffer_control_update32+0x26>
200007b2:	e7ff      	b.n	200007b4 <_hw_endpoint_buffer_control_update32+0x28>
200007b4:	e7ff      	b.n	200007b6 <_hw_endpoint_buffer_control_update32+0x2a>
200007b6:	e7ff      	b.n	200007b8 <_hw_endpoint_buffer_control_update32+0x2c>
200007b8:	e7ff      	b.n	200007ba <_hw_endpoint_buffer_control_update32+0x2e>
200007ba:	e7ff      	b.n	200007bc <_hw_endpoint_buffer_control_update32+0x30>
200007bc:	6883      	ldr	r3, [r0, #8]
200007be:	6019      	str	r1, [r3, #0]
200007c0:	bd10      	pop	{r4, pc}
200007c2:	7883      	ldrb	r3, [r0, #2]
200007c4:	217f      	movs	r1, #127	@ 0x7f
200007c6:	4019      	ands	r1, r3
200007c8:	09db      	lsrs	r3, r3, #7
200007ca:	4a04      	ldr	r2, [pc, #16]	@ (200007dc <_hw_endpoint_buffer_control_update32+0x50>)
200007cc:	009b      	lsls	r3, r3, #2
200007ce:	4804      	ldr	r0, [pc, #16]	@ (200007e0 <_hw_endpoint_buffer_control_update32+0x54>)
200007d0:	589a      	ldr	r2, [r3, r2]
200007d2:	f000 f965 	bl	20000aa0 <__panic_veneer>
200007d6:	46c0      	nop			@ (mov r8, r8)
200007d8:	fffffbff 	.word	0xfffffbff
200007dc:	20000bb8 	.word	0x20000bb8
200007e0:	100089f0 	.word	0x100089f0

200007e4 <hw_endpoint_start_next_buffer>:
200007e4:	b570      	push	{r4, r5, r6, lr}
200007e6:	0004      	movs	r4, r0
200007e8:	6843      	ldr	r3, [r0, #4]
200007ea:	681e      	ldr	r6, [r3, #0]
200007ec:	2100      	movs	r1, #0
200007ee:	f7ff ff3f 	bl	20000670 <prepare_ep_buffer>
200007f2:	2580      	movs	r5, #128	@ 0x80
200007f4:	016d      	lsls	r5, r5, #5
200007f6:	4305      	orrs	r5, r0
200007f8:	4b16      	ldr	r3, [pc, #88]	@ (20000854 <hw_endpoint_start_next_buffer+0x70>)
200007fa:	6c1b      	ldr	r3, [r3, #64]	@ 0x40
200007fc:	079b      	lsls	r3, r3, #30
200007fe:	d515      	bpl.n	2000082c <hw_endpoint_start_next_buffer+0x48>
20000800:	78a3      	ldrb	r3, [r4, #2]
20000802:	065b      	lsls	r3, r3, #25
20000804:	d117      	bne.n	20000836 <hw_endpoint_start_next_buffer+0x52>
20000806:	2300      	movs	r3, #0
20000808:	8aa2      	ldrh	r2, [r4, #20]
2000080a:	2a00      	cmp	r2, #0
2000080c:	d001      	beq.n	20000812 <hw_endpoint_start_next_buffer+0x2e>
2000080e:	2b00      	cmp	r3, #0
20000810:	d015      	beq.n	2000083e <hw_endpoint_start_next_buffer+0x5a>
20000812:	4b11      	ldr	r3, [pc, #68]	@ (20000858 <hw_endpoint_start_next_buffer+0x74>)
20000814:	401e      	ands	r6, r3
20000816:	2380      	movs	r3, #128	@ 0x80
20000818:	059b      	lsls	r3, r3, #22
2000081a:	4333      	orrs	r3, r6
2000081c:	6862      	ldr	r2, [r4, #4]
2000081e:	6013      	str	r3, [r2, #0]
20000820:	002a      	movs	r2, r5
20000822:	2100      	movs	r1, #0
20000824:	0020      	movs	r0, r4
20000826:	f7ff ffb1 	bl	2000078c <_hw_endpoint_buffer_control_update32>
2000082a:	bd70      	pop	{r4, r5, r6, pc}
2000082c:	78a3      	ldrb	r3, [r4, #2]
2000082e:	09db      	lsrs	r3, r3, #7
20000830:	d103      	bne.n	2000083a <hw_endpoint_start_next_buffer+0x56>
20000832:	3301      	adds	r3, #1
20000834:	e7e8      	b.n	20000808 <hw_endpoint_start_next_buffer+0x24>
20000836:	2301      	movs	r3, #1
20000838:	e7e6      	b.n	20000808 <hw_endpoint_start_next_buffer+0x24>
2000083a:	2300      	movs	r3, #0
2000083c:	e7e4      	b.n	20000808 <hw_endpoint_start_next_buffer+0x24>
2000083e:	2101      	movs	r1, #1
20000840:	0020      	movs	r0, r4
20000842:	f7ff ff15 	bl	20000670 <prepare_ep_buffer>
20000846:	4305      	orrs	r5, r0
20000848:	4a04      	ldr	r2, [pc, #16]	@ (2000085c <hw_endpoint_start_next_buffer+0x78>)
2000084a:	4032      	ands	r2, r6
2000084c:	23a0      	movs	r3, #160	@ 0xa0
2000084e:	05db      	lsls	r3, r3, #23
20000850:	4313      	orrs	r3, r2
20000852:	e7e3      	b.n	2000081c <hw_endpoint_start_next_buffer+0x38>
20000854:	50110000 	.word	0x50110000
20000858:	afffffff 	.word	0xafffffff
2000085c:	dfffffff 	.word	0xdfffffff

20000860 <hw_endpoint_xfer_continue>:
20000860:	b570      	push	{r4, r5, r6, lr}
20000862:	0004      	movs	r4, r0
20000864:	7e85      	ldrb	r5, [r0, #26]
20000866:	2d00      	cmp	r5, #0
20000868:	d006      	beq.n	20000878 <hw_endpoint_xfer_continue+0x18>
2000086a:	f7ff ff75 	bl	20000758 <_hw_endpoint_xfer_sync>
2000086e:	8aa3      	ldrh	r3, [r4, #20]
20000870:	2b00      	cmp	r3, #0
20000872:	d10b      	bne.n	2000088c <hw_endpoint_xfer_continue+0x2c>
20000874:	0028      	movs	r0, r5
20000876:	bd70      	pop	{r4, r5, r6, pc}
20000878:	7883      	ldrb	r3, [r0, #2]
2000087a:	217f      	movs	r1, #127	@ 0x7f
2000087c:	4019      	ands	r1, r3
2000087e:	09db      	lsrs	r3, r3, #7
20000880:	4a09      	ldr	r2, [pc, #36]	@ (200008a8 <hw_endpoint_xfer_continue+0x48>)
20000882:	009b      	lsls	r3, r3, #2
20000884:	4809      	ldr	r0, [pc, #36]	@ (200008ac <hw_endpoint_xfer_continue+0x4c>)
20000886:	589a      	ldr	r2, [r3, r2]
20000888:	f000 f90a 	bl	20000aa0 <__panic_veneer>
2000088c:	0020      	movs	r0, r4
2000088e:	f7ff fed7 	bl	20000640 <e15_is_critical_frame_period>
20000892:	1e05      	subs	r5, r0, #0
20000894:	d003      	beq.n	2000089e <hw_endpoint_xfer_continue+0x3e>
20000896:	2301      	movs	r3, #1
20000898:	7723      	strb	r3, [r4, #28]
2000089a:	2500      	movs	r5, #0
2000089c:	e7ea      	b.n	20000874 <hw_endpoint_xfer_continue+0x14>
2000089e:	0020      	movs	r0, r4
200008a0:	f7ff ffa0 	bl	200007e4 <hw_endpoint_start_next_buffer>
200008a4:	e7e6      	b.n	20000874 <hw_endpoint_xfer_continue+0x14>
200008a6:	46c0      	nop			@ (mov r8, r8)
200008a8:	20000bb8 	.word	0x20000bb8
200008ac:	10008a10 	.word	0x10008a10

200008b0 <dcd_event_handler>:
200008b0:	b570      	push	{r4, r5, r6, lr}
200008b2:	b084      	sub	sp, #16
200008b4:	0005      	movs	r5, r0
200008b6:	7843      	ldrb	r3, [r0, #1]
200008b8:	2b04      	cmp	r3, #4
200008ba:	d048      	beq.n	2000094e <dcd_event_handler+0x9e>
200008bc:	d806      	bhi.n	200008cc <dcd_event_handler+0x1c>
200008be:	2b02      	cmp	r3, #2
200008c0:	d023      	beq.n	2000090a <dcd_event_handler+0x5a>
200008c2:	2b03      	cmp	r3, #3
200008c4:	d000      	beq.n	200008c8 <dcd_event_handler+0x18>
200008c6:	e0a9      	b.n	20000a1c <dcd_event_handler+0x16c>
200008c8:	2400      	movs	r4, #0
200008ca:	e066      	b.n	2000099a <dcd_event_handler+0xea>
200008cc:	2b05      	cmp	r3, #5
200008ce:	d000      	beq.n	200008d2 <dcd_event_handler+0x22>
200008d0:	e0a4      	b.n	20000a1c <dcd_event_handler+0x16c>
200008d2:	4b5c      	ldr	r3, [pc, #368]	@ (20000a44 <dcd_event_handler+0x194>)
200008d4:	781b      	ldrb	r3, [r3, #0]
200008d6:	07db      	lsls	r3, r3, #31
200008d8:	d537      	bpl.n	2000094a <dcd_event_handler+0x9a>
200008da:	4a5a      	ldr	r2, [pc, #360]	@ (20000a44 <dcd_event_handler+0x194>)
200008dc:	7813      	ldrb	r3, [r2, #0]
200008de:	2104      	movs	r1, #4
200008e0:	438b      	bics	r3, r1
200008e2:	7013      	strb	r3, [r2, #0]
200008e4:	4b58      	ldr	r3, [pc, #352]	@ (20000a48 <dcd_event_handler+0x198>)
200008e6:	681c      	ldr	r4, [r3, #0]
200008e8:	0020      	movs	r0, r4
200008ea:	3014      	adds	r0, #20
200008ec:	f000 f8d0 	bl	20000a90 <__critical_section_enter_blocking_veneer>
200008f0:	0029      	movs	r1, r5
200008f2:	0020      	movs	r0, r4
200008f4:	f000 f8ec 	bl	20000ad0 <__tu_fifo_write_veneer>
200008f8:	6962      	ldr	r2, [r4, #20]
200008fa:	69a3      	ldr	r3, [r4, #24]
200008fc:	f3bf 8f5f 	dmb	sy
20000900:	2100      	movs	r1, #0
20000902:	6011      	str	r1, [r2, #0]
20000904:	f383 8810 	msr	PRIMASK, r3
20000908:	e01f      	b.n	2000094a <dcd_event_handler+0x9a>
2000090a:	4b4e      	ldr	r3, [pc, #312]	@ (20000a44 <dcd_event_handler+0x194>)
2000090c:	781a      	ldrb	r2, [r3, #0]
2000090e:	2101      	movs	r1, #1
20000910:	438a      	bics	r2, r1
20000912:	701a      	strb	r2, [r3, #0]
20000914:	781a      	ldrb	r2, [r3, #0]
20000916:	3101      	adds	r1, #1
20000918:	438a      	bics	r2, r1
2000091a:	701a      	strb	r2, [r3, #0]
2000091c:	2600      	movs	r6, #0
2000091e:	705e      	strb	r6, [r3, #1]
20000920:	781a      	ldrb	r2, [r3, #0]
20000922:	3102      	adds	r1, #2
20000924:	438a      	bics	r2, r1
20000926:	701a      	strb	r2, [r3, #0]
20000928:	4b47      	ldr	r3, [pc, #284]	@ (20000a48 <dcd_event_handler+0x198>)
2000092a:	681c      	ldr	r4, [r3, #0]
2000092c:	0020      	movs	r0, r4
2000092e:	3014      	adds	r0, #20
20000930:	f000 f8ae 	bl	20000a90 <__critical_section_enter_blocking_veneer>
20000934:	0029      	movs	r1, r5
20000936:	0020      	movs	r0, r4
20000938:	f000 f8ca 	bl	20000ad0 <__tu_fifo_write_veneer>
2000093c:	6962      	ldr	r2, [r4, #20]
2000093e:	69a3      	ldr	r3, [r4, #24]
20000940:	f3bf 8f5f 	dmb	sy
20000944:	6016      	str	r6, [r2, #0]
20000946:	f383 8810 	msr	PRIMASK, r3
2000094a:	b004      	add	sp, #16
2000094c:	bd70      	pop	{r4, r5, r6, pc}
2000094e:	4b3d      	ldr	r3, [pc, #244]	@ (20000a44 <dcd_event_handler+0x194>)
20000950:	781b      	ldrb	r3, [r3, #0]
20000952:	07db      	lsls	r3, r3, #31
20000954:	d5f9      	bpl.n	2000094a <dcd_event_handler+0x9a>
20000956:	4a3b      	ldr	r2, [pc, #236]	@ (20000a44 <dcd_event_handler+0x194>)
20000958:	7813      	ldrb	r3, [r2, #0]
2000095a:	2104      	movs	r1, #4
2000095c:	430b      	orrs	r3, r1
2000095e:	7013      	strb	r3, [r2, #0]
20000960:	4b39      	ldr	r3, [pc, #228]	@ (20000a48 <dcd_event_handler+0x198>)
20000962:	681c      	ldr	r4, [r3, #0]
20000964:	0020      	movs	r0, r4
20000966:	3014      	adds	r0, #20
20000968:	f000 f892 	bl	20000a90 <__critical_section_enter_blocking_veneer>
2000096c:	0029      	movs	r1, r5
2000096e:	0020      	movs	r0, r4
20000970:	f000 f8ae 	bl	20000ad0 <__tu_fifo_write_veneer>
20000974:	6962      	ldr	r2, [r4, #20]
20000976:	69a3      	ldr	r3, [r4, #24]
20000978:	f3bf 8f5f 	dmb	sy
2000097c:	2100      	movs	r1, #0
2000097e:	6011      	str	r1, [r2, #0]
20000980:	f383 8810 	msr	PRIMASK, r3
20000984:	e7e1      	b.n	2000094a <dcd_event_handler+0x9a>
20000986:	0062      	lsls	r2, r4, #1
20000988:	1912      	adds	r2, r2, r4
2000098a:	00d2      	lsls	r2, r2, #3
2000098c:	4b2f      	ldr	r3, [pc, #188]	@ (20000a4c <dcd_event_handler+0x19c>)
2000098e:	681b      	ldr	r3, [r3, #0]
20000990:	189b      	adds	r3, r3, r2
20000992:	2b00      	cmp	r3, #0
20000994:	d113      	bne.n	200009be <dcd_event_handler+0x10e>
20000996:	3401      	adds	r4, #1
20000998:	b2e4      	uxtb	r4, r4
2000099a:	4b2d      	ldr	r3, [pc, #180]	@ (20000a50 <dcd_event_handler+0x1a0>)
2000099c:	781b      	ldrb	r3, [r3, #0]
2000099e:	42a3      	cmp	r3, r4
200009a0:	d316      	bcc.n	200009d0 <dcd_event_handler+0x120>
200009a2:	4a2c      	ldr	r2, [pc, #176]	@ (20000a54 <dcd_event_handler+0x1a4>)
200009a4:	2a00      	cmp	r2, #0
200009a6:	d011      	beq.n	200009cc <dcd_event_handler+0x11c>
200009a8:	42a3      	cmp	r3, r4
200009aa:	d8ec      	bhi.n	20000986 <dcd_event_handler+0xd6>
200009ac:	1ae3      	subs	r3, r4, r3
200009ae:	b2db      	uxtb	r3, r3
200009b0:	2b00      	cmp	r3, #0
200009b2:	d1f0      	bne.n	20000996 <dcd_event_handler+0xe6>
200009b4:	005a      	lsls	r2, r3, #1
200009b6:	18d3      	adds	r3, r2, r3
200009b8:	00db      	lsls	r3, r3, #3
200009ba:	4a27      	ldr	r2, [pc, #156]	@ (20000a58 <dcd_event_handler+0x1a8>)
200009bc:	189b      	adds	r3, r3, r2
200009be:	695b      	ldr	r3, [r3, #20]
200009c0:	2b00      	cmp	r3, #0
200009c2:	d0e8      	beq.n	20000996 <dcd_event_handler+0xe6>
200009c4:	7828      	ldrb	r0, [r5, #0]
200009c6:	6869      	ldr	r1, [r5, #4]
200009c8:	4798      	blx	r3
200009ca:	e7e4      	b.n	20000996 <dcd_event_handler+0xe6>
200009cc:	0023      	movs	r3, r4
200009ce:	e7ef      	b.n	200009b0 <dcd_event_handler+0x100>
200009d0:	4b1c      	ldr	r3, [pc, #112]	@ (20000a44 <dcd_event_handler+0x194>)
200009d2:	781b      	ldrb	r3, [r3, #0]
200009d4:	075b      	lsls	r3, r3, #29
200009d6:	d5b8      	bpl.n	2000094a <dcd_event_handler+0x9a>
200009d8:	4a1a      	ldr	r2, [pc, #104]	@ (20000a44 <dcd_event_handler+0x194>)
200009da:	7813      	ldrb	r3, [r2, #0]
200009dc:	2104      	movs	r1, #4
200009de:	438b      	bics	r3, r1
200009e0:	7013      	strb	r3, [r2, #0]
200009e2:	ae01      	add	r6, sp, #4
200009e4:	220c      	movs	r2, #12
200009e6:	2100      	movs	r1, #0
200009e8:	0030      	movs	r0, r6
200009ea:	f000 f869 	bl	20000ac0 <____wrap_memset_veneer>
200009ee:	782b      	ldrb	r3, [r5, #0]
200009f0:	7033      	strb	r3, [r6, #0]
200009f2:	2305      	movs	r3, #5
200009f4:	7073      	strb	r3, [r6, #1]
200009f6:	4b14      	ldr	r3, [pc, #80]	@ (20000a48 <dcd_event_handler+0x198>)
200009f8:	681c      	ldr	r4, [r3, #0]
200009fa:	0020      	movs	r0, r4
200009fc:	3014      	adds	r0, #20
200009fe:	f000 f847 	bl	20000a90 <__critical_section_enter_blocking_veneer>
20000a02:	0031      	movs	r1, r6
20000a04:	0020      	movs	r0, r4
20000a06:	f000 f863 	bl	20000ad0 <__tu_fifo_write_veneer>
20000a0a:	6962      	ldr	r2, [r4, #20]
20000a0c:	69a3      	ldr	r3, [r4, #24]
20000a0e:	f3bf 8f5f 	dmb	sy
20000a12:	2100      	movs	r1, #0
20000a14:	6011      	str	r1, [r2, #0]
20000a16:	f383 8810 	msr	PRIMASK, r3
20000a1a:	e796      	b.n	2000094a <dcd_event_handler+0x9a>
20000a1c:	4b0a      	ldr	r3, [pc, #40]	@ (20000a48 <dcd_event_handler+0x198>)
20000a1e:	681c      	ldr	r4, [r3, #0]
20000a20:	0020      	movs	r0, r4
20000a22:	3014      	adds	r0, #20
20000a24:	f000 f834 	bl	20000a90 <__critical_section_enter_blocking_veneer>
20000a28:	0029      	movs	r1, r5
20000a2a:	0020      	movs	r0, r4
20000a2c:	f000 f850 	bl	20000ad0 <__tu_fifo_write_veneer>
20000a30:	6962      	ldr	r2, [r4, #20]
20000a32:	69a3      	ldr	r3, [r4, #24]
20000a34:	f3bf 8f5f 	dmb	sy
20000a38:	2100      	movs	r1, #0
20000a3a:	6011      	str	r1, [r2, #0]
20000a3c:	f383 8810 	msr	PRIMASK, r3
20000a40:	e783      	b.n	2000094a <dcd_event_handler+0x9a>
20000a42:	46c0      	nop			@ (mov r8, r8)
20000a44:	20001700 	.word	0x20001700
20000a48:	20001758 	.word	0x20001758
20000a4c:	200013d8 	.word	0x200013d8
20000a50:	2000205d 	.word	0x2000205d
20000a54:	10004a35 	.word	0x10004a35
20000a58:	10009120 	.word	0x10009120

20000a5c <__aeabi_idiv0>:
20000a5c:	4770      	bx	lr
20000a5e:	46c0      	nop			@ (mov r8, r8)

20000a60 <__make_timeout_time_ms_veneer>:
20000a60:	b401      	push	{r0}
20000a62:	4802      	ldr	r0, [pc, #8]	@ (20000a6c <__make_timeout_time_ms_veneer+0xc>)
20000a64:	4684      	mov	ip, r0
20000a66:	bc01      	pop	{r0}
20000a68:	4760      	bx	ip
20000a6a:	bf00      	nop
20000a6c:	10000e8b 	.word	0x10000e8b

20000a70 <__best_effort_wfe_or_timeout_veneer>:
20000a70:	b401      	push	{r0}
20000a72:	4802      	ldr	r0, [pc, #8]	@ (20000a7c <__best_effort_wfe_or_timeout_veneer+0xc>)
20000a74:	4684      	mov	ip, r0
20000a76:	bc01      	pop	{r0}
20000a78:	4760      	bx	ip
20000a7a:	bf00      	nop
20000a7c:	10001891 	.word	0x10001891

20000a80 <__dcd_event_sof_veneer>:
20000a80:	b401      	push	{r0}
20000a82:	4802      	ldr	r0, [pc, #8]	@ (20000a8c <__dcd_event_sof_veneer+0xc>)
20000a84:	4684      	mov	ip, r0
20000a86:	bc01      	pop	{r0}
20000a88:	4760      	bx	ip
20000a8a:	bf00      	nop
20000a8c:	10005151 	.word	0x10005151

20000a90 <__critical_section_enter_blocking_veneer>:
20000a90:	b401      	push	{r0}
20000a92:	4802      	ldr	r0, [pc, #8]	@ (20000a9c <__critical_section_enter_blocking_veneer+0xc>)
20000a94:	4684      	mov	ip, r0
20000a96:	bc01      	pop	{r0}
20000a98:	4760      	bx	ip
20000a9a:	bf00      	nop
20000a9c:	1000547d 	.word	0x1000547d

20000aa0 <__panic_veneer>:
20000aa0:	b401      	push	{r0}
20000aa2:	4802      	ldr	r0, [pc, #8]	@ (20000aac <__panic_veneer+0xc>)
20000aa4:	4684      	mov	ip, r0
20000aa6:	bc01      	pop	{r0}
20000aa8:	4760      	bx	ip
20000aaa:	bf00      	nop
20000aac:	10002465 	.word	0x10002465

20000ab0 <____assert_func_veneer>:
20000ab0:	b401      	push	{r0}
20000ab2:	4802      	ldr	r0, [pc, #8]	@ (20000abc <____assert_func_veneer+0xc>)
20000ab4:	4684      	mov	ip, r0
20000ab6:	bc01      	pop	{r0}
20000ab8:	4760      	bx	ip
20000aba:	bf00      	nop
20000abc:	10002335 	.word	0x10002335

20000ac0 <____wrap_memset_veneer>:
20000ac0:	b401      	push	{r0}
20000ac2:	4802      	ldr	r0, [pc, #8]	@ (20000acc <____wrap_memset_veneer+0xc>)
20000ac4:	4684      	mov	ip, r0
20000ac6:	bc01      	pop	{r0}
20000ac8:	4760      	bx	ip
20000aca:	bf00      	nop
20000acc:	1000452d 	.word	0x1000452d

20000ad0 <__tu_fifo_write_veneer>:
20000ad0:	b401      	push	{r0}
20000ad2:	4802      	ldr	r0, [pc, #8]	@ (20000adc <__tu_fifo_write_veneer+0xc>)
20000ad4:	4684      	mov	ip, r0
20000ad6:	bc01      	pop	{r0}
20000ad8:	4760      	bx	ip
20000ada:	bf00      	nop
20000adc:	10006e95 	.word	0x10006e95

20000ae0 <____wrap_memcpy_veneer>:
20000ae0:	b401      	push	{r0}
20000ae2:	4802      	ldr	r0, [pc, #8]	@ (20000aec <____wrap_memcpy_veneer+0xc>)
20000ae4:	4684      	mov	ip, r0
20000ae6:	bc01      	pop	{r0}
20000ae8:	4760      	bx	ip
20000aea:	bf00      	nop
20000aec:	10004539 	.word	0x10004539

20000af0 <__hw_endpoint_get_by_addr_veneer>:
20000af0:	b401      	push	{r0}
20000af2:	4802      	ldr	r0, [pc, #8]	@ (20000afc <__hw_endpoint_get_by_addr_veneer+0xc>)
20000af4:	4684      	mov	ip, r0
20000af6:	bc01      	pop	{r0}
20000af8:	4760      	bx	ip
20000afa:	bf00      	nop
20000afc:	1000503d 	.word	0x1000503d

20000b00 <striped_spin_lock_num>:
20000b00:	00000010                                ....

20000b04 <irq_handler_chain_slots>:
20000b04:	00000000 	.word	0x00000000
20000b08:	00010000 	.word	0x00010000
	...
20000b14:	00020000 	.word	0x00020000
	...
20000b20:	00030000 	.word	0x00030000
	...
20000b2c:	00ff0000 	.word	0x00ff0000
20000b30:	00000000 	.word	0x00000000

20000b34 <irq_handler_chain_first_slot>:
20000b34:	b501      	push	{r0, lr}
20000b36:	6848      	ldr	r0, [r1, #4]
20000b38:	3101      	adds	r1, #1
20000b3a:	468e      	mov	lr, r1
20000b3c:	4700      	bx	r0

20000b3e <irq_handler_chain_remove_tail>:
20000b3e:	4670      	mov	r0, lr
20000b40:	3809      	subs	r0, #9
20000b42:	4901      	ldr	r1, [pc, #4]	@ (20000b48 <irq_handler_chain_remove_tail+0xa>)
20000b44:	4788      	blx	r1
20000b46:	bd01      	pop	{r0, pc}
20000b48:	10000cb9 	.word	0x10000cb9

20000b4c <default_alarm_pool>:
20000b4c:	20000b64 00000000 20001160 20001960     d.. ....`.. `.. 
	...

20000b64 <default_alarm_pool_heap>:
20000b64:	20001970 00000000 00000000 00000010     p.. ............
	...

20000b80 <aeabi_bits_funcs>:
20000b80:	00003350 	.word	0x00003350
20000b84:	0000334c 	.word	0x0000334c
20000b88:	00003354 	.word	0x00003354
20000b8c:	00003352 	.word	0x00003352

20000b90 <aeabi_bits_funcs_end>:
20000b90:	0000534d 	.word	0x0000534d
20000b94:	0000434d 	.word	0x0000434d
20000b98:	00003453 	.word	0x00003453
20000b9c:	00003443 	.word	0x00003443

20000ba0 <stdio_usb>:
20000ba0:	10004e41 00000000 10004db9 10004a69     AN.......M..iJ..
20000bb0:	00000000 00000100                       ........

20000bb8 <ep_dir_string>:
20000bb8:	10008a3c 10008a40                       <...@...

20000bc0 <_usbd_qdef>:
20000bc0:	2000175c 000c0010 00000000 00000000     \.. ............
	...

20000bdc <_usbd_rhport>:
20000bdc:	000000ff                                ....

20000be0 <__malloc_sbrk_base>:
20000be0:	ffffffff                                ....

20000be4 <__malloc_trim_threshold>:
20000be4:	00020000                                ....

20000be8 <__malloc_av_>:
	...
20000bf0:	20000be8 20000be8 20000bf0 20000bf0     ... ... ... ... 
20000c00:	20000bf8 20000bf8 20000c00 20000c00     ... ... ... ... 
20000c10:	20000c08 20000c08 20000c10 20000c10     ... ... ... ... 
20000c20:	20000c18 20000c18 20000c20 20000c20     ... ...  ..  .. 
20000c30:	20000c28 20000c28 20000c30 20000c30     (.. (.. 0.. 0.. 
20000c40:	20000c38 20000c38 20000c40 20000c40     8.. 8.. @.. @.. 
20000c50:	20000c48 20000c48 20000c50 20000c50     H.. H.. P.. P.. 
20000c60:	20000c58 20000c58 20000c60 20000c60     X.. X.. `.. `.. 
20000c70:	20000c68 20000c68 20000c70 20000c70     h.. h.. p.. p.. 
20000c80:	20000c78 20000c78 20000c80 20000c80     x.. x.. ... ... 
20000c90:	20000c88 20000c88 20000c90 20000c90     ... ... ... ... 
20000ca0:	20000c98 20000c98 20000ca0 20000ca0     ... ... ... ... 
20000cb0:	20000ca8 20000ca8 20000cb0 20000cb0     ... ... ... ... 
20000cc0:	20000cb8 20000cb8 20000cc0 20000cc0     ... ... ... ... 
20000cd0:	20000cc8 20000cc8 20000cd0 20000cd0     ... ... ... ... 
20000ce0:	20000cd8 20000cd8 20000ce0 20000ce0     ... ... ... ... 
20000cf0:	20000ce8 20000ce8 20000cf0 20000cf0     ... ... ... ... 
20000d00:	20000cf8 20000cf8 20000d00 20000d00     ... ... ... ... 
20000d10:	20000d08 20000d08 20000d10 20000d10     ... ... ... ... 
20000d20:	20000d18 20000d18 20000d20 20000d20     ... ...  ..  .. 
20000d30:	20000d28 20000d28 20000d30 20000d30     (.. (.. 0.. 0.. 
20000d40:	20000d38 20000d38 20000d40 20000d40     8.. 8.. @.. @.. 
20000d50:	20000d48 20000d48 20000d50 20000d50     H.. H.. P.. P.. 
20000d60:	20000d58 20000d58 20000d60 20000d60     X.. X.. `.. `.. 
20000d70:	20000d68 20000d68 20000d70 20000d70     h.. h.. p.. p.. 
20000d80:	20000d78 20000d78 20000d80 20000d80     x.. x.. ... ... 
20000d90:	20000d88 20000d88 20000d90 20000d90     ... ... ... ... 
20000da0:	20000d98 20000d98 20000da0 20000da0     ... ... ... ... 
20000db0:	20000da8 20000da8 20000db0 20000db0     ... ... ... ... 
20000dc0:	20000db8 20000db8 20000dc0 20000dc0     ... ... ... ... 
20000dd0:	20000dc8 20000dc8 20000dd0 20000dd0     ... ... ... ... 
20000de0:	20000dd8 20000dd8 20000de0 20000de0     ... ... ... ... 
20000df0:	20000de8 20000de8 20000df0 20000df0     ... ... ... ... 
20000e00:	20000df8 20000df8 20000e00 20000e00     ... ... ... ... 
20000e10:	20000e08 20000e08 20000e10 20000e10     ... ... ... ... 
20000e20:	20000e18 20000e18 20000e20 20000e20     ... ...  ..  .. 
20000e30:	20000e28 20000e28 20000e30 20000e30     (.. (.. 0.. 0.. 
20000e40:	20000e38 20000e38 20000e40 20000e40     8.. 8.. @.. @.. 
20000e50:	20000e48 20000e48 20000e50 20000e50     H.. H.. P.. P.. 
20000e60:	20000e58 20000e58 20000e60 20000e60     X.. X.. `.. `.. 
20000e70:	20000e68 20000e68 20000e70 20000e70     h.. h.. p.. p.. 
20000e80:	20000e78 20000e78 20000e80 20000e80     x.. x.. ... ... 
20000e90:	20000e88 20000e88 20000e90 20000e90     ... ... ... ... 
20000ea0:	20000e98 20000e98 20000ea0 20000ea0     ... ... ... ... 
20000eb0:	20000ea8 20000ea8 20000eb0 20000eb0     ... ... ... ... 
20000ec0:	20000eb8 20000eb8 20000ec0 20000ec0     ... ... ... ... 
20000ed0:	20000ec8 20000ec8 20000ed0 20000ed0     ... ... ... ... 
20000ee0:	20000ed8 20000ed8 20000ee0 20000ee0     ... ... ... ... 
20000ef0:	20000ee8 20000ee8 20000ef0 20000ef0     ... ... ... ... 
20000f00:	20000ef8 20000ef8 20000f00 20000f00     ... ... ... ... 
20000f10:	20000f08 20000f08 20000f10 20000f10     ... ... ... ... 
20000f20:	20000f18 20000f18 20000f20 20000f20     ... ...  ..  .. 
20000f30:	20000f28 20000f28 20000f30 20000f30     (.. (.. 0.. 0.. 
20000f40:	20000f38 20000f38 20000f40 20000f40     8.. 8.. @.. @.. 
20000f50:	20000f48 20000f48 20000f50 20000f50     H.. H.. P.. P.. 
20000f60:	20000f58 20000f58 20000f60 20000f60     X.. X.. `.. `.. 
20000f70:	20000f68 20000f68 20000f70 20000f70     h.. h.. p.. p.. 
20000f80:	20000f78 20000f78 20000f80 20000f80     x.. x.. ... ... 
20000f90:	20000f88 20000f88 20000f90 20000f90     ... ... ... ... 
20000fa0:	20000f98 20000f98 20000fa0 20000fa0     ... ... ... ... 
20000fb0:	20000fa8 20000fa8 20000fb0 20000fb0     ... ... ... ... 
20000fc0:	20000fb8 20000fb8 20000fc0 20000fc0     ... ... ... ... 
20000fd0:	20000fc8 20000fc8 20000fd0 20000fd0     ... ... ... ... 
20000fe0:	20000fd8 20000fd8 20000fe0 20000fe0     ... ... ... ... 

20000ff0 <__sglue>:
20000ff0:	00000000 00000003 2000129c              ........... 

20000ffc <_impure_ptr>:
20000ffc:	20001000                                ... 

20001000 <_impure_data>:
20001000:	00000000 2000129c 20001304 2000136c     ....... ... l.. 
	...
20001098:	00000001 00000000 abcd330e e66d1234     .........3..4.m.
200010a8:	0005deec 0000000b 00000000 00000000     ................
	...

20001140 <print_mutex>:
	...

20001148 <__mutex_array_end>:
20001148:	1000451d 	.word	0x1000451d
2000114c:	10003685 	.word	0x10003685
20001150:	10003d85 	.word	0x10003d85
20001154:	100043ed 	.word	0x100043ed

20001158 <__frame_dummy_init_array_entry>:
20001158:	100002e5 10004f95                       .....O..
