:020000041000EA
:1000000000B5324B212058609868022188439860DF
:10001000D860186158612E4B002199600221596106
:100020000121F02299502B49196001219960352056
:1000300000F044F80222904214D00621196600F024
:1000400034F8196E01211966002018661A6600F04E
:100050002CF8196E196E196E052000F02FF8012189
:100060000842F9D1002199601B49196000215960AB
:100070001A491B48016001219960EB211966A021F2
:10008000196600F012F800219960164914480160C1
:100090000121996001BC002800D000471248134993
:1000A000086003C880F30888084703B5996A0420EC
:1000B0000142FBD001200142F8D103BD02B5186610
:1000C0001866FFF7F2FF186E186E02BD00000240BE
:1000D000000000180000070000035F00212200005C
:1000E000F4000018222000A00001001008ED00E03C
:1000F00000000000000000000000000074B24E7A12
:1001000000200420F7010010C3010010C5010010F9
:10011000C1010010C1010010C1010010C101001097
:10012000C1010010C1010010C1010010C701001081
:10013000C1010010C1010010C9010010CB01001065
:10014000CD010010CD010010CD010010CD01001037
:10015000CD010010CD010010CD010010CD01001027
:10016000CD010010CD010010CD010010CD01001017
:10017000CD010010CD010010CD010010CD01001007
:10018000CD010010CD010010CD010010CD010010F7
:10019000CD010010CD010010CD010010CD010010E7
:1001A000CD010010CD010010CD010010CD010010D7
:1001B000CD010010CD010010CD010010CD010010C7
:1001C00000BE00BE00BE00BE00BE00BEEFF3058054
:1001D000103800BEF2EB8871389100105891001071
:1001E0003402001090A31AE700201F49086006C8D7
:1001F00081F3088810471D48006800282FD10DA4FE
:100200000ECC002902D000F012F8F9E71849194A7B
:10021000002000E001C19142FCD1174988471749ED
:1002200088471749884700BEFDE701C901C29A42C5
:10023000FBD3704758910010C000002060110020CF
:10024000F8A100100000042000000420F8A1001014
:10025000001004200010042000000000704709482E
:1002600003F018FA0047000008ED00E0000000D09D
:10027000601100206C2000206D230010A1050010EB
:100280002D2300105756000006005250ABB36053A8
:100290008C85001006005250861C03029C850010BD
:1002A000060052505422A29DB885001005005250FD
:1002B000DE65F468F8A10010F8B5C04606480749A5
:1002C000091A8B10C90FC91810B5491003D0044B77
:1002D000002B00D0984710BD601100206011002055
:1002E00000000000054B10B5002B03D00449054861
:1002F00000E000BFFFF7E2FF10BDC04600000000B5
:10030000F01D0020207A001010B5002905D0FA2237
:100310009200002303F050FA10BDFA21890003F087
:100320000DFAF9E770B5D02424068025AD04656187
:10033000502001F0A2FAA56170BD10B5102000F0A8
:1003400071F9D024240680235B02A36200220121DC
:10035000102000F04DF90D2000F064F980239B017E
:10036000A362002201210D2000F042F9192000F0C3
:1003700059F980239B046362A36110BD10B5002B63
:1003800002DB0260436010BD024B034A03483F2179
:1003900001F0D0FF207A0010588A00103C7A00103B
:1003A00010B582B0040001F0F9FA02000B006846B3
:1003B000FFF7E4FF009A019B22606360200002B017
:1003C00010BD000010B504F037FA044B1B689868A4
:1003D00006F0BCFEFFF7A6FF10BDC046FC0F0020D4
:1003E000F0B585B0D0231B065C6880235B021C40FF
:1003F00063426341DBB2002C19D1494A1278002ACA
:1004000013D101270025464A137002A8FFF7C8FF41
:1004100002980399FFF778FF0600424B1A78042AE6
:1004200015D89300404AD3589F460027EAE73C4A34
:100430001778002F02D000270125E4E70025E2E726
:10044000002F04D0374B01221A70384B186005B0CA
:10045000F0BD002C04D1354B1B68C31AB32B07D851
:10046000002DF4D0324B1E602E4B02221A70EEE7A4
:100470004C20FFF7A7FF2F4B1E602A4B03221A7058
:10048000E5E7002F04D02A4B1B68C31AB42B0FD901
:10049000002C16D1264B1B68F31AB42BD7D94C204D
:1004A000FFF790FF234B1E601E4B03221A70CEE70E
:1004B0005220FFF787FF1F4B1E601A4B04221A7051
:1004C000C5E71B4B1B68F31AB42BC0D94C20FFF7B0
:1004D00079FF144B00221A70B9E7002C0AD1154B92
:1004E0001B68C31A592BB2D94C20FFF76BFF114B75
:1004F0001E60ACE70B4B00221A70A8E7002C0AD153
:100500000C4B1B68C31A592BA1D95220FFF75AFF75
:10051000084B1E609BE7034B00221A7097E7C0460A
:100520006520002066200020448A0010D819002091
:10053000201E0020E41D002030B585B0D0231B060E
:100540005B688022920113405A425A41D2B2002B7A
:1005500005D1114B1B78002B15D0002400E000249E
:100560000D4B1A7002A8FFF71BFF02980399FFF7C3
:10057000CBFE0500002C04D0084B1B68C31A312B9E
:1005800003D805B030BD0124EAE74620FFF71AFF83
:10059000024B1D60F5E7C04661200020E01D0020F1
:1005A00010B504F0E5F9FFF7C8FEC82001F065F9C1
:1005B000FFF716FFFFF7C0FF0A2001F05EF9F7E72B
:1005C00010B58300084A944663441A684024624088
:1005D000803414408022520113431C60C000034B3E
:1005E0009C466044416010BD04C001400040014091
:1005F00080000B4B9C46604400290DD00823002A44
:100600000CD004221343026853400C221A4080236A
:100610005B0103431A6070470023F0E70022F1E713
:1006200004C0014010B501238340D022120693621A
:1006300093610521FFF7C4FF10BD0000034B1B6849
:1006400002201840431E9841C0B2704700C00640C7
:10065000EFF3108072B6034B1B68002BFBD0BFF387
:100660005F8F70472C0100D0BFF35F8F024B0022D9
:100670001A6080F3108870472C0100D0F8B506008E
:100680000C001500FFF7E4FFE308F718F15C072200
:100690002240012393400B4205D1DBB20B433B7058
:1006A000FFF7E2FFF8BD2100280001F0DBFEF0B506
:1006B00083B00600019114001F00FFF7C9FF00E09E
:1006C0000134BC420CD8E308F518F35C0721214043
:1006D00001228A401A42F3D1D2B21A432A7001E0B1
:1006E00001246442FFF7C0FF002C02DB200003B0AE
:1006F000F0BD019B002BF9D0089801F0B3FE00007B
:10070000002307E0054A9A189200BFF35F8F00218B
:10071000116001331F2BF5D97047C04640000034EB
:10072000054A1078431CDBB21370172B02D9130053
:1007300010221A707047C046000B002010B582B01E
:100740000100054C054B00931F2318222000FFF7E2
:10075000AEFF02B010BDC04634190020907A0010E0
:10076000074B9B68103080001950BFF35F8FBFF3B9
:100770005F8F044B0021196082F310887047C046D8
:1007800000ED00E0240100D010B50388DA0A1C2A2D
:1007900005D15B055B1502335B00C01810BD034B30
:1007A000034A0448B12101F0C5FDC046AC7A0010EF
:1007B000C48A0010C47A001010B5091A0B1F0A4A27
:1007C00088180A4A904208D8C90706D45B105B050E
:1007D0005B0D0748184380B210BD064B064A074818
:1007E000A32101F0A7FDC046FC070000FE0F00009A
:1007F00000E0FFFF207B0010B88A0010C47A0010D0
:1008000010B5091A04394A08090B08D14905490DE0
:10081000064B0B430380064B1343438010BD054B2F
:10082000054A0648AB2101F085FDC04600F0FFFFF8
:1008300000F8FFFF507B00108C8A0010C47A001073
:1008400001238340034A10681840431E9841C0B2F8
:100850007047C04600E100E0002904D0034B186057
:10086000034B18607047034B1860FBE780E200E021
:1008700000E100E080E100E010B5012383401800B2
:10088000FFF7EAFF10BD000001238340014A136017
:100890007047C04600E200E0024B9B6810308000C9
:1008A000C058704700ED00E010B5FFF7F5FF0028D5
:1008B00005D0054BC01A2F2803D8012010BD0020F9
:1008C000FCE70020FAE7C046040B002070B50400E6
:1008D0000D00EFF3108672B60C4B1B68002BFBD09B
:1008E000BFF35F8F2000FFF7D7FF094B984201D07D
:1008F000A84205D1320029002000FFF731FF70BD6A
:10090000044B054A0548862101F014FD240100D05E
:10091000CD010010607B0010EC8A0010C47A00103A
:10092000F0B5DE4657464E464546E0B589B08146AD
:1009300001911500EFF3108A72B66D4B1B68002B06
:10094000FBD0BFF35F8F6B4B00269E57002E41DB21
:100950007400A419A400684824180622A256654B06
:100960001A70664B9A684B4610339B00D3589846D2
:100970001F00181A2F2839D9614B984530D105AF7F
:10098000604B3B80604973009B46981980005A4B2E
:10099000984640440230FFF70FFF78805B4BBB80E6
:1009A000FF23BB71FD71019B079333005B449B00E8
:1009B000434407CF07C301231C43A0465246414688
:1009C0004846FFF7CDFE09B0F0BCBB46B246A9468B
:1009D000A046F0BD4E4B4F4A4F48D72101F0AAFC2C
:1009E0004E4B4C4A4C48DE2101F0A4FC01380C214E
:1009F00002F0A4FE002912D101239F43BB463B0015
:100A00000027DA79AA4211D90621595600290CDBB0
:100A10004A005218920038491F008B18F1E7404BEA
:100A20003C4A3D48EA2101F085FC1F00002F2ED0F2
:100A300005AB3C4A1A80813A5A800623FB56029342
:100A4000002B17DA384805AB9B469880029A9A71BA
:100A5000DD71019A0792381D2100FFF7ADFEB880C5
:100A6000BE71254B7200921992009B185A4613CA08
:100A700013C3A3E7381DFFF787FE0100700080193C
:100A800080001D4BC0180430FFF796FEDBE705AF72
:100A90001C4B3B801C49730002939B199B00164A18
:100AA00090461A0042440392901CFFF785FE78801E
:100AB000039A101D5946FFF77FFEB8801B4B5A461C
:100AC0004146521A524153431B0DBB71FD71019AAD
:100AD0000792029B9B199B00434407CF07C3114B0E
:100AE0005A461380813B538001231C43A04665E78F
:100AF000240100D062200020040B002000ED00E063
:100B0000CD01001000A1FFFF340B002001BDFFFF4D
:100B1000987B0010D48A0010C47A0010C07B0010AB
:100B2000E87B00100148000001BD0000AAAA0000F7
:100B3000F0B5CE46474680B583B006000D00EFF312
:100B4000108872B64F4B1B68002BFBD0BFF35F8F32
:100B50004D4B9A6834001034A300D7584B4B9F423A
:100B600007D0AF4200D18BE00197494BFB1A2F2BE6
:100B700009D9424639003000FFF7F2FD03B0C0BC8E
:100B8000B946B046F0BD3000FFF75AFE814600215D
:100B90003000FFF771FEBFF35F8FEFF3058100298F
:100BA00001D08C4211D10123019C9C430020A368F9
:100BB000AB4212D00622A256002A0DDB53009B182E
:100BC0009B00334A2000D418F1E7324B324A3621D9
:100BD0003248FF3101F0AEFB2000AB4249D106257F
:100BE0006557002D2BDB2A4B6A00521992009B1887
:100BF0009A68A260DA79E2719B795BB2A371002BEB
:100C00000FDA2748A080224B6A00521992009B18E5
:100C1000244A11789971157049463000FFF72CFE6F
:100C2000A7E7680040198000194BC0180430FFF78F
:100C3000ABFD0100231D1800FFF7BEFDE2E7002910
:100C400012D100280ED0FF238371174B83801549E2
:100C50000B78A3710E4A154BA41A644163431B0D14
:100C60000B70D9E7094FF2E71149201DFFF7C8FDC6
:100C7000D2E7104B084A6A210848FF3101F05AFBBD
:100C8000024F76E7240100D000ED00E0CD01001016
:100C9000040B00205C7C0010A48A0010C47A0010B1
:100CA00001BD00006220002001BDFFFFAAAA0000D4
:100CB0003E0B0020907C001070B5012202432E4BA9
:100CC000D31A2F2B28D8EFF30583002B2BD0EFF36B
:100CD000108C72B6294909680029FBD0BFF35F8FD9
:100CE000254C274905002D1B6D416943090D4CB268
:100CF000244989689B00C95891421BD000210329CF
:100D000032D81D4B4A00521892009B189B795BB257
:100D1000A3421FD00131F2E71B4B1C4AC7211C48DC
:100D2000490001F007FB1B4B184A92211848FF317C
:100D300001F000FB134A92681749D150174B1A78FB
:100D400082711C70BFF35F8F0C4B00221A608CF312
:100D5000108870BD084B4A005518AD005D19FF267C
:100D6000AE710F4AAA80E9E70E4B084AD121084824
:100D7000490001F0DFFAC046040B0020240100D036
:100D8000AAAA000000ED00E0987C0010708A001014
:100D9000C47A0010C07C0010CD0100106220002039
:100DA00001BDFFFFCC7C00100022044B02E004498F
:100DB00002C30132072AFAD97047C04600E400E0B6
:100DC0008080808010B582B00100074C074B0093F3
:100DD000052300222000FFF76AFC002801DB1F2307
:100DE000181A02B010BDC04669200020D47C001043
:100DF000024B9C466144890001607047400000340A
:100E000010B5002B02DB0260436010BD024B034AA9
:100E100003483F2101F08EFA207A00102C8B00103D
:100E20003C7A001070B582B0060014001D00FA2252
:100E3000920000230698002103F0BEFA02000B0086
:100E400012196B41002B09DB6846FFF7D9FF009AA6
:100E5000019B32607360300002B070BD01225242CB
:100E6000004BF1E7FFFFFF7F10B582B0040000F0F8
:100E700095FD02000B006846FFF7C2FF009A019B38
:100E800022606360200002B010BD30B585B0040060
:100E90000D0002A8FFF7E8FF029A039B00952000CF
:100EA000FFF7C0FF200005B030BD10B50400FFF70C
:100EB00037FC01002000FFF79BFFFF232371BFF3E6
:100EC0005F8F10BD10B50400FFF72AFC0100200061
:100ED000FFF78EFFFF23237100236371BFF35F8F42
:100EE00010BD0000034B9C46614489000160BFF3C4
:100EF0005F8F70474000003410B504000120FFF7F9
:100F00001DFC01002000FFF7EDFF10BD084B5B6AE0
:100F1000994209D8064A926A824207D2994201D080
:100F2000012002E0002000E0002070470120FCE7E3
:100F30000040054010B500290AD003681B7B8B4296
:100F400006D38068054B9C4661440901401810BDDA
:100F5000034B044A04483C2101F0ECF9FFFFFF0F6A
:100F6000987D0010148C0010BC7D0010F8B50400B2
:100F70001700FFF7DFFF0668456839002000FFF71C
:100F8000D9FF026843680120AB4201D802D000209B
:100F9000C0B2F8BDB242FBD8F9E7000010B5002B93
:100FA00002DB0260436010BD024B034A03483F214D
:100FB00001F0C0F9207A0010E08B00103C7A00109C
:100FC00010B582B004000498059912184B41002B0B
:100FD00009DB6846FFF7E2FF009A019B226063602D
:100FE000200002B010BD01225242014BF1E7C04681
:100FF000FFFFFF7F10B5002908D0037B8B4205D38C
:1010000000684B005B18033BC01810BD024B034A3D
:101010000348682101F08EF9107E0010BC8B00108F
:101020002C7E001010B5437B8B4201D1012010BDF6
:10103000FFF7E0FF8378002B01D10020F7E70120C4
:10104000F5E770B50400857B002D01D1280070BD47
:101050002900FFF7CFFF4378A373002B00D1E37380
:101060000023837043700370F0E70000F8B50600BA
:101070000C001500FFF7BEFF0700002C0DD0002D5F
:1010800011D0AC4215D029003000FFF7B3FF8470B7
:101090003B78002B13D13D70F8BD0A4B0A4A0B4830
:1010A0006F2101F047F90A4B074A0848702101F007
:1010B00041F9084B044A0548712101F03BF943709E
:1010C0003D70E9E7847E0010988B00102C7E0010A4
:1010D000907E00109C7E001070B506000D0014007C
:1010E000002914D0002A14D043688068984700284B
:1010F00006D0220029003000FFF7B8FF280007E0E3
:101100002A0021003000FFF7B1FF200000E01000AE
:1011100070BD0800FCE7000070B504000D1E0CD087
:10112000FFF768FF0023837043700370617B2A0020
:101130002000FFF7D1FF607370BD034B034A0448E2
:10114000A52101F0F7F8C046B47E0010AC8B00106A
:101150002C7E001070B504000D1E0FD0FFF762FF4B
:1011600000280BD1E17B00290ED1A37B002B03D1FA
:10117000E37B002B0DD1A573E57370BD084B094AC5
:101180000948F62101F0D6F82000FFF733FF45703B
:10119000EBE7064B034A0448FB2101F0CBF8C046BD
:1011A000B87E0010888B00102C7E0010DC7E0010B2
:1011B00010B5002907D003681B7B8B4203D3C0689E
:1011C0000139401810BD034B034A0448412101F086
:1011D000B1F8C046987D0010748B0010BC7D0010E3
:1011E00070B505000C00080000F0D2FC0949200091
:1011F00000F012FCFFF794FA074B9C466044800015
:1012000068602C75D0231B061B786B75034BA400FC
:10121000E55070BD2D13001040000034101E00205A
:101220000A4B1A68EFF3108172B61368002BFCD0DA
:10123000BFF35F8F054B1B68BFF35F8F00221A60FF
:1012400081F3108840BF002000217047302000202B
:1012500010B582B0040000F0A1FB02000B0068464C
:10126000FFF79CFE009A019B22606360200002B0A1
:1012700010BD70B584B0040016001D0002A8FFF771
:10128000E7FF029A039B009601952000FFF798FE66
:10129000200004B070BD0000F0B583B007000192DB
:1012A0001D000AAB1C780BAB1E78002C0BD000681D
:1012B0002100FFF7B7FE002809D0194B194A1A4838
:1012C000672101F037F80068FFF7BBFE0400002C2F
:1012D00002D1200003B0F0BD21003800FFF72AFE44
:1012E000019B03604560089B8360099BC36038686D
:1012F0002100FFF711FFA042EBD1387D019A2B00AE
:1013000000F0D2FB051E01D0002E04D00C9B002B58
:10131000DFD01D70DDE73868210000F07FFDF5E7C4
:10132000F07E0010C88B0010BC7D0010F0B5DE46CA
:1013300057464E464546E0B58FB00021794B8200B6
:10134000D6588A460B9083E039003000FFF7F2FD53
:10135000814602684368121BAB41002B09DD4B46F6
:101360001A685B680B9800F09FFB002399460024E5
:101370008AE0002B01D1002AF1D10021584600F06B
:1013800043FD0500B84215D14B465C681B680893C5
:1013900009944B469C68DB689946002C10D03900B4
:1013A0003000FFF705FF03789A461B021D433561A5
:1013B000002069E05C4B5D4A5D488E2100F0BAFF79
:1013C0005C4B5A4A5A48922100F0B4FF3369002B13
:1013D00000D177E0AB4219D1069807990023424229
:1013E0008B4100920193089A099B0CA8FFF7E8FD36
:1013F0000C9A0D9B002104910131039102974946FB
:10140000019100943000FFF747FF16E04A4B474A2E
:101410004748A12100F08EFF069A079B002B01D1BF
:10142000002A52D130683900FFF794FE39003000AD
:10143000FFF7BEFE03780133037000233361726847
:10144000BFF35F8F136088F310880120002862D0FB
:101450000CA8FFF7FDFE0C9C0D9D002200230892B6
:1014600009937268EFF3108872B61368002BFCD0F2
:10147000BFF35F8F33689B465F7B002F00D063E72D
:1014800000239946002400207368BFF35F8F002279
:101490001A6088F31088002CD8D053461D023D43B3
:1014A00049462800A047069007917268EFF310881C
:1014B00072B61368002BFCD0BFF35F8F079B002B25
:1014C00000DA83E7079B002BA6DD3369002BA9D048
:1014D000AB421AD10CAD2800FFF7BAFE0C9A0D9B57
:1014E00006980799009001912800FFF769FD0C9A72
:1014F0000D9B00210491013103910297494601910E
:1015000000943000FFF7C8FE97E70B4B074A0848E6
:10151000A42100F00FFF0FB0F0BCBB46B246A946B5
:10152000A046F0BD101E0020187F0010F88B0010A0
:10153000BC7D0010307F00103C7F001010B50C4BBC
:101540005B68002B04D00B480A21FFF751FC10BD4B
:10155000074C094A20682300102100F0C0FB03203B
:1015600000F010FA03212000FFF73AFEEBE7C04637
:101570004C0B0020302000206D0F001010B5064BE2
:101580005B68002B01D0044810BD044B044A054899
:101590005E2100F0CFFEC0464C0B0020787F00108B
:1015A0005C8B0010BC7D0010F0B5DE4657464E4601
:1015B0004546E0B58FB0050090460793189B9A46C4
:1015C000199B99461AAB1B780993272304AA9446C2
:1015D000634400221A70CB4623E001002800FFF785
:1015E000E7FD00783FE00898002B62D0099B002BB4
:1015F0005FD05946D04706000F0003000B435FD071
:10160000002945DB0AAC2000FFF722FE0A9A0B9B5B
:10161000009601972000FFF7D3FC0A9B98460B9B8E
:1016200007936A68EFF3108972B6136859424B4109
:10163000D9B20891002BF8D1BFF35F8F273304AAEA
:101640009446634404930023039302935B460193FF
:10165000534600934246079B2800FFF71DFE069065
:10166000041EBAD106986B68BFF35F8F0021196022
:1016700089F31088002C1AD0272304AA94466344C7
:101680001B78002BAFD10002069A02431000ABE793
:1016900000237242BB41009201934246079B0AA875
:1016A000FFF78EFC0A9B98460B9B0793B9E7012036
:1016B00040420FB0F0BCBB46B246A946A046F0BDC2
:1016C0000898F6E7F0B5C64600B584B00500884630
:1016D00016001F000AAB1C78FFF750FF0294019719
:1016E00000962A004346FFF75FFF04B080BCB8466F
:1016F000F0BD0000F0B5C64600B505000C1E42D096
:101700004268EFF3108772B61368002BFCD0BFF36A
:101710005F8FE6B22B68984631001800FFF782FC15
:1017200000282AD02B69A34213D0240AE4B2310046
:101730002800FFF73DFD0378A34211D000206B681D
:10174000BFF35F8F00221A6087F3108880BCB84611
:10175000F0BD0E4B0E4A2C210E48FF3100F0EAFD81
:101760003100404600F05AFB0028E8D10A4B084AF5
:1017700099210848490000F0DDFD2B69A342DED124
:1017800000232B61DBE70020E0E7C0469C7F0010D0
:10179000448B0010BC7D0010C07F001010B5040009
:1017A000FFF7ECFE2100FFF7A5FF10BD407D70475D
:1017B00030B587B004000D00EFF30583002B20D176
:1017C00006225242D31712196B418B4202D803D121
:1017D000824201D90022002304A8FFF7DFFB02A800
:1017E000FFF736FD02980399049A059B121A8B4164
:1017F000002B0BDC08D02000290000F0DBF807B03C
:1018000030BD144800F02EFE002AF4D0124A04988D
:10181000059900230093FFF755FF002813DAEAE744
:101820000E4B1A68EFF3108172B61368002BFCD0D0
:10183000BFF35F8F094B1B68BFF35F8F00221A60F5
:1018400081F3108820BF04980599FFF75FFB0028FB
:10185000E6D0D0E7C47F0010211200103020002015
:1018600000B583B002000B006846FFF702FD009848
:101870000199FFF79DFF03B000BD10B5FA22920059
:101880000023002102F098FDFFF7EAFF10BD0000E1
:1018900030B583B005000C00EFF30583002B0FD1AA
:1018A0000B4A00230093FFF70DFF00280BDD20BF3C
:1018B000FFF774FF28002100FFF728FB03B030BDBD
:1018C000FFF724FBFAE728002100FFF71FFBF5E7ED
:1018D0002112001010B5002B02DB0260436010BD26
:1018E000024B034A03483F2100F024FD207A0010F8
:1018F000448C00103C7A001070B5EFF3058010386E
:10190000EFF3108C72B6194B1B68002BFBD0BFF3A2
:101910005F8F01221300834015494B6315490B600B
:10192000154909780C00C440224213D0104A546A69
:10193000124A8500AA58944205D3114AAA580E4C5F
:101940009943217007E00A4A031D9B00995899505A
:10195000002200E00022BFF35F8F044B00211960DA
:101960008CF31088002A00D0904770BD280100D069
:10197000004005403C700540682000203C200020CD
:101980001C18002010B50100024A034B1800FEF796
:1019900075FE10BD1480001060200020044B5B6AAF
:1019A000034A906A1900536A9942F9D17047C046B8
:1019B00000400540084B5B6A01E0074B5B6A8B42C5
:1019C000FBD301E0044B5B6A8B4203D1024B9B6A61
:1019D0008342F7D37047C04600400540F0B583B05E
:1019E00004000D00FFF7DAFF06000F0022002B00B5
:1019F00092197B41994202D804D1904202D9012226
:101A00005242D3176846FFF765FF00980199FFF728
:101A1000D1FF03B0F0BD000070B504000E00EFF37D
:101A2000108572B61B4B1B68002BFBD0BFF35F8F7A
:101A3000002E1CD02000FEF72FFF174B83420BD047
:101A400019002000FEF742FF01212000FEF714FFDD
:101A50000123A340114A1360114BA400E650BFF3C9
:101A60005F8F0C4B00221A6085F3108870BD0C4B01
:101A7000A2000021D1500122A2400A490B789343D1
:101A80000B7005492000FFF753F800212000FEF7F6
:101A9000F3FEE4E7280100D0F91800103860054093
:101AA0001C18002068200020F0B5DE4600B584B088
:101AB0000400150001921E000293FFF76FFF0395CB
:101AC0008E4202D84ED185424CD9EFF3108B72B6BC
:101AD000274B1B68002BFBD0BFF35F8F254A17787D
:101AE0000125A540EBB23B431370234B5D63221DE0
:101AF00092000199D150214AA100029888501B6A96
:101B00002B4212D11C4B1B6C2B4208D00020BFF380
:101B10005F8F174B00221A608BF3108823E0184B5D
:101B2000184A1948C52100F005FCFFF737FF8E421F
:101B300014D802D1039B834210D80E4B1B78BB42B2
:101B40000ED00D4B1D625D631F2222400123934086
:101B50000E4A1360074B1F700120D8E70020D6E71C
:101B60000120D4E7012004B080BCBB46F0BDC046D4
:101B7000280100D068200020004005403C200020C3
:101B800038800010288C00105C80001080E200E09B
:101B9000EFF3108C72B60B4B1B68002BFBD0BFF31E
:101BA0005F8F01238340084A136208490A789A43E9
:101BB0000A70BFF35F8F034B00221A608CF310880A
:101BC0007047C046280100D0004005406820002032
:101BD00010B5002908D0037B8B4205D300684B0069
:101BE0005B18033BC01810BD024B034A0348682131
:101BF00000F0A0FB107E00109C8C00102C7E0010CA
:101C0000F8B506000C001500FFF7E2FF0700002CF6
:101C10000DD0002D11D0AC4215D029003000FFF7B7
:101C2000D7FF84703B78002B13D13D70F8BD0A4B71
:101C30000A4A0B486F2100F07DFB0A4B074A08480F
:101C4000702100F077FB084B044A0548712100F031
:101C500071FB43703D70E9E7847E0010888C0010B2
:101C60002C7E0010907E00109C7E001070B5060047
:101C70000D001400002914D0002A14D04368806895
:101C80009847002806D0220029003000FFF7B8FF4F
:101C9000280007E02A0021003000FFF7B1FF2000F4
:101CA00000E0100070BD0800FCE770B505000023DF
:101CB000437301338373037BC373012406E0210064
:101CC0002800FFF785FF0134E4B24470297BA1426C
:101CD000F5D82800FFF77CFF0023437070BD10B5D6
:101CE000017342608360FFF7E0FF10BDF0B5C646A8
:101CF00000B505000C1E03D1200080BCB846F0BD25
:101D0000FFF766FF4678002EF6D031002800FFF777
:101D10005FFF477800239846437021002800FFF7B3
:101D200057FF43464370320021002800FFF79EFF13
:101D3000040039002800FFF7D9FF02002100280025
:101D4000FFF794FF0400D7E7F0B5C64600B50400DE
:101D50000D001700002927D0FFF73AFF4378002B2A
:101D600028D18378002B2BD101782000FFF7BEFF0C
:101D700006008046002F0AD0E17B002926D1A37BF4
:101D8000002B03D1E37B002B25D1A573E5734346DC
:101D9000002B26D129002000FFF71AFF00234370F3
:101DA000300080BCB846F0BD114B124A12483821B1
:101DB00000F0C0FA114B0F4A0F483A2100F0BAFA6E
:101DC0000F4B0C4A0C483B2100F0B4FA2000FFF7FF
:101DD000FFFE4570D3E70B4B064A0748422100F04F
:101DE000A9FA31002000FFF7F3FE00238370D1E74A
:101DF000BC800010748C0010C4800010188100108A
:101E000040810010DC7E001070B504000A00457BA4
:101E10002900FFF799FF6073280070BD70B50600B8
:101E20000C1E40D0437B8B4207D0FFF7D1FE05004C
:101E30008178002906D1002036E00121FFF7E4FF78
:101E4000012031E03000FFF7C3FE0178A1420DD040
:101E50003000FFF7BDFE4178A1420AD00029F7D13A
:101E6000124B134A13486B3100F064FA6B7803701D
:101E700001E06B7843700023AB706B70012221008E
:101E80003000FFF761FF0200717B814205D0300016
:101E9000FFF7ECFE7073012006E0074B044A05488B
:101EA000712100F047FA002070BDC046CC7C0010C4
:101EB0005C8C0010C480001064810010F8B5DE4610
:101EC00057464E464546E0B506000F0015000A9AF3
:101ED000934250D31A0E92461B0298460A9A002348
:101EE0004046514601F068FC81467400A419A400E4
:101EF0002F4B9C4664446368834200D26060331F6A
:101F0000DBB29B46012B3CD9C0239B01234380229B
:101F100012011A60274BB200D158002907D0586926
:101F200001F00CFC013043001B18033BFDD26D0196
:101F300023685D40E0222A4080235B0123431A602E
:101F40005A46012A28D980239B012343802212016B
:101F50001A604B4663604A4600234046514601F0F2
:101F60002BFC144BB60098510120F0BCBB46B24686
:101F7000A946A046F8BD104B104A1148332100F085
:101F8000D9F9012FC0D1C0239B01234303221A603A
:101F9000A368DB07FCD5CAE72168794003220A4021
:101FA0001A60A3680125BD401D42FAD0CBE7C046A8
:101FB000008000403819002084810010A88C001097
:101FC0009881001030B583B00C2000F00BF9FEF7BB
:101FD00035FB00280DD0002304E02E4A99002E483E
:101FE00088500133092BF8D92A4B2C4A5A6203B086
:101FF00030BD2B4B00229A6700F066F9294B012275
:102000001A60274B5B6C012BFBD1274B03221A6014
:10201000234B9B6B012BFBD1013300930433234AE9
:102020000121234800F04EF805230093214A0121A5
:10203000214800F047F8214B0093002202210420A0
:10204000FFF73CFF1E4D00952B00002201210520CB
:10205000FFF734FF104C00942300002200210720DA
:10206000FFF72CFF00942300002200210820FFF737
:1020700025FF0A4B00932300002200210920FFF7CF
:102080001DFF00952B00002200210620FFF716FF00
:10209000ADE7C04638190020006CDC021BB7000019
:1020A000008000403CB0004030B00040002F685934
:1020B00000800240008C864700C00240001BB70031
:1020C00040597307F0B5C64600B504000E0017006E
:1020D0001D00374801F032FB8046364BFA18364B6C
:1020E0009A4239D80100380001F028FB0200103A6A
:1020F00098235B009A4235D86B1E062B38D8069B76
:10210000013B062B34D83F09474537D32D04069BA6
:102110001B031D432368002B36DB284B9C4244D015
:1021200080235B01264A1360264A1360264A926880
:1021300019009143FAD12660A060221DC0239B01A3
:10214000134321221A602268002AFCDAE560082283
:102150001A6080BCB846F0BD1C4B1D4A1D481121B9
:1021600000F0E8F81C4B1A4A1A48192100F0E2F86E
:102170001A4B174A17481C2100F0DCF8184B144A78
:102180001448232100F0D6F822683F231340B342BD
:10219000C3D1A3681B051B0D8342BED1E368EE22A9
:1021A000D2021340AB42B8D1D3E780239B01B9E7F9
:1021B000001BB70080E84BD380F8A93200C0024072
:1021C00000E0004000F0004000C00040F881001036
:1021D000B88C001058820010B4820010D082001019
:1021E0001C83001080239B000343014AD362704785
:1021F00000800540024B1A68024B5A607047C04687
:10220000E81D00200080054010B5174B8022D20544
:102210001A60164B164A1A6000290AD0154BE022A4
:10222000D2041A60002809D1124B802212061A60CB
:1022300010BD0D4BE022D2041A60F3E743011B1AD4
:102240009B00181800010C4B186080235B04984217
:1022500002D3094B094A1A60FFF7CCFF054B8022D5
:10226000D2051A60E4E7C04600B0054008200140EE
:10227000FCFF010000A00540E81D0020FFFFFF005B
:1022800010B5030010000C4A8024E4051460002BF4
:102290000DD001221343094A094CD461094C5C401A
:1022A0001462516293620021FFF7AEFF10BD034B31
:1022B0000022DA61F7E7C04600B005400080054023
:1022C000D3C007B02D3FF84F064BAA2212011A6067
:1022D0002F22DA60044B054A1A60024B5B68002B20
:1022E000FBDA7047004002400060024000B0FA0094
:1022F00000BEFDE703000A4A1268002A08D0084A17
:102300001068C318074A9A4206D3054A13607047FB
:10231000034A05491160F2E701204042F7E7C04651
:10232000DC190020000004206C20002010B5FFF70D
:10233000DFFF000030B583B00D001900002A0BD07C
:10234000074B084C019200932B000200200002F082
:1023500003FB0120FFF7CCFF034B1A00F1E7C04657
:1023600038830010488300104483001070B52B4B55
:102370002B4A1A602B4B2C4A1A602C4B9A682A4B1A
:102380009343FAD12A4C01E008CC9847294B9C4250
:10239000FAD3FFF717FE234B274A1A60234B9B689B
:1023A000DB43DB01FAD1254B40229A675A671A6753
:1023B000DA66234C09E0234B234A24488721FFF7A0
:1023C000B9FF2000FEF771FD0834214B9C4209D271
:1023D0002368002BF5D0012BEDD12000FEF772FD14
:1023E0000834F2E71B4DA9681B4CC022200002F004
:1023F000A3F8AC60EFF30583002B00D000BEFEF71E
:102400007FF9FEF7D1FCFFF799F8144C01E008CCF6
:102410009847134B9C42FAD370BDC04600E0004081
:10242000BFCDFBFE00F00040FE7F3C0000C000403E
:102430004811002058110020FFFFFF0100F001406B
:102440004011002078830010C48C00109883001085
:102450004811002000ED00E000000020581100208D
:10246000601100200FB400B583B0084802F044FAB0
:10247000049B002B07D005A90191180002F04CFA2B
:10248000034802F039FA0120FFF732FFF883001009
:1024900008840010704710B5002802D00B68496806
:1024A000984710BD0100002007E083001B185B0067
:1024B000501C08601078C01830380A681378303B18
:1024C000DBB2092BF1D97047F0B5DE4657464E46D0
:1024D0004546E0B583B093461F000C9B9A460D9C81
:1024E0000E9B99460F9B9B0717D0B8460F0006001E
:1024F00022E0551C4B4641462020B84701342A00B3
:10250000B442F6D33D004F465C46019B9B46B14624
:102510004646B84637002E000EE00192A346884694
:102520004E46B9460700EBE7013C551C5346185D83
:1025300043463900B0472A00002CF5D135003E0053
:1025400047460F9B9B0711D4100003B0F0BCBB465D
:10255000B246A946A046F0BD541C4B464146202039
:10256000B8472200531BB342F6D3EDE7B0464E46C0
:10257000B9462F005D46F5E7F0B5CE46474680B533
:1025800085B0944698460C9D0D9C0EAB1B789946E1
:10259000109A119B129EB7071CD4002B0CD0F70782
:1025A0000AD54F46002F02D10C37374204D0013BE9
:1025B00002E030272F550134944201D21F2CF8D964
:1025C000F70707D59C4205D21F2C03D830272F557B
:1025D0000134F5E7F70612D5770505D4002C03D0B2
:1025E000944221D09C421FD00F9A102A2FD00F9ACC
:1025F000022A36D01F2C0AD830222A5501341F2C2B
:1026000005D84A46002A32D02D222A550134039695
:1026100002930194009543466246FFF755FF05B0CB
:10262000C0BCB946B046F0BD621E012C17D00F9F4A
:10263000102F0BD014000F9A102AD8D1B206D6D57D
:102640001F2CD4D858222A550134D3E7023CB206B5
:10265000F1D41F2CEFD878222A550134CAE7140090
:10266000C2E71F2CD3D860322A550134C2E7720763
:1026700003D52B222A550134C9E73207C7D52022BA
:102680002A550134C3E7F0B5DE4657464E46454667
:10269000E0B593B081468A46089209931CAB10CBF3
:1026A0001B789B461E9D219B9846002C03D110232E
:1026B00042469A4390468023DB0046461E404246EF
:1026C0001A4218D0002C22D0002614E0424692066E
:1026D0001BD54121C918C9B20A39C9B2771C0AAB46
:1026E00099552900200001F029F8AC4210D31F2F82
:1026F0000ED83E0004002900200001F01FF8CBB2E4
:10270000092BE3D83033D9B2E8E76121E2E72700AB
:1027100043460693209B05931F9B049303955B46BA
:10272000029301970AAB0093099B089A51464846C9
:10273000FFF722FF13B0F0BCBB46B246A946A04645
:10274000F0BDF0B5DE4657464E464546E0B597B07B
:102750000A900B910C929A46209B9946219F22AA9F
:1027600013789B46249B0993259C289B98464A46B0
:102770003A4302D11032934398468022D200454614
:102780001540434613420AD04A463A4341D00025F9
:102790002E0053460D934D46099B9A4621E02E008C
:1027A00053460D934D46099B9A461AE042469206BF
:1027B00023D54122D218D2B20A3AD2B2731C99461A
:1027C0000EAB9A55524623002800390000F0F4FF62
:1027D000BC4220D813D04B461F2B16D84E460500BE
:1027E0000F00524623002800390000F0E5FFD3B265
:1027F000092BDBD83033DAB2E0E76122DAE7AA4509
:10280000E9D94E460D9B9A4608E04E460D9B9A46E6
:1028100004E0002602E04E460D9B9A46434606938E
:10282000279B0593269B0493099B03935B46029386
:1028300001960EAB009353460C9A0B990A98FFF73A
:102840009BFE17B0F0BCBB46B246A946A046F0BD01
:10285000F0B5DE4657464E464546E0B591B0804657
:1028600089460C929A461A9C1B9D22002B00200040
:10287000290001F02CFA002800D0F2E00122524297
:10288000D54B2000290001F01DFA002800D0E8E017
:1028900001225242D14B2000290001F0FDF900280D
:1028A00000D0DEE0002200232000290001F0F4F92E
:1028B000002800D0EAE0069407958023DB001E9AEA
:1028C0001A400D921E9A1A4201D106231C930698B3
:1028D000079902000B000892099303000A000243C3
:1028E00000D1DFE0080D4005400DBD4EB446604408
:1028F000079E3203120B1E00BA4B13431F0001F058
:10290000F9F9B94AB94B01F084F9B94AB94B01F068
:1029100059F9089009910022B74B3000390001F0B5
:1029200048F9B64AB64B01F074F902000B0008985A
:10293000099901F047F901F0F5F9834601F0DAF958
:1029400006000F00AF4AB04B01F063F90022AF4B15
:1029500001F038F901F0E6F90890AD4AAD4B3000CE
:10296000390001F056F906000F00089801F0C2F98D
:10297000A94AAA4B01F04DF902000B0030003900C2
:1029800001F017F906000F0002000B0001F041F9F9
:102990000A900B91089BA24A9446634400210022AE
:1029A000089109921B0509930023089332003B000C
:1029B0003000390001F006F90E900F9132003B0013
:1029C00000208021C90501F0F4F806000F00002264
:1029D000944B0A980B9901F0FEF80022924B01F0FB
:1029E000F1F802000B000A980B9901F0F4F80022AC
:1029F0008E4B01F0E7F802000B000A980B9901F0EA
:102A0000EAF802000B003000390001F0DBF80200A8
:102A10000B000E980F9901F0DEF80022714B01F0C7
:102A2000D1F8089A099B01F0F4F806000F00089607
:102A30000997069A079B01F045F900280BD001235E
:102A40005B429C46E3440022774B3000390001F0A2
:102A5000C2F8089009915B466333C62B45D804261B
:102A600023E01E9B04931D9B03931C9B02930094E5
:102A7000019553460C9A4946404600F0FBF811B0C8
:102A8000F0BCBB46B246A946A046F0BD00210022DC
:102A900006910792069480231B069C46AC4463462D
:102AA00007930AE700239B4604261E9B1B0528D597
:102AB000089A099B190011430FD05D4A5D4B069897
:102AC000079901F0F7F800287AD000225A4B0698AF
:102AD000079901F0E1F8002872D01C9B5B4506DDE8
:102AE0005A469B1A013B1C9303E00526DDE70023B1
:102AF0001C938023DB001E9A1A431E92002600239B
:102B00009B461D9B9E4265D29F1B02231E9A1A4024
:102B10000A921E9A134202D0002E00D000275B4674
:102B2000002B07D0089A099B0698079901F053F8E3
:102B300006900791002200232000290001F0ACF844
:102B4000002800D07CE03D4B1E9A1340049303976D
:102B50001C9B0293069B079C0093019453460C9A7E
:102B60004946404600F086F8002E00D187E71E9BBC
:102B70009B0671D54525441C534602004946280052
:102B8000C0475A46D317D2185A4005230593013E31
:102B90000496002303930A3302935B46DB0F0193F1
:102BA00000925346220049464046FFF76CFD0A9BBF
:102BB000002B00D163E7020047460C9E1D9D53E0A9
:102BC0001C9B002B9DD00D9B002B9AD01C9B013B86
:102BD0001C9396E7002798E7FFFFEF7FFFFFEFFFCB
:102BE00001FCFFFF0000F03FFB799F501344D33FEF
:102BF000B3C8608B288AC63F0000F83F61436F630B
:102C0000A787D23F71A379094F930A400000E03FA4
:102C10001655B5BBB16B0240EF39FAFE422EE63FC6
:102C2000FF03000000002C4000002440000018407A
:102C30002D431CEBE2361A3F80842E41FFF7FFFF45
:102C4000069C079D220029008020000684466144DE
:102C50000B000692079376E765258CE7541C5346D4
:102C600049462020B8472200931BAB42F6D3100000
:102C700005E7C046F0B5DE4657464E464546E0B548
:102C800095B00690079193469946209F1E9A1F9BE8
:102C90001000190001F01BF8002831D10122524226
:102CA000BC4B1E981F9900F0F7FF002837D1012276
:102CB0005242B94B1E981F9901F004F800283DD1EB
:102CC0000022B64B1E981F9900F0FCFF00284AD145
:102CD0000022B34B1E981F9900F0DEFF002842D15E
:102CE000002200231E981F9900F0D6FF00284AD129
:102CF00000239846229B5B0500D4B0E0002452E0FC
:102D0000229B0393219B029303230193A54B0093E2
:102D10004B465A4607990698FFF7D6FB08E1229BD7
:102D20000393219B0293042301939F4B00934B46F3
:102D30005A4607990698FFF7C7FBF9E0229B5B0705
:102D40000ED59A4B04222299039121990291019266
:102D500000934B465A4607990698FFF7B5FBE7E004
:102D6000934B0322EFE7229B0493219B039302974B
:102D70001E9B1F9C009301944B465A460799069848
:102D8000FFF766FDD4E01E9A1F9B0020002100F093
:102D900010FF1E901F9101239846ABE70CAB302229
:102DA0001A55013F01341F2C01D8092FF6D81E985F
:102DB0001F9900F0B7FF050000F09CFF02000B0018
:102DC0001E981F9900F0F5FE7A4BFA009B181A68BE
:102DD0005B680A920B9300F01CFF0890099100F0C9
:102DE000C5FF060000F082FF02000B000898099959
:102DF00000F0DFFE0890099100226F4B00F062FFA7
:102E000000282ED00136300000F070FF02000B00C9
:102E10000A980B9900F046FF002801D001350026E2
:102E2000002F2CD1280000F065FF02000B001E9837
:102E30001F9900F0BEFE06000F0000225E4B00F05E
:102E40002BFF002846D100225B4B3000390000F0F8
:102E500039FF00283ED1EB073CD501353AE0062783
:102E60004CE70022544B0898099900F015FF002800
:102E7000D6D1002E01D0F307D2D50136D0E7AA462D
:102E80001F2C11D8013F0A21300000F057FC651CAF
:102E900030310CAB19550A21300000F04FFC092EDF
:102EA0000ED906002C00EBE755461F2C0CD87B1ED4
:102EB000002F09D00CAA302111551F000134F4E76E
:102EC0002B0055461C00F0E71F2C03D80CAB2E221C
:102ED0001A5501341F2C10D80A21280000F006FCD6
:102EE000661C30310CAB19550A21280000F0FEFB9E
:102EF000051E01D03400EDE734000323229A13406D
:102F0000012B1CD01F2C06D84346002B32D00CAB13
:102F10002D221A550134229B0393219B0293019485
:102F20000CAB00934B465A4607990698FFF7CCFA2C
:102F300015B0F0BCBB46B246A946A046F0BD219BE9
:102F4000002B13D04346002B02D10C3313420FD079
:102F5000219B013B2193190003E00CAB30221A5551
:102F600001348C42CED21F2CF7D9CBE72199F8E758
:102F70002199F6E7229B5B0704D50CAB2B221A554F
:102F80000134C8E7229B1B07C5D50CAB20221A557C
:102F90000134C0E7FFFFEFFFFFFFEF7F65CDCD41BD
:102FA00065CDCDC1188400101C8400100C84001065
:102FB00014840010708E00100000E03FF0B5DE4673
:102FC00057464E464546E0B593B007008A469346BD
:102FD0001193002900D12CE3002508E06C1C5B460E
:102FE0002A005146B847119B013311932500119BCC
:102FF0001878002800D11EE32528EFD10133119362
:103000000023180020E0012318430132119201240B
:1030100018E00223184301321192012412E0042324
:1030200018430132119201240CE0082318430132A5
:103030001192012406E01023184301321192012459
:1030400000E00024002C09D0119A1378203BD9B25B
:103050001029F6D88B00C449CB589F468146119B56
:103060001A781300303BDBB2092B10D92A2A13D06F
:103070000B94119B1A782E2A20D0119A1378683B52
:10308000D9B2122965D88B00B849CB589F4611A8F0
:10309000FFF708FA0B90ECE71C9B1A1D1C921B68AB
:1030A000002B04DB0B93119B01331193E1E7022208
:1030B0000100114389465B420B93F4E78022D20062
:1030C0004946114389465A1C11925A781300303BE5
:1030D000DBB2092B0BD92A2ACFD11C9B1A1D1C92BB
:1030E0001C68002C08DB119B01331193C5E711A864
:1030F000FFF7D8F90400C0E70024F4E780235B0061
:1031000049460B43511C119151786C2901D09946C5
:103110001FE0C0239B0049461943894602321192A1
:1031200017E0802349460B43511C119151786829BF
:1031300001D099460DE0C023494619438946023221
:10314000119206E080235B0049461943894601320B
:103150001192119B187867281CD8252800D25EE2AE
:103160000300253BDAB2422A00D958E29300804A94
:10317000D3589F4680239B00494619438946013214
:103180001192E6E780235B004946194389460132E4
:103190001192DEE7782800D941E2692800D23EE2A8
:1031A0000200693AD2B201239340724A134210D10D
:1031B0001A0600D50CE25B0500D430E21C9B1A1DF8
:1031C0001C921E68002C00D0BAE10122524233004A
:1031D00096E16F2842D005D8582841D0622803D103
:1031E000022606E078283DD010234A469A439146AD
:1031F0000A26582838D0692805D0642803D00C2224
:103200004B46934399464B465A0502D501229343B8
:10321000994669282DD064282BD04B469A0500D5B5
:10322000AAE0DA0500D5C2E05A0600D4D3E01C9A21
:10323000111D1C911168FF220A404B4605930B9B00
:103240000493039402960023019300925B462A00A4
:1032500051463800FFF717FA05002AE00826C8E7AC
:103260001026C6E71026C4E720224B461343994692
:10327000C1E74B469A0520D4DA0551D45A0666D5E3
:103280001C9A111D1C911168FF220A40D0171118B9
:1032900041404B4605930B9B049303940296D20F37
:1032A000019200915B462A0051463800FFF7EBF986
:1032B0000500119B0133119399E61C9A07320721EF
:1032C0008A43110008311C91116853689C46DB1732
:1032D0000C930D930C9A0D9B100048400E900D9B83
:1032E00061464B400F930E980F990C9A0D9B801AD4
:1032F00099410E900F914B4608930B9B07930694B0
:103300000496002305936346DA0F02920090019120
:103310005B462A0051463800FFF713FA0500C8E75C
:103320001C9A111D1C911268D01711184140059369
:103330000B9B049303940296D20F019200915B467B
:103340002A0051463800FFF79EF90500B1E71A063A
:1033500005D51C9A111D1C910023D25E96E71C9A7C
:10336000111D1C91126891E7D48C0010188D00106B
:10337000648D0010419000001C9A073207218A4397
:10338000110008311C9108930B9B07930694049637
:1033900000230593029353681268009201935B46E1
:1033A0002A0051463800FFF7CCF9050081E71C9A46
:1033B000111D1C9105930B9B04930394029600230B
:1033C0000193136800935B462A0051463800FFF7CB
:1033D0005AF905006DE71A0606D51C9A111D1C91B5
:1033E00012681204120C28E71C9A111D1C91126815
:1033F00023E746281AD01C9B0733072293431A0061
:1034000008321C924A4604920B9A039202941A685C
:103410005B68009201935B462A0051463800FFF733
:1034200029FC0500119B01331193E0E520234A4656
:103430001A439146DFE7672801D0472804D180234B
:103440001B014A461A439146452801D0472803D11B
:1034500020234A461A4391461C9B07330722934375
:103460001A0008321C924A4604920B9A0392029464
:103470001A685B68009201935B462A005146380047
:10348000FFF7E6F90500119B01331193AFE5022325
:103490004E461E404A4613421ED001241C9B1A1D54
:1034A0001C926A1C904618785B462A005146B84721
:1034B000002E14D1119B01331193454697E5551CFD
:1034C0005B4651462020B84723002A005C1C0B991C
:1034D0009942F4D81500E1E701232A00F6E74246B5
:1034E00006E0561C5B4651462020B8472C003200AF
:1034F000651C0B9BA342F4D89046DBE701330A001E
:103500001978002902D0511E002AF7D19B1B802276
:10351000D2004946114088464946114202D0A34292
:1035200000D92300022249461140109149460A421F
:1035300008D02A00250099463B004746984626E0D9
:10354000220044E6A1462A005146B2460E0006E09B
:10355000551C5B4631002020B84723002A005C1C24
:103560000B999942F4D8150022004C463300564678
:103570009A4691462A0025003B004746984606E0B9
:103580001D000136541C5B465146C047220030786E
:10359000002804D0002FF4D06B1E002DF0D11500B0
:1035A0004B464746109A002A03D1119B01331193D1
:1035B0001DE50B9E2A0006E0551C5B465146202067
:1035C000B84723002A005C1C9E42F5D81500ECE7A2
:1035D00021234A461A4313001C9A111D1C9112689C
:1035E0000593082304930394083302930023019363
:1035F00000925B462A0051463800FFF744F8050068
:10360000119B01331193F2E46C1C5B462A00514676
:103610002520B847119B013311932500E7E46C1C6A
:103620005B462A005146B847119B01331193250090
:10363000DDE40A4FD0E45D450DD35B465A1E5B4680
:1036400051460020B847280013B0F0BCBB46B24634
:10365000A946A046F0BD2A00F1E7C0469524001017
:1036600010B584B00C0002A902904C6001240448FB
:10367000009313006242FFF7A1FC04B010BDC046E6
:103680009724001001480421014B1847800B0020AB
:10369000B536001010B5010018231B8814221088BD
:1036A000984710BD10B5010018231B8816221088FA
:1036B000984710BDF0B5C64600B507000E000025BE
:1036C0000123984600E00135B5420AD2AC003C190E
:1036D0002068FFF7DFFF20600028F4D10023984620
:1036E000F1E7404680BCB846F0BD0000124A936F37
:1036F0009B0815D29066D166002905D0FFE7FFE749
:10370000FFE7516F106F704704B580210906C2179B
:103710005140002800D0C84304F032F9002104BD14
:10372000F0B5146E556E576F166FFFF7E3FF146612
:10373000556657671667F0BD000000D0114A936FB9
:103740009B0813D210665166002905D0FFE7FFE7FA
:10375000FFE7516F106F704704B5002801D00020BB
:10376000C04304F00DF9002104BDC046F0B5146E4D
:10377000556E576F166FFFF7E5FF1466556657676E
:103780001667F0BD000000D094464A4A926F920836
:10379000624601D228E0C046F0B5464E346E756EE2
:1037A000776F366F00F020F89446424A14665566EB
:1037B000576716676246F0BD94463E4A926F92087C
:1037C000624601D254E0C046F0B53A4E346E756E92
:1037D000776F366F00F04CF89446364A146655669B
:1037E000576716676246F0BD002B24DB11D0002915
:1037F0003EDA00B5C943404200D1013100F038F84B
:10380000C943404200D10131DB43524200D1013370
:1038100000BD002AEBD1002801D1002905D00020ED
:10382000C90FC90701D1C043410800B504F0A0F891
:103830000022002300BD00B500290ADBDB43524211
:1038400000D1013300F014F8C943404200D10131E6
:1038500000BDC943404200D10131DB43524200D197
:10386000013300F005F8DB43524200D1013300BDC3
:10387000002923D1002B18D1002A0CD0BC460D4FB3
:1038800038667A6600210023FFE7FFE7FFE77A6FDB
:10389000386F67467047002801D00748010000B51F
:1038A00004F066F80022002300BD02000B00002097
:1038B00000217047000000D0FFFFFFFF002B00D069
:1038C000BFE0130C28D1002AE7D080B4114F39662D
:1038D0007A66FFE7FFE730B4040C7B6F396F1B0497
:1038E00023433B667A66FFE7FFE7FFE7C04684B203
:1038F0007B6F3D6F1B0423433B667A66FFE7FFE760
:10390000C04600232C042D0C7A6F386F00196941D2
:10391000B0BC7047000000D0F0B594460025140EEE
:1039200001D112020835140F01D112010435940F90
:1039300001D192000235D40F01D152000135D40BD0
:103940000134254F7C66254C3C660E0C93B2FFE794
:10395000FFE7FFE73C6F6643360C7703BE467343D1
:10396000DF0B5B04C01AB941130C7343DB18C91A8F
:10397000CE086643360CB64493B273431F0F1B0147
:10398000C01AB941130C73431F0B1B05C01AB94170
:10399000860D8F023E436643360C092D24DB520A06
:1039A0007243801A7703460A6643360C16235B1B64
:1039B000DE40DF40BF1964466643821B7046043513
:1039C00006330100D940A840C01900D30131A242FA
:1039D00006D20023F0BD0000000000D0FFFFFFFF73
:1039E000121B0130F3D3F1E709277F1BFE40644629
:1039F000A2B27243801A00D20139220C7243130C16
:103A00001204821A99410B007046043513370100E5
:103A1000F940A840801900D30131002B02D1A24205
:103A20000AD2F0BD013000D30131121BFAD2013BA2
:103A3000F8D1A24200D2F0BD013000D30131121BF7
:103A4000F7E7F0B51C0C00D080E00CB400251C0A90
:103A500004D11B02160E3343120208351C0B04D18D
:103A60001B01160F3343120104359C0B04D19B003C
:103A7000960F334392000235DC0B02D192185B4162
:103A800001351C00971864410134464F7C66464C52
:103A90003C660E0CFFE7FFE7FFE7C0463C6F66435E
:103AA000360C7703BE4697B27743C01B00D201396C
:103AB000C01B00D201399FB27743C91BC91B170C29
:103AC00077437E04FF0B801BB941CE086643360C5A
:103AD0000C2D33DBB644120B1F053A431B0B97B278
:103AE0007743C01B00D201399FB27743C91B170C23
:103AF00077433E043F0C801BB941860D8F023E4345
:103B0000664329277F1BFE400C3D7746AF40BF1917
:103B100030BCA2B2ABB272437343801A9941220CFB
:103B20007243130C1204801A994102000B000137F2
:103B3000001BA941F9D2781E0021F0BD0C277F1B84
:103B4000FE4077467F0BAF40FF19E0E700245D1C85
:103B500007D0144F7D663966FFE7FFE7FFE7FFE711
:103B60003C6F95B29EB265436643401BB141150C54
:103B70001E0C6543664336042F0C3E432D04401B48
:103B8000B141994204D202000B0020000021F0BD97
:103B900001D19042F7D3801A994101349942F2D36E
:103BA000F6E70000000000D0FFFFFFFF4840414063
:103BB000484018B41B4B5B68FC46019308BD04DF0A
:103BC0008B3E001018B4174B1B68FC46019308BDD0
:103BD00000DF953E00109446134A926F920809D276
:103BE000624618B40F4BDB68FC46019308BD0CDF3E
:103BF0004D4100100C4AF0B5146E556E576F166F9C
:103C00006246FFF7EEFF084A146655665767166767
:103C1000F0BD18B4034B9B68FC46019308BD08DF58
:103C2000F13F00102C1E0020000000D0FFB55040D6
:103C30004240504059404B40594000E0FFB5154FBD
:103C40004C00640D03D0BC4204D10C0314D80020F6
:103C5000090D09055C00640D03D0BC4204D11C03AE
:103C60000AD800221B0D1B0501264B4009D44B40EE
:103C700003D58B4200D18242FFBD9942FCD19042D4
:103C8000FFBD0B43DB1803431343F5D0C943491869
:103C9000FFBD0000FF07000000B5FFF7CFFF804128
:103CA00000BDC04600B5FFF7C9FF01D9002000BD27
:103CB000012000BD00B5FFF7B9FF01D9002000BD0C
:103CC000012000BD00B5FFF7B1FF804100BD01201C
:103CD00040054A00121804D85A00121801D80020D2
:103CE0007047012070470020704700000021002825
:103CF00005D17047C1174840401AFAD0C90713B51B
:103D0000064B1B6898470CBC441CA2401005120BC4
:103D10000349091B09051943114310BD2C1F00203D
:103D20001F04000010B54C00620D8023D218DB0088
:103D3000D21A5B057E2A10DD9E3A13DACC170903EE
:103D4000490819435242D140640001341532202AF7
:103D500005DAD0400843604310BD002010BD08467E
:103D6000604310BDC80FC018013810BD18B4044B13
:103D70005B6AFC46019308BD24DFFD420010000091
:103D80002C1E002070B513231C78012C12D0012C9E
:103D900012DC214B214A93642148FFF77BFC214B25
:103DA000186070BD1C491D4A9800815001331F2BBB
:103DB000F8D9ECE70023FAE71B48FFF773FC05008E
:103DC0001A48FFF76FFC023803789B007F2B09DD50
:103DD00012488022290000F0AFFB022C08D0022CF0
:103DE000DADCD6E7124B134A13483221FEF7A2FA67
:103DF000124B1A88B5231B029A4209D1104B1A881C
:103E0000104B9A4204D1104B1A88104B9A42E6D0BC
:103E10000020FEF727FBC046513E00102C1E00205C
:103E20004C3300002C1F0020534400005346000078
:103E300024840010C08E00107884001054380000D4
:103E4000D8380000494600009C3800005946000060
:103E500007B56046002800D100BE01880A0A02307A
:103E6000DF2AFAD1C9B2820804D30288408800044C
:103E7000104300E00068024A5050039007BD000064
:103E80002C1E00200FB403BC0CBCF0B50124E407C9
:103E9000634000E0F0B50C0DCF0F661E3605891BA0
:103EA000640503D3C943404200D30131640D03D0FC
:103EB000661CF60A07D0E41B00207F00791C8907E6
:103EC0008912803C24031D0DDF0F6E1E36059B1BDF
:103ED0006D0503D3DB43524200D301336D0D03D094
:103EE0006E1CF60A07D0ED1B00227F007B1C9B078F
:103EF0009B12803D2D032F1B661B58D4A446202EF9
:103F000046DA20371400BC401D00BD40F24033416A
:103F10002A4380185941CB0F05D0C943C043002222
:103F200064425041514162464D0D28D10D0D07D1DB
:103F300000281FD0241940414941013A0D0DF9D004
:103F4000640006D3013000D30131002C01D14008B8
:103F50004000013A0BD4941CE40A04D11205114428
:103F6000DB071944F0BDD907204B194300E0D907FE
:103F70000020F0BD0029DDD1002CDBD1F0BD0132E5
:103F8000C6074008CD0728434908002EE1D0D9E7ED
:103F90003C2E29DA203E40371400BC4000D00124DA
:103FA000F24014431A00BB401C43D317ACE7AC46A5
:103FB000202F08DA20360400B4400D00B540F84048
:103FC00039412843A5E73C2F0CDA203F4036040056
:103FD000B44000D00124F84004430800B1400C4331
:103FE000C117EAE710001900002494E70000F07FF1
:103FF000F0B50C0D661E3605891BE60A6405640DD6
:1040000002D0651CED0A04D0002001210905803C86
:104010002403A4461C0D671E3F05DB1BE70A64054D
:10402000640D02D0651CED0A04D0002201231B059B
:10403000803C24037740644497B484B296B27443BE
:10404000070C7E43150C6F4380B26843361802D3C9
:10405000012000043F183004350C00197D418446CE
:1040600088B29AB250430C0C62431F0C7C438EB250
:104070007E43921902D301263604A4191604170CA4
:104080003618674101BC81B29AB25143040C6243B5
:104090001B0C5C4380B25843121802D30120000469
:1040A00024181004130C401863412D185E410020A1
:1040B000474106BC88B293B258430C0C6343120CC0
:1040C000544389B251435B1802D301210904641897
:1040D00019041A0C091862416D1856410020474115
:1040E00018BCF902720D1143F0026A0D1043ED0283
:1040F0000A0D03D16D1940414941013B124E9B1BF2
:104100007600B3420ED26D0007D301300026714114
:104110006646354301D1400840001B05C918E40735
:104120002144F0BD0BDA013306D1013004D1013155
:104130004F0D01D04908F2E7E1070020F0BD01363C
:1041400031050020EBE70000FF030000F0B51C0D77
:10415000671E3F05DB1BE70A6405640D02D0661C81
:10416000F60A04D0002201231B05803C2403D0253D
:104170002D060026F6432E661E096E66CE0FF61932
:10418000B44649004F0D02D07E1CF60A03D0002031
:104190000021403F3F033E1BB600B444013F7F0572
:1041A000C91B49082E6F013676089C02950D2543E0
:1041B0007543ED137543AD1301356D10F603761B92
:1041C0000CB4CC02450D2C43A2B2B3B25A43270C17
:1041D0007B43350C6F43A4B26C431B1902D30124FB
:1041E00024043F191C041D0CA4187D4124196D41A1
:1041F000009A91B2ACB26143170C7C432B0C5F4325
:1042000092B25A43A41802D301221204BF18220406
:10421000230C52187B41019C6C431B19520ED9018F
:104220000A434401A01A81B2B2B2514303145A4363
:10423000360C734387B27743D617D21900277E41D5
:1042400036049B191704160C7F185E417316ED187F
:10425000F301002680337541A90F06D16400690A75
:10426000E8055B0A184309D22FE004229444803306
:104270007541A90AA8059B0A184326D34041494124
:104280002404009A019B0D005543641B4343E41A28
:1042900095B286B27543170C7E43030C5F4392B20E
:1042A0005A43B61802D301221204BF183204330C49
:1042B00052197B4152429C41002C02D40022013011
:1042C00051414008CA071043490802B06246D70767
:1042D0009210084BD218084B9A4203D21205891843
:1042E000C919F0BD0020002A01DC3900F0BD0133FE
:1042F0001905F5E7FD030000FE070000002200B5E8
:10430000203200F004F8080000BD000000220B1568
:104310000AD410B5944600F031F81414013400DAD0
:104320000021CB17144C2047002000217047624425
:10433000343A0CD40C2A07DA0400914090405242DF
:104340002032D440214310BDD843D94310BD203280
:1043500007D40C469440524220321141D0402043B1
:1043600010BD0800C917203203D452422032104138
:1043700010BD1800190010BD2F4300100A0DCC0FFE
:10438000531E1B05C91A520503D3C943404200D32B
:104390000131520D03D0531CDB0A07D0121B002041
:1043A0006400611C89078912803A1203014BD21AFA
:1043B00070470000FF03000051434343C9188C4677
:1043C000110C83B24B4310B4040C614392B280B21F
:1043D000504362431C041B0C001910BC59411304C8
:1043E000120CC018514161447047000070B513238E
:1043F0001E782A48FFF756F90500012E11D0012E2C
:1044000009DDAB1E1B789B007F2B40DD24488022FA
:10441000290000F091F82348FFF73CF9224B18607F
:1044200070BD1F485422290000F086F81F4B1A88DF
:104430001F4B9A421CD1A7239B011A881D4B9A42FD
:1044400016D11D4B1A881D4B9A4211D11C4B1A884C
:1044500094239B019A420BD11A4B1A881A4B9A4209
:1044600006D11A4B1A681A4B9A4201D1152307E05C
:104470001848FDF7F7FF184C094A99008C50013392
:104480001F2BF8D9144B064A1362D361B7E7134BBD
:10449000134A14484221FDF74DFFC0465346000021
:1044A000301F00204C3300002C1F0020EE2900009C
:1044B000C40F0000C20D0000962B0000C0B5000024
:1044C000182B0000CC2A000010B50000FC2C0000C6
:1044D00051ED876444830010E9440010DC8400102F
:1044E000D48E00101085001007B56046002800D15A
:1044F00000BE01880A0A0230DF2AFAD1C9B2820856
:1045000004D3028840880004104300E00068024A97
:104510005050039007BD0000301F002001480421C7
:10452000014B1847900B0020B5360010014B1B685B
:1045300018470000900B0020014B5B6818470000F3
:10454000900B0020084B5B6A994209D8064A926A90
:10455000824207D2994201D0012002E0002000E00F
:10456000002070470120FCE70040054010B5030023
:10457000080011001B68984710BD0000F8B507003F
:104580000D001600437D002B02D0002400200CE01B
:1045900003681100280098472DE03B7D10E03B6840
:1045A000154802219847601C0134B44214DA002CEB
:1045B000F3DD2B19013B1B780D3B5A425341DBB213
:1045C0002A5D0A2AF0D1002BEED1A042E7DA3B683F
:1045D000211A28189847E2E7B04203DA3B68311AFB
:1045E00028189847002E06DDAD19013D2B780D3BAC
:1045F0005A4253413B75F8BD0C8F001070B5050051
:104600000368002B16D00C4B1C6805E0290004C978
:104610002000FFF7B3FF2469002C09D02368002B8A
:10462000F9D0064B1B68002BF0D0A342F3D1EDE785
:1046300000232B6070BDC046C8190020D41900208B
:1046400070B505000C000B68802B05D023685A1C40
:104650002260E418257170BD0800FFF7CFFFF5E771
:1046600010B5002B02DB0260436010BD024B034A11
:1046700003483F21FDF75EFE207A0010108F0010E6
:104680003C7A001010B582B00400FDF787F90200F3
:104690000B006846FFF7E4FF009A019B226063600D
:1046A000200002B010BD000070B582B006001400FA
:1046B0001D00FA229200002306980021FFF77CFEDD
:1046C00002000B0012196B41002B09DB6846FFF753
:1046D000C7FF009A019B32607360300002B070BD6A
:1046E00001225242004BF1E7FFFFFF7F30B585B05A
:1046F00004000D0002A8FFF7C5FF029A039B009576
:104700002000FFF7D1FF200005B030BDF8B5CE4640
:10471000474680B507000E00914698461BE0A36807
:10472000002B04D0310038009847002818DC246999
:10473000002C06D00C4D2D68002DF0D0A542F6D1EE
:10474000EDE748464146FFF7FDFE002806D101206F
:104750000021FDF743F9054B1C68E9E701204042C1
:10476000C0BCB946B046F8BDD4190020C819002015
:1047700000B583B0FA2189006846FFF7B7FF009AB9
:10478000019B024803F02CF903B000BD401100204A
:1047900010B5024803F0E4F810BDC04640110020F7
:1047A000F0B5CE46474680B583B006000D00904672
:1047B0001C00FFF7DDFF81466B1C05D0002C08D0E4
:1047C000194F1A4B1C6807E0300002F0CFFE0500BD
:1047D000F4E7174FF5E72469002C17D02368002B66
:1047E000F9D0144B1B68002B01D0A342F3D12A004F
:1047F00031002000B8474346002BECD06B46D91D52
:104800000A230B7001222000B847E4E74B46002B37
:1048100007D16B1E9D41E8B203B0C0BCB946B0469B
:10482000F0BDFFF7B5FFF4E76D450010C819002093
:104830007D450010D419002010B582B004006B46ED
:10484000D81D0470012300220121FFF7A9FF2000D9
:1048500002B010BD10B5030008001100002B05D1F7
:10486000044B1A685B68FFF751FF10BD01204042FE
:10487000FBE7C046208C001010B5030008001400B0
:10488000013B012B06D8002300222100FFF788FFFF
:10489000200010BD01204042FBE70120404270474C
:1048A00001204042704700000A4A136802E01A00E3
:1048B00010321B69002B09D013688342F7D10029FD
:1048C00007D1036913600023036102E0002900D0CF
:1048D00010607047C819002010B5064B1C6800E036
:1048E0002469002C04D06368002BF9D09847F7E7BF
:1048F00010BDC046C819002070B5050002F036FE94
:1049000004000023012201002800FFF749FFFFF700
:10491000E3FF200070BD0000F0B5A3B004000E005E
:10492000FFF726FF050001AF00230193094833007C
:1049300022003900FEF794FE04003800FFF75EFE07
:10494000FFF7CAFF002D02D1200023B0F0BDFFF712
:104950001FFFF9E7414600100FB400B583B004A96A
:1049600001C90191FFF7D8FF03B008BC04B0184794
:1049700010B500F0B3F910BD70470000014B0022E4
:104980001A707047632000204B79FF2B0CD18B7974
:10499000002B0BD1CB79012B0AD1082A0AD98A78AE
:1049A000054B1A70092000E0002070470020FCE74A
:1049B0000020FAE70020F8E763200020012070477C
:1049C00070B504000D000348FEF764FE03002900E3
:1049D000200098475542000010B5012926D11179D1
:1049E00053791B020B43124909788B4201D00020F6
:1049F0001DE05378012B03D0022B10D0002016E0CD
:104A00009178D3781B021943DB0506D54B0A0120A8
:104A100098407F231940FFF7D3FF0020F9E7642275
:104A200000210020FDF72CFC012000E0012010BD3A
:104A3000632000200123037000487047288F001076
:104A400010B50A784B781B0213438A7812041A4374
:104A5000CB781B0613439622D200934200D010BDA0
:104A600000210800FFF7ACFF024B1860024B1960F1
:104A70007047C0462C1900203019002010B5002BBB
:104A800002DB0260436010BD024B034A03483F2132
:104A9000FDF750FC207A00105C8F00103C7A00106B
:104AA00010B582B00400FCF779FF02000B006846E5
:104AB000FFF7E4FF009A019B22606360200002B0D0
:104AC00010BD000070B582B0060014001D00FA226F
:104AD0009200002306980021FFF76EFC02000B00F5
:104AE00012196B41002B09DB6846FFF7C7FF009ADC
:104AF000019B32607360300002B070BD01225242EF
:104B0000004BF1E7FFFFFF7F30B585B004000D00DB
:104B100002A8FFF7C5FF029A039B00952000FFF74C
:104B2000D1FF200005B030BD10B582B0040004985C
:104B3000059912184B41002B09DB6846FFF79EFFD1
:104B4000009A019B22606360200002B010BD012228
:104B50005242014BF1E7C046FFFFFF7F10B5024B09
:104B60001878FBF791FE10BD642000200268EFF377
:104B7000108172B61368002BFCD0BFF35F8F4160C9
:104B80007047000070B50F4B1B68002B16D00D4C02
:104B90002000FFF7EBFF0C4B00221A7021686368BE
:104BA000BFF35F8F0A6083F3108800240025074B52
:104BB0001878FBF769FE2000290070BDFA24A400D4
:104BC0000025F4E7081E0020672000206420002054
:104BD000F0B5C64600B586B0804616001D000EAB87
:104BE0001C7804AF3800FFF75BFF049A059B009622
:104BF00001953800FFF798FF049A059B02940D99E0
:104C000001910C9900914046FCF7CEFC06B080BCA7
:104C1000B846F0BDF0B5C64600B584B0050088467C
:104C200016001F000AAB1C78FCF7A8FC0294019741
:104C300000962A004346FFF7CBFF04B080BCB8467D
:104C4000F0BD000010B582B01848002102F0A8FEA7
:104C5000002820D1164B1B68002B24D0144C2000B8
:104C6000FFF784FF134A1378DBB20121117021682A
:104C70006268BFF35F8F0020086082F31088002B0A
:104C800011D10D4A013300930023FA208000002146
:104C9000FFF7C0FF07E001200021404201F08AF841
:104CA000024802F05DFE02B010BDC0463420002074
:104CB000081E002067200020854B001010B5054B12
:104CC0001868002804D0044B1968002200F0A0FDE9
:104CD00010BDC0462C1900203019002010B582B03C
:104CE000D0231B061C68FCF749FCFCF75FFDA042C3
:104CF0002CD1234B1B7801F021FD2248FCF7D5F87D
:104D00000120FCF75FF8204C20702049FF23184059
:104D1000FBF7DCFD20780121FBF7AEFD0520FBF75A
:104D2000C3FD041E18D01A4900220520FBF7F8FD28
:104D3000FBF7F6FC0100174B1800FCF7D3F81648F8
:104D40000121FFF7B1FD200002B010BD134B144A42
:104D50001448B221FDF7EEFA134A01230093002311
:104D6000FA2080000021FFF755FFC443E40F0948F3
:104D700008220021FFF7DAFB002CE4D0DFE7C04671
:104D8000549100103420002064200020454C001075
:104D90005D4B0010081E0020A00B0020907C00102E
:104DA0004C8F0010C4850010854B001010B50020FA
:104DB00001F0F8F910BD000030B583B004000D001B
:104DC000FFF7F4FF002830D0002001F007FA002898
:104DD0002ED0FA2189006846FFF796FE009A019BC3
:104DE000164802F0FDFD002825D0FFF7DFFF002860
:104DF00004D0002001F0F2F900280CD1012000219C
:104E0000404200F0D7FF032464420C4802F0A8FDA2
:104E1000200003B030BD2A002100002001F0EAF993
:104E2000041EF2D103246442EFE703246442EFE757
:104E300003246442ECE703246442E9E734200020C1
:104E4000F0B5C64600B582B080460D00FA21890053
:104E50006846FFF759FE009A019B2C4802F0C0FDFE
:104E6000002803D102B080BCB846F0BDFFF79EFF1A
:104E7000002849D1264B00200021186059602348A2
:104E800002F06EFDEEE701200021404200F092FFAB
:104E9000002001F0C3F9FFF789FF0028EFD00020C0
:104EA00001F02EFA002820D0AC42E8DA2E1B0020B8
:104EB00001F026FA0200864200DC3200002AE2D02D
:104EC00043461919002001F0FFF9060001200021D6
:104ED000404200F06FFF002001F0A0F9A419FCF798
:104EE0005DFD0B4B18605960DEE7FCF757FD084B82
:104EF0001E685F68074A002392197B419942BED819
:104F0000D2D19042D0D9BAE70024CDE73420002096
:104F10006012002020A1070000487047E08F0010B9
:104F2000004870478C8F001010B50400154B1B789B
:104F3000002B0ED0002C11D1134B144A5A800123A0
:104F400001335B009BB21048C022920013430380E0
:104F500010BD0C48112100F025F8EBE7052C0ED808
:104F60000B4BA400E4580023122BE9D8E15C002984
:104F7000E6D00133044A58008152DBB2F4E7002046
:104F8000E6E7C0464C200020A019002009040000DC
:104F9000748F001010B5024800F030F810BDC04604
:104FA000241E002010B5002901D0002308E00F4B7B
:104FB0000F4A10481F31FDF7BDF93732C254013393
:104FC0004A1E9A420ED90F2B0CD85A080A4CA45CE0
:104FD00001229A43920014410F222240092AECDC5C
:104FE0003032EBE7C0180023037010BD6886001054
:104FF000F48F001070860010241E002070B588B059
:10500000040004AD0D2200212800FFF78FFA0D22C5
:1050100000216846FFF78AFA4B232B700D22694660
:10502000280002F095FC002304E05A1D69468A5CC2
:10503000E2540133072BF8DD08B070BD02007F2079
:105040001040D209400080184001014BC018704741
:10505000E019002010B5038B3F333F229343022910
:1050600015D0124C2268C260D31823609C0610D160
:105070000F4C6240634080246401A3420FD889062C
:10508000114380231B060B434268136010BD5B0075
:10509000E7E7084B084A09485421FDF74BF9084B4C
:1050A000054A06485621FDF745F9C046EC1D00208B
:1050B000000010504C880010649000107C88001094
:1050C000EC880010F0B583B005000E001400FFF767
:1050D000B5FF7F232B40EF0985707A427A414270F9
:1050E0000022C2700683C476012F0ED0DA00134965
:1050F0008C4662448260826800211160002B0AD1D4
:1051000043600F4BC36003B0F0BDDA000D498C461D
:1051100062448260EFE7012F09D0013BDB000A4ABD
:105120009446634443602100FFF794FFEBE7013BA3
:10513000DB00064A944663444360F4E78400105061
:1051400000011050800010500C001050080010504A
:10515000F0B585B007000E00150001AC0C2200214F
:105160002000FFF7E3F927700323637002962900FC
:10517000200002F025FC05B0F0BD70B50C00150054
:10518000FFF75CFF2A00210000F00EF970BD00005F
:1051900010B5002804D101210520FBF76DFB10BDDF
:1051A000034B044AD52104484900FDF7C3F8C04623
:1051B00034890010549000107C88001010B500282D
:1051C00005D1002200218020FFF7D7FF10BD034B3F
:1051D000034ADB2103484900FDF7ACF8348900108D
:1051E000449000107C880010024B80225202DA6446
:1051F0007047C0460020115070B5041E26D100F043
:10520000ADF8164D0C23AB671549FF220520FBF7BF
:1052100087FB144840220021FFF788F90022402133
:105220000020FFF74FFF002240218020FFF74AFFB8
:1052300002F0AEFB01232B6480239B05EB649023DB
:10524000094AEA502000FFF7CFFF70BD074B084A1C
:1052500086210848FF31FDF76DF8C0460000115067
:105260005D040020E019002010D0010034890010F6
:10527000789000107C8800100B785B0602D14B7888
:10528000052B00D070478A78014B1A60FAE7C046B8
:105290000000115010B50A0000280DD18878097956
:1052A00053791B020B435B05590DD2789207920F7D
:1052B000FFF708FF012010BD034B044AFC210448FE
:1052C000FF31FDF737F8C0463489001034900010E4
:1052D0007C88001010B502F05BFB10BD10B5040017
:1052E000080011001A00002C03D1FFF746FF01202F
:1052F00010BD034B034A04480449FDF71BF8C046A0
:1053000034890010249000107C8800100A020000EC
:1053100010B508004B0605D1CB09012B0AD002229B
:10532000054B9A66FFF78AFE80221201002102F0E7
:105330006FFB10BD0122F3E70020115010B50800EB
:105340004B0600D110BDFFF779FE0023C370002289
:10535000014902F05DFBF5E7FFF7FFFF10B5802381
:105360005B040C4A13600C4A13600C4B9A68802350
:105370005B049343F9D10A4C9C2200212000FFF7E3
:10538000D5F88022520100210648FFF7CFF8092303
:10539000636710BD00E0004000F0004000C0004026
:1053A000000011500000105070B504000D001600F0
:1053B000837E002B17D1A6820023E3820133A376DC
:1053C0002561200002F004FB002804D0094A902344
:1053D00080218902D150200002F0B2FA002805D0C5
:1053E0000123237770BD02F00BFBE4E7200002F0FD
:1053F000FFFAF7E70020115070B5050000240CE01B
:1054000062001219D200184B1B689B18002B2AD07F
:105410005B68280098470134E4B2144B1B78A34220
:1054200010D3134A002A0BD0A342E9D8E31ADBB207
:10543000002B18D15A00D318DB000E4A9B18E7E75F
:105440002300F5E70C4C532200212000FFF76EF8F3
:10545000E01C1022FF21FFF769F820001330202202
:10546000FF21FFF763F870BDD81300205D200020F6
:10547000354A001020910010001700200268EFF359
:10548000108172B61368002BFCD0BFF35F8F4160B0
:10549000704710B5FFF7B0FF00F0E2FD10BD70B52A
:1054A00005000C001600C86800F0E4FDE368320057
:1054B00001212800984770BDF0B5DE4657464E469C
:1054C000C0B582B000900139C8B2FFF729FD0028AD
:1054D00000D18EE043789A46022B00D08BE0C5794C
:1054E0006C1101224A4B1440240119781026B14353
:1054F00021431970AD112A405201C9B22024A143A1
:105500000A431A70070009378278C3781B021343D5
:10551000C418A74266D27B780B2B09D001239B4687
:105520007B78042B6ED1E31B9BB29946002538E0B3
:10553000FB789B463B78FF18F2E76B005B19DB00BA
:10554000344A1668F618002E3DD1002054E02B0096
:1055500032E0B268304B9A4242D1D34640E02C4907
:10556000CB18DD700132D2B2934509D9BB789B18B4
:10557000DBB22749C918C978FF29F0D000203BE0E9
:1055800026482B00019E3200390001F063F9B44631
:105590006744234B1B78AB42BBD200202CE0013583
:1055A000EDB21F4B1B78AB42F3D31E4A002ACED07C
:1055B000AB42C2D8EB1ADBB2002B25D15E00F61845
:1055C000F600194BF618B3684A4639000098984718
:1055D00001900828E3D98145E1D35B46012BB8D07F
:1055E0000022C1E7114B002B10D000E000BF0120CA
:1055F00002E0002000E0002002B0E0BCBB46B24662
:10560000A946F0BD0020F7E70020F5E70120F3E709
:1056100000170020D81300201D640010131700206D
:105620005D200020354A001020910010000000008D
:1056300070B505000C00CB7888780F2B50D89A00F5
:105640002E498A589746FFF767FC02001223210073
:10565000280000F0D1FC44E0294B002B42D000E0B0
:1056600000BF021E40D08178C3781B020B4321008B
:10567000280000F0C1FC34E0022B09D0214B002BA4
:1056800034D000E000BF0200002A05D1002028E04D
:10569000FFF746FC0200F7E79178D3781B020B4333
:1056A0002100280000F0A8FC1BE0237961790902A1
:1056B0001943FFF739FC021E1AD003782100280095
:1056C00000F09AFC0DE0104B002B13D000E000BF5F
:1056D000021E11D003782100280000F08DFC00E0AC
:1056E000002070BD0020FCE70020FAE70020F8E76A
:1056F0000020F6E70020F4E70020F2E79490001085
:10570000000000000000000000000000024B58787C
:10571000431E9841C0B2704700170020024B187812
:105720004007C00F7047C04600170020034B187891
:10573000FF38431E9841C0B27047C046DC0B0020C2
:1057400070B50400FFF7F2FF061E01D0300070BDF7
:10575000254853220021FEF7E9FE244D2800FBF7DF
:10576000A4FB234B1D60234D2800FBF7C5FB143D14
:10577000280001F0C6FB204B1D60204B002B04D0FD
:105780001F48FFF757F91F4B1860002513E06A0008
:105790005219D2001B4B1B689B18002B07D1D5E771
:1057A0002B0013E05A00D318DB00174A9B181B6824
:1057B00098470135EDB2124B1B78AB4209D30F4A23
:1057C000002AEDD0AB42E2D8EB1ADBB2002BE9D0D5
:1057D000BCE70E4B1C702000FFF70EFD2000FFF70A
:1057E000D7FC0126B2E7C04600170020B8160020FB
:1057F00054170020D40B002058170020354A001001
:105800005D200020D813002020910010DC0B002028
:10581000F0B585B007000E00150001AC0C22002188
:105820002000FEF783FE0823637002970396290089
:10583000200002F0C5F805B0F0BD000070B50C0006
:10584000094B1D788B7870221A4201D0002070BD60
:10585000064B9978200000F0C1FF0028F7D0210006
:105860002800FFF717FDF2E7DC0B002000170020EF
:10587000F8B5CE46474680B581460C0017001E009D
:10588000089B9846002504E0099A13702378E418D1
:105890000135AF4214DD6378052B16D1E178890715
:1058A000890FB14213D121004846FFF7C7FF0028F6
:1058B00007D0A378DA09012AE6D042461370E5E75B
:1058C0000120C0BCB946B046F8BD0020F9E7002071
:1058D000F7E7000010B57F200840C90940004018D4
:1058E0003030044BC0180330034B196800F032FF0E
:1058F00010BDC046001700205417002010B57F20AF
:105900000840C909400040183030044BC01803302B
:10591000034B196800F046FF10BDC0460017002079
:1059200054170020F8B5CE46474680B51948007890
:105930007F250D40CE09184C6F00E419A4193034AE
:10594000E478E40704D50020C0BCB946B046F8BDF1
:10595000114CE419A4193027B946A1444C46E47807
:105960000127BC4667463C4327004C46E770FFF7DB
:10597000B5FC0028E8D1084B6D005B199B1930334A
:10598000DA7801218A43DA70DA7803318A43DA70EF
:10599000DAE7C046DC0B00200017002070B50F4B83
:1059A00018787F240C40CD090D4B62009B185B19C1
:1059B0003033DB789B0700D570BDFFF7A9FC084B9F
:1059C00064001B195B193033DA7802210A43DA705C
:1059D000DA7801210A43DA70EEE7C046DC0B0020DA
:1059E0000017002070B50F4B18787F240C40CD09AC
:1059F0000D4B62009B185B193033DB789B0700D49A
:105A000070BDFFF79BFC084B64001B195B1930331A
:105A1000DA7802218A43DA70DA7801398A43DA7057
:105A2000EEE7C046DC0B0020001700207F220A4072
:105A3000C909044B52009B185B183033D878800793
:105A4000C00F704700170020F0B585B005000C00AE
:105A5000002000F00FFB227860231340602B00D160
:105A60007EE1402B18D02278D206D20E012A00D136
:105A7000C4E0022A00D10AE1002A00D075E1202BFF
:105A800017D0002B00D076E16378092B00D974E1A0
:105A90009B00C14AD3589F46C04B002B00D162E106
:105AA000180000F0E7FA22000121280000E000BF02
:105AB00057E123790F2B00D959E1B94AD318DB7884
:105AC000B84A002A05D0B84A127893420ED39B1ADE
:105AD000DBB2002B00D04CE15900C918C900B34B10
:105AE000C91822002800FFF7DAFC3AE15A00D3185F
:105AF000DB00AF4A1168C9180029F2D1002030E15B
:105B0000200000F0BDFAA1782800FFF757FBA44A57
:105B1000137802210B431370012022E1A04B5B7824
:105B200002AA0632137001232100280000F064FA53
:105B3000012016E1A6789A4B5B78B34205D0984BCA
:105B40005B78002B09D1002E13D1954B5E7021009C
:105B5000280000F03DFA012003E12800FFF7BAFB1E
:105B60008F4FBB7801932800FFF746FC019BBB7069
:105B7000E9E731002800FFF79FFC0028E5D1F0E0BD
:105B800021002800FFF754FDEBE0A278E3781B0228
:105B90001343012B01D00020E3E0814A1378082150
:105BA0000B4313702100280000F012FA0120D8E006
:105BB000A278E3781B021343012B01D00020D0E030
:105BC000774A137808218B4313702100280000F0D6
:105BD000FFF90120C5E0724B1A785109920802239F
:105BE000134001220A40134302AA06321380022303
:105BF0002100280000F000FA0120B2E023790F2BE9
:105C000000D9BCE0664AD318DB78664A002A05D082
:105C1000654A1278934225D39B1ADBB2002B00D041
:105C2000AFE05900C918C900604BC918220028000C
:105C3000FFF735FC002800D093E0237860221A4259
:105C400000D08EE063780A3B012B00D989E000F098
:105C500011FA63780A2B0FD02100280000F0B8F960
:105C600001207EE05A00D318DB00514A1168C918A0
:105C70000029DBD1002074E002AB9A1D00231370D1
:105C800001332100280000F0B7F9012069E02179F3
:105C90007F200840CE0970220A4200D073E0404ABB
:105CA000400012189219D27C3E48002805D03E4888
:105CB0000078824212D3121AD2B2002A15D15600AD
:105CC000B618F600394AB618002B10D0002E5CD05A
:105CD000220031002800FFF7E2FB42E0500082186A
:105CE000D20033480668B618EEE70026ECE7637882
:105CF000012B10D0032B0ED0002B48D12800FFF72A
:105D000095FE02AB9A1D108002232100280000F0AE
:105D100073F9012025E0A078E2781202024304D151
:105D2000012B19D02800FFF739FE002E31D02200B8
:105D300031002800FFF7B3FB002000F09BF9184B5F
:105D400034229B5CDB07D80F002B0AD121002800EE
:105D500000F03EF9012004E02800FFF743FEE4E7ED
:105D6000002005B0F0BD0020FBE70020F9E700208F
:105D7000F7E70020F5E70020F3E70020F1E7002037
:105D8000EFE70020EDE70020EBE70020E9E7002047
:105D9000E7E70120E5E7C046D490001000000000CE
:105DA00000170020354A00105D20002020910010CF
:105DB000D813002030B585B000F0C5FC002808D10C
:105DC00005B030BD01AC2078FFF763FB2279594B59
:105DD0009A70594B1C6820001430FFF74FFB01A943
:105DE000200001F031F86269A369BFF35F8F0021E1
:105DF000116083F310880028E2D001AB5B78082B98
:105E0000E7D89B004D4AD3589F4601AB1878FFF75F
:105E100040FB4B4B002BDCD000E000BFD9E7454BEB
:105E20001A78012401210A431A703322995CA14394
:105E30009954995C0420814399540132995CA1439F
:105E40009954995C8143995401AB187802A9FFF7E2
:105E5000FBFD0028BDD101AC20780021FFF758FAE6
:105E600020788021FFF754FAB3E701AB19797F223C
:105E70000A40CC092F4B50001B181B193033D8781F
:105E80000125A843D870D8780335A843D870002AD4
:105E90001CD0284B52009B181B19DB7C294A002A76
:105EA00005D0294A1278934217D39B1ADBB2002BF4
:105EB00000D085E75A00D318DB00244A9B181C69E0
:105EC00001A84279039B0078A04782E701A84279A4
:105ED000039B007800F0E2F87BE75A00D218D2006A
:105EE0001B4B1B689B18002BE9D169E7114B1B78F2
:105EF000DB0700D46DE7174B002B00D169E70D4B92
:105F000018780007C00F00E000BF62E7094B1B785C
:105F1000DB0700D45DE7104B002B00D159E700E010
:105F200000BF56E7029B002B00D152E70398984729
:105F30004FE7C0460017002058170020FC900010C3
:105F400000000000354A00105D2000202091001064
:105F5000D8130020000000000000000010B500234E
:105F6000CB56002B05DB802100230022FFF7DAFC53
:105F700010BD0021F8E70000F8B50500124B9F891D
:105F8000DE89B91B89B20B1C402900D940239CB281
:105F90000D4B1B785BB2002B08DB0021B74211D000
:105FA0000A4A23002800FFF7BDFCF8BDB74201D123
:105FB0008021F3E7044B996804482200FEF7BCFAFD
:105FC0008021EBE70022ECE7A4160020C016002099
:105FD00070B506000D00074C08222000FEF7ACFA51
:105FE0000023A360E381A38129003000FFF7B6FFFF
:105FF00070BDC046A4160020F0B5C64600B5804668
:106000000C0016001D00154B08221F001800FEF79B
:1060100093FABE600023FB81A379E1790902194359
:106020000B1CA94200D92B1C99B20C4A9381A2796E
:10603000E3791B02134309D0002901D0002E0AD0B6
:106040004046FFF799FF80BCB846F0BD21004046AE
:10605000FFF784FFF7E70020F5E7C046A41600200D
:1060600010B5034814220021FEF760FA10BDC046A7
:10607000A4160020014B18617047C046A4160020EA
:1060800010B50100044C08222000FEF755FA002349
:10609000A360E381A38110BDA416002070B50500A4
:1060A0001C00C909294B1B78DB098B4211D0002C3D
:1060B00047D1274B002B02D02449FFF7DDF8234BB3
:1060C0001B69002B03D0214A032128009847012097
:1060D00070BD1E4B1B785BB2002B07DB1B4B986817
:1060E000002830D01B492200FEF726FA174AD38930
:1060F000A1B25B189BB2D381916809199160D288D3
:10610000934201D03F2C18D8104B1B69002B05D0AF
:106110000E4A022128009847002804D00B49280085
:10612000FFF71CFFD4E700212800FFF7F1F88021DA
:106130002800FFF7EDF80120CAE72800FFF71CFF51
:10614000C6E70020C4E70020C2E7C046A41600202E
:1061500079520010C016002070B5040005001035FB
:10616000280000F05AFE3F2801D8002070BDE178D9
:106170000020FFF7AFFB0028F8D0280000F04DFE0C
:106180003F2808D992239B00E218E17840230020A1
:10619000FFF7C8FBEAE7E1780020FFF7AFFB00203C
:1061A000E4E7000010B50400FFF7B0FA002801D1C1
:1061B000002010BDFFF7B2FA002809D1064BB22229
:1061C000920062439B181B79DB0703D50130F0E78F
:1061D0000020EEE70020ECE7DC13002010B5B2232E
:1061E0009B00434310330248181800F0E4FD10BD33
:1061F000DC13002070B5B2239B005843064BC51832
:1062000092B21030C01800F040FE04002800FFF7E2
:10621000A3FF200070BDC046DC13002070B5050050
:10622000FFF774FA002801D1002070BDFFF776FA5D
:106230000028F9D1B224A4006C432034214BE41887
:106240000434200000F0B7FD002801D10020ECE765
:106250001C4BB22292006A439B1899780020FFF7EA
:1062600039FB002801D10020DFE7B226B6006E43DB
:10627000A2239B009C466644124BF6184022310034
:10628000200000F002FE041E0ED00E4BB22292003F
:106290006A439B189978030032000020FFF742FB05
:1062A00000280CD02000C0E7064BB22292006A43BF
:1062B0009B1899780020FFF721FB0020B5E700200C
:1062C000B3E7C046DC13002070B50500B224A4007B
:1062D00044432034094BE418043492B2200000F007
:1062E0000BFE0600200000F066FD3F2801D83000BC
:1062F00070BD2800FFF792FFF9E7C046DC130020CD
:1063000010B5B2239B0058432030034BC018043013
:1063100000F083FD10BDC046DC130020F0B5CE4672
:10632000474680B583B02A48B22292000021FEF78A
:10633000FDF80027002F04D003B0C0BCB946B0461A
:10634000F0BD234EB224A4007C433519FF236B71AA
:10635000002398461F4AEA8001222A81AB72EB7221
:1063600008232B73210038318919F833994620000E
:10637000103080194346009301334A4600F0DDFC9B
:1063800021003931FF318919200020308019043073
:10639000012300934A4600F0D0FC8E239B00E318B3
:1063A0009946B1444846FAF780FD4346EB614B46B7
:1063B0002B6290239B009C466444A4192000FAF7AA
:1063C00074FD2C6343466B630137FFB2B2E7C046EE
:1063D000DC13002000C2FFFF70B50025002D00D0A7
:1063E00070BDB224A4006C430B4EA01905220021FD
:1063F000FEF79CF820001030801900F082FD203458
:10640000A4190434200000F07CFD0121200000F0DC
:1064100097FD0135EDB2E1E7DC130020F0B583B064
:1064200004004B79022B4ED18B79022B4FD10023E4
:10643000002B01D0002547E02848B225AD005D4380
:1064400040198078002802D00133DBB2F0E7234BFB
:10645000EE188B7833700F78CF19092503E03B785D
:106460005D19ADB2FF187B78242B01D19542F6D986
:10647000052B09D07B78042B02D17B790A2B10D015
:106480003000FFF769FE1FE039002000FFF7D6F962
:1064900000281ED0BB7873703B785D19ADB2FF1831
:1064A000E8E739784D19ADB27918B31C0193F31CA4
:1064B0000093022302222000FFF7DAF900280AD015
:1064C0000E35ADB2DCE70025280003B0F0BD002595
:1064D000FAE70025F8E70025F6E7C046DC130020C0
:1064E000F8B51400127860231340202B7CD1434A66
:1064F0000025002D00D079E01678277963791B02FA
:106500003B439E4206D00135EDB2B2239B009C4630
:106510006244EEE76378222B31D009D8202B11D0CA
:10652000212B03D1012923D001205EE000205CE073
:10653000232B05D1012946D0032949D0012054E05D
:10654000002052E0012903D0032908D001204CE0AB
:10655000063207232100FFF74FFD012045E0284BBD
:10656000002B45D0911D2800FEF76AFA01203CE07F
:10657000063207232100FFF73FFD012035E0012906
:1065800003D0032906D001202FE02100FFF720FDD2
:1065900001202AE0A178E3781B020B4301211E00B1
:1065A0000E405C080C40137199432432100000F037
:1065B000C7FC144B002B1DD022003100280000E046
:1065C00000BF012011E02100FFF702FD01200CE0D7
:1065D0000D4B002B10D0A378E17809021943280055
:1065E00000E000BF012000E00020F8BD0020FCE733
:1065F0000120FAE70120F8E70120F6E7DC1300208C
:10660000414A00100000000000000000F0B5D6462E
:1066100000B582B001900F0000930024002C0ED032
:10662000002C00D07CE0EB78BB4216D0AB78BB42AC
:106630004DD00124200002B080BCBA46F0BDB22586
:10664000AD006543394BED18EB78BB42E8D0AB7831
:10665000BB42E5D00134E4B2E0E710239A46AA44F5
:1066600092239B00E9186B461A88504600F044FCC0
:106670002F4B002B1BD06B79FF2B18D0002600E08E
:106680000136009B9E4212D26A79AB199221890091
:106690008C4663441B789A42F2D1504600F0A1FB2D
:1066A0000028EDD16979200000E000BFE8E7214B28
:1066B000002B04D0504600F094FB002803D02800A3
:1066C000FFF74AFDB2E72000FEF7F8FAF7E71A4BAA
:1066D000002B02D0200000E000BF2000FFF79EFD4D
:1066E000002801D00124A5E72800243000F063FB36
:1066F000002817D1009B002B16D09E0601D0012444
:1067000098E7A9780198FFF7E5F8041E01D1012464
:1067100090E7A978002300220198FFF703F989E7A1
:10672000002487E7012485E7012483E7DC130020A8
:1067300000000000BD4C00100000000010B500205B
:10674000FEF7FEFF10BD10B5FEF7F0FF002800D0E9
:10675000012010BD70B504000D000378DB07D80FD1
:10676000002B1DD123785B07DE0F002B19DB0121E5
:106770004942280001F01CF92378DB07DA0F002BCF
:1067800007D123785B0709D42378042213432370AD
:106790000126280001F0E4F8300002E01600F8E7D6
:1067A000002070BD70B506000C0001214942200098
:1067B00001F0FEF833785B07DD0F002B04DB2000CF
:1067C00001F0CEF8280070BD3378DB0704D43378AD
:1067D000042293433370F2E70025F0E7027943790E
:1067E0001B0213435B055B0DC2789207920F022ACE
:1067F0000DD0032A17D0012A1FD1022904D0144A30
:106800009A421CD3012019E08022D200F8E7022925
:1068100003D0402B17D8012010E080229200934231
:106820000FD101200AE0022904D040229A420CD361
:10683000012003E08022D200F8E70020704700200A
:10684000FCE70020FAE70020F8E70020F6E7C04662
:10685000FF03000030B58A1801E00C780919914255
:106860000AD24C78052CF8D18D787A342C4064000B
:106870000419ED096355F0E730BD03008A1890B2A2
:10688000814202D85A00904203DB5B009BB2C01ADF
:1068900080B2704770B505000800AC889A420BD3EF
:1068A000D11A89B200291ED08C4210D2944209D844
:1068B000121B93B26B810AE0D11A89B26600891962
:1068C00089B2EFE7A21893B2F4E71B1B9BB29C427C
:1068D000FBD92968EA885204520C5343C918FDF7C2
:1068E0002BFE012070BD0020FCE770B582B00500D2
:1068F000160093080CE00A784B781B0213438C783F
:1069000024041C43CB781B0623432B600431030073
:10691000581E80B2002BEED1033332001A401E42C3
:1069200001D102B070BD0023019301A8FDF704FE60
:10693000019B2B60F5E7F0B5DE4657464E464546CF
:10694000E0B583B005008A460CA909788488E01A6E
:1069500080B21C1B1419A4B2EF887F047E0C0700C0
:106960007743BFB27443A4B2A3462C68A0467343D6
:106970009844002908D001291AD003B0F0BCBB46C6
:10698000B246A946A046F0BD904205D372434146A7
:106990005046FDF7D1FDF0E73A0041465046FDF77D
:1069A000CBFD2968380050445A46FDF7C5FDE4E7A1
:1069B000904206D3724392B241465046FFF795FF8C
:1069C000DBE703233A009A43914641465046FFF7DE
:1069D0008CFF42464A440323380018401F4230D0FF
:1069E00004231B1A9BB2191C5B4500D95946CFB230
:1069F000FF230B405946CC1AA3B29B4600230193B8
:106A000001AB04E010781870013308000132411E18
:106A1000C9B20028F6D1296804E00878187001335B
:106A2000170001317A1ED2B2002FF6D1019B5246D7
:106A300013605B46002BA0D05A465046FFF755FF27
:106A40009BE72968F5E7F0B5C64600B582B01E00A1
:106A500008AB1B8809AC277884889E420FD3F51AAF
:106A6000ADB2002D1FD0AC4205D2B44210D8331BBA
:106A70009BB24381250095420FD315000DE0F51A16
:106A8000ADB2A8466500AC4645466544ADB2E8E700
:106A9000A619B3B2EDE71B1B9BB29C42FBD9009732
:106AA0002A00FFF748FF280002B080BCB846F0BDBE
:106AB000F0B583B004000D0016001F000069002827
:106AC00003D00121494200F073FF23899BB2628900
:106AD00001970092320029002000FFF7B4FF050063
:106AE000618989B2A0882A00FFF7C7FE608120690A
:106AF000002801D000F034FF280003B0F0BD70B5CD
:106B000082B01600950809E00B6803701D0A4570F5
:106B10001D0C85701B0EC370043025006C1EA4B2C2
:106B2000002DF1D1032332001A401E4201D102B0E0
:106B300070BD0B68019301A9FDF7FEFCF7E7F0B506
:106B4000DE4657464E464546E0B583B005008A46C8
:106B50000CA90878AC88E11A89B21C1B1419A4B2DC
:106B6000EF887F047E0C0F007743BFB27443A4B25A
:106B7000A3462C68A04673439844002808D00128F7
:106B80001AD003B0F0BCBB46B246A946A046F0BD41
:106B9000914205D3724351464046FDF7CDFCF0E7E4
:106BA0003A0051464046FDF7C7FC28683900514479
:106BB0005A46FDF7C1FCE4E7914206D3724392B214
:106BC00051464046FFF79BFFDBE703233A009A4319
:106BD000914651464046FFF792FF42464A440323FE
:106BE000380018401F422ED004231B1A9BB2191CD8
:106BF0005B4500D95946CFB2FF230B405946CC1A0A
:106C0000A3B29B4653461B68019301AB04E018787E
:106C10001070013308000132411EC9B20028F6D1BC
:106C2000286804E0197801700133170001307A1EDA
:106C3000D2B2002FF6D15B46002BA2D05A46514665
:106C4000FFF75DFF9DE72868F5E7F0B585B0060022
:106C50000391171E029300D16DE0C068002803D095
:106C60000121494200F0A4FE3489A4B2718989B29D
:106C7000F379DB0918D1B3888C420FD3611A89B23A
:106C80008B4256D95B1A9BB23A1C9F4200D91A1C00
:106C900095B2002D45D0B288230033E0611A89B245
:106CA0005A00891889B2EBE7B588BD420ED8029B1D
:106CB000002B21D17B1BF7887F047F0C5F43039B54
:106CC0009C46BC44634603930C00E2E78C420DD320
:106CD000631A9BB2DB196A0093420FDBEA1B92B284
:106CE0002800FFF7CAFD04003D00D2E7631A9BB2FB
:106CF0006A009B189BB2EDE70C00CAE73D00C8E7AD
:106D00009B1A9BB29A42FBD9029A00922A000399DD
:106D10003000FFF714FFB0882A002100FFF7ADFD17
:106D20003081F068002801D000F01AFE280005B07C
:106D3000F0BD0025F5E71500F8E7F0B583B00400D5
:106D4000019116001D0008AB1F7880231B029A4298
:106D50002DD8C068002803D00121494200F028FE48
:106D60002069002803D00121494200F021FE019B47
:106D70002360A6806D046B0CE588ED0BED031D43CD
:106D8000E580FB01E2797F2717401F43E77100236D
:106D900063812381E068002801D000F0E1FD2069D3
:106DA000002806D000F0DCFD012003B0F0BD00207B
:106DB000FBE70120F9E710B5828801898BB2408991
:106DC00084B2884207D81B1B9BB2101C9A4200D980
:106DD000181C80B210BD1B1B9BB251005B189BB2EC
:106DE000F3E703894089181A43425841C0B27047FB
:106DF00010B58488028993B2418988B2914206D83D
:106E00001B1A9BB20020A3424041C0B210BD1B1A06
:106E10009BB262009B189BB2F4E710B5828801898F
:106E20008BB2408984B2884206D81B1B9BB29A421F
:106E300008D9D01A80B210BD1B1B9BB251005B1841
:106E40009BB2F4E70020F6E770B504000D0000697E
:106E5000002803D00121494200F0AAFD228992B204
:106E600063899BB229002000FFF714FD05006189AA
:106E700089B2A0882A00FFF700FD60812069002800
:106E800001D000F06DFD280070BD10B50023FFF7A4
:106E90000FFE10BDF8B504000E00C068002803D036
:106EA0000121494200F084FD2589ADB22000FFF7A1
:106EB0009FFF002802D0E779FF0916D0A2882B0097
:106EC00001E09B1A9BB29A42FBD92068E2885204E7
:106ED000520C5343C0183100FDF72EFBA08801224D
:106EE0002900FFF7CAFC20810127E068002801D0B3
:106EF00000F036FD3800F8BD10B50023FFF7A5FE01
:106F000010BD10B50400C068002803D0012149421B
:106F100000F04EFD2069002803D00121494200F015
:106F200047FD002363812381E068002801D000F041
:106F300017FD2069002801D000F012FD012010BDCE
:106F400070B504000D00C068002803D0012149423B
:106F500000F02EFD2069002803D00121494200F0F5
:106F600027FDED01E3797F2119402943E171E068B4
:106F7000002801D000F0F4FC2069002801D000F0C6
:106F8000EFFC012070BD000010B5024800F0DCFAF3
:106F900010BDC0466812002010B5024800F0D6FAB5
:106FA00010BDC04668120020F0B5C64600B50C22E0
:106FB0008B5E07000C001A074DD48021626809011E
:106FC0001943A181002A69DDA56A002D3FD0002266
:106FD0003E683A60DB0466D4002201233800E16990
:106FE000A8470200431C6BD00C23E15EA56A490749
:106FF00006D56368D21A236B002B01D0E36BD21A3B
:1070000000233800E169A8470C23E25E431C4CD101
:1070100039681D295ED8314BCB40DB075AD5304B40
:107020001340A3810023636023692360D20401D548
:10703000002943D0216B3E60002908D02300403353
:10704000994202D0380000F019FB0023236300208E
:1070500080BCB846F0BD0E69002EF8D00D68002245
:10706000AD1B0E609B0700D14A69A260002D04DCB5
:10707000EDE736182D1A002DE9DD636A32009846D7
:1070800038002B00E169C0470028F2DC4022A389C8
:1070900013431BB20120A3814042D9E7E26B002ACF
:1070A00000DD91E7D3E7226DA1E70D4B1340A381EB
:1070B0000023636023692360D204BBD52065B9E750
:1070C0003B68002B00D18FE71D2B01D0162BDDD1A3
:1070D0003E60BCE740231343DCE7C046010040208C
:1070E000FFF7FFFF70B505000C00002802D0436BCE
:1070F000002B27D00C22A35E002B11D0626ED2078A
:1071000001D49B050ED528002100FFF74DFF636ECB
:107110000500DB0702D4A3899B050FD5280070BDAD
:107120000025FBE7A06D00F00FFA28002100FFF713
:107130003BFF636E0500DB07F0D4ECE7A06D00F0C9
:1071400005FAEBE700F0F8F8D4E7C04670B5041E86
:107150002AD0194B1D68002D02D06B6B002B17D065
:107160000C22A35E002B11D0626ED20701D49B05C6
:1071700012D528002100FFF717FF636E0500DB071B
:1071800002D4A3899B050BD5280070BD0025FBE721
:10719000280000F0D1F8E3E7A06D00F0D5F9E8E7AA
:1071A000A06D00F0D3F9EFE7044A0549054800F067
:1071B000EFF80500E8E7C046FC0F0020F00F0020C4
:1071C000E57000100010002010B5034A0349044880
:1071D00000F0DEF810BDC046F00F00206D78001002
:1071E0000010002041680B4B10B50400994201D0FB
:1071F00000F03CFBA168084B994202D0200000F04F
:1072000035FBE168054B994202D0200000F02EFBCF
:1072100010BDC0469C120020041300206C130020F7
:10722000F8B5CE4647463B4C3B4B3C4A2000002538
:1072300080B51A600423082200215C302560656057
:10724000A560656625616561A561E360FDF76EF97E
:107250002000334B334F344E99462362334B583022
:107260009846A762E6626362E46100F069F9CC23A4
:10727000E5502F4B20006367802300210822C43093
:10728000E550A566E5662567A567E567FDF74EF954
:10729000220084236832E2504A460433E2504246D8
:1072A00020000433E2500433E750C0300433E6508A
:1072B00000F046F9D0232000E5500433E5500433B4
:1072C000E5501C4A5C33E550583BE2500433E5502E
:1072D0002D300433E550002104330822FF30E550FF
:1072E000FDF724F92200EC23D032E2504A46043361
:1072F000E250200042460433E25029300433E75084
:10730000FF300433E65000F01BF9C0BCB946B0466C
:10731000F8BDC0469C120020D4130020C971001093
:10732000D57300103D74001069740010FD730010D7
:10733000090001001200020070B50400094D280088
:1073400000F002F9636B002B05D1074B6363074B19
:107350001B68002B03D0280000F0F8F870BDFFF781
:107360005FFFF8E76C120020E5710010D4130020D5
:1073700010B5024800F0E8F810BDC0466C120020BD
:1073800010B5024800F0E2F810BDC0466C120020B3
:10739000F8B54746CE46884680B581461700002698
:1073A0007D68BC68013D0DD4A389012B07D90E224D
:1073B000A35E013303D021004846C047064368342A
:1073C000013DF1D23F68002FEAD13000C0BCB94680
:1073D000B046F8BD70B50C000E25495F00F070F89E
:1073E000002803DB236D1B18236570BDA389024AA7
:1073F0001340A381F9E7C046FFEFFFFFF8B50C008B
:107400001F000C23C95E05001600CB050AD40A4BE9
:10741000320019402800A1810E23E15E3B0000F0FC
:1074200075F8F8BD0E23E15E0022022300F034F867
:107430000C23E15EEBE7C046FFEFFFFF70B50C00E9
:107440000E25495F00F028F80C22A35E421C05D0EF
:107450008022520113432065A38170BD014A13406D
:10746000FAE7C046FFEFFFFF10B50E23C95E00F03C
:1074700001F810BD002370B5064C0500080023601C
:10748000FDF70BFA431C00D070BD2368002BFBD026
:107490002B60F9E7D019002070B504000800110036
:1074A0001A000023054D2B60FDF7FAF9431C00D0AC
:1074B00070BD2B68002BFBD02360F9E7D0190020AA
:1074C00070B50400080011001A000023054D2B6060
:1074D000FDF7C0F9431C00D070BD2B68002BFBD01A
:1074E0002360F9E7D0190020002370B5064C050091
:1074F00008002360FAF7FEFE431C00D070BD23682D
:10750000002BFBD02B60F9E7D019002070B50400E8
:10751000080011001A000023054D2B60FDF7ACF99F
:10752000431C00D070BD2B68002BFBD02360F9E713
:10753000D0190020014B18687047C046FC0F00208E
:107540007047C0467047C0467047C0467047C04647
:10755000802310B55B01082801D1180010BDFFF78A
:10756000E9FF16230360173BF7E7C04610B5830712
:107570000AD00300032102E001330B4205D01A7840
:10758000002AF9D1181A10BD030019680C4A0D4CD5
:107590008A188A4322420FD15968094A04338A184B
:1075A0008A43224208D15968054A04338A188A431B
:1075B0002242F1D000E001331A78002AFBD1E1E742
:1075C000FFFEFEFE80808080F0B5C646060000B556
:1075D00008200D00FFF7BCFF04003000FFF7D4FCCB
:1075E000234B210098469B685F6803239F43380024
:1075F0001138401B0019FCF7A1F8451E6543AC4249
:1076000008DC00213000FFF76FFF43469B68DB1961
:10761000984206D03000FFF7BFFC002080BCB8467F
:10762000F0BD30006942FFF75FFF01300ED001224C
:1076300043467F1B9B6817430E4A5F601368300008
:107640005B1B1360FFF7A8FC0120E7E70021300077
:10765000FFF74AFF43469A68831A0F2BDADD064C80
:1076600004492468001B086001210B435360D1E7E3
:10767000E80B002070120020E00B0020F0B5D64689
:107680004F46464605000C00C0B5002948D0FFF71C
:107690007BFC2100012708394B6803209C46BB4333
:1076A000CE18726882436046384080466A489146E8
:1076B0008468B44200D17CE07260B41864683C40D5
:1076C000A2464446002C30D10C68A446091B8C68A5
:1076D0006344A4460824A0468044C4455CD0CC68DA
:1076E000A04664464246E26094605246002A1FD09B
:1076F0001F434F60336080229200934230D2DA08F9
:107700005C090123A340446823434360D3001B1852
:107710009A68CB608A609960D1602800FFF73CFCD2
:10772000E0BCBA46B146A846F0BD5246002A0FD189
:1077300001224B44CF18BC46B468484F1A43BC42A0
:107740005BD0F668E660B4604A6062461360D2E7D8
:1077500062463A434A608022336092009342CED31D
:107760005C0A042C3FD89C09260039343836E400E2
:1077700004192268083C0327944203D14EE0926822
:10778000944203D05068B8439842F8D8D468CC608B
:107790008A60A160D160C0E75246002A35D14B44CF
:1077A0001A00B068F3681743C36098604F608A504E
:1077B000B3E74B441A004346002B06D10B68C91AA5
:1077C0008C68D218CB68E3609C60012313434B6044
:1077D000234B81601B6893429FD8224B2800196875
:1077E000FFF7F2FE99E7142C13D9542C1DD81C0B6B
:1077F00026006F346E36E400BAE7E160A1604A60AB
:107800006246CC608C60136087E71F434F60336033
:1078100083E726005C345B36E400A9E70123B61059
:10782000B340466833434360B1E7AA225200944212
:1078300005D8DC0B260078347736E40098E70A4A4E
:10784000944205D89C0C26007D347C36E4008FE7FA
:10785000FE247E26A4008BE7E80B0020F00B00201E
:10786000E40B0020981200205405000070B50600BB
:107870000C1E3FD0002802D0436B002B47D00125BF
:107880000C22A35E626E2A4232D19B0542D52100B2
:107890003000FFF789FBE36A0500002B04D03000BD
:1078A000E1699847002828DBA3891B062AD4216BAD
:1078B000002908D023004033994202D03000FFF75E
:1078C000DDFE00232363616C002904D03000FFF744
:1078D000D5FE00236364FFF74BFD0023A381636E95
:1078E000DB0725D5A06DFFF72DFEFFF749FD02E070
:1078F000002BCCD10025280070BD0125A3896D4245
:107900001B06D4D530002169FFF7B8FECFE7FFF79B
:1079100013FDB4E7A06DFFF717FE0C22A35E002B4A
:10792000B5D1636E2B42E5D1A06DFFF70FFEE1E705
:10793000A06DFFF70BFED5E7F8B5C04600000000CC
:1079400001B40248844601BC604700BF41060020E4
:1079500001B40248844601BC604700BF9502002084
:1079600001B40248844601BC604700BFE501002025
:1079700001B40248844601BC604700BF5D0A002094
:1079800001B40248844601BC604700BF5D0A002084
:1079900001B40248844601BC604700BF6D0300206B
:1079A00001B40248844601BC604700BFC10000200A
:1079B00001B40248844601BC604700BFC9010020F1
:1079C00001B40248844601BC604700BFB1080020F2
:1079D00001B40248844601BC604700BF1506002080
:1079E00001B40248844601BC604700BF95010020F5
:1079F00001B40248844601BC604700BFE50700208F
:107A000001B40248844601BC604700BF81070020E2
:107A100001B40248844601BC604700BF8D070020C6
:107A200075735F73696E63655F626F6F74203C3D51
:107A300020494E5436345F4D41580000433A5C5063
:107A4000524F4752417E315C5241535042457E3144
:107A50005C5049434F53447E312E315C7069636FF3
:107A60002D73646B5C7372635C636F6D6D6F6E5CC2
:107A70005049434F5F427E315C696E636C7564654B
:107A80002F7069636F2F74797065732E6800000022
:107A90004E6F207370696E6C6F636B7320617265DB
:107AA00020617661696C61626C65000030783163D9
:107AB000203D3D20282A696E7374293E3E31317580
:107AC00000000000433A5C50726F6772616D20469F
:107AD000696C65735C526173706265727279205073
:107AE000695C5069636F2053444B2076312E352EEC
:107AF000315C7069636F2D73646B5C7372635C726D
:107B000070325F636F6D6D6F6E5C68617264776118
:107B100072655F6972715C6972712E6300000000AA
:107B200064656C7461203E3D202D3230343820264F
:107B3000262064656C7461203C3D20323034362050
:107B4000262620212864656C7461202620312900B6
:107B5000212864656C7461203E3E20313175290016
:107B600063757272656E74203D3D205F5F756E684F
:107B7000616E646C65645F757365725F69727120B4
:107B80007C7C2063757272656E74203D3D20686157
:107B90006E646C65720000006972715F68616E648A
:107BA00065725F636861696E5F667265655F736C5D
:107BB0006F745F68656164203E3D20300000000006
:107BC000767461626C655F68616E646C6572203D9D
:107BD0003D205F5F756E68616E646C65645F757390
:107BE00065725F6972710000212828282875696E06
:107BF000747074725F7429767461626C655F686119
:107C00006E646C657229202D20282875696E747049
:107C100074725F74296972715F68616E646C6572F9
:107C20005F636861696E5F736C6F747329202D20C8
:107C300031292573697A656F662873747275637468
:107C4000206972715F68616E646C65725F63686100
:107C5000696E5F736C6F7429290000002165786379
:107C6000657074696F6E207C7C20657863657074C4
:107C7000696F6E203D3D206E756D202B205654415E
:107C8000424C455F46495253545F495251000000EF
:107C900066616C736500000069735F73686172658B
:107CA000645F6972715F7261775F68616E646C6551
:107CB0007228736C6F745F68616E646C6572290002
:107CC000657863657074696F6E000000666F756E2D
:107CD000640000004E6F2075736572204952517325
:107CE0002061726520617661696C61626C6500007B
:107CF000746F74616C000000433A5C50726F67727D
:107D0000616D2046696C65735C5261737062657267
:107D100072792050695C5069636F2053444B207620
:107D2000312E352E315C7069636F2D73646B5C731B
:107D300072635C636F6D6D6F6E5C7069636F5F73B0
:107D4000796E635C6D757465782E63006D74782D43
:107D50003E636F72652E7370696E5F6C6F636B004C
:107D60006C6F636B5F69735F6F776E65725F696479
:107D70005F76616C6964286D74782D3E6F776E65EF
:107D8000722900006D74782D3E656E7465725F63B4
:107D90006F756E74000000006964202626206964F7
:107DA000203C3D20706F6F6C2D3E686561702D3EEC
:107DB0006D61785F6E6F646573000000433A5C50DC
:107DC000726F6772616D2046696C65735C52617396
:107DD0007062657272792050695C5069636F2053DC
:107DE000444B2076312E352E315C7069636F2D73D4
:107DF000646B5C7372635C636F6D6D6F6E5C7069F6
:107E0000636F5F74696D655C74696D652E630000F6
:107E10006964202626206964203C3D2068656170E5
:107E20002D3E6D61785F6E6F64657300433A5C5000
:107E3000524F4752417E315C5241535042457E3150
:107E40005C5049434F53447E312E315C7069636FFF
:107E50002D73646B5C7372635C636F6D6D6F6E5CCE
:107E60005049434F5F557E325C696E636C75646543
:107E70002F7069636F2F7574696C2F7068656170FE
:107E80002E680000706172656E745F6964000000A6
:107E90006368696C645F696400000000706172650A
:107EA0006E745F696420213D206368696C645F695A
:107EB00064000000696400006964202626202170A7
:107EC000685F636F6E7461696E735F6E6F6465285F
:107ED000686561702C206964290000002168656173
:107EE000702D3E667265655F7461696C5F696400E0
:107EF0002170685F636F6E7461696E735F6E6F642B
:107F00006528706F6F6C2D3E686561702C207265FE
:107F10007573655F6964290072656D6F7665645F6E
:107F20006964203D3D206E6578745F6964000000DF
:107F300063616C6C6261636B00000000706F6F6C5A
:107F40002D3E616C61726D5F696E5F70726F6772FA
:107F5000657373203D3D206D616B655F7075626C6C
:107F600069635F69642869645F686967682C206E6B
:107F70006578745F6964290064656661756C745F17
:107F8000616C61726D5F706F6F6C5F696E6974694F
:107F9000616C697A6564282900000000616C617277
:107FA0006D5F696420213D20706F6F6C2D3E616CA8
:107FB00061726D5F696E5F70726F67726573730077
:107FC00072630000417474656D7074656420746F31
:107FD00020736C65657020696E73696465206F66D7
:107FE00020616E20657863657074696F6E206861CA
:107FF0006E646C65723B2075736520627573795F82
:108000007761697420696620796F75206D75737466
:1080100000000000486172647761726520616C61E4
:10802000726D20256420616C726561647920636CD7
:1080300061696D656400000074696D65725F6877E1
:108040002D3E696E74732026203175203C3C2061E2
:108050006C61726D5F6E756D00000000433A5C509C
:10806000726F6772616D2046696C65735C526173F3
:108070007062657272792050695C5069636F205339
:10808000444B2076312E352E315C7069636F2D7331
:10809000646B5C7372635C7270325F636F6D6D6F83
:1080A0006E5C68617264776172655F74696D657238
:1080B0005C74696D65722E6300000000726F6F74EE
:1080C0005F696400433A5C50726F6772616D20466D
:1080D000696C65735C52617370626572727920506D
:1080E000695C5069636F2053444B2076312E352EE6
:1080F000315C7069636F2D73646B5C7372635C6376
:108100006F6D6D6F6E5C7069636F5F7574696C5CC9
:1081100070686561702E63002170685F6765745FC9
:108120006E6F646528686561702C20726F6F745F74
:108130006964292D3E7369626C696E6700000000F6
:108140002170685F6765745F6E6F6465286865613C
:10815000702C20726F6F745F6964292D3E7061729C
:10816000656E74006E65775F7375625F74726565C6
:1081700020213D20686561702D3E726F6F745F69CC
:10818000640000007372635F66726571203E3D207B
:108190006672657100000000433A5C50726F67724E
:1081A000616D2046696C65735C52617370626572C3
:1081B00072792050695C5069636F2053444B20767C
:1081C000312E352E315C7069636F2D73646B5C7377
:1081D00072635C7270325F636F6D6D6F6E5C68614D
:1081E0007264776172655F636C6F636B735C636C01
:1081F0006F636B732E63000076636F5F66726571E9
:10820000203E3D20285049434F5F504C4C5F564321
:108210004F5F4D494E5F465245515F4B485A202AA9
:10822000204B485A292026262076636F5F667265A8
:1082300071203C3D20285049434F5F504C4C5F56C5
:10824000434F5F4D41585F465245515F4B485A205E
:108250002A204B485A290000433A5C50726F6772DB
:10826000616D2046696C65735C5261737062657202
:1082700072792050695C5069636F2053444B2076BB
:10828000312E352E315C7069636F2D73646B5C73B6
:1082900072635C7270325F636F6D6D6F6E5C68618C
:1082A0007264776172655F706C6C5C706C6C2E636D
:1082B000000000006662646976203E3D2031362071
:1082C0002626206662646976203C3D2033323000E9
:1082D00028706F73745F64697631203E3D203120D1
:1082E000262620706F73745F64697631203C3D20D0
:1082F00037292026262028706F73745F64697632D0
:10830000203E3D203120262620706F73745F646903
:108310007632203C3D203729000000007265665F00
:1083200066726571203C3D202876636F5F667265DA
:1083300071202F20313629002C2066756E637469F8
:108340006F6E3A2000000000617373657274696F8C
:108350006E2022257322206661696C65643A20666E
:10836000696C6520222573222C206C696E6520259E
:1083700064257325730A000031203D3D202875696E
:108380006E747074725F74296C2D3E7370696E5FC9
:108390006C6F636B00000000433A5C50726F677251
:1083A000616D2046696C65735C52617370626572C1
:1083B00072792050695C5069636F2053444B20767A
:1083C000312E352E315C7069636F2D73646B5C7375
:1083D00072635C7270325F636F6D6D6F6E5C70693B
:1083E000636F5F72756E74696D655C72756E7469CA
:1083F0006D652E63000000000A2A2A2A2050414E93
:108400004943202A2A2A0A000A000000666E692BC6
:1084100000000000666E69006E616E00666E692D78
:10842000000000002A282875696E74385F74202ABD
:1084300029726F6D5F646174615F6C6F6F6B7570D3
:1084400028726F6D5F7461626C655F636F6465282D
:108450002753272C2027462729292D3229202A2057
:1084600034203E3D2053465F5441424C455F5632D6
:108470005F53495A45000000433A5C50726F67727F
:10848000616D2046696C65735C52617370626572E0
:1084900072792050695C5069636F2053444B207699
:1084A000312E352E315C7069636F2D73646B5C7394
:1084B00072635C7270325F636F6D6D6F6E5C70695A
:1084C000636F5F646F75626C655C646F75626C6529
:1084D0005F696E69745F726F6D2E63002A2828755C
:1084E000696E74385F74202A29726F6D5F746162DF
:1084F0006C652D3229202A2034203E3D2053465FD2
:108500005441424C455F56325F53495A4500000082
:10851000433A5C50726F6772616D2046696C657397
:108520005C5261737062657272792050695C506947
:10853000636F2053444B2076312E352E315C7069A9
:10854000636F2D73646B5C7372635C7270325F6314
:108550006F6D6D6F6E5C7069636F5F666C6F617479
:108560005C666C6F61745F696E69745F726F6D2EAB
:10857000630000004465627567000000626F6F74FD
:10858000325F77323571303830000000312E352EB1
:10859000310000007069636F000000007370616358
:1085A00065696E7661646572735F636F6E74726F16
:1085B0006C6C6572000000004A756E203136203206
:1085C00030323600433A5C50726F6772616D2046FC
:1085D000696C65735C526173706265727279205068
:1085E000695C5069636F2053444B2076312E352EE1
:1085F000315C7069636F2D73646B5C7372635C7262
:1086000070325F636F6D6D6F6E5C7069636F5F7307
:108610007464696F5F7573625C737464696F5F75AE
:1086200073622E6300000000555342207374646926
:108630006E202F207374646F757400005261737024
:108640006265727279205069000000005069636FA2
:1086500000000000426F6172642043444300000048
:1086600052657365740000006C656E203E2030001A
:10867000433A5C50726F6772616D2046696C657336
:108680005C5261737062657272792050695C5069E6
:10869000636F2053444B2076312E352E315C706948
:1086A000636F2D73646B5C7372635C7270325F63B3
:1086B0006F6D6D6F6E5C7069636F5F756E697175FC
:1086C000655F69645C756E697175655F69642E6369
:1086D00000000000666C6173685F6F666673202B34
:1086E00020636F756E74203C3D205049434F5F46B8
:1086F0004C4153485F53495A455F425954455300D2
:10870000433A5C50726F6772616D2046696C6573A5
:108710005C5261737062657272792050695C506955
:10872000636F2053444B2076312E352E315C7069B7
:10873000636F2D73646B5C7372635C7270325F6322
:108740006F6D6D6F6E5C68617264776172655F6694
:108750006C6173685C666C6173682E630000000076
:10876000636F6E6E6563745F696E7465726E616C63
:108770005F666C61736820262620666C6173685F93
:10878000657869745F78697020262620666C61734D
:10879000685F72616E67655F65726173652026262A
:1087A00020666C6173685F666C7573685F63616394
:1087B00068650000636F6E6E6563745F696E7465F3
:1087C000726E616C5F666C61736820262620666C31
:1087D0006173685F657869745F7869702026262008
:1087E000666C6173685F72616E67655F70726F67F8
:1087F00072616D20262620666C6173685F666C75F9
:1088000073685F636163686500000000636F6E6E8C
:108810006563745F696E7465726E616C5F666C61CE
:10882000736820262620666C6173685F65786974BA
:108830005F78697020262620666C6173685F666CBD
:108840007573685F63616368650000002828756957
:108850006E747074725F7420296E6578745F6275CF
:10886000666665725F707472202620306231313125
:108870003131317529203D3D20300000433A5C50B4
:10888000726F6772616D2046696C65735C526173CB
:108890007062657272792050695C5069636F205311
:1088A000444B2076312E352E315C7069636F2D7309
:1088B000646B5C6C69625C74696E797573625C731D
:1088C00072635C706F727461626C655C726173700C
:1088D000626572727970695C7270323034305C64D7
:1088E00063645F7270323034302E630068775F6487
:1088F0006174615F6F6666736574286E6578745F16
:108900006275666665725F70747229203C3D205501
:1089100053425F445052414D5F4D415800000000AA
:10892000556E68616E646C656420495251203078E0
:1089300025780A007268706F7274203D3D20300007
:1089400021286275665F6374726C2026205553423D
:108950005F4255465F4354524C5F46554C4C29008C
:10896000433A5C50726F6772616D2046696C657343
:108970005C5261737062657272792050695C5069F3
:10898000636F2053444B2076312E352E315C706955
:10899000636F2D73646B5C6C69625C74696E79756E
:1089A00073625C7372635C706F727461626C655C3D
:1089B00072617370626572727970695C7270323064
:1089C00034305C7270323034305F7573622E630005
:1089D0006275665F6374726C2026205553425F4255
:1089E00055465F4354524C5F46554C4C00000000C6
:1089F00065702025642025732077617320616C7277
:108A00006561647920617661696C61626C65000002
:108A100043616E277420636F6E74696E756520788C
:108A2000666572206F6E20696E6163746976652079
:108A30006570202564202573000000006F757400A8
:108A4000696E0000400400105204001082040010FF
:108A5000DA040010FC0400107570646174655F75C1
:108A6000735F73696E63655F626F6F74000000000F
:108A70006972715F6164645F7461696C5F746F5F78
:108A8000667265655F6C697374000000696E73657A
:108A900072745F6272616E63685F616E645F6C695D
:108AA0006E6B00006972715F72656D6F76655F68ED
:108AB000616E646C657200006D616B655F6272610E
:108AC0006E6368007265736F6C76655F6272616E6B
:108AD000636800006972715F6164645F73686172EA
:108AE00065645F68616E646C657200006972715FD5
:108AF0007365745F6578636C75736976655F6861CB
:108B00006E646C65720000006D757465785F6578E1
:108B1000697400006D757465785F656E7465725F69
:108B2000626C6F636B5F756E74696C007570646105
:108B300074655F75735F73696E63655F626F6F7491
:108B400000000000616C61726D5F706F6F6C5F633D
:108B5000616E63656C5F616C61726D00616C617206
:108B60006D5F706F6F6C5F6765745F64656661757C
:108B70006C7400006765745F656E7472795F696418
:108B80005F6869676800000070685F667265655FAE
:108B90006E6F64650000000070685F6164645F630D
:108BA00068696C645F6E6F646500000070685F697F
:108BB0006E736572745F6E6F6465000070685F67E6
:108BC00065745F6E6F6465006164645F616C61729F
:108BD0006D5F756E6465725F6C6F636B00000000A3
:108BE0007570646174655F75735F73696E63655FEB
:108BF000626F6F7400000000616C61726D5F706F76
:108C00006F6C5F616C61726D5F63616C6C626163FC
:108C10006B0000006765745F656E74727900000018
:108C2000FFFFFFFFFFFFFF7F68617264776172657E
:108C30005F616C61726D5F7365745F7461726765AB
:108C4000740000007570646174655F75735F7369AB
:108C50006E63655F626F6F740000000070685F7222
:108C6000656D6F76655F616E645F667265655F6E88
:108C70006F64650070685F72656D6F76655F616EC9
:108C8000795F68656164000070685F6164645F6358
:108C900068696C645F6E6F646500000070685F6790
:108CA00065745F6E6F646500636C6F636B5F636FA9
:108CB0006E66696775726500706C6C5F696E697469
:108CC0000000000072756E74696D655F696E69748D
:108CD000000000002A300010423000104230001026
:108CE0003630001042300010423000104230001088
:108CF000423000104230001042300010423000106C
:108D00001E300010423000101230001042300010AF
:108D10004230001006300010223100105231001095
:108D20007431001052310010FC300010523100102C
:108D300052310010523100105231001052310010E7
:108D400052310010523100104431001052310010E5
:108D500052310010523100105231001052310010C7
:108D600084310010083600101E3600101E36001028
:108D70001E3600101E3600101E3600101E36001063
:108D80001E3600101E3600101E3600101E36001053
:108D90001E3600101E3600101E3600101E36001043
:108DA0001E3600101E3600101E3600101E36001033
:108DB0001E3600101E3600101E3600101E36001023
:108DC0001E3600101E3600101E3600101E36001013
:108DD0001E3600101E3600101E3600101E36001003
:108DE0001E36001036340010F233001036340010F6
:108DF0001E3600101E3600101E3600101E360010E3
:108E00001E3600101E3600101E3600101E360010D2
:108E10001E3600101E3600101E3600101E360010C2
:108E20001E3600101E3600101E3600101E360010B2
:108E3000D23100101E3600101E3600101E360010F3
:108E40001E3600101E3600101E3600101E36001092
:108E50001E3600101E360010D23100108E34001065
:108E6000D231001036340010F233001036340010C6
:108E7000000000000000F03F00000000000024405F
:108E800000000000000059400000000000408F403A
:108E9000000000000088C34000000000006AF840A5
:108EA0000000000080842E4100000000D0126341C9
:108EB0000000000084D797410000000065CDCD413F
:108EC0005F5F61656162695F646F75626C655F6950
:108ED0006E6974005F5F61656162695F666C6F6196
:108EE000745F696E6974000006005250D3F07542D9
:108EF0007485001006005250E182887F7C85001046
:108F000006005250BBFF3CB6948500100D0A0000CD
:108F10007570646174655F75735F73696E63655FB7
:108F2000626F6F7400000000794900107D490010E5
:108F300089490010D9490010BD4900100000000007
:108F40000600525053B4F4A128860010737464696B
:108F50006F5F7573625F696E69740000757064613C
:108F600074655F75735F73696E63655F626F6F745D
:108F700000000000000000003C8600104C8600103D
:108F80004C20002054860010608600100902540016
:108F9000030100807D080B000202020000090400AA
:108FA0000001020200040524002001052401000143
:108FB00004240202052406000107058103080010AD
:108FC00009040100020A0000000705020240000037
:108FD000070582024000000904020000FF000105AD
:108FE00012010002EF0201408A2E0A000001010274
:108FF000030100007069636F5F6765745F756E6978
:109000007175655F626F6172645F69645F737472CA
:10901000696E6700666C6173685F646F5F636D643F
:10902000000000006463645F656470745F78666567
:10903000720000006463645F656470745F6F7065E4
:109040006E0000006463645F7365745F61646472E2
:10905000657373006463645F696E745F656E6162FB
:109060006C6500005F68775F656E64706F696E7431
:109070005F616C6C6F6300006463645F696E697448
:109080000000000073796E635F65705F62756666ED
:1090900065720000E0560010465600107856001029
:1090A000AA560010E0560010E0560010C6560010F8
:1090B00078560010E0560010E0560010E056001000
:1090C000E0560010E0560010E0560010E056001088
:1090D00058560010D65B0010B05B00107A5D00108F
:1090E0008A5B00107A5D0010005B0010805B00104E
:1090F0007A5D00101C5B0010345B0010D25D001024
:10910000C45D00100A5E0010D25D0010EC5E00101D
:109110000C5F00101E5E00106A5E0010245F0010DD
:109120001D630010D96300101D640010E16400107D
:089130000D66001000000000B4
:10913800E88E0010F48E001088020010008F0010D6
:1091480094020010A0020010AC020010408F001022
:1091580003000068EFF3108C72B60268002AFCD096
:10916800BFF35F8F04229A56002A0BDB002910D028
:109178000A6000201B68BFF35F8F00221A608CF31F
:1091880010887047D0221206127852B21A71012044
:10919800F0E70020EEE70000F8B5CE46474680B578
:1091A8000400170098460368002B20D0D0231B0624
:1091B8001B785BB299462668EFF3108C72B6356857
:1091C800002DFCD0BFF35F8F04256557002D14DBFD
:1091D8002368BFF35F8F00221A608CF31088380071
:1091E800414600F08DFC0028E5D000200FE00A4B36
:1091F8000A4A0B48852100F0A3FC4B4623712368DB
:10920800BFF35F8F00221A608CF310880120C0BC66
:10921800B946B046F8BDC0464C7D0010148B00100E
:10922800F87C001070B582B0060015001C0001A97A
:10923800FFF78EFF002807D1019B5BB2D0221206F0
:10924800127852B2934201D102B070BD2A002300B5
:109258003000FFF7A1FFF7E710B582B004006846B9
:1092680000F046FC009A019B2000FFF795FF02B032
:1092780010BD000010B50268EFF3108172B61368D4
:10928800002BFCD0BFF35F8F0423C356002B0ADBEF
:10929800FF2303710368BFF35F8F00221A6081F315
:1092A800108840BF10BD034B034A0448B42100F0A6
:1092B80047FCC046607D0010088B0010F87C001049
:1092C800094B1B78002B08D00CE09A008021490537
:1092D800511808680549505001333F2BF5DD024B02
:1092E80001221A707047C0465F2000202C18002009
:1092F80010B5014B984710BD2D18002000280AD042
:1093080003231B02054A12685340C02292001340EF
:10931800034A136070470223F3E7C0460C800140FC
:109328000C900140F0B5D6464F464646C0B50700FA
:109338000E00150018239A461B88142290461088A0
:1093480028499847814653461B8842461088264933
:109358009847040053461B8842461088234998477B
:1093680080464B46002B0CD0002C0AD0002808D091
:10937800FFF7A6FFC847A0470020FFF7BFFF2A0056
:109388000FE01B4B1B4A1C48802100F0D9FB002B27
:1093980007D0002A05D0C0235B051B6E3370013A45
:1093A80001362B00134312D0C0235B059C6A0823A7
:1093B8002340A407EBD5002DE9D0511B0D29E6D891
:1093C8003878C02149050866013D0137DFE70120EB
:1093D800FFF794FFC047FFF78BFFE0BCBA46B146E2
:1093E800A846F0BD49460000455800004643000025
:1093F8000C880010149000100087001010B500238E
:1094080008E00133DA00002108481150844662441C
:109418005160DBB20E2BF4D90548F02292000021EE
:1094280000F096FB034B044A1A6010BD0000105070
:10943800201A0020EC1D002080011050F0B5D646FF
:109448004F464646C0B584B0254B9F6D0024012683
:1094580003E0B74376000134E4B2002F39D01F2C63
:1094680037D83E42F6D01F4B9E65630899460123C4
:10947800234001225340DBB298464B465D004544E9
:109488006D01194BED18280000F032FA0028E0D0E1
:10949800154A4B465B0043445B01D3189A789246C1
:1094A800DB8A994601AB98460C220021180000F08F
:1094B8004FFB072342465370434652461A714A46A9
:1094C8009A600121404600F03BFA280000F0A0F91C
:1094D800BFE704B0E0BCBA46B146A846F0BDC046F6
:1094E8000000115000301150E019002070B584B010
:1094F800634A9823D55880239B022C001C401D42A8
:1095080040D0604B9A6A604B1A600024002109E041
:109518005E4B5B183C3300221A7000F0ABF9310047
:109528000134E4B20F2C18D8A60130002030574B74
:10953800C0189B193B331B78022BF1D1534B9B1955
:109548003A331E78002EEBD0504BA1015B183C3308
:109558001B78002BDCD13100E2E7002908D14C4B05
:109568001B78002B04D14B4A903380218902D150BB
:10957800434B996C4905490D0122002000F0C8FAB7
:109588008024A402EB0609D4EB0329D580235B02CF
:109598001C4301AB404A1A8000260BE010231C43F1
:1095A800FFF74CFFF0E701AB985D00F0E9FA012303
:1095B800C3700136012EF6D901AE0C22002130000D
:1095C80000F0C6FA06237370344A02AB03CA03C319
:1095D8000121300000F0B4F92E4B802292021A6566
:1095E800EB0407D46B041ED42B042FD4AC4241D116
:1095F80004B070BD80235B011C43214B00221A601C
:10960800FFF7FCFE01AE0C220021300000F0A0FAAA
:10961800012373700121300000F092F91D4B802264
:1096280012031A65DEE78023DB011C4301AE0C221E
:109638000021300000F08CFA0423737001213000FF
:1096480000F07EF9134B10221A65CDE780231B0228
:109658001C4301AE0C220021300000F079FA0523EA
:1096680073700121300000F06BF90A4B802212015F
:109678001A65BBE721006940094800F059FAC0465D
:109688000000115000400540CC190020E0190020CE
:109698005E200020003011500080FFFF00001050B5
:1096A80020890010094B1B6C9B070CD48378DB09BD
:1096B800012B01D0002007E0C37E022B01D000203F
:1096C80002E0012000E000207047C0460000115071
:1096D80010B5FFF7E7FF002809D0064B9B6A064A3A
:1096E80012689B1A054A94466344C62B00D810BDDD
:1096F8000020FCE700400540CC190020E0FCFFFFFB
:10970800F8B504000F00838A028B1E1C934200D90F
:10971800161CB6B29B1BA3828022D2003243E37888
:10972800002B13D08025AD01154301225340E3706F
:109738006378002B0CD0A38A002B02D18023DB0195
:109748001D43002F00D02D042800F8BD0025EBE7AD
:10975800E068BB01C0182169320000F009FA2369EA
:109768009B19236180231B021D43E4E770B50400A5
:1097780083681B68002900D01B0C9D05AD0D62781D
:10978800002A12D11B0409D4E38A5B19E382238BD4
:10979800AB4201D90023A382280070BD0E4B0F4AAB
:1097A80081210F48490000F0CBF91B040DD5206931
:1097B800E368890159182A0000F0DAF9E38A5B198D
:1097C800E38223695B192361E1E7064B034A0A2117
:1097D8000348FF3100F0B4F940890010849000106C
:1097E80060890010D089001010B5040083681B68D8
:1097F8000021FFF7BBFF63681B685B0002D5238B62
:10980800834200D010BD01212000FFF7AFFFF9E728
:10981800002383768382C3820361704710B50029D1
:1098280002D083681B681940002A0FD011435205E3
:109838000CD5826813685B050BD40B4B0B40136087
:10984800FFE7FFE7FFE7FFE7FFE7FFE78368196048
:1098580010BD83787F211940DB09044A9B00044826
:109868009A5800F065F9C046FFFBFFFFB80B0020CF
:10987800F089001070B5040043681E680021FFF7E6
:109888003FFF80256D010543164B1B6C9B0715D5C3
:10989800A3785B0617D10023A28A002A01D0002BE7
:1098A80015D0114B1E4080239B053343626813601B
:1098B8002A0000212000FFF7B1FF70BDA378DB0963
:1098C80003D10133E8E70123E6E70023E4E70121B8
:1098D8002000FFF715FF0543044A3240A023DB05AB
:1098E8001343E3E700001150FFFFFFAFFFFFFFDF67
:1098F80070B50400857E002D06D0FFF775FFA38A9A
:10990800002B0BD1280070BD83787F211940DB091B
:10991800094A9B0009489A5800F00AF92000FFF705
:10992800D7FE051E03D0012323770025EAE7200090
:10993800FFF7A0FFE6E7C046B80B0020108A00102A
:1099480070B584B005004378042B48D006D8022BA4
:1099580023D0032B00D0A9E0002466E0052B00D01B
:10996800A4E05C4B1B78DB0737D55A4A13780421EF
:109978008B431370584B1C682000143000F0D0F84B
:109988002900200000F0ECF86269A369BFF35F8F3B
:109998000021116083F310881FE04E4B1A780121D3
:1099A8008A431A701A7801318A431A7000265E7049
:1099B8001A7802318A431A70474B1C682000143009
:1099C80000F0AEF82900200000F0CAF86269A36927
:1099D800BFF35F8F166083F3108804B070BD3D4BF2
:1099E8001B78DB07F9D53B4A137804210B43137026
:1099F800394B1C682000143000F092F82900200030
:109A080000F0AEF86269A369BFF35F8F00211160AF
:109A180083F31088E1E762001219D2002F4B1B680C
:109A28009B18002B13D10134E4B22D4B1B78A342B1
:109A380016D32C4A002A11D0A342ECD8E31ADBB281
:109A4800002BF0D15A00D318DB00274A9B185B691A
:109A5800002BE8D0287869689847E4E72300EFE707
:109A68001C4B1B785B07B8D51A4A137804218B4323
:109A7800137001AE0C220021300000F069F82B7839
:109A8800337005237370144B1C682000143000F0E9
:109A980047F83100200000F063F86269A369BFF35A
:109AA8005F8F0021116083F3108896E70A4B1C68CA
:109AB8002000143000F034F82900200000F050F89D
:109AC8006269A369BFF35F8F0021116083F3108877
:109AD80083E7C0460017002058170020D81300203D
:109AE8005D200020354A0010209100107047C046C4
:109AF80001B40248844601BC604700BF8B0E0010C9
:109B080001B40248844601BC604700BF91180010A8
:109B180001B40248844601BC604700BF515100109F
:109B280001B40248844601BC604700BF7D54001060
:109B380001B40248844601BC604700BF6524001098
:109B480001B40248844601BC604700BF35230010B9
:109B580001B40248844601BC604700BF2D4500108F
:109B680001B40248844601BC604700BF956E0010EE
:109B780001B40248844601BC604700BF3945001063
:109B880001B40248844601BC604700BF3D50001044
:109B980010000000000000000000010000000000AC
:109BA80000000000000002000000000000000000AB
:109BB8000000030000000000000000000000FF009B
:109BC8000000000001B5486801318E460047704624
:109BD80009380149884701BDB90C0010640B002001
:109BE8000000000060110020601900200000000043
:109BF80000000000701900200000000000000000B4
:109C0800100000000000000000000000000000003C
:109C1800503300004C33000054330000523300002E
:109C28004D5300004D4300005334000043340000FE
:109C3800414E001000000000B94D0010694A0010A4
:109C480000000000000100003C8A0010408A00105B
:109C58005C17002010000C0000000000000000004D
:109C6800000000000000000000000000FF000000ED
:109C7800FFFFFFFF000002000000000000000000DE
:109C8800E80B0020E80B0020F00B0020F00B002070
:109C9800F80B0020F80B0020000C0020000C00201E
:109CA800080C0020080C0020100C0020100C0020CC
:109CB800180C0020180C0020200C0020200C00207C
:109CC800280C0020280C0020300C0020300C00202C
:109CD800380C0020380C0020400C0020400C0020DC
:109CE800480C0020480C0020500C0020500C00208C
:109CF800580C0020580C0020600C0020600C00203C
:109D0800680C0020680C0020700C0020700C0020EB
:109D1800780C0020780C0020800C0020800C00209B
:109D2800880C0020880C0020900C0020900C00204B
:109D3800980C0020980C0020A00C0020A00C0020FB
:109D4800A80C0020A80C0020B00C0020B00C0020AB
:109D5800B80C0020B80C0020C00C0020C00C00205B
:109D6800C80C0020C80C0020D00C0020D00C00200B
:109D7800D80C0020D80C0020E00C0020E00C0020BB
:109D8800E80C0020E80C0020F00C0020F00C00206B
:109D9800F80C0020F80C0020000D0020000D002019
:109DA800080D0020080D0020100D0020100D0020C7
:109DB800180D0020180D0020200D0020200D002077
:109DC800280D0020280D0020300D0020300D002027
:109DD800380D0020380D0020400D0020400D0020D7
:109DE800480D0020480D0020500D0020500D002087
:109DF800580D0020580D0020600D0020600D002037
:109E0800680D0020680D0020700D0020700D0020E6
:109E1800780D0020780D0020800D0020800D002096
:109E2800880D0020880D0020900D0020900D002046
:109E3800980D0020980D0020A00D0020A00D0020F6
:109E4800A80D0020A80D0020B00D0020B00D0020A6
:109E5800B80D0020B80D0020C00D0020C00D002056
:109E6800C80D0020C80D0020D00D0020D00D002006
:109E7800D80D0020D80D0020E00D0020E00D0020B6
:109E8800E80D0020E80D0020F00D0020F00D002066
:109E9800F80D0020F80D0020000E0020000E002014
:109EA800080E0020080E0020100E0020100E0020C2
:109EB800180E0020180E0020200E0020200E002072
:109EC800280E0020280E0020300E0020300E002022
:109ED800380E0020380E0020400E0020400E0020D2
:109EE800480E0020480E0020500E0020500E002082
:109EF800580E0020580E0020600E0020600E002032
:109F0800680E0020680E0020700E0020700E0020E1
:109F1800780E0020780E0020800E0020800E002091
:109F2800880E0020880E0020900E0020900E002041
:109F3800980E0020980E0020A00E0020A00E0020F1
:109F4800A80E0020A80E0020B00E0020B00E0020A1
:109F5800B80E0020B80E0020C00E0020C00E002051
:109F6800C80E0020C80E0020D00E0020D00E002001
:109F7800D80E0020D80E0020E00E0020E00E0020B1
:109F8800E80E0020E80E0020F00E0020F00E002061
:109F9800F80E0020F80E0020000F0020000F00200F
:109FA800080F0020080F0020100F0020100F0020BD
:109FB800180F0020180F0020200F0020200F00206D
:109FC800280F0020280F0020300F0020300F00201D
:109FD800380F0020380F0020400F0020400F0020CD
:109FE800480F0020480F0020500F0020500F00207D
:109FF800580F0020580F0020600F0020600F00202D
:10A00800680F0020680F0020700F0020700F0020DC
:10A01800780F0020780F0020800F0020800F00208C
:10A02800880F0020880F0020900F0020900F00203C
:10A03800980F0020980F0020A00F0020A00F0020EC
:10A04800A80F0020A80F0020B00F0020B00F00209C
:10A05800B80F0020B80F0020C00F0020C00F00204C
:10A06800C80F0020C80F0020D00F0020D00F0020FC
:10A07800D80F0020D80F0020E00F0020E00F0020AC
:10A0880000000000030000009C12002000100020C7
:10A09800000000009C120020041300206C13002014
:10A0A80000000000000000000000000000000000A8
:10A0B8000000000000000000000000000000000098
:10A0C8000000000000000000000000000000000088
:10A0D8000000000000000000000000000000000078
:10A0E8000000000000000000000000000000000068
:10A0F8000000000000000000000000000000000058
:10A108000000000000000000000000000000000047
:10A118000000000000000000000000000000000037
:10A128000000000000000000010000000000000026
:10A138000E33CDAB34126DE6ECDE05000B000000EB
:10A148000000000000000000000000000000000007
:10A1580000000000000000000000000000000000F7
:10A1680000000000000000000000000000000000E7
:10A1780000000000000000000000000000000000D7
:10A1880000000000000000000000000000000000C7
:10A1980000000000000000000000000000000000B7
:10A1A80000000000000000000000000000000000A7
:10A1B8000000000000000000000000000000000097
:10A1C8000000000000000000000000000000000087
:10A1D80000000000000000001D450010853600103A
:10A1E800853D0010ED430010E5020010954F00106A
:04000005100001E9FD
:00000001FF
